model,season,origin_week,target_week,horizon,outcome,spatial_level,location,population,quantile,value
PACE-FLU-SEV,2025/2026,40,41,1,Cases,Macro,North,127832161,0.05,15652.35
PACE-FLU-SEV,2025/2026,40,41,1,Cases,Macro,North,127832161,0.1,16287.833333333332
PACE-FLU-SEV,2025/2026,40,41,1,Cases,Macro,North,127832161,0.25,17510.166666666664
PACE-FLU-SEV,2025/2026,40,41,1,Cases,Macro,North,127832161,0.5,19012.5
PACE-FLU-SEV,2025/2026,40,41,1,Cases,Macro,North,127832161,0.75,20631.583333333336
PACE-FLU-SEV,2025/2026,40,41,1,Cases,Macro,North,127832161,0.9,22150.166666666668
PACE-FLU-SEV,2025/2026,40,41,1,Cases,Macro,North,127832161,0.95,23034.95
PACE-FLU-SEV,2025/2026,40,41,1,Cases,Macro,South,101669774,0.05,7098.5
PACE-FLU-SEV,2025/2026,40,41,1,Cases,Macro,South,101669774,0.1,7486.733333333334
PACE-FLU-SEV,2025/2026,40,41,1,Cases,Macro,South,101669774,0.25,8148
PACE-FLU-SEV,2025/2026,40,41,1,Cases,Macro,South,101669774,0.5,8907
PACE-FLU-SEV,2025/2026,40,41,1,Cases,Macro,South,101669774,0.75,9758.583333333334
PACE-FLU-SEV,2025/2026,40,41,1,Cases,Macro,South,101669774,0.9,10592.433333333334
PACE-FLU-SEV,2025/2026,40,41,1,Cases,Macro,South,101669774,0.95,11091.900000000001
PACE-FLU-SEV,2025/2026,40,41,1,Cases,National,Nigeria,229501935,0.05,24227.050000000003
PACE-FLU-SEV,2025/2026,40,41,1,Cases,National,Nigeria,229501935,0.1,24954.1
PACE-FLU-SEV,2025/2026,40,41,1,Cases,National,Nigeria,229501935,0.25,26327.25
PACE-FLU-SEV,2025/2026,40,41,1,Cases,National,Nigeria,229501935,0.5,27977
PACE-FLU-SEV,2025/2026,40,41,1,Cases,National,Nigeria,229501935,0.75,29831.25
PACE-FLU-SEV,2025/2026,40,41,1,Cases,National,Nigeria,229501935,0.9,31418.4
PACE-FLU-SEV,2025/2026,40,41,1,Cases,National,Nigeria,229501935,0.95,32398.05
PACE-FLU-SEV,2025/2026,40,41,1,Cases,State,Abia,4841943,0.05,158.35000000000002
PACE-FLU-SEV,2025/2026,40,41,1,Cases,State,Abia,4841943,0.1,200
PACE-FLU-SEV,2025/2026,40,41,1,Cases,State,Abia,4841943,0.25,285.4166666666667
PACE-FLU-SEV,2025/2026,40,41,1,Cases,State,Abia,4841943,0.5,408
PACE-FLU-SEV,2025/2026,40,41,1,Cases,State,Abia,4841943,0.75,558
PACE-FLU-SEV,2025/2026,40,41,1,Cases,State,Abia,4841943,0.9,715
PACE-FLU-SEV,2025/2026,40,41,1,Cases,State,Abia,4841943,0.95,818
PACE-FLU-SEV,2025/2026,40,41,1,Cases,State,Adamawa,5236948,0.05,193
PACE-FLU-SEV,2025/2026,40,41,1,Cases,State,Adamawa,5236948,0.1,245.3666666666667
PACE-FLU-SEV,2025/2026,40,41,1,Cases,State,Adamawa,5236948,0.25,350
PACE-FLU-SEV,2025/2026,40,41,1,Cases,State,Adamawa,5236948,0.5,507
PACE-FLU-SEV,2025/2026,40,41,1,Cases,State,Adamawa,5236948,0.75,711
PACE-FLU-SEV,2025/2026,40,41,1,Cases,State,Adamawa,5236948,0.9,927
PACE-FLU-SEV,2025/2026,40,41,1,Cases,State,Adamawa,5236948,0.95,1043.9500000000003
PACE-FLU-SEV,2025/2026,40,41,1,Cases,State,Akwa Ibom,5780581,0.05,166
PACE-FLU-SEV,2025/2026,40,41,1,Cases,State,Akwa Ibom,5780581,0.1,208
PACE-FLU-SEV,2025/2026,40,41,1,Cases,State,Akwa Ibom,5780581,0.25,300
PACE-FLU-SEV,2025/2026,40,41,1,Cases,State,Akwa Ibom,5780581,0.5,430
PACE-FLU-SEV,2025/2026,40,41,1,Cases,State,Akwa Ibom,5780581,0.75,600
PACE-FLU-SEV,2025/2026,40,41,1,Cases,State,Akwa Ibom,5780581,0.9,765.2666666666669
PACE-FLU-SEV,2025/2026,40,41,1,Cases,State,Akwa Ibom,5780581,0.95,882
PACE-FLU-SEV,2025/2026,40,41,1,Cases,State,Anambra,7299910,0.05,214.35000000000002
PACE-FLU-SEV,2025/2026,40,41,1,Cases,State,Anambra,7299910,0.1,274
PACE-FLU-SEV,2025/2026,40,41,1,Cases,State,Anambra,7299910,0.25,396
PACE-FLU-SEV,2025/2026,40,41,1,Cases,State,Anambra,7299910,0.5,562
PACE-FLU-SEV,2025/2026,40,41,1,Cases,State,Anambra,7299910,0.75,765
PACE-FLU-SEV,2025/2026,40,41,1,Cases,State,Anambra,7299910,0.9,975.6333333333334
PACE-FLU-SEV,2025/2026,40,41,1,Cases,State,Anambra,7299910,0.95,1121.9000000000005
PACE-FLU-SEV,2025/2026,40,41,1,Cases,State,Bauchi,7540663,0.05,451
PACE-FLU-SEV,2025/2026,40,41,1,Cases,State,Bauchi,7540663,0.1,566.7333333333333
PACE-FLU-SEV,2025/2026,40,41,1,Cases,State,Bauchi,7540663,0.25,819.4166666666667
PACE-FLU-SEV,2025/2026,40,41,1,Cases,State,Bauchi,7540663,0.5,1152.5
PACE-FLU-SEV,2025/2026,40,41,1,Cases,State,Bauchi,7540663,0.75,1574
PACE-FLU-SEV,2025/2026,40,41,1,Cases,State,Bauchi,7540663,0.9,2108.3333333333344
PACE-FLU-SEV,2025/2026,40,41,1,Cases,State,Bauchi,7540663,0.95,2389.3
PACE-FLU-SEV,2025/2026,40,41,1,Cases,State,Bayelsa,2394725,0.05,84
PACE-FLU-SEV,2025/2026,40,41,1,Cases,State,Bayelsa,2394725,0.1,103
PACE-FLU-SEV,2025/2026,40,41,1,Cases,State,Bayelsa,2394725,0.25,150
PACE-FLU-SEV,2025/2026,40,41,1,Cases,State,Bayelsa,2394725,0.5,212
PACE-FLU-SEV,2025/2026,40,41,1,Cases,State,Bayelsa,2394725,0.75,286.58333333333326
PACE-FLU-SEV,2025/2026,40,41,1,Cases,State,Bayelsa,2394725,0.9,373
PACE-FLU-SEV,2025/2026,40,41,1,Cases,State,Bayelsa,2394725,0.95,435.6500000000001
PACE-FLU-SEV,2025/2026,40,41,1,Cases,State,Benue,6687706,0.05,331.05
PACE-FLU-SEV,2025/2026,40,41,1,Cases,State,Benue,6687706,0.1,408
PACE-FLU-SEV,2025/2026,40,41,1,Cases,State,Benue,6687706,0.25,597
PACE-FLU-SEV,2025/2026,40,41,1,Cases,State,Benue,6687706,0.5,850
PACE-FLU-SEV,2025/2026,40,41,1,Cases,State,Benue,6687706,0.75,1185.5833333333333
PACE-FLU-SEV,2025/2026,40,41,1,Cases,State,Benue,6687706,0.9,1543
PACE-FLU-SEV,2025/2026,40,41,1,Cases,State,Benue,6687706,0.95,1805.3000000000002
PACE-FLU-SEV,2025/2026,40,41,1,Cases,State,Borno,6651590,0.05,339
PACE-FLU-SEV,2025/2026,40,41,1,Cases,State,Borno,6651590,0.1,413
PACE-FLU-SEV,2025/2026,40,41,1,Cases,State,Borno,6651590,0.25,577.4166666666667
PACE-FLU-SEV,2025/2026,40,41,1,Cases,State,Borno,6651590,0.5,835
PACE-FLU-SEV,2025/2026,40,41,1,Cases,State,Borno,6651590,0.75,1156.5833333333333
PACE-FLU-SEV,2025/2026,40,41,1,Cases,State,Borno,6651590,0.9,1514.5333333333338
PACE-FLU-SEV,2025/2026,40,41,1,Cases,State,Borno,6651590,0.95,1753.150000000001
PACE-FLU-SEV,2025/2026,40,41,1,Cases,State,Cross River,4175020,0.05,137.35000000000002
PACE-FLU-SEV,2025/2026,40,41,1,Cases,State,Cross River,4175020,0.1,173
PACE-FLU-SEV,2025/2026,40,41,1,Cases,State,Cross River,4175020,0.25,252
PACE-FLU-SEV,2025/2026,40,41,1,Cases,State,Cross River,4175020,0.5,364
PACE-FLU-SEV,2025/2026,40,41,1,Cases,State,Cross River,4175020,0.75,492
PACE-FLU-SEV,2025/2026,40,41,1,Cases,State,Cross River,4175020,0.9,638.6333333333334
PACE-FLU-SEV,2025/2026,40,41,1,Cases,State,Cross River,4175020,0.95,734.6000000000004
PACE-FLU-SEV,2025/2026,40,41,1,Cases,State,Delta,6107543,0.05,172.35000000000002
PACE-FLU-SEV,2025/2026,40,41,1,Cases,State,Delta,6107543,0.1,220.3666666666667
PACE-FLU-SEV,2025/2026,40,41,1,Cases,State,Delta,6107543,0.25,319
PACE-FLU-SEV,2025/2026,40,41,1,Cases,State,Delta,6107543,0.5,463.5000000000001
PACE-FLU-SEV,2025/2026,40,41,1,Cases,State,Delta,6107543,0.75,639
PACE-FLU-SEV,2025/2026,40,41,1,Cases,State,Delta,6107543,0.9,830
PACE-FLU-SEV,2025/2026,40,41,1,Cases,State,Delta,6107543,0.95,943.2000000000007
PACE-FLU-SEV,2025/2026,40,41,1,Cases,State,Ebonyi,4007155,0.05,121
PACE-FLU-SEV,2025/2026,40,41,1,Cases,State,Ebonyi,4007155,0.1,152.3666666666667
PACE-FLU-SEV,2025/2026,40,41,1,Cases,State,Ebonyi,4007155,0.25,223
PACE-FLU-SEV,2025/2026,40,41,1,Cases,State,Ebonyi,4007155,0.5,321
PACE-FLU-SEV,2025/2026,40,41,1,Cases,State,Ebonyi,4007155,0.75,434
PACE-FLU-SEV,2025/2026,40,41,1,Cases,State,Ebonyi,4007155,0.9,567
PACE-FLU-SEV,2025/2026,40,41,1,Cases,State,Ebonyi,4007155,0.95,649.9500000000003
PACE-FLU-SEV,2025/2026,40,41,1,Cases,State,Edo,5527810,0.05,178
PACE-FLU-SEV,2025/2026,40,41,1,Cases,State,Edo,5527810,0.1,226.3666666666667
PACE-FLU-SEV,2025/2026,40,41,1,Cases,State,Edo,5527810,0.25,319
PACE-FLU-SEV,2025/2026,40,41,1,Cases,State,Edo,5527810,0.5,455
PACE-FLU-SEV,2025/2026,40,41,1,Cases,State,Edo,5527810,0.75,627.5833333333333
PACE-FLU-SEV,2025/2026,40,41,1,Cases,State,Edo,5527810,0.9,830
PACE-FLU-SEV,2025/2026,40,41,1,Cases,State,Edo,5527810,0.95,959.6500000000001
PACE-FLU-SEV,2025/2026,40,41,1,Cases,State,Ekiti,3398177,0.05,95
PACE-FLU-SEV,2025/2026,40,41,1,Cases,State,Ekiti,3398177,0.1,120
PACE-FLU-SEV,2025/2026,40,41,1,Cases,State,Ekiti,3398177,0.25,172
PACE-FLU-SEV,2025/2026,40,41,1,Cases,State,Ekiti,3398177,0.5,242
PACE-FLU-SEV,2025/2026,40,41,1,Cases,State,Ekiti,3398177,0.75,337
PACE-FLU-SEV,2025/2026,40,41,1,Cases,State,Ekiti,3398177,0.9,446
PACE-FLU-SEV,2025/2026,40,41,1,Cases,State,Ekiti,3398177,0.95,517.6500000000001
PACE-FLU-SEV,2025/2026,40,41,1,Cases,State,Enugu,5396098,0.05,153.35000000000002
PACE-FLU-SEV,2025/2026,40,41,1,Cases,State,Enugu,5396098,0.1,191
PACE-FLU-SEV,2025/2026,40,41,1,Cases,State,Enugu,5396098,0.25,270
PACE-FLU-SEV,2025/2026,40,41,1,Cases,State,Enugu,5396098,0.5,383.5000000000001
PACE-FLU-SEV,2025/2026,40,41,1,Cases,State,Enugu,5396098,0.75,528
PACE-FLU-SEV,2025/2026,40,41,1,Cases,State,Enugu,5396098,0.9,688
PACE-FLU-SEV,2025/2026,40,41,1,Cases,State,Enugu,5396098,0.95,794.3000000000002
PACE-FLU-SEV,2025/2026,40,41,1,Cases,State,FCT,4802443,0.05,238.70000000000002
PACE-FLU-SEV,2025/2026,40,41,1,Cases,State,FCT,4802443,0.1,294
PACE-FLU-SEV,2025/2026,40,41,1,Cases,State,FCT,4802443,0.25,421.83333333333337
PACE-FLU-SEV,2025/2026,40,41,1,Cases,State,FCT,4802443,0.5,606.5000000000001
PACE-FLU-SEV,2025/2026,40,41,1,Cases,State,FCT,4802443,0.75,847
PACE-FLU-SEV,2025/2026,40,41,1,Cases,State,FCT,4802443,0.9,1085
PACE-FLU-SEV,2025/2026,40,41,1,Cases,State,FCT,4802443,0.95,1259.9500000000003
PACE-FLU-SEV,2025/2026,40,41,1,Cases,State,Gombe,4623462,0.05,290
PACE-FLU-SEV,2025/2026,40,41,1,Cases,State,Gombe,4623462,0.1,363.4666666666668
PACE-FLU-SEV,2025/2026,40,41,1,Cases,State,Gombe,4623462,0.25,520.4166666666667
PACE-FLU-SEV,2025/2026,40,41,1,Cases,State,Gombe,4623462,0.5,733.5000000000001
PACE-FLU-SEV,2025/2026,40,41,1,Cases,State,Gombe,4623462,0.75,1009
PACE-FLU-SEV,2025/2026,40,41,1,Cases,State,Gombe,4623462,0.9,1330.2666666666669
PACE-FLU-SEV,2025/2026,40,41,1,Cases,State,Gombe,4623462,0.95,1554.3000000000002
PACE-FLU-SEV,2025/2026,40,41,1,Cases,State,Imo,6067722,0.05,182.35000000000002
PACE-FLU-SEV,2025/2026,40,41,1,Cases,State,Imo,6067722,0.1,229
PACE-FLU-SEV,2025/2026,40,41,1,Cases,State,Imo,6067722,0.25,332
PACE-FLU-SEV,2025/2026,40,41,1,Cases,State,Imo,6067722,0.5,483.5000000000001
PACE-FLU-SEV,2025/2026,40,41,1,Cases,State,Imo,6067722,0.75,682
PACE-FLU-SEV,2025/2026,40,41,1,Cases,State,Imo,6067722,0.9,889
PACE-FLU-SEV,2025/2026,40,41,1,Cases,State,Imo,6067722,0.95,1035.65
PACE-FLU-SEV,2025/2026,40,41,1,Cases,State,Jigawa,6979080,0.05,391.1
PACE-FLU-SEV,2025/2026,40,41,1,Cases,State,Jigawa,6979080,0.1,498
PACE-FLU-SEV,2025/2026,40,41,1,Cases,State,Jigawa,6979080,0.25,680
PACE-FLU-SEV,2025/2026,40,41,1,Cases,State,Jigawa,6979080,0.5,973.5000000000001
PACE-FLU-SEV,2025/2026,40,41,1,Cases,State,Jigawa,6979080,0.75,1340.5833333333333
PACE-FLU-SEV,2025/2026,40,41,1,Cases,State,Jigawa,6979080,0.9,1709.2666666666669
PACE-FLU-SEV,2025/2026,40,41,1,Cases,State,Jigawa,6979080,0.95,1968.0500000000015
PACE-FLU-SEV,2025/2026,40,41,1,Cases,State,Kaduna,8324285,0.05,316
PACE-FLU-SEV,2025/2026,40,41,1,Cases,State,Kaduna,8324285,0.1,397.10000000000014
PACE-FLU-SEV,2025/2026,40,41,1,Cases,State,Kaduna,8324285,0.25,590
PACE-FLU-SEV,2025/2026,40,41,1,Cases,State,Kaduna,8324285,0.5,844.0000000000002
PACE-FLU-SEV,2025/2026,40,41,1,Cases,State,Kaduna,8324285,0.75,1160.5833333333333
PACE-FLU-SEV,2025/2026,40,41,1,Cases,State,Kaduna,8324285,0.9,1494.6333333333334
PACE-FLU-SEV,2025/2026,40,41,1,Cases,State,Kaduna,8324285,0.95,1730.9500000000003
PACE-FLU-SEV,2025/2026,40,41,1,Cases,State,Kano,16253549,0.05,820.4
PACE-FLU-SEV,2025/2026,40,41,1,Cases,State,Kano,16253549,0.1,1056.5666666666668
PACE-FLU-SEV,2025/2026,40,41,1,Cases,State,Kano,16253549,0.25,1532.25
PACE-FLU-SEV,2025/2026,40,41,1,Cases,State,Kano,16253549,0.5,2184
PACE-FLU-SEV,2025/2026,40,41,1,Cases,State,Kano,16253549,0.75,3008
PACE-FLU-SEV,2025/2026,40,41,1,Cases,State,Kano,16253549,0.9,3895
PACE-FLU-SEV,2025/2026,40,41,1,Cases,State,Kano,16253549,0.95,4424.6
PACE-FLU-SEV,2025/2026,40,41,1,Cases,State,Katsina,9300382,0.05,590.35
PACE-FLU-SEV,2025/2026,40,41,1,Cases,State,Katsina,9300382,0.1,721.3666666666668
PACE-FLU-SEV,2025/2026,40,41,1,Cases,State,Katsina,9300382,0.25,1014
PACE-FLU-SEV,2025/2026,40,41,1,Cases,State,Katsina,9300382,0.5,1440
PACE-FLU-SEV,2025/2026,40,41,1,Cases,State,Katsina,9300382,0.75,1999.5833333333333
PACE-FLU-SEV,2025/2026,40,41,1,Cases,State,Katsina,9300382,0.9,2605.166666666667
PACE-FLU-SEV,2025/2026,40,41,1,Cases,State,Katsina,9300382,0.95,3042.9000000000005
PACE-FLU-SEV,2025/2026,40,41,1,Cases,State,Kebbi,6001610,0.05,400.35
PACE-FLU-SEV,2025/2026,40,41,1,Cases,State,Kebbi,6001610,0.1,515.3666666666667
PACE-FLU-SEV,2025/2026,40,41,1,Cases,State,Kebbi,6001610,0.25,751
PACE-FLU-SEV,2025/2026,40,41,1,Cases,State,Kebbi,6001610,0.5,1081
PACE-FLU-SEV,2025/2026,40,41,1,Cases,State,Kebbi,6001610,0.75,1506.5833333333333
PACE-FLU-SEV,2025/2026,40,41,1,Cases,State,Kebbi,6001610,0.9,1954
PACE-FLU-SEV,2025/2026,40,41,1,Cases,State,Kebbi,6001610,0.95,2309.9500000000003
PACE-FLU-SEV,2025/2026,40,41,1,Cases,State,Kogi,5053734,0.05,205.35
PACE-FLU-SEV,2025/2026,40,41,1,Cases,State,Kogi,5053734,0.1,274.3666666666667
PACE-FLU-SEV,2025/2026,40,41,1,Cases,State,Kogi,5053734,0.25,394.4166666666667
PACE-FLU-SEV,2025/2026,40,41,1,Cases,State,Kogi,5053734,0.5,562.5000000000001
PACE-FLU-SEV,2025/2026,40,41,1,Cases,State,Kogi,5053734,0.75,791
PACE-FLU-SEV,2025/2026,40,41,1,Cases,State,Kogi,5053734,0.9,1020.9000000000003
PACE-FLU-SEV,2025/2026,40,41,1,Cases,State,Kogi,5053734,0.95,1143
PACE-FLU-SEV,2025/2026,40,41,1,Cases,State,Kwara,4259613,0.05,223.35000000000002
PACE-FLU-SEV,2025/2026,40,41,1,Cases,State,Kwara,4259613,0.1,294.3666666666667
PACE-FLU-SEV,2025/2026,40,41,1,Cases,State,Kwara,4259613,0.25,427
PACE-FLU-SEV,2025/2026,40,41,1,Cases,State,Kwara,4259613,0.5,589
PACE-FLU-SEV,2025/2026,40,41,1,Cases,State,Kwara,4259613,0.75,812.5833333333333
PACE-FLU-SEV,2025/2026,40,41,1,Cases,State,Kwara,4259613,0.9,1057.6333333333334
PACE-FLU-SEV,2025/2026,40,41,1,Cases,State,Kwara,4259613,0.95,1198
PACE-FLU-SEV,2025/2026,40,41,1,Cases,State,Lagos,15772884,0.05,465.7
PACE-FLU-SEV,2025/2026,40,41,1,Cases,State,Lagos,15772884,0.1,591
PACE-FLU-SEV,2025/2026,40,41,1,Cases,State,Lagos,15772884,0.25,857
PACE-FLU-SEV,2025/2026,40,41,1,Cases,State,Lagos,15772884,0.5,1238.5
PACE-FLU-SEV,2025/2026,40,41,1,Cases,State,Lagos,15772884,0.75,1701.7499999999998
PACE-FLU-SEV,2025/2026,40,41,1,Cases,State,Lagos,15772884,0.9,2249.266666666667
PACE-FLU-SEV,2025/2026,40,41,1,Cases,State,Lagos,15772884,0.95,2606.2000000000007
PACE-FLU-SEV,2025/2026,40,41,1,Cases,State,Nasarawa,3632239,0.05,131
PACE-FLU-SEV,2025/2026,40,41,1,Cases,State,Nasarawa,3632239,0.1,163.3666666666667
PACE-FLU-SEV,2025/2026,40,41,1,Cases,State,Nasarawa,3632239,0.25,238
PACE-FLU-SEV,2025/2026,40,41,1,Cases,State,Nasarawa,3632239,0.5,340
PACE-FLU-SEV,2025/2026,40,41,1,Cases,State,Nasarawa,3632239,0.75,477.58333333333326
PACE-FLU-SEV,2025/2026,40,41,1,Cases,State,Nasarawa,3632239,0.9,630.6333333333334
PACE-FLU-SEV,2025/2026,40,41,1,Cases,State,Nasarawa,3632239,0.95,730.6500000000001
PACE-FLU-SEV,2025/2026,40,41,1,Cases,State,Niger,6720617,0.05,300
PACE-FLU-SEV,2025/2026,40,41,1,Cases,State,Niger,6720617,0.1,371.3666666666667
PACE-FLU-SEV,2025/2026,40,41,1,Cases,State,Niger,6720617,0.25,529
PACE-FLU-SEV,2025/2026,40,41,1,Cases,State,Niger,6720617,0.5,745.5000000000001
PACE-FLU-SEV,2025/2026,40,41,1,Cases,State,Niger,6720617,0.75,1034
PACE-FLU-SEV,2025/2026,40,41,1,Cases,State,Niger,6720617,0.9,1341.1666666666672
PACE-FLU-SEV,2025/2026,40,41,1,Cases,State,Niger,6720617,0.95,1561.3000000000002
PACE-FLU-SEV,2025/2026,40,41,1,Cases,State,Ogun,6445275,0.05,218.35000000000002
PACE-FLU-SEV,2025/2026,40,41,1,Cases,State,Ogun,6445275,0.1,273.3666666666667
PACE-FLU-SEV,2025/2026,40,41,1,Cases,State,Ogun,6445275,0.25,390
PACE-FLU-SEV,2025/2026,40,41,1,Cases,State,Ogun,6445275,0.5,559.5000000000001
PACE-FLU-SEV,2025/2026,40,41,1,Cases,State,Ogun,6445275,0.75,761
PACE-FLU-SEV,2025/2026,40,41,1,Cases,State,Ogun,6445275,0.9,995.6333333333334
PACE-FLU-SEV,2025/2026,40,41,1,Cases,State,Ogun,6445275,0.95,1157.3000000000002
PACE-FLU-SEV,2025/2026,40,41,1,Cases,State,Ondo,5469707,0.05,191
PACE-FLU-SEV,2025/2026,40,41,1,Cases,State,Ondo,5469707,0.1,252
PACE-FLU-SEV,2025/2026,40,41,1,Cases,State,Ondo,5469707,0.25,356
PACE-FLU-SEV,2025/2026,40,41,1,Cases,State,Ondo,5469707,0.5,510
PACE-FLU-SEV,2025/2026,40,41,1,Cases,State,Ondo,5469707,0.75,692
PACE-FLU-SEV,2025/2026,40,41,1,Cases,State,Ondo,5469707,0.9,879
PACE-FLU-SEV,2025/2026,40,41,1,Cases,State,Ondo,5469707,0.95,1020.6500000000001
PACE-FLU-SEV,2025/2026,40,41,1,Cases,State,Osun,4237396,0.05,149
PACE-FLU-SEV,2025/2026,40,41,1,Cases,State,Osun,4237396,0.1,190
PACE-FLU-SEV,2025/2026,40,41,1,Cases,State,Osun,4237396,0.25,270
PACE-FLU-SEV,2025/2026,40,41,1,Cases,State,Osun,4237396,0.5,398
PACE-FLU-SEV,2025/2026,40,41,1,Cases,State,Osun,4237396,0.75,550.5833333333333
PACE-FLU-SEV,2025/2026,40,41,1,Cases,State,Osun,4237396,0.9,704.6333333333334
PACE-FLU-SEV,2025/2026,40,41,1,Cases,State,Osun,4237396,0.95,806.9500000000003
PACE-FLU-SEV,2025/2026,40,41,1,Cases,State,Oyo,7512855,0.05,236
PACE-FLU-SEV,2025/2026,40,41,1,Cases,State,Oyo,7512855,0.1,288.3666666666667
PACE-FLU-SEV,2025/2026,40,41,1,Cases,State,Oyo,7512855,0.25,421
PACE-FLU-SEV,2025/2026,40,41,1,Cases,State,Oyo,7512855,0.5,610
PACE-FLU-SEV,2025/2026,40,41,1,Cases,State,Oyo,7512855,0.75,853.1666666666665
PACE-FLU-SEV,2025/2026,40,41,1,Cases,State,Oyo,7512855,0.9,1081.2666666666669
PACE-FLU-SEV,2025/2026,40,41,1,Cases,State,Oyo,7512855,0.95,1234.3000000000002
PACE-FLU-SEV,2025/2026,40,41,1,Cases,State,Plateau,5400974,0.05,213.35
PACE-FLU-SEV,2025/2026,40,41,1,Cases,State,Plateau,5400974,0.1,260
PACE-FLU-SEV,2025/2026,40,41,1,Cases,State,Plateau,5400974,0.25,370.4166666666667
PACE-FLU-SEV,2025/2026,40,41,1,Cases,State,Plateau,5400974,0.5,532
PACE-FLU-SEV,2025/2026,40,41,1,Cases,State,Plateau,5400974,0.75,726.5833333333333
PACE-FLU-SEV,2025/2026,40,41,1,Cases,State,Plateau,5400974,0.9,944.6333333333334
PACE-FLU-SEV,2025/2026,40,41,1,Cases,State,Plateau,5400974,0.95,1081.9500000000003
PACE-FLU-SEV,2025/2026,40,41,1,Cases,State,Rivers,7234973,0.05,249.7
PACE-FLU-SEV,2025/2026,40,41,1,Cases,State,Rivers,7234973,0.1,325
PACE-FLU-SEV,2025/2026,40,41,1,Cases,State,Rivers,7234973,0.25,452
PACE-FLU-SEV,2025/2026,40,41,1,Cases,State,Rivers,7234973,0.5,650.5000000000001
PACE-FLU-SEV,2025/2026,40,41,1,Cases,State,Rivers,7234973,0.75,908
PACE-FLU-SEV,2025/2026,40,41,1,Cases,State,Rivers,7234973,0.9,1218.6333333333334
PACE-FLU-SEV,2025/2026,40,41,1,Cases,State,Rivers,7234973,0.95,1407.9000000000005
PACE-FLU-SEV,2025/2026,40,41,1,Cases,State,Sokoto,6163187,0.05,520.7
PACE-FLU-SEV,2025/2026,40,41,1,Cases,State,Sokoto,6163187,0.1,653.1000000000001
PACE-FLU-SEV,2025/2026,40,41,1,Cases,State,Sokoto,6163187,0.25,916
PACE-FLU-SEV,2025/2026,40,41,1,Cases,State,Sokoto,6163187,0.5,1302
PACE-FLU-SEV,2025/2026,40,41,1,Cases,State,Sokoto,6163187,0.75,1761.5833333333333
PACE-FLU-SEV,2025/2026,40,41,1,Cases,State,Sokoto,6163187,0.9,2275.9000000000005
PACE-FLU-SEV,2025/2026,40,41,1,Cases,State,Sokoto,6163187,0.95,2711.6000000000004
PACE-FLU-SEV,2025/2026,40,41,1,Cases,State,Taraba,4331885,0.05,252.35000000000002
PACE-FLU-SEV,2025/2026,40,41,1,Cases,State,Taraba,4331885,0.1,331
PACE-FLU-SEV,2025/2026,40,41,1,Cases,State,Taraba,4331885,0.25,473.83333333333337
PACE-FLU-SEV,2025/2026,40,41,1,Cases,State,Taraba,4331885,0.5,681.5000000000001
PACE-FLU-SEV,2025/2026,40,41,1,Cases,State,Taraba,4331885,0.75,908
PACE-FLU-SEV,2025/2026,40,41,1,Cases,State,Taraba,4331885,0.9,1199
PACE-FLU-SEV,2025/2026,40,41,1,Cases,State,Taraba,4331885,0.95,1399
PACE-FLU-SEV,2025/2026,40,41,1,Cases,State,Yobe,4350401,0.05,206
PACE-FLU-SEV,2025/2026,40,41,1,Cases,State,Yobe,4350401,0.1,253
PACE-FLU-SEV,2025/2026,40,41,1,Cases,State,Yobe,4350401,0.25,367.4166666666667
PACE-FLU-SEV,2025/2026,40,41,1,Cases,State,Yobe,4350401,0.5,531
PACE-FLU-SEV,2025/2026,40,41,1,Cases,State,Yobe,4350401,0.75,729
PACE-FLU-SEV,2025/2026,40,41,1,Cases,State,Yobe,4350401,0.9,939.6333333333334
PACE-FLU-SEV,2025/2026,40,41,1,Cases,State,Yobe,4350401,0.95,1102.8500000000008
PACE-FLU-SEV,2025/2026,40,41,1,Cases,State,Zamfara,5517793,0.05,433.7
PACE-FLU-SEV,2025/2026,40,41,1,Cases,State,Zamfara,5517793,0.1,553.3666666666668
PACE-FLU-SEV,2025/2026,40,41,1,Cases,State,Zamfara,5517793,0.25,795.4166666666667
PACE-FLU-SEV,2025/2026,40,41,1,Cases,State,Zamfara,5517793,0.5,1151
PACE-FLU-SEV,2025/2026,40,41,1,Cases,State,Zamfara,5517793,0.75,1583.1666666666665
PACE-FLU-SEV,2025/2026,40,41,1,Cases,State,Zamfara,5517793,0.9,2033.700000000001
PACE-FLU-SEV,2025/2026,40,41,1,Cases,State,Zamfara,5517793,0.95,2329.9000000000005
PACE-FLU-SEV,2025/2026,40,41,1,Cases,Zone,NC,36557326,0.05,3258.75
PACE-FLU-SEV,2025/2026,40,41,1,Cases,Zone,NC,36557326,0.1,3523
PACE-FLU-SEV,2025/2026,40,41,1,Cases,Zone,NC,36557326,0.25,3990.416666666667
PACE-FLU-SEV,2025/2026,40,41,1,Cases,Zone,NC,36557326,0.5,4559
PACE-FLU-SEV,2025/2026,40,41,1,Cases,Zone,NC,36557326,0.75,5150.75
PACE-FLU-SEV,2025/2026,40,41,1,Cases,Zone,NC,36557326,0.9,5748
PACE-FLU-SEV,2025/2026,40,41,1,Cases,Zone,NC,36557326,0.95,6107.9000000000005
PACE-FLU-SEV,2025/2026,40,41,1,Cases,Zone,NE,32734949,0.05,3378.7
PACE-FLU-SEV,2025/2026,40,41,1,Cases,Zone,NE,32734949,0.1,3621.1000000000004
PACE-FLU-SEV,2025/2026,40,41,1,Cases,Zone,NE,32734949,0.25,4147.416666666667
PACE-FLU-SEV,2025/2026,40,41,1,Cases,Zone,NE,32734949,0.5,4732
PACE-FLU-SEV,2025/2026,40,41,1,Cases,Zone,NE,32734949,0.75,5412.583333333333
PACE-FLU-SEV,2025/2026,40,41,1,Cases,Zone,NE,32734949,0.9,6091.266666666666
PACE-FLU-SEV,2025/2026,40,41,1,Cases,Zone,NE,32734949,0.95,6594.9
PACE-FLU-SEV,2025/2026,40,41,1,Cases,Zone,NW,58539886,0.05,6894.45
PACE-FLU-SEV,2025/2026,40,41,1,Cases,Zone,NW,58539886,0.1,7446.366666666667
PACE-FLU-SEV,2025/2026,40,41,1,Cases,Zone,NW,58539886,0.25,8390.833333333334
PACE-FLU-SEV,2025/2026,40,41,1,Cases,Zone,NW,58539886,0.5,9616.5
PACE-FLU-SEV,2025/2026,40,41,1,Cases,Zone,NW,58539886,0.75,10860.583333333332
PACE-FLU-SEV,2025/2026,40,41,1,Cases,Zone,NW,58539886,0.9,12191.166666666668
PACE-FLU-SEV,2025/2026,40,41,1,Cases,Zone,NW,58539886,0.95,12927.700000000003
PACE-FLU-SEV,2025/2026,40,41,1,Cases,Zone,SE,27612828,0.05,1560.7
PACE-FLU-SEV,2025/2026,40,41,1,Cases,Zone,SE,27612828,0.1,1699.3666666666668
PACE-FLU-SEV,2025/2026,40,41,1,Cases,Zone,SE,27612828,0.25,1956
PACE-FLU-SEV,2025/2026,40,41,1,Cases,Zone,SE,27612828,0.5,2298.5
PACE-FLU-SEV,2025/2026,40,41,1,Cases,Zone,SE,27612828,0.75,2645
PACE-FLU-SEV,2025/2026,40,41,1,Cases,Zone,SE,27612828,0.9,3022.633333333333
PACE-FLU-SEV,2025/2026,40,41,1,Cases,Zone,SE,27612828,0.95,3253.850000000001
PACE-FLU-SEV,2025/2026,40,41,1,Cases,Zone,SS,31220652,0.05,1896.6999999999998
PACE-FLU-SEV,2025/2026,40,41,1,Cases,Zone,SS,31220652,0.1,2072
PACE-FLU-SEV,2025/2026,40,41,1,Cases,Zone,SS,31220652,0.25,2375
PACE-FLU-SEV,2025/2026,40,41,1,Cases,Zone,SS,31220652,0.5,2753
PACE-FLU-SEV,2025/2026,40,41,1,Cases,Zone,SS,31220652,0.75,3173
PACE-FLU-SEV,2025/2026,40,41,1,Cases,Zone,SS,31220652,0.9,3603
PACE-FLU-SEV,2025/2026,40,41,1,Cases,Zone,SS,31220652,0.95,3888
PACE-FLU-SEV,2025/2026,40,41,1,Cases,Zone,SW,42836294,0.05,2548.35
PACE-FLU-SEV,2025/2026,40,41,1,Cases,Zone,SW,42836294,0.1,2801.566666666667
PACE-FLU-SEV,2025/2026,40,41,1,Cases,Zone,SW,42836294,0.25,3215
PACE-FLU-SEV,2025/2026,40,41,1,Cases,Zone,SW,42836294,0.5,3750
PACE-FLU-SEV,2025/2026,40,41,1,Cases,Zone,SW,42836294,0.75,4392.75
PACE-FLU-SEV,2025/2026,40,41,1,Cases,Zone,SW,42836294,0.9,5022.8
PACE-FLU-SEV,2025/2026,40,41,1,Cases,Zone,SW,42836294,0.95,5464
PACE-FLU-SEV,2025/2026,40,42,2,Cases,Macro,North,127832161,0.05,13474.099999999999
PACE-FLU-SEV,2025/2026,40,42,2,Cases,Macro,North,127832161,0.1,14391.4
PACE-FLU-SEV,2025/2026,40,42,2,Cases,Macro,North,127832161,0.25,15824.75
PACE-FLU-SEV,2025/2026,40,42,2,Cases,Macro,North,127832161,0.5,17593
PACE-FLU-SEV,2025/2026,40,42,2,Cases,Macro,North,127832161,0.75,19832.583333333336
PACE-FLU-SEV,2025/2026,40,42,2,Cases,Macro,North,127832161,0.9,21973.7
PACE-FLU-SEV,2025/2026,40,42,2,Cases,Macro,North,127832161,0.95,23294.4
PACE-FLU-SEV,2025/2026,40,42,2,Cases,Macro,South,101669774,0.05,7123
PACE-FLU-SEV,2025/2026,40,42,2,Cases,Macro,South,101669774,0.1,7646.366666666667
PACE-FLU-SEV,2025/2026,40,42,2,Cases,Macro,South,101669774,0.25,8683
PACE-FLU-SEV,2025/2026,40,42,2,Cases,Macro,South,101669774,0.5,9943
PACE-FLU-SEV,2025/2026,40,42,2,Cases,Macro,South,101669774,0.75,11428.083333333332
PACE-FLU-SEV,2025/2026,40,42,2,Cases,Macro,South,101669774,0.9,13028.400000000001
PACE-FLU-SEV,2025/2026,40,42,2,Cases,Macro,South,101669774,0.95,14048.650000000001
PACE-FLU-SEV,2025/2026,40,42,2,Cases,National,Nigeria,229501935,0.05,22440.4
PACE-FLU-SEV,2025/2026,40,42,2,Cases,National,Nigeria,229501935,0.1,23538.4
PACE-FLU-SEV,2025/2026,40,42,2,Cases,National,Nigeria,229501935,0.25,25389.75
PACE-FLU-SEV,2025/2026,40,42,2,Cases,National,Nigeria,229501935,0.5,27859
PACE-FLU-SEV,2025/2026,40,42,2,Cases,National,Nigeria,229501935,0.75,30519.75
PACE-FLU-SEV,2025/2026,40,42,2,Cases,National,Nigeria,229501935,0.9,33232.63333333333
PACE-FLU-SEV,2025/2026,40,42,2,Cases,National,Nigeria,229501935,0.95,35007.65
PACE-FLU-SEV,2025/2026,40,42,2,Cases,State,Abia,4841943,0.05,149
PACE-FLU-SEV,2025/2026,40,42,2,Cases,State,Abia,4841943,0.1,195
PACE-FLU-SEV,2025/2026,40,42,2,Cases,State,Abia,4841943,0.25,283.4166666666667
PACE-FLU-SEV,2025/2026,40,42,2,Cases,State,Abia,4841943,0.5,426.5000000000001
PACE-FLU-SEV,2025/2026,40,42,2,Cases,State,Abia,4841943,0.75,602
PACE-FLU-SEV,2025/2026,40,42,2,Cases,State,Abia,4841943,0.9,820.2666666666669
PACE-FLU-SEV,2025/2026,40,42,2,Cases,State,Abia,4841943,0.95,964.6500000000001
PACE-FLU-SEV,2025/2026,40,42,2,Cases,State,Adamawa,5236948,0.05,191
PACE-FLU-SEV,2025/2026,40,42,2,Cases,State,Adamawa,5236948,0.1,248
PACE-FLU-SEV,2025/2026,40,42,2,Cases,State,Adamawa,5236948,0.25,358
PACE-FLU-SEV,2025/2026,40,42,2,Cases,State,Adamawa,5236948,0.5,539
PACE-FLU-SEV,2025/2026,40,42,2,Cases,State,Adamawa,5236948,0.75,743
PACE-FLU-SEV,2025/2026,40,42,2,Cases,State,Adamawa,5236948,0.9,995.6333333333334
PACE-FLU-SEV,2025/2026,40,42,2,Cases,State,Adamawa,5236948,0.95,1143.9500000000003
PACE-FLU-SEV,2025/2026,40,42,2,Cases,State,Akwa Ibom,5780581,0.05,193
PACE-FLU-SEV,2025/2026,40,42,2,Cases,State,Akwa Ibom,5780581,0.1,239
PACE-FLU-SEV,2025/2026,40,42,2,Cases,State,Akwa Ibom,5780581,0.25,352
PACE-FLU-SEV,2025/2026,40,42,2,Cases,State,Akwa Ibom,5780581,0.5,514
PACE-FLU-SEV,2025/2026,40,42,2,Cases,State,Akwa Ibom,5780581,0.75,721.5833333333333
PACE-FLU-SEV,2025/2026,40,42,2,Cases,State,Akwa Ibom,5780581,0.9,971.6333333333334
PACE-FLU-SEV,2025/2026,40,42,2,Cases,State,Akwa Ibom,5780581,0.95,1139.6000000000004
PACE-FLU-SEV,2025/2026,40,42,2,Cases,State,Anambra,7299910,0.05,264
PACE-FLU-SEV,2025/2026,40,42,2,Cases,State,Anambra,7299910,0.1,329
PACE-FLU-SEV,2025/2026,40,42,2,Cases,State,Anambra,7299910,0.25,480
PACE-FLU-SEV,2025/2026,40,42,2,Cases,State,Anambra,7299910,0.5,701
PACE-FLU-SEV,2025/2026,40,42,2,Cases,State,Anambra,7299910,0.75,975
PACE-FLU-SEV,2025/2026,40,42,2,Cases,State,Anambra,7299910,0.9,1320.2666666666669
PACE-FLU-SEV,2025/2026,40,42,2,Cases,State,Anambra,7299910,0.95,1536.3000000000002
PACE-FLU-SEV,2025/2026,40,42,2,Cases,State,Bauchi,7540663,0.05,332.35
PACE-FLU-SEV,2025/2026,40,42,2,Cases,State,Bauchi,7540663,0.1,432
PACE-FLU-SEV,2025/2026,40,42,2,Cases,State,Bauchi,7540663,0.25,600.4166666666667
PACE-FLU-SEV,2025/2026,40,42,2,Cases,State,Bauchi,7540663,0.5,887.5000000000001
PACE-FLU-SEV,2025/2026,40,42,2,Cases,State,Bauchi,7540663,0.75,1272
PACE-FLU-SEV,2025/2026,40,42,2,Cases,State,Bauchi,7540663,0.9,1681.6333333333334
PACE-FLU-SEV,2025/2026,40,42,2,Cases,State,Bauchi,7540663,0.95,2019.65
PACE-FLU-SEV,2025/2026,40,42,2,Cases,State,Bayelsa,2394725,0.05,70.35000000000001
PACE-FLU-SEV,2025/2026,40,42,2,Cases,State,Bayelsa,2394725,0.1,90.3666666666667
PACE-FLU-SEV,2025/2026,40,42,2,Cases,State,Bayelsa,2394725,0.25,135
PACE-FLU-SEV,2025/2026,40,42,2,Cases,State,Bayelsa,2394725,0.5,196
PACE-FLU-SEV,2025/2026,40,42,2,Cases,State,Bayelsa,2394725,0.75,276.58333333333326
PACE-FLU-SEV,2025/2026,40,42,2,Cases,State,Bayelsa,2394725,0.9,368
PACE-FLU-SEV,2025/2026,40,42,2,Cases,State,Bayelsa,2394725,0.95,427
PACE-FLU-SEV,2025/2026,40,42,2,Cases,State,Benue,6687706,0.05,230
PACE-FLU-SEV,2025/2026,40,42,2,Cases,State,Benue,6687706,0.1,293
PACE-FLU-SEV,2025/2026,40,42,2,Cases,State,Benue,6687706,0.25,415
PACE-FLU-SEV,2025/2026,40,42,2,Cases,State,Benue,6687706,0.5,602
PACE-FLU-SEV,2025/2026,40,42,2,Cases,State,Benue,6687706,0.75,850.5833333333333
PACE-FLU-SEV,2025/2026,40,42,2,Cases,State,Benue,6687706,0.9,1124.9000000000003
PACE-FLU-SEV,2025/2026,40,42,2,Cases,State,Benue,6687706,0.95,1350.9500000000003
PACE-FLU-SEV,2025/2026,40,42,2,Cases,State,Borno,6651590,0.05,329.35
PACE-FLU-SEV,2025/2026,40,42,2,Cases,State,Borno,6651590,0.1,414.3666666666667
PACE-FLU-SEV,2025/2026,40,42,2,Cases,State,Borno,6651590,0.25,611
PACE-FLU-SEV,2025/2026,40,42,2,Cases,State,Borno,6651590,0.5,891.5000000000001
PACE-FLU-SEV,2025/2026,40,42,2,Cases,State,Borno,6651590,0.75,1247.5833333333333
PACE-FLU-SEV,2025/2026,40,42,2,Cases,State,Borno,6651590,0.9,1645.5333333333338
PACE-FLU-SEV,2025/2026,40,42,2,Cases,State,Borno,6651590,0.95,1938.9500000000003
PACE-FLU-SEV,2025/2026,40,42,2,Cases,State,Cross River,4175020,0.05,120.35000000000001
PACE-FLU-SEV,2025/2026,40,42,2,Cases,State,Cross River,4175020,0.1,157.3666666666667
PACE-FLU-SEV,2025/2026,40,42,2,Cases,State,Cross River,4175020,0.25,228
PACE-FLU-SEV,2025/2026,40,42,2,Cases,State,Cross River,4175020,0.5,339
PACE-FLU-SEV,2025/2026,40,42,2,Cases,State,Cross River,4175020,0.75,481
PACE-FLU-SEV,2025/2026,40,42,2,Cases,State,Cross River,4175020,0.9,655.6333333333334
PACE-FLU-SEV,2025/2026,40,42,2,Cases,State,Cross River,4175020,0.95,775.3000000000002
PACE-FLU-SEV,2025/2026,40,42,2,Cases,State,Delta,6107543,0.05,206.35000000000002
PACE-FLU-SEV,2025/2026,40,42,2,Cases,State,Delta,6107543,0.1,257
PACE-FLU-SEV,2025/2026,40,42,2,Cases,State,Delta,6107543,0.25,367
PACE-FLU-SEV,2025/2026,40,42,2,Cases,State,Delta,6107543,0.5,544.5000000000001
PACE-FLU-SEV,2025/2026,40,42,2,Cases,State,Delta,6107543,0.75,774.5833333333333
PACE-FLU-SEV,2025/2026,40,42,2,Cases,State,Delta,6107543,0.9,1027.2666666666669
PACE-FLU-SEV,2025/2026,40,42,2,Cases,State,Delta,6107543,0.95,1180.3000000000002
PACE-FLU-SEV,2025/2026,40,42,2,Cases,State,Ebonyi,4007155,0.05,138.35000000000002
PACE-FLU-SEV,2025/2026,40,42,2,Cases,State,Ebonyi,4007155,0.1,175
PACE-FLU-SEV,2025/2026,40,42,2,Cases,State,Ebonyi,4007155,0.25,260
PACE-FLU-SEV,2025/2026,40,42,2,Cases,State,Ebonyi,4007155,0.5,378
PACE-FLU-SEV,2025/2026,40,42,2,Cases,State,Ebonyi,4007155,0.75,535.5833333333333
PACE-FLU-SEV,2025/2026,40,42,2,Cases,State,Ebonyi,4007155,0.9,708
PACE-FLU-SEV,2025/2026,40,42,2,Cases,State,Ebonyi,4007155,0.95,845.6500000000001
PACE-FLU-SEV,2025/2026,40,42,2,Cases,State,Edo,5527810,0.05,193
PACE-FLU-SEV,2025/2026,40,42,2,Cases,State,Edo,5527810,0.1,254.3666666666667
PACE-FLU-SEV,2025/2026,40,42,2,Cases,State,Edo,5527810,0.25,355.4166666666667
PACE-FLU-SEV,2025/2026,40,42,2,Cases,State,Edo,5527810,0.5,527.5000000000001
PACE-FLU-SEV,2025/2026,40,42,2,Cases,State,Edo,5527810,0.75,759.5833333333333
PACE-FLU-SEV,2025/2026,40,42,2,Cases,State,Edo,5527810,0.9,1009.6333333333334
PACE-FLU-SEV,2025/2026,40,42,2,Cases,State,Edo,5527810,0.95,1176.65
PACE-FLU-SEV,2025/2026,40,42,2,Cases,State,Ekiti,3398177,0.05,112
PACE-FLU-SEV,2025/2026,40,42,2,Cases,State,Ekiti,3398177,0.1,140
PACE-FLU-SEV,2025/2026,40,42,2,Cases,State,Ekiti,3398177,0.25,204
PACE-FLU-SEV,2025/2026,40,42,2,Cases,State,Ekiti,3398177,0.5,298
PACE-FLU-SEV,2025/2026,40,42,2,Cases,State,Ekiti,3398177,0.75,419
PACE-FLU-SEV,2025/2026,40,42,2,Cases,State,Ekiti,3398177,0.9,568.2666666666669
PACE-FLU-SEV,2025/2026,40,42,2,Cases,State,Ekiti,3398177,0.95,661
PACE-FLU-SEV,2025/2026,40,42,2,Cases,State,Enugu,5396098,0.05,166
PACE-FLU-SEV,2025/2026,40,42,2,Cases,State,Enugu,5396098,0.1,212
PACE-FLU-SEV,2025/2026,40,42,2,Cases,State,Enugu,5396098,0.25,319.4166666666667
PACE-FLU-SEV,2025/2026,40,42,2,Cases,State,Enugu,5396098,0.5,473
PACE-FLU-SEV,2025/2026,40,42,2,Cases,State,Enugu,5396098,0.75,649.1666666666665
PACE-FLU-SEV,2025/2026,40,42,2,Cases,State,Enugu,5396098,0.9,866.6333333333334
PACE-FLU-SEV,2025/2026,40,42,2,Cases,State,Enugu,5396098,0.95,1036.2000000000007
PACE-FLU-SEV,2025/2026,40,42,2,Cases,State,FCT,4802443,0.05,201
PACE-FLU-SEV,2025/2026,40,42,2,Cases,State,FCT,4802443,0.1,245.1000000000001
PACE-FLU-SEV,2025/2026,40,42,2,Cases,State,FCT,4802443,0.25,359.4166666666667
PACE-FLU-SEV,2025/2026,40,42,2,Cases,State,FCT,4802443,0.5,533
PACE-FLU-SEV,2025/2026,40,42,2,Cases,State,FCT,4802443,0.75,748
PACE-FLU-SEV,2025/2026,40,42,2,Cases,State,FCT,4802443,0.9,984.2666666666669
PACE-FLU-SEV,2025/2026,40,42,2,Cases,State,FCT,4802443,0.95,1157.9500000000003
PACE-FLU-SEV,2025/2026,40,42,2,Cases,State,Gombe,4623462,0.05,243.70000000000005
PACE-FLU-SEV,2025/2026,40,42,2,Cases,State,Gombe,4623462,0.1,302.3666666666667
PACE-FLU-SEV,2025/2026,40,42,2,Cases,State,Gombe,4623462,0.25,459
PACE-FLU-SEV,2025/2026,40,42,2,Cases,State,Gombe,4623462,0.5,672
PACE-FLU-SEV,2025/2026,40,42,2,Cases,State,Gombe,4623462,0.75,965.5833333333333
PACE-FLU-SEV,2025/2026,40,42,2,Cases,State,Gombe,4623462,0.9,1312.6333333333334
PACE-FLU-SEV,2025/2026,40,42,2,Cases,State,Gombe,4623462,0.95,1600.8500000000008
PACE-FLU-SEV,2025/2026,40,42,2,Cases,State,Imo,6067722,0.05,191
PACE-FLU-SEV,2025/2026,40,42,2,Cases,State,Imo,6067722,0.1,244.3666666666667
PACE-FLU-SEV,2025/2026,40,42,2,Cases,State,Imo,6067722,0.25,365.4166666666667
PACE-FLU-SEV,2025/2026,40,42,2,Cases,State,Imo,6067722,0.5,537
PACE-FLU-SEV,2025/2026,40,42,2,Cases,State,Imo,6067722,0.75,764
PACE-FLU-SEV,2025/2026,40,42,2,Cases,State,Imo,6067722,0.9,1023.2666666666669
PACE-FLU-SEV,2025/2026,40,42,2,Cases,State,Imo,6067722,0.95,1234.65
PACE-FLU-SEV,2025/2026,40,42,2,Cases,State,Jigawa,6979080,0.05,335
PACE-FLU-SEV,2025/2026,40,42,2,Cases,State,Jigawa,6979080,0.1,447
PACE-FLU-SEV,2025/2026,40,42,2,Cases,State,Jigawa,6979080,0.25,664.4166666666667
PACE-FLU-SEV,2025/2026,40,42,2,Cases,State,Jigawa,6979080,0.5,973.5000000000001
PACE-FLU-SEV,2025/2026,40,42,2,Cases,State,Jigawa,6979080,0.75,1384.1666666666665
PACE-FLU-SEV,2025/2026,40,42,2,Cases,State,Jigawa,6979080,0.9,1830
PACE-FLU-SEV,2025/2026,40,42,2,Cases,State,Jigawa,6979080,0.95,2177.3
PACE-FLU-SEV,2025/2026,40,42,2,Cases,State,Kaduna,8324285,0.05,363
PACE-FLU-SEV,2025/2026,40,42,2,Cases,State,Kaduna,8324285,0.1,453
PACE-FLU-SEV,2025/2026,40,42,2,Cases,State,Kaduna,8324285,0.25,673
PACE-FLU-SEV,2025/2026,40,42,2,Cases,State,Kaduna,8324285,0.5,987
PACE-FLU-SEV,2025/2026,40,42,2,Cases,State,Kaduna,8324285,0.75,1385
PACE-FLU-SEV,2025/2026,40,42,2,Cases,State,Kaduna,8324285,0.9,1808.6333333333334
PACE-FLU-SEV,2025/2026,40,42,2,Cases,State,Kaduna,8324285,0.95,2135
PACE-FLU-SEV,2025/2026,40,42,2,Cases,State,Kano,16253549,0.05,917.7
PACE-FLU-SEV,2025/2026,40,42,2,Cases,State,Kano,16253549,0.1,1183.7333333333333
PACE-FLU-SEV,2025/2026,40,42,2,Cases,State,Kano,16253549,0.25,1701.6666666666667
PACE-FLU-SEV,2025/2026,40,42,2,Cases,State,Kano,16253549,0.5,2501
PACE-FLU-SEV,2025/2026,40,42,2,Cases,State,Kano,16253549,0.75,3543.583333333333
PACE-FLU-SEV,2025/2026,40,42,2,Cases,State,Kano,16253549,0.9,4831.700000000001
PACE-FLU-SEV,2025/2026,40,42,2,Cases,State,Kano,16253549,0.95,5675.3
PACE-FLU-SEV,2025/2026,40,42,2,Cases,State,Katsina,9300382,0.05,488.35
PACE-FLU-SEV,2025/2026,40,42,2,Cases,State,Katsina,9300382,0.1,607.3666666666667
PACE-FLU-SEV,2025/2026,40,42,2,Cases,State,Katsina,9300382,0.25,911
PACE-FLU-SEV,2025/2026,40,42,2,Cases,State,Katsina,9300382,0.5,1373.5
PACE-FLU-SEV,2025/2026,40,42,2,Cases,State,Katsina,9300382,0.75,1964.5833333333333
PACE-FLU-SEV,2025/2026,40,42,2,Cases,State,Katsina,9300382,0.9,2584.166666666667
PACE-FLU-SEV,2025/2026,40,42,2,Cases,State,Katsina,9300382,0.95,3041.65
PACE-FLU-SEV,2025/2026,40,42,2,Cases,State,Kebbi,6001610,0.05,319
PACE-FLU-SEV,2025/2026,40,42,2,Cases,State,Kebbi,6001610,0.1,404.7333333333334
PACE-FLU-SEV,2025/2026,40,42,2,Cases,State,Kebbi,6001610,0.25,610
PACE-FLU-SEV,2025/2026,40,42,2,Cases,State,Kebbi,6001610,0.5,891
PACE-FLU-SEV,2025/2026,40,42,2,Cases,State,Kebbi,6001610,0.75,1269.7499999999998
PACE-FLU-SEV,2025/2026,40,42,2,Cases,State,Kebbi,6001610,0.9,1740.9000000000003
PACE-FLU-SEV,2025/2026,40,42,2,Cases,State,Kebbi,6001610,0.95,2076.9500000000003
PACE-FLU-SEV,2025/2026,40,42,2,Cases,State,Kogi,5053734,0.05,172.35000000000002
PACE-FLU-SEV,2025/2026,40,42,2,Cases,State,Kogi,5053734,0.1,222.7333333333334
PACE-FLU-SEV,2025/2026,40,42,2,Cases,State,Kogi,5053734,0.25,335.83333333333337
PACE-FLU-SEV,2025/2026,40,42,2,Cases,State,Kogi,5053734,0.5,489.5000000000001
PACE-FLU-SEV,2025/2026,40,42,2,Cases,State,Kogi,5053734,0.75,696
PACE-FLU-SEV,2025/2026,40,42,2,Cases,State,Kogi,5053734,0.9,932
PACE-FLU-SEV,2025/2026,40,42,2,Cases,State,Kogi,5053734,0.95,1090.65
PACE-FLU-SEV,2025/2026,40,42,2,Cases,State,Kwara,4259613,0.05,147
PACE-FLU-SEV,2025/2026,40,42,2,Cases,State,Kwara,4259613,0.1,185
PACE-FLU-SEV,2025/2026,40,42,2,Cases,State,Kwara,4259613,0.25,274
PACE-FLU-SEV,2025/2026,40,42,2,Cases,State,Kwara,4259613,0.5,402
PACE-FLU-SEV,2025/2026,40,42,2,Cases,State,Kwara,4259613,0.75,561
PACE-FLU-SEV,2025/2026,40,42,2,Cases,State,Kwara,4259613,0.9,735.9000000000003
PACE-FLU-SEV,2025/2026,40,42,2,Cases,State,Kwara,4259613,0.95,891.3000000000002
PACE-FLU-SEV,2025/2026,40,42,2,Cases,State,Lagos,15772884,0.05,533.7
PACE-FLU-SEV,2025/2026,40,42,2,Cases,State,Lagos,15772884,0.1,671
PACE-FLU-SEV,2025/2026,40,42,2,Cases,State,Lagos,15772884,0.25,1003
PACE-FLU-SEV,2025/2026,40,42,2,Cases,State,Lagos,15772884,0.5,1468.5000000000005
PACE-FLU-SEV,2025/2026,40,42,2,Cases,State,Lagos,15772884,0.75,2095.1666666666665
PACE-FLU-SEV,2025/2026,40,42,2,Cases,State,Lagos,15772884,0.9,2841
PACE-FLU-SEV,2025/2026,40,42,2,Cases,State,Lagos,15772884,0.95,3312.0500000000015
PACE-FLU-SEV,2025/2026,40,42,2,Cases,State,Nasarawa,3632239,0.05,147
PACE-FLU-SEV,2025/2026,40,42,2,Cases,State,Nasarawa,3632239,0.1,189
PACE-FLU-SEV,2025/2026,40,42,2,Cases,State,Nasarawa,3632239,0.25,284
PACE-FLU-SEV,2025/2026,40,42,2,Cases,State,Nasarawa,3632239,0.5,416
PACE-FLU-SEV,2025/2026,40,42,2,Cases,State,Nasarawa,3632239,0.75,580.5833333333333
PACE-FLU-SEV,2025/2026,40,42,2,Cases,State,Nasarawa,3632239,0.9,754.6333333333334
PACE-FLU-SEV,2025/2026,40,42,2,Cases,State,Nasarawa,3632239,0.95,883.3000000000002
PACE-FLU-SEV,2025/2026,40,42,2,Cases,State,Niger,6720617,0.05,239.35000000000002
PACE-FLU-SEV,2025/2026,40,42,2,Cases,State,Niger,6720617,0.1,301.3666666666667
PACE-FLU-SEV,2025/2026,40,42,2,Cases,State,Niger,6720617,0.25,432
PACE-FLU-SEV,2025/2026,40,42,2,Cases,State,Niger,6720617,0.5,631.5000000000001
PACE-FLU-SEV,2025/2026,40,42,2,Cases,State,Niger,6720617,0.75,895.5833333333333
PACE-FLU-SEV,2025/2026,40,42,2,Cases,State,Niger,6720617,0.9,1201.2666666666669
PACE-FLU-SEV,2025/2026,40,42,2,Cases,State,Niger,6720617,0.95,1403.9500000000003
PACE-FLU-SEV,2025/2026,40,42,2,Cases,State,Ogun,6445275,0.05,190.35000000000002
PACE-FLU-SEV,2025/2026,40,42,2,Cases,State,Ogun,6445275,0.1,253.3666666666667
PACE-FLU-SEV,2025/2026,40,42,2,Cases,State,Ogun,6445275,0.25,368
PACE-FLU-SEV,2025/2026,40,42,2,Cases,State,Ogun,6445275,0.5,529
PACE-FLU-SEV,2025/2026,40,42,2,Cases,State,Ogun,6445275,0.75,764.5833333333333
PACE-FLU-SEV,2025/2026,40,42,2,Cases,State,Ogun,6445275,0.9,1037
PACE-FLU-SEV,2025/2026,40,42,2,Cases,State,Ogun,6445275,0.95,1204.9000000000005
PACE-FLU-SEV,2025/2026,40,42,2,Cases,State,Ondo,5469707,0.05,191
PACE-FLU-SEV,2025/2026,40,42,2,Cases,State,Ondo,5469707,0.1,245.3666666666667
PACE-FLU-SEV,2025/2026,40,42,2,Cases,State,Ondo,5469707,0.25,363
PACE-FLU-SEV,2025/2026,40,42,2,Cases,State,Ondo,5469707,0.5,547
PACE-FLU-SEV,2025/2026,40,42,2,Cases,State,Ondo,5469707,0.75,762
PACE-FLU-SEV,2025/2026,40,42,2,Cases,State,Ondo,5469707,0.9,1008.6333333333334
PACE-FLU-SEV,2025/2026,40,42,2,Cases,State,Ondo,5469707,0.95,1194.3000000000002
PACE-FLU-SEV,2025/2026,40,42,2,Cases,State,Osun,4237396,0.05,134
PACE-FLU-SEV,2025/2026,40,42,2,Cases,State,Osun,4237396,0.1,171
PACE-FLU-SEV,2025/2026,40,42,2,Cases,State,Osun,4237396,0.25,248
PACE-FLU-SEV,2025/2026,40,42,2,Cases,State,Osun,4237396,0.5,369
PACE-FLU-SEV,2025/2026,40,42,2,Cases,State,Osun,4237396,0.75,543
PACE-FLU-SEV,2025/2026,40,42,2,Cases,State,Osun,4237396,0.9,744.5333333333338
PACE-FLU-SEV,2025/2026,40,42,2,Cases,State,Osun,4237396,0.95,873.9500000000003
PACE-FLU-SEV,2025/2026,40,42,2,Cases,State,Oyo,7512855,0.05,258
PACE-FLU-SEV,2025/2026,40,42,2,Cases,State,Oyo,7512855,0.1,321
PACE-FLU-SEV,2025/2026,40,42,2,Cases,State,Oyo,7512855,0.25,472.4166666666667
PACE-FLU-SEV,2025/2026,40,42,2,Cases,State,Oyo,7512855,0.5,673
PACE-FLU-SEV,2025/2026,40,42,2,Cases,State,Oyo,7512855,0.75,943.5833333333333
PACE-FLU-SEV,2025/2026,40,42,2,Cases,State,Oyo,7512855,0.9,1272.2666666666669
PACE-FLU-SEV,2025/2026,40,42,2,Cases,State,Oyo,7512855,0.95,1457.2500000000005
PACE-FLU-SEV,2025/2026,40,42,2,Cases,State,Plateau,5400974,0.05,223.35000000000002
PACE-FLU-SEV,2025/2026,40,42,2,Cases,State,Plateau,5400974,0.1,277.3666666666667
PACE-FLU-SEV,2025/2026,40,42,2,Cases,State,Plateau,5400974,0.25,399
PACE-FLU-SEV,2025/2026,40,42,2,Cases,State,Plateau,5400974,0.5,582
PACE-FLU-SEV,2025/2026,40,42,2,Cases,State,Plateau,5400974,0.75,818
PACE-FLU-SEV,2025/2026,40,42,2,Cases,State,Plateau,5400974,0.9,1110
PACE-FLU-SEV,2025/2026,40,42,2,Cases,State,Plateau,5400974,0.95,1321.500000000001
PACE-FLU-SEV,2025/2026,40,42,2,Cases,State,Rivers,7234973,0.05,229
PACE-FLU-SEV,2025/2026,40,42,2,Cases,State,Rivers,7234973,0.1,291.3666666666667
PACE-FLU-SEV,2025/2026,40,42,2,Cases,State,Rivers,7234973,0.25,444
PACE-FLU-SEV,2025/2026,40,42,2,Cases,State,Rivers,7234973,0.5,634
PACE-FLU-SEV,2025/2026,40,42,2,Cases,State,Rivers,7234973,0.75,916
PACE-FLU-SEV,2025/2026,40,42,2,Cases,State,Rivers,7234973,0.9,1244.700000000001
PACE-FLU-SEV,2025/2026,40,42,2,Cases,State,Rivers,7234973,0.95,1494.65
PACE-FLU-SEV,2025/2026,40,42,2,Cases,State,Sokoto,6163187,0.05,335
PACE-FLU-SEV,2025/2026,40,42,2,Cases,State,Sokoto,6163187,0.1,421.10000000000014
PACE-FLU-SEV,2025/2026,40,42,2,Cases,State,Sokoto,6163187,0.25,627
PACE-FLU-SEV,2025/2026,40,42,2,Cases,State,Sokoto,6163187,0.5,918.5000000000001
PACE-FLU-SEV,2025/2026,40,42,2,Cases,State,Sokoto,6163187,0.75,1317.5833333333333
PACE-FLU-SEV,2025/2026,40,42,2,Cases,State,Sokoto,6163187,0.9,1756.2666666666669
PACE-FLU-SEV,2025/2026,40,42,2,Cases,State,Sokoto,6163187,0.95,2014.9000000000005
PACE-FLU-SEV,2025/2026,40,42,2,Cases,State,Taraba,4331885,0.05,181.35000000000002
PACE-FLU-SEV,2025/2026,40,42,2,Cases,State,Taraba,4331885,0.1,228.3666666666667
PACE-FLU-SEV,2025/2026,40,42,2,Cases,State,Taraba,4331885,0.25,331
PACE-FLU-SEV,2025/2026,40,42,2,Cases,State,Taraba,4331885,0.5,484.5000000000001
PACE-FLU-SEV,2025/2026,40,42,2,Cases,State,Taraba,4331885,0.75,677.5833333333333
PACE-FLU-SEV,2025/2026,40,42,2,Cases,State,Taraba,4331885,0.9,904.2666666666669
PACE-FLU-SEV,2025/2026,40,42,2,Cases,State,Taraba,4331885,0.95,1130.3000000000002
PACE-FLU-SEV,2025/2026,40,42,2,Cases,State,Yobe,4350401,0.05,235.70000000000005
PACE-FLU-SEV,2025/2026,40,42,2,Cases,State,Yobe,4350401,0.1,304
PACE-FLU-SEV,2025/2026,40,42,2,Cases,State,Yobe,4350401,0.25,448
PACE-FLU-SEV,2025/2026,40,42,2,Cases,State,Yobe,4350401,0.5,665
PACE-FLU-SEV,2025/2026,40,42,2,Cases,State,Yobe,4350401,0.75,931.5833333333333
PACE-FLU-SEV,2025/2026,40,42,2,Cases,State,Yobe,4350401,0.9,1267.6333333333334
PACE-FLU-SEV,2025/2026,40,42,2,Cases,State,Yobe,4350401,0.95,1489
PACE-FLU-SEV,2025/2026,40,42,2,Cases,State,Zamfara,5517793,0.05,261.35
PACE-FLU-SEV,2025/2026,40,42,2,Cases,State,Zamfara,5517793,0.1,363
PACE-FLU-SEV,2025/2026,40,42,2,Cases,State,Zamfara,5517793,0.25,521
PACE-FLU-SEV,2025/2026,40,42,2,Cases,State,Zamfara,5517793,0.5,760
PACE-FLU-SEV,2025/2026,40,42,2,Cases,State,Zamfara,5517793,0.75,1099
PACE-FLU-SEV,2025/2026,40,42,2,Cases,State,Zamfara,5517793,0.9,1459.9000000000003
PACE-FLU-SEV,2025/2026,40,42,2,Cases,State,Zamfara,5517793,0.95,1729.65
PACE-FLU-SEV,2025/2026,40,42,2,Cases,Zone,NC,36557326,0.05,2695.35
PACE-FLU-SEV,2025/2026,40,42,2,Cases,Zone,NC,36557326,0.1,2908
PACE-FLU-SEV,2025/2026,40,42,2,Cases,Zone,NC,36557326,0.25,3367.416666666667
PACE-FLU-SEV,2025/2026,40,42,2,Cases,Zone,NC,36557326,0.5,3954.5
PACE-FLU-SEV,2025/2026,40,42,2,Cases,Zone,NC,36557326,0.75,4607
PACE-FLU-SEV,2025/2026,40,42,2,Cases,Zone,NC,36557326,0.9,5263.433333333334
PACE-FLU-SEV,2025/2026,40,42,2,Cases,Zone,NC,36557326,0.95,5712.200000000001
PACE-FLU-SEV,2025/2026,40,42,2,Cases,Zone,NE,32734949,0.05,2989.7
PACE-FLU-SEV,2025/2026,40,42,2,Cases,Zone,NE,32734949,0.1,3225.7333333333336
PACE-FLU-SEV,2025/2026,40,42,2,Cases,Zone,NE,32734949,0.25,3792.416666666667
PACE-FLU-SEV,2025/2026,40,42,2,Cases,Zone,NE,32734949,0.5,4485.5
PACE-FLU-SEV,2025/2026,40,42,2,Cases,Zone,NE,32734949,0.75,5233.75
PACE-FLU-SEV,2025/2026,40,42,2,Cases,Zone,NE,32734949,0.9,6114
PACE-FLU-SEV,2025/2026,40,42,2,Cases,Zone,NE,32734949,0.95,6750.300000000001
PACE-FLU-SEV,2025/2026,40,42,2,Cases,Zone,NW,58539886,0.05,6003.05
PACE-FLU-SEV,2025/2026,40,42,2,Cases,Zone,NW,58539886,0.1,6533.033333333334
PACE-FLU-SEV,2025/2026,40,42,2,Cases,Zone,NW,58539886,0.25,7710.083333333334
PACE-FLU-SEV,2025/2026,40,42,2,Cases,Zone,NW,58539886,0.5,9059
PACE-FLU-SEV,2025/2026,40,42,2,Cases,Zone,NW,58539886,0.75,10721.166666666666
PACE-FLU-SEV,2025/2026,40,42,2,Cases,Zone,NW,58539886,0.9,12418
PACE-FLU-SEV,2025/2026,40,42,2,Cases,Zone,NW,58539886,0.95,13416.500000000004
PACE-FLU-SEV,2025/2026,40,42,2,Cases,Zone,SE,27612828,0.05,1690.75
PACE-FLU-SEV,2025/2026,40,42,2,Cases,Zone,SE,27612828,0.1,1879
PACE-FLU-SEV,2025/2026,40,42,2,Cases,Zone,SE,27612828,0.25,2205.4166666666665
PACE-FLU-SEV,2025/2026,40,42,2,Cases,Zone,SE,27612828,0.5,2688
PACE-FLU-SEV,2025/2026,40,42,2,Cases,Zone,SE,27612828,0.75,3252.583333333333
PACE-FLU-SEV,2025/2026,40,42,2,Cases,Zone,SE,27612828,0.9,3814.8
PACE-FLU-SEV,2025/2026,40,42,2,Cases,Zone,SE,27612828,0.95,4240.600000000002
PACE-FLU-SEV,2025/2026,40,42,2,Cases,Zone,SS,31220652,0.05,1905.1
PACE-FLU-SEV,2025/2026,40,42,2,Cases,Zone,SS,31220652,0.1,2093.366666666667
PACE-FLU-SEV,2025/2026,40,42,2,Cases,Zone,SS,31220652,0.25,2487.416666666667
PACE-FLU-SEV,2025/2026,40,42,2,Cases,Zone,SS,31220652,0.5,2976.5
PACE-FLU-SEV,2025/2026,40,42,2,Cases,Zone,SS,31220652,0.75,3549.75
PACE-FLU-SEV,2025/2026,40,42,2,Cases,Zone,SS,31220652,0.9,4188.433333333334
PACE-FLU-SEV,2025/2026,40,42,2,Cases,Zone,SS,31220652,0.95,4564.65
PACE-FLU-SEV,2025/2026,40,42,2,Cases,Zone,SW,42836294,0.05,2570.75
PACE-FLU-SEV,2025/2026,40,42,2,Cases,Zone,SW,42836294,0.1,2848.366666666667
PACE-FLU-SEV,2025/2026,40,42,2,Cases,Zone,SW,42836294,0.25,3426.4166666666665
PACE-FLU-SEV,2025/2026,40,42,2,Cases,Zone,SW,42836294,0.5,4168.5
PACE-FLU-SEV,2025/2026,40,42,2,Cases,Zone,SW,42836294,0.75,5093.583333333334
PACE-FLU-SEV,2025/2026,40,42,2,Cases,Zone,SW,42836294,0.9,6012.333333333334
PACE-FLU-SEV,2025/2026,40,42,2,Cases,Zone,SW,42836294,0.95,6640
PACE-FLU-SEV,2025/2026,40,43,3,Cases,Macro,North,127832161,0.05,12463.900000000001
PACE-FLU-SEV,2025/2026,40,43,3,Cases,Macro,North,127832161,0.1,13280.366666666665
PACE-FLU-SEV,2025/2026,40,43,3,Cases,Macro,North,127832161,0.25,14855.833333333334
PACE-FLU-SEV,2025/2026,40,43,3,Cases,Macro,North,127832161,0.5,16948.5
PACE-FLU-SEV,2025/2026,40,43,3,Cases,Macro,North,127832161,0.75,19313.5
PACE-FLU-SEV,2025/2026,40,43,3,Cases,Macro,North,127832161,0.9,21907.63333333333
PACE-FLU-SEV,2025/2026,40,43,3,Cases,Macro,North,127832161,0.95,23586.15
PACE-FLU-SEV,2025/2026,40,43,3,Cases,Macro,South,101669774,0.05,7304.15
PACE-FLU-SEV,2025/2026,40,43,3,Cases,Macro,South,101669774,0.1,8077.733333333334
PACE-FLU-SEV,2025/2026,40,43,3,Cases,Macro,South,101669774,0.25,9332.416666666666
PACE-FLU-SEV,2025/2026,40,43,3,Cases,Macro,South,101669774,0.5,11176
PACE-FLU-SEV,2025/2026,40,43,3,Cases,Macro,South,101669774,0.75,13087.583333333332
PACE-FLU-SEV,2025/2026,40,43,3,Cases,Macro,South,101669774,0.9,15230.633333333333
PACE-FLU-SEV,2025/2026,40,43,3,Cases,Macro,South,101669774,0.95,16664.949999999997
PACE-FLU-SEV,2025/2026,40,43,3,Cases,National,Nigeria,229501935,0.05,21333.8
PACE-FLU-SEV,2025/2026,40,43,3,Cases,National,Nigeria,229501935,0.1,22523.566666666666
PACE-FLU-SEV,2025/2026,40,43,3,Cases,National,Nigeria,229501935,0.25,25218.75
PACE-FLU-SEV,2025/2026,40,43,3,Cases,National,Nigeria,229501935,0.5,28246
PACE-FLU-SEV,2025/2026,40,43,3,Cases,National,Nigeria,229501935,0.75,31708.083333333336
PACE-FLU-SEV,2025/2026,40,43,3,Cases,National,Nigeria,229501935,0.9,35468.16666666667
PACE-FLU-SEV,2025/2026,40,43,3,Cases,National,Nigeria,229501935,0.95,37709.9
PACE-FLU-SEV,2025/2026,40,43,3,Cases,State,Abia,4841943,0.05,171.35000000000002
PACE-FLU-SEV,2025/2026,40,43,3,Cases,State,Abia,4841943,0.1,210
PACE-FLU-SEV,2025/2026,40,43,3,Cases,State,Abia,4841943,0.25,319
PACE-FLU-SEV,2025/2026,40,43,3,Cases,State,Abia,4841943,0.5,475
PACE-FLU-SEV,2025/2026,40,43,3,Cases,State,Abia,4841943,0.75,680.1666666666665
PACE-FLU-SEV,2025/2026,40,43,3,Cases,State,Abia,4841943,0.9,949.2666666666669
PACE-FLU-SEV,2025/2026,40,43,3,Cases,State,Abia,4841943,0.95,1141.9500000000003
PACE-FLU-SEV,2025/2026,40,43,3,Cases,State,Adamawa,5236948,0.05,210.35000000000002
PACE-FLU-SEV,2025/2026,40,43,3,Cases,State,Adamawa,5236948,0.1,260
PACE-FLU-SEV,2025/2026,40,43,3,Cases,State,Adamawa,5236948,0.25,393
PACE-FLU-SEV,2025/2026,40,43,3,Cases,State,Adamawa,5236948,0.5,579
PACE-FLU-SEV,2025/2026,40,43,3,Cases,State,Adamawa,5236948,0.75,836.5833333333333
PACE-FLU-SEV,2025/2026,40,43,3,Cases,State,Adamawa,5236948,0.9,1165.2666666666669
PACE-FLU-SEV,2025/2026,40,43,3,Cases,State,Adamawa,5236948,0.95,1365
PACE-FLU-SEV,2025/2026,40,43,3,Cases,State,Akwa Ibom,5780581,0.05,203
PACE-FLU-SEV,2025/2026,40,43,3,Cases,State,Akwa Ibom,5780581,0.1,266.3666666666667
PACE-FLU-SEV,2025/2026,40,43,3,Cases,State,Akwa Ibom,5780581,0.25,385
PACE-FLU-SEV,2025/2026,40,43,3,Cases,State,Akwa Ibom,5780581,0.5,577
PACE-FLU-SEV,2025/2026,40,43,3,Cases,State,Akwa Ibom,5780581,0.75,826.5833333333333
PACE-FLU-SEV,2025/2026,40,43,3,Cases,State,Akwa Ibom,5780581,0.9,1167
PACE-FLU-SEV,2025/2026,40,43,3,Cases,State,Akwa Ibom,5780581,0.95,1365.3000000000002
PACE-FLU-SEV,2025/2026,40,43,3,Cases,State,Anambra,7299910,0.05,266
PACE-FLU-SEV,2025/2026,40,43,3,Cases,State,Anambra,7299910,0.1,334.3666666666667
PACE-FLU-SEV,2025/2026,40,43,3,Cases,State,Anambra,7299910,0.25,501
PACE-FLU-SEV,2025/2026,40,43,3,Cases,State,Anambra,7299910,0.5,736
PACE-FLU-SEV,2025/2026,40,43,3,Cases,State,Anambra,7299910,0.75,1078.5833333333333
PACE-FLU-SEV,2025/2026,40,43,3,Cases,State,Anambra,7299910,0.9,1497.6333333333334
PACE-FLU-SEV,2025/2026,40,43,3,Cases,State,Anambra,7299910,0.95,1751.9000000000005
PACE-FLU-SEV,2025/2026,40,43,3,Cases,State,Bauchi,7540663,0.05,321.7
PACE-FLU-SEV,2025/2026,40,43,3,Cases,State,Bauchi,7540663,0.1,430.3666666666667
PACE-FLU-SEV,2025/2026,40,43,3,Cases,State,Bauchi,7540663,0.25,615.4166666666667
PACE-FLU-SEV,2025/2026,40,43,3,Cases,State,Bauchi,7540663,0.5,924.5000000000001
PACE-FLU-SEV,2025/2026,40,43,3,Cases,State,Bauchi,7540663,0.75,1345
PACE-FLU-SEV,2025/2026,40,43,3,Cases,State,Bauchi,7540663,0.9,1831.2666666666669
PACE-FLU-SEV,2025/2026,40,43,3,Cases,State,Bauchi,7540663,0.95,2215.5500000000006
PACE-FLU-SEV,2025/2026,40,43,3,Cases,State,Bayelsa,2394725,0.05,80.35000000000001
PACE-FLU-SEV,2025/2026,40,43,3,Cases,State,Bayelsa,2394725,0.1,100
PACE-FLU-SEV,2025/2026,40,43,3,Cases,State,Bayelsa,2394725,0.25,150
PACE-FLU-SEV,2025/2026,40,43,3,Cases,State,Bayelsa,2394725,0.5,230
PACE-FLU-SEV,2025/2026,40,43,3,Cases,State,Bayelsa,2394725,0.75,328
PACE-FLU-SEV,2025/2026,40,43,3,Cases,State,Bayelsa,2394725,0.9,448.63333333333344
PACE-FLU-SEV,2025/2026,40,43,3,Cases,State,Bayelsa,2394725,0.95,539
PACE-FLU-SEV,2025/2026,40,43,3,Cases,State,Benue,6687706,0.05,232.35000000000002
PACE-FLU-SEV,2025/2026,40,43,3,Cases,State,Benue,6687706,0.1,296
PACE-FLU-SEV,2025/2026,40,43,3,Cases,State,Benue,6687706,0.25,425.4166666666667
PACE-FLU-SEV,2025/2026,40,43,3,Cases,State,Benue,6687706,0.5,635.5000000000001
PACE-FLU-SEV,2025/2026,40,43,3,Cases,State,Benue,6687706,0.75,900
PACE-FLU-SEV,2025/2026,40,43,3,Cases,State,Benue,6687706,0.9,1233.6333333333334
PACE-FLU-SEV,2025/2026,40,43,3,Cases,State,Benue,6687706,0.95,1510.9500000000003
PACE-FLU-SEV,2025/2026,40,43,3,Cases,State,Borno,6651590,0.05,328.70000000000005
PACE-FLU-SEV,2025/2026,40,43,3,Cases,State,Borno,6651590,0.1,422
PACE-FLU-SEV,2025/2026,40,43,3,Cases,State,Borno,6651590,0.25,593
PACE-FLU-SEV,2025/2026,40,43,3,Cases,State,Borno,6651590,0.5,894
PACE-FLU-SEV,2025/2026,40,43,3,Cases,State,Borno,6651590,0.75,1314
PACE-FLU-SEV,2025/2026,40,43,3,Cases,State,Borno,6651590,0.9,1840.5333333333338
PACE-FLU-SEV,2025/2026,40,43,3,Cases,State,Borno,6651590,0.95,2201.3
PACE-FLU-SEV,2025/2026,40,43,3,Cases,State,Cross River,4175020,0.05,137
PACE-FLU-SEV,2025/2026,40,43,3,Cases,State,Cross River,4175020,0.1,176
PACE-FLU-SEV,2025/2026,40,43,3,Cases,State,Cross River,4175020,0.25,260
PACE-FLU-SEV,2025/2026,40,43,3,Cases,State,Cross River,4175020,0.5,386
PACE-FLU-SEV,2025/2026,40,43,3,Cases,State,Cross River,4175020,0.75,565
PACE-FLU-SEV,2025/2026,40,43,3,Cases,State,Cross River,4175020,0.9,780.2666666666669
PACE-FLU-SEV,2025/2026,40,43,3,Cases,State,Cross River,4175020,0.95,908.6500000000001
PACE-FLU-SEV,2025/2026,40,43,3,Cases,State,Delta,6107543,0.05,218.70000000000002
PACE-FLU-SEV,2025/2026,40,43,3,Cases,State,Delta,6107543,0.1,277.7333333333334
PACE-FLU-SEV,2025/2026,40,43,3,Cases,State,Delta,6107543,0.25,411
PACE-FLU-SEV,2025/2026,40,43,3,Cases,State,Delta,6107543,0.5,608
PACE-FLU-SEV,2025/2026,40,43,3,Cases,State,Delta,6107543,0.75,869
PACE-FLU-SEV,2025/2026,40,43,3,Cases,State,Delta,6107543,0.9,1203.1666666666672
PACE-FLU-SEV,2025/2026,40,43,3,Cases,State,Delta,6107543,0.95,1449.2500000000005
PACE-FLU-SEV,2025/2026,40,43,3,Cases,State,Ebonyi,4007155,0.05,142.35000000000002
PACE-FLU-SEV,2025/2026,40,43,3,Cases,State,Ebonyi,4007155,0.1,178
PACE-FLU-SEV,2025/2026,40,43,3,Cases,State,Ebonyi,4007155,0.25,263
PACE-FLU-SEV,2025/2026,40,43,3,Cases,State,Ebonyi,4007155,0.5,405.5000000000001
PACE-FLU-SEV,2025/2026,40,43,3,Cases,State,Ebonyi,4007155,0.75,588.5833333333333
PACE-FLU-SEV,2025/2026,40,43,3,Cases,State,Ebonyi,4007155,0.9,802
PACE-FLU-SEV,2025/2026,40,43,3,Cases,State,Ebonyi,4007155,0.95,937.9500000000003
PACE-FLU-SEV,2025/2026,40,43,3,Cases,State,Edo,5527810,0.05,190
PACE-FLU-SEV,2025/2026,40,43,3,Cases,State,Edo,5527810,0.1,244
PACE-FLU-SEV,2025/2026,40,43,3,Cases,State,Edo,5527810,0.25,361
PACE-FLU-SEV,2025/2026,40,43,3,Cases,State,Edo,5527810,0.5,542
PACE-FLU-SEV,2025/2026,40,43,3,Cases,State,Edo,5527810,0.75,784
PACE-FLU-SEV,2025/2026,40,43,3,Cases,State,Edo,5527810,0.9,1094.6333333333334
PACE-FLU-SEV,2025/2026,40,43,3,Cases,State,Edo,5527810,0.95,1338.3000000000002
PACE-FLU-SEV,2025/2026,40,43,3,Cases,State,Ekiti,3398177,0.05,118
PACE-FLU-SEV,2025/2026,40,43,3,Cases,State,Ekiti,3398177,0.1,159
PACE-FLU-SEV,2025/2026,40,43,3,Cases,State,Ekiti,3398177,0.25,233
PACE-FLU-SEV,2025/2026,40,43,3,Cases,State,Ekiti,3398177,0.5,344
PACE-FLU-SEV,2025/2026,40,43,3,Cases,State,Ekiti,3398177,0.75,495.58333333333326
PACE-FLU-SEV,2025/2026,40,43,3,Cases,State,Ekiti,3398177,0.9,693.6333333333334
PACE-FLU-SEV,2025/2026,40,43,3,Cases,State,Ekiti,3398177,0.95,821.5500000000006
PACE-FLU-SEV,2025/2026,40,43,3,Cases,State,Enugu,5396098,0.05,189
PACE-FLU-SEV,2025/2026,40,43,3,Cases,State,Enugu,5396098,0.1,240
PACE-FLU-SEV,2025/2026,40,43,3,Cases,State,Enugu,5396098,0.25,361.4166666666667
PACE-FLU-SEV,2025/2026,40,43,3,Cases,State,Enugu,5396098,0.5,540
PACE-FLU-SEV,2025/2026,40,43,3,Cases,State,Enugu,5396098,0.75,788.5833333333333
PACE-FLU-SEV,2025/2026,40,43,3,Cases,State,Enugu,5396098,0.9,1086.1666666666672
PACE-FLU-SEV,2025/2026,40,43,3,Cases,State,Enugu,5396098,0.95,1336.5500000000006
PACE-FLU-SEV,2025/2026,40,43,3,Cases,State,FCT,4802443,0.05,182
PACE-FLU-SEV,2025/2026,40,43,3,Cases,State,FCT,4802443,0.1,234
PACE-FLU-SEV,2025/2026,40,43,3,Cases,State,FCT,4802443,0.25,343
PACE-FLU-SEV,2025/2026,40,43,3,Cases,State,FCT,4802443,0.5,501.5000000000001
PACE-FLU-SEV,2025/2026,40,43,3,Cases,State,FCT,4802443,0.75,728.7499999999998
PACE-FLU-SEV,2025/2026,40,43,3,Cases,State,FCT,4802443,0.9,1007.9000000000003
PACE-FLU-SEV,2025/2026,40,43,3,Cases,State,FCT,4802443,0.95,1181.65
PACE-FLU-SEV,2025/2026,40,43,3,Cases,State,Gombe,4623462,0.05,222.35000000000002
PACE-FLU-SEV,2025/2026,40,43,3,Cases,State,Gombe,4623462,0.1,285
PACE-FLU-SEV,2025/2026,40,43,3,Cases,State,Gombe,4623462,0.25,423
PACE-FLU-SEV,2025/2026,40,43,3,Cases,State,Gombe,4623462,0.5,616
PACE-FLU-SEV,2025/2026,40,43,3,Cases,State,Gombe,4623462,0.75,894.1666666666665
PACE-FLU-SEV,2025/2026,40,43,3,Cases,State,Gombe,4623462,0.9,1202.6333333333334
PACE-FLU-SEV,2025/2026,40,43,3,Cases,State,Gombe,4623462,0.95,1440.6000000000004
PACE-FLU-SEV,2025/2026,40,43,3,Cases,State,Imo,6067722,0.05,205
PACE-FLU-SEV,2025/2026,40,43,3,Cases,State,Imo,6067722,0.1,268.7333333333334
PACE-FLU-SEV,2025/2026,40,43,3,Cases,State,Imo,6067722,0.25,403
PACE-FLU-SEV,2025/2026,40,43,3,Cases,State,Imo,6067722,0.5,611.5000000000001
PACE-FLU-SEV,2025/2026,40,43,3,Cases,State,Imo,6067722,0.75,889.7499999999998
PACE-FLU-SEV,2025/2026,40,43,3,Cases,State,Imo,6067722,0.9,1250.2666666666669
PACE-FLU-SEV,2025/2026,40,43,3,Cases,State,Imo,6067722,0.95,1490
PACE-FLU-SEV,2025/2026,40,43,3,Cases,State,Jigawa,6979080,0.05,358
PACE-FLU-SEV,2025/2026,40,43,3,Cases,State,Jigawa,6979080,0.1,446
PACE-FLU-SEV,2025/2026,40,43,3,Cases,State,Jigawa,6979080,0.25,643.4166666666667
PACE-FLU-SEV,2025/2026,40,43,3,Cases,State,Jigawa,6979080,0.5,942
PACE-FLU-SEV,2025/2026,40,43,3,Cases,State,Jigawa,6979080,0.75,1357.5833333333333
PACE-FLU-SEV,2025/2026,40,43,3,Cases,State,Jigawa,6979080,0.9,1892
PACE-FLU-SEV,2025/2026,40,43,3,Cases,State,Jigawa,6979080,0.95,2224.9000000000005
PACE-FLU-SEV,2025/2026,40,43,3,Cases,State,Kaduna,8324285,0.05,319
PACE-FLU-SEV,2025/2026,40,43,3,Cases,State,Kaduna,8324285,0.1,413.36666666666673
PACE-FLU-SEV,2025/2026,40,43,3,Cases,State,Kaduna,8324285,0.25,630.8333333333334
PACE-FLU-SEV,2025/2026,40,43,3,Cases,State,Kaduna,8324285,0.5,955
PACE-FLU-SEV,2025/2026,40,43,3,Cases,State,Kaduna,8324285,0.75,1376
PACE-FLU-SEV,2025/2026,40,43,3,Cases,State,Kaduna,8324285,0.9,1836.9000000000003
PACE-FLU-SEV,2025/2026,40,43,3,Cases,State,Kaduna,8324285,0.95,2165
PACE-FLU-SEV,2025/2026,40,43,3,Cases,State,Kano,16253549,0.05,810.05
PACE-FLU-SEV,2025/2026,40,43,3,Cases,State,Kano,16253549,0.1,1011
PACE-FLU-SEV,2025/2026,40,43,3,Cases,State,Kano,16253549,0.25,1475.8333333333335
PACE-FLU-SEV,2025/2026,40,43,3,Cases,State,Kano,16253549,0.5,2207.5
PACE-FLU-SEV,2025/2026,40,43,3,Cases,State,Kano,16253549,0.75,3275
PACE-FLU-SEV,2025/2026,40,43,3,Cases,State,Kano,16253549,0.9,4473.433333333334
PACE-FLU-SEV,2025/2026,40,43,3,Cases,State,Kano,16253549,0.95,5345.3
PACE-FLU-SEV,2025/2026,40,43,3,Cases,State,Katsina,9300382,0.05,447
PACE-FLU-SEV,2025/2026,40,43,3,Cases,State,Katsina,9300382,0.1,574.3666666666667
PACE-FLU-SEV,2025/2026,40,43,3,Cases,State,Katsina,9300382,0.25,818.4166666666667
PACE-FLU-SEV,2025/2026,40,43,3,Cases,State,Katsina,9300382,0.5,1197.5
PACE-FLU-SEV,2025/2026,40,43,3,Cases,State,Katsina,9300382,0.75,1739.333333333333
PACE-FLU-SEV,2025/2026,40,43,3,Cases,State,Katsina,9300382,0.9,2304.266666666667
PACE-FLU-SEV,2025/2026,40,43,3,Cases,State,Katsina,9300382,0.95,2741.3
PACE-FLU-SEV,2025/2026,40,43,3,Cases,State,Kebbi,6001610,0.05,274
PACE-FLU-SEV,2025/2026,40,43,3,Cases,State,Kebbi,6001610,0.1,346
PACE-FLU-SEV,2025/2026,40,43,3,Cases,State,Kebbi,6001610,0.25,502.4166666666667
PACE-FLU-SEV,2025/2026,40,43,3,Cases,State,Kebbi,6001610,0.5,737.5000000000001
PACE-FLU-SEV,2025/2026,40,43,3,Cases,State,Kebbi,6001610,0.75,1057.1666666666665
PACE-FLU-SEV,2025/2026,40,43,3,Cases,State,Kebbi,6001610,0.9,1447.2666666666669
PACE-FLU-SEV,2025/2026,40,43,3,Cases,State,Kebbi,6001610,0.95,1777.500000000001
PACE-FLU-SEV,2025/2026,40,43,3,Cases,State,Kogi,5053734,0.05,196.35000000000002
PACE-FLU-SEV,2025/2026,40,43,3,Cases,State,Kogi,5053734,0.1,254.3666666666667
PACE-FLU-SEV,2025/2026,40,43,3,Cases,State,Kogi,5053734,0.25,368
PACE-FLU-SEV,2025/2026,40,43,3,Cases,State,Kogi,5053734,0.5,545.5000000000001
PACE-FLU-SEV,2025/2026,40,43,3,Cases,State,Kogi,5053734,0.75,776.5833333333333
PACE-FLU-SEV,2025/2026,40,43,3,Cases,State,Kogi,5053734,0.9,1073.6333333333334
PACE-FLU-SEV,2025/2026,40,43,3,Cases,State,Kogi,5053734,0.95,1305.9000000000005
PACE-FLU-SEV,2025/2026,40,43,3,Cases,State,Kwara,4259613,0.05,141
PACE-FLU-SEV,2025/2026,40,43,3,Cases,State,Kwara,4259613,0.1,186.3666666666667
PACE-FLU-SEV,2025/2026,40,43,3,Cases,State,Kwara,4259613,0.25,272
PACE-FLU-SEV,2025/2026,40,43,3,Cases,State,Kwara,4259613,0.5,400.5000000000001
PACE-FLU-SEV,2025/2026,40,43,3,Cases,State,Kwara,4259613,0.75,570.5833333333333
PACE-FLU-SEV,2025/2026,40,43,3,Cases,State,Kwara,4259613,0.9,796.9000000000003
PACE-FLU-SEV,2025/2026,40,43,3,Cases,State,Kwara,4259613,0.95,951.6500000000001
PACE-FLU-SEV,2025/2026,40,43,3,Cases,State,Lagos,15772884,0.05,589
PACE-FLU-SEV,2025/2026,40,43,3,Cases,State,Lagos,15772884,0.1,738.3666666666668
PACE-FLU-SEV,2025/2026,40,43,3,Cases,State,Lagos,15772884,0.25,1104
PACE-FLU-SEV,2025/2026,40,43,3,Cases,State,Lagos,15772884,0.5,1645.0000000000005
PACE-FLU-SEV,2025/2026,40,43,3,Cases,State,Lagos,15772884,0.75,2356.583333333333
PACE-FLU-SEV,2025/2026,40,43,3,Cases,State,Lagos,15772884,0.9,3188.8000000000006
PACE-FLU-SEV,2025/2026,40,43,3,Cases,State,Lagos,15772884,0.95,3742.3
PACE-FLU-SEV,2025/2026,40,43,3,Cases,State,Nasarawa,3632239,0.05,146
PACE-FLU-SEV,2025/2026,40,43,3,Cases,State,Nasarawa,3632239,0.1,196.3666666666667
PACE-FLU-SEV,2025/2026,40,43,3,Cases,State,Nasarawa,3632239,0.25,286
PACE-FLU-SEV,2025/2026,40,43,3,Cases,State,Nasarawa,3632239,0.5,420.5000000000001
PACE-FLU-SEV,2025/2026,40,43,3,Cases,State,Nasarawa,3632239,0.75,607.5833333333333
PACE-FLU-SEV,2025/2026,40,43,3,Cases,State,Nasarawa,3632239,0.9,817
PACE-FLU-SEV,2025/2026,40,43,3,Cases,State,Nasarawa,3632239,0.95,949.6500000000001
PACE-FLU-SEV,2025/2026,40,43,3,Cases,State,Niger,6720617,0.05,245
PACE-FLU-SEV,2025/2026,40,43,3,Cases,State,Niger,6720617,0.1,329
PACE-FLU-SEV,2025/2026,40,43,3,Cases,State,Niger,6720617,0.25,478
PACE-FLU-SEV,2025/2026,40,43,3,Cases,State,Niger,6720617,0.5,704
PACE-FLU-SEV,2025/2026,40,43,3,Cases,State,Niger,6720617,0.75,1012.1666666666665
PACE-FLU-SEV,2025/2026,40,43,3,Cases,State,Niger,6720617,0.9,1388.9000000000003
PACE-FLU-SEV,2025/2026,40,43,3,Cases,State,Niger,6720617,0.95,1704.65
PACE-FLU-SEV,2025/2026,40,43,3,Cases,State,Ogun,6445275,0.05,212.35000000000002
PACE-FLU-SEV,2025/2026,40,43,3,Cases,State,Ogun,6445275,0.1,271
PACE-FLU-SEV,2025/2026,40,43,3,Cases,State,Ogun,6445275,0.25,407
PACE-FLU-SEV,2025/2026,40,43,3,Cases,State,Ogun,6445275,0.5,603
PACE-FLU-SEV,2025/2026,40,43,3,Cases,State,Ogun,6445275,0.75,889
PACE-FLU-SEV,2025/2026,40,43,3,Cases,State,Ogun,6445275,0.9,1219.2666666666669
PACE-FLU-SEV,2025/2026,40,43,3,Cases,State,Ogun,6445275,0.95,1435.9500000000003
PACE-FLU-SEV,2025/2026,40,43,3,Cases,State,Ondo,5469707,0.05,189.35000000000002
PACE-FLU-SEV,2025/2026,40,43,3,Cases,State,Ondo,5469707,0.1,238
PACE-FLU-SEV,2025/2026,40,43,3,Cases,State,Ondo,5469707,0.25,365.4166666666667
PACE-FLU-SEV,2025/2026,40,43,3,Cases,State,Ondo,5469707,0.5,540.5000000000001
PACE-FLU-SEV,2025/2026,40,43,3,Cases,State,Ondo,5469707,0.75,801.5833333333333
PACE-FLU-SEV,2025/2026,40,43,3,Cases,State,Ondo,5469707,0.9,1097.8000000000006
PACE-FLU-SEV,2025/2026,40,43,3,Cases,State,Ondo,5469707,0.95,1288.65
PACE-FLU-SEV,2025/2026,40,43,3,Cases,State,Osun,4237396,0.05,141
PACE-FLU-SEV,2025/2026,40,43,3,Cases,State,Osun,4237396,0.1,178
PACE-FLU-SEV,2025/2026,40,43,3,Cases,State,Osun,4237396,0.25,275.4166666666667
PACE-FLU-SEV,2025/2026,40,43,3,Cases,State,Osun,4237396,0.5,404
PACE-FLU-SEV,2025/2026,40,43,3,Cases,State,Osun,4237396,0.75,573.5833333333333
PACE-FLU-SEV,2025/2026,40,43,3,Cases,State,Osun,4237396,0.9,791.6333333333334
PACE-FLU-SEV,2025/2026,40,43,3,Cases,State,Osun,4237396,0.95,959.6500000000001
PACE-FLU-SEV,2025/2026,40,43,3,Cases,State,Oyo,7512855,0.05,260
PACE-FLU-SEV,2025/2026,40,43,3,Cases,State,Oyo,7512855,0.1,343.3666666666667
PACE-FLU-SEV,2025/2026,40,43,3,Cases,State,Oyo,7512855,0.25,493.4166666666667
PACE-FLU-SEV,2025/2026,40,43,3,Cases,State,Oyo,7512855,0.5,731.5000000000001
PACE-FLU-SEV,2025/2026,40,43,3,Cases,State,Oyo,7512855,0.75,1071
PACE-FLU-SEV,2025/2026,40,43,3,Cases,State,Oyo,7512855,0.9,1516
PACE-FLU-SEV,2025/2026,40,43,3,Cases,State,Oyo,7512855,0.95,1811
PACE-FLU-SEV,2025/2026,40,43,3,Cases,State,Plateau,5400974,0.05,219.35000000000002
PACE-FLU-SEV,2025/2026,40,43,3,Cases,State,Plateau,5400974,0.1,286.3666666666667
PACE-FLU-SEV,2025/2026,40,43,3,Cases,State,Plateau,5400974,0.25,417.4166666666667
PACE-FLU-SEV,2025/2026,40,43,3,Cases,State,Plateau,5400974,0.5,610
PACE-FLU-SEV,2025/2026,40,43,3,Cases,State,Plateau,5400974,0.75,869.1666666666665
PACE-FLU-SEV,2025/2026,40,43,3,Cases,State,Plateau,5400974,0.9,1168.2666666666669
PACE-FLU-SEV,2025/2026,40,43,3,Cases,State,Plateau,5400974,0.95,1385.3000000000002
PACE-FLU-SEV,2025/2026,40,43,3,Cases,State,Rivers,7234973,0.05,247.35000000000002
PACE-FLU-SEV,2025/2026,40,43,3,Cases,State,Rivers,7234973,0.1,320
PACE-FLU-SEV,2025/2026,40,43,3,Cases,State,Rivers,7234973,0.25,465.4166666666667
PACE-FLU-SEV,2025/2026,40,43,3,Cases,State,Rivers,7234973,0.5,683.5000000000001
PACE-FLU-SEV,2025/2026,40,43,3,Cases,State,Rivers,7234973,0.75,985.5833333333333
PACE-FLU-SEV,2025/2026,40,43,3,Cases,State,Rivers,7234973,0.9,1355.5333333333338
PACE-FLU-SEV,2025/2026,40,43,3,Cases,State,Rivers,7234973,0.95,1684.9000000000005
PACE-FLU-SEV,2025/2026,40,43,3,Cases,State,Sokoto,6163187,0.05,248.05000000000004
PACE-FLU-SEV,2025/2026,40,43,3,Cases,State,Sokoto,6163187,0.1,324.3666666666667
PACE-FLU-SEV,2025/2026,40,43,3,Cases,State,Sokoto,6163187,0.25,470
PACE-FLU-SEV,2025/2026,40,43,3,Cases,State,Sokoto,6163187,0.5,714
PACE-FLU-SEV,2025/2026,40,43,3,Cases,State,Sokoto,6163187,0.75,1048.1666666666665
PACE-FLU-SEV,2025/2026,40,43,3,Cases,State,Sokoto,6163187,0.9,1436.9000000000003
PACE-FLU-SEV,2025/2026,40,43,3,Cases,State,Sokoto,6163187,0.95,1718.6000000000004
PACE-FLU-SEV,2025/2026,40,43,3,Cases,State,Taraba,4331885,0.05,149.70000000000002
PACE-FLU-SEV,2025/2026,40,43,3,Cases,State,Taraba,4331885,0.1,191
PACE-FLU-SEV,2025/2026,40,43,3,Cases,State,Taraba,4331885,0.25,286
PACE-FLU-SEV,2025/2026,40,43,3,Cases,State,Taraba,4331885,0.5,418
PACE-FLU-SEV,2025/2026,40,43,3,Cases,State,Taraba,4331885,0.75,600
PACE-FLU-SEV,2025/2026,40,43,3,Cases,State,Taraba,4331885,0.9,809.5333333333338
PACE-FLU-SEV,2025/2026,40,43,3,Cases,State,Taraba,4331885,0.95,952.6000000000004
PACE-FLU-SEV,2025/2026,40,43,3,Cases,State,Yobe,4350401,0.05,226
PACE-FLU-SEV,2025/2026,40,43,3,Cases,State,Yobe,4350401,0.1,284
PACE-FLU-SEV,2025/2026,40,43,3,Cases,State,Yobe,4350401,0.25,414.4166666666667
PACE-FLU-SEV,2025/2026,40,43,3,Cases,State,Yobe,4350401,0.5,636.5000000000001
PACE-FLU-SEV,2025/2026,40,43,3,Cases,State,Yobe,4350401,0.75,902
PACE-FLU-SEV,2025/2026,40,43,3,Cases,State,Yobe,4350401,0.9,1245.2666666666669
PACE-FLU-SEV,2025/2026,40,43,3,Cases,State,Yobe,4350401,0.95,1516.7000000000016
PACE-FLU-SEV,2025/2026,40,43,3,Cases,State,Zamfara,5517793,0.05,224.35000000000002
PACE-FLU-SEV,2025/2026,40,43,3,Cases,State,Zamfara,5517793,0.1,293.3666666666667
PACE-FLU-SEV,2025/2026,40,43,3,Cases,State,Zamfara,5517793,0.25,434
PACE-FLU-SEV,2025/2026,40,43,3,Cases,State,Zamfara,5517793,0.5,652
PACE-FLU-SEV,2025/2026,40,43,3,Cases,State,Zamfara,5517793,0.75,917.5833333333333
PACE-FLU-SEV,2025/2026,40,43,3,Cases,State,Zamfara,5517793,0.9,1279.6333333333334
PACE-FLU-SEV,2025/2026,40,43,3,Cases,State,Zamfara,5517793,0.95,1530.65
PACE-FLU-SEV,2025/2026,40,43,3,Cases,Zone,NC,36557326,0.05,2668.4
PACE-FLU-SEV,2025/2026,40,43,3,Cases,Zone,NC,36557326,0.1,2982.366666666667
PACE-FLU-SEV,2025/2026,40,43,3,Cases,Zone,NC,36557326,0.25,3473.416666666667
PACE-FLU-SEV,2025/2026,40,43,3,Cases,Zone,NC,36557326,0.5,4141
PACE-FLU-SEV,2025/2026,40,43,3,Cases,Zone,NC,36557326,0.75,4984.583333333333
PACE-FLU-SEV,2025/2026,40,43,3,Cases,Zone,NC,36557326,0.9,5964.0666666666675
PACE-FLU-SEV,2025/2026,40,43,3,Cases,Zone,NC,36557326,0.95,6486.6500000000005
PACE-FLU-SEV,2025/2026,40,43,3,Cases,Zone,NE,32734949,0.05,2861.7
PACE-FLU-SEV,2025/2026,40,43,3,Cases,Zone,NE,32734949,0.1,3188.7333333333336
PACE-FLU-SEV,2025/2026,40,43,3,Cases,Zone,NE,32734949,0.25,3711.4166666666665
PACE-FLU-SEV,2025/2026,40,43,3,Cases,Zone,NE,32734949,0.5,4467
PACE-FLU-SEV,2025/2026,40,43,3,Cases,Zone,NE,32734949,0.75,5310
PACE-FLU-SEV,2025/2026,40,43,3,Cases,Zone,NE,32734949,0.9,6261.800000000001
PACE-FLU-SEV,2025/2026,40,43,3,Cases,Zone,NE,32734949,0.95,6911.200000000001
PACE-FLU-SEV,2025/2026,40,43,3,Cases,Zone,NW,58539886,0.05,5121.65
PACE-FLU-SEV,2025/2026,40,43,3,Cases,Zone,NW,58539886,0.1,5667.733333333334
PACE-FLU-SEV,2025/2026,40,43,3,Cases,Zone,NW,58539886,0.25,6757.416666666666
PACE-FLU-SEV,2025/2026,40,43,3,Cases,Zone,NW,58539886,0.5,8082.5
PACE-FLU-SEV,2025/2026,40,43,3,Cases,Zone,NW,58539886,0.75,9733
PACE-FLU-SEV,2025/2026,40,43,3,Cases,Zone,NW,58539886,0.9,11427.433333333334
PACE-FLU-SEV,2025/2026,40,43,3,Cases,Zone,NW,58539886,0.95,12592.550000000003
PACE-FLU-SEV,2025/2026,40,43,3,Cases,Zone,SE,27612828,0.05,1773
PACE-FLU-SEV,2025/2026,40,43,3,Cases,Zone,SE,27612828,0.1,1961.3666666666666
PACE-FLU-SEV,2025/2026,40,43,3,Cases,Zone,SE,27612828,0.25,2383
PACE-FLU-SEV,2025/2026,40,43,3,Cases,Zone,SE,27612828,0.5,3039.5
PACE-FLU-SEV,2025/2026,40,43,3,Cases,Zone,SE,27612828,0.75,3750.166666666667
PACE-FLU-SEV,2025/2026,40,43,3,Cases,Zone,SE,27612828,0.9,4522.533333333334
PACE-FLU-SEV,2025/2026,40,43,3,Cases,Zone,SE,27612828,0.95,5023.3
PACE-FLU-SEV,2025/2026,40,43,3,Cases,Zone,SS,31220652,0.05,1995.4
PACE-FLU-SEV,2025/2026,40,43,3,Cases,Zone,SS,31220652,0.1,2248
PACE-FLU-SEV,2025/2026,40,43,3,Cases,Zone,SS,31220652,0.25,2691
PACE-FLU-SEV,2025/2026,40,43,3,Cases,Zone,SS,31220652,0.5,3296.5
PACE-FLU-SEV,2025/2026,40,43,3,Cases,Zone,SS,31220652,0.75,4033.1666666666665
PACE-FLU-SEV,2025/2026,40,43,3,Cases,Zone,SS,31220652,0.9,4848.166666666667
PACE-FLU-SEV,2025/2026,40,43,3,Cases,Zone,SS,31220652,0.95,5382.3
PACE-FLU-SEV,2025/2026,40,43,3,Cases,Zone,SW,42836294,0.05,2703.75
PACE-FLU-SEV,2025/2026,40,43,3,Cases,Zone,SW,42836294,0.1,3034.2000000000003
PACE-FLU-SEV,2025/2026,40,43,3,Cases,Zone,SW,42836294,0.25,3685.6666666666665
PACE-FLU-SEV,2025/2026,40,43,3,Cases,Zone,SW,42836294,0.5,4604
PACE-FLU-SEV,2025/2026,40,43,3,Cases,Zone,SW,42836294,0.75,5751.5
PACE-FLU-SEV,2025/2026,40,43,3,Cases,Zone,SW,42836294,0.9,6822.633333333333
PACE-FLU-SEV,2025/2026,40,43,3,Cases,Zone,SW,42836294,0.95,7635.6
PACE-FLU-SEV,2025/2026,40,44,4,Cases,Macro,North,127832161,0.05,12253.6
PACE-FLU-SEV,2025/2026,40,44,4,Cases,Macro,North,127832161,0.1,13222.366666666667
PACE-FLU-SEV,2025/2026,40,44,4,Cases,Macro,North,127832161,0.25,15020.5
PACE-FLU-SEV,2025/2026,40,44,4,Cases,Macro,North,127832161,0.5,17213
PACE-FLU-SEV,2025/2026,40,44,4,Cases,Macro,North,127832161,0.75,20164.666666666664
PACE-FLU-SEV,2025/2026,40,44,4,Cases,Macro,North,127832161,0.9,22941.533333333336
PACE-FLU-SEV,2025/2026,40,44,4,Cases,Macro,North,127832161,0.95,25063.75
PACE-FLU-SEV,2025/2026,40,44,4,Cases,Macro,South,101669774,0.05,7773.75
PACE-FLU-SEV,2025/2026,40,44,4,Cases,Macro,South,101669774,0.1,8579.2
PACE-FLU-SEV,2025/2026,40,44,4,Cases,Macro,South,101669774,0.25,10011.416666666666
PACE-FLU-SEV,2025/2026,40,44,4,Cases,Macro,South,101669774,0.5,12102
PACE-FLU-SEV,2025/2026,40,44,4,Cases,Macro,South,101669774,0.75,14852.833333333332
PACE-FLU-SEV,2025/2026,40,44,4,Cases,Macro,South,101669774,0.9,17684.066666666666
PACE-FLU-SEV,2025/2026,40,44,4,Cases,Macro,South,101669774,0.95,19568
PACE-FLU-SEV,2025/2026,40,44,4,Cases,National,Nigeria,229501935,0.05,21499.7
PACE-FLU-SEV,2025/2026,40,44,4,Cases,National,Nigeria,229501935,0.1,22856.966666666667
PACE-FLU-SEV,2025/2026,40,44,4,Cases,National,Nigeria,229501935,0.25,26055.75
PACE-FLU-SEV,2025/2026,40,44,4,Cases,National,Nigeria,229501935,0.5,29665.5
PACE-FLU-SEV,2025/2026,40,44,4,Cases,National,Nigeria,229501935,0.75,34354.75
PACE-FLU-SEV,2025/2026,40,44,4,Cases,National,Nigeria,229501935,0.9,39002.466666666674
PACE-FLU-SEV,2025/2026,40,44,4,Cases,National,Nigeria,229501935,0.95,42422.05000000002
PACE-FLU-SEV,2025/2026,40,44,4,Cases,State,Abia,4841943,0.05,188
PACE-FLU-SEV,2025/2026,40,44,4,Cases,State,Abia,4841943,0.1,239
PACE-FLU-SEV,2025/2026,40,44,4,Cases,State,Abia,4841943,0.25,349
PACE-FLU-SEV,2025/2026,40,44,4,Cases,State,Abia,4841943,0.5,527
PACE-FLU-SEV,2025/2026,40,44,4,Cases,State,Abia,4841943,0.75,778.5833333333333
PACE-FLU-SEV,2025/2026,40,44,4,Cases,State,Abia,4841943,0.9,1090.6333333333334
PACE-FLU-SEV,2025/2026,40,44,4,Cases,State,Abia,4841943,0.95,1328.500000000001
PACE-FLU-SEV,2025/2026,40,44,4,Cases,State,Adamawa,5236948,0.05,216.35000000000002
PACE-FLU-SEV,2025/2026,40,44,4,Cases,State,Adamawa,5236948,0.1,278.3666666666667
PACE-FLU-SEV,2025/2026,40,44,4,Cases,State,Adamawa,5236948,0.25,412
PACE-FLU-SEV,2025/2026,40,44,4,Cases,State,Adamawa,5236948,0.5,621
PACE-FLU-SEV,2025/2026,40,44,4,Cases,State,Adamawa,5236948,0.75,914.5833333333333
PACE-FLU-SEV,2025/2026,40,44,4,Cases,State,Adamawa,5236948,0.9,1311
PACE-FLU-SEV,2025/2026,40,44,4,Cases,State,Adamawa,5236948,0.95,1608.7000000000016
PACE-FLU-SEV,2025/2026,40,44,4,Cases,State,Akwa Ibom,5780581,0.05,231
PACE-FLU-SEV,2025/2026,40,44,4,Cases,State,Akwa Ibom,5780581,0.1,284
PACE-FLU-SEV,2025/2026,40,44,4,Cases,State,Akwa Ibom,5780581,0.25,422
PACE-FLU-SEV,2025/2026,40,44,4,Cases,State,Akwa Ibom,5780581,0.5,653.5000000000001
PACE-FLU-SEV,2025/2026,40,44,4,Cases,State,Akwa Ibom,5780581,0.75,964
PACE-FLU-SEV,2025/2026,40,44,4,Cases,State,Akwa Ibom,5780581,0.9,1338
PACE-FLU-SEV,2025/2026,40,44,4,Cases,State,Akwa Ibom,5780581,0.95,1611.3000000000002
PACE-FLU-SEV,2025/2026,40,44,4,Cases,State,Anambra,7299910,0.05,276
PACE-FLU-SEV,2025/2026,40,44,4,Cases,State,Anambra,7299910,0.1,359
PACE-FLU-SEV,2025/2026,40,44,4,Cases,State,Anambra,7299910,0.25,523.4166666666667
PACE-FLU-SEV,2025/2026,40,44,4,Cases,State,Anambra,7299910,0.5,784.5000000000001
PACE-FLU-SEV,2025/2026,40,44,4,Cases,State,Anambra,7299910,0.75,1153
PACE-FLU-SEV,2025/2026,40,44,4,Cases,State,Anambra,7299910,0.9,1602.6333333333334
PACE-FLU-SEV,2025/2026,40,44,4,Cases,State,Anambra,7299910,0.95,1920.9500000000003
PACE-FLU-SEV,2025/2026,40,44,4,Cases,State,Bauchi,7540663,0.05,364.70000000000005
PACE-FLU-SEV,2025/2026,40,44,4,Cases,State,Bauchi,7540663,0.1,475.3666666666667
PACE-FLU-SEV,2025/2026,40,44,4,Cases,State,Bauchi,7540663,0.25,661.4166666666667
PACE-FLU-SEV,2025/2026,40,44,4,Cases,State,Bauchi,7540663,0.5,1010
PACE-FLU-SEV,2025/2026,40,44,4,Cases,State,Bauchi,7540663,0.75,1485.333333333333
PACE-FLU-SEV,2025/2026,40,44,4,Cases,State,Bauchi,7540663,0.9,2052.4333333333343
PACE-FLU-SEV,2025/2026,40,44,4,Cases,State,Bauchi,7540663,0.95,2406.2000000000007
PACE-FLU-SEV,2025/2026,40,44,4,Cases,State,Bayelsa,2394725,0.05,88.35000000000001
PACE-FLU-SEV,2025/2026,40,44,4,Cases,State,Bayelsa,2394725,0.1,115
PACE-FLU-SEV,2025/2026,40,44,4,Cases,State,Bayelsa,2394725,0.25,175
PACE-FLU-SEV,2025/2026,40,44,4,Cases,State,Bayelsa,2394725,0.5,269
PACE-FLU-SEV,2025/2026,40,44,4,Cases,State,Bayelsa,2394725,0.75,398
PACE-FLU-SEV,2025/2026,40,44,4,Cases,State,Bayelsa,2394725,0.9,541
PACE-FLU-SEV,2025/2026,40,44,4,Cases,State,Bayelsa,2394725,0.95,652.6500000000001
PACE-FLU-SEV,2025/2026,40,44,4,Cases,State,Benue,6687706,0.05,278
PACE-FLU-SEV,2025/2026,40,44,4,Cases,State,Benue,6687706,0.1,351.3666666666667
PACE-FLU-SEV,2025/2026,40,44,4,Cases,State,Benue,6687706,0.25,520
PACE-FLU-SEV,2025/2026,40,44,4,Cases,State,Benue,6687706,0.5,795
PACE-FLU-SEV,2025/2026,40,44,4,Cases,State,Benue,6687706,0.75,1111.5833333333333
PACE-FLU-SEV,2025/2026,40,44,4,Cases,State,Benue,6687706,0.9,1537.9000000000003
PACE-FLU-SEV,2025/2026,40,44,4,Cases,State,Benue,6687706,0.95,1909
PACE-FLU-SEV,2025/2026,40,44,4,Cases,State,Borno,6651590,0.05,297.05
PACE-FLU-SEV,2025/2026,40,44,4,Cases,State,Borno,6651590,0.1,389
PACE-FLU-SEV,2025/2026,40,44,4,Cases,State,Borno,6651590,0.25,569.4166666666667
PACE-FLU-SEV,2025/2026,40,44,4,Cases,State,Borno,6651590,0.5,869.5000000000001
PACE-FLU-SEV,2025/2026,40,44,4,Cases,State,Borno,6651590,0.75,1238.5833333333333
PACE-FLU-SEV,2025/2026,40,44,4,Cases,State,Borno,6651590,0.9,1720
PACE-FLU-SEV,2025/2026,40,44,4,Cases,State,Borno,6651590,0.95,2053.65
PACE-FLU-SEV,2025/2026,40,44,4,Cases,State,Cross River,4175020,0.05,163
PACE-FLU-SEV,2025/2026,40,44,4,Cases,State,Cross River,4175020,0.1,203
PACE-FLU-SEV,2025/2026,40,44,4,Cases,State,Cross River,4175020,0.25,297
PACE-FLU-SEV,2025/2026,40,44,4,Cases,State,Cross River,4175020,0.5,448
PACE-FLU-SEV,2025/2026,40,44,4,Cases,State,Cross River,4175020,0.75,642
PACE-FLU-SEV,2025/2026,40,44,4,Cases,State,Cross River,4175020,0.9,917.9000000000003
PACE-FLU-SEV,2025/2026,40,44,4,Cases,State,Cross River,4175020,0.95,1094.3000000000002
PACE-FLU-SEV,2025/2026,40,44,4,Cases,State,Delta,6107543,0.05,222
PACE-FLU-SEV,2025/2026,40,44,4,Cases,State,Delta,6107543,0.1,283
PACE-FLU-SEV,2025/2026,40,44,4,Cases,State,Delta,6107543,0.25,423
PACE-FLU-SEV,2025/2026,40,44,4,Cases,State,Delta,6107543,0.5,644
PACE-FLU-SEV,2025/2026,40,44,4,Cases,State,Delta,6107543,0.75,952.5833333333333
PACE-FLU-SEV,2025/2026,40,44,4,Cases,State,Delta,6107543,0.9,1383.2666666666669
PACE-FLU-SEV,2025/2026,40,44,4,Cases,State,Delta,6107543,0.95,1667.65
PACE-FLU-SEV,2025/2026,40,44,4,Cases,State,Ebonyi,4007155,0.05,148
PACE-FLU-SEV,2025/2026,40,44,4,Cases,State,Ebonyi,4007155,0.1,185
PACE-FLU-SEV,2025/2026,40,44,4,Cases,State,Ebonyi,4007155,0.25,284
PACE-FLU-SEV,2025/2026,40,44,4,Cases,State,Ebonyi,4007155,0.5,425
PACE-FLU-SEV,2025/2026,40,44,4,Cases,State,Ebonyi,4007155,0.75,629
PACE-FLU-SEV,2025/2026,40,44,4,Cases,State,Ebonyi,4007155,0.9,871.9000000000003
PACE-FLU-SEV,2025/2026,40,44,4,Cases,State,Ebonyi,4007155,0.95,1022.9500000000003
PACE-FLU-SEV,2025/2026,40,44,4,Cases,State,Edo,5527810,0.05,194
PACE-FLU-SEV,2025/2026,40,44,4,Cases,State,Edo,5527810,0.1,251
PACE-FLU-SEV,2025/2026,40,44,4,Cases,State,Edo,5527810,0.25,386
PACE-FLU-SEV,2025/2026,40,44,4,Cases,State,Edo,5527810,0.5,582
PACE-FLU-SEV,2025/2026,40,44,4,Cases,State,Edo,5527810,0.75,855
PACE-FLU-SEV,2025/2026,40,44,4,Cases,State,Edo,5527810,0.9,1168
PACE-FLU-SEV,2025/2026,40,44,4,Cases,State,Edo,5527810,0.95,1414.3000000000002
PACE-FLU-SEV,2025/2026,40,44,4,Cases,State,Ekiti,3398177,0.05,128
PACE-FLU-SEV,2025/2026,40,44,4,Cases,State,Ekiti,3398177,0.1,165.3666666666667
PACE-FLU-SEV,2025/2026,40,44,4,Cases,State,Ekiti,3398177,0.25,252
PACE-FLU-SEV,2025/2026,40,44,4,Cases,State,Ekiti,3398177,0.5,380
PACE-FLU-SEV,2025/2026,40,44,4,Cases,State,Ekiti,3398177,0.75,557.5833333333333
PACE-FLU-SEV,2025/2026,40,44,4,Cases,State,Ekiti,3398177,0.9,766
PACE-FLU-SEV,2025/2026,40,44,4,Cases,State,Ekiti,3398177,0.95,921.6000000000004
PACE-FLU-SEV,2025/2026,40,44,4,Cases,State,Enugu,5396098,0.05,206.35000000000002
PACE-FLU-SEV,2025/2026,40,44,4,Cases,State,Enugu,5396098,0.1,259
PACE-FLU-SEV,2025/2026,40,44,4,Cases,State,Enugu,5396098,0.25,389
PACE-FLU-SEV,2025/2026,40,44,4,Cases,State,Enugu,5396098,0.5,588
PACE-FLU-SEV,2025/2026,40,44,4,Cases,State,Enugu,5396098,0.75,877
PACE-FLU-SEV,2025/2026,40,44,4,Cases,State,Enugu,5396098,0.9,1202.2666666666669
PACE-FLU-SEV,2025/2026,40,44,4,Cases,State,Enugu,5396098,0.95,1453.9500000000003
PACE-FLU-SEV,2025/2026,40,44,4,Cases,State,FCT,4802443,0.05,196
PACE-FLU-SEV,2025/2026,40,44,4,Cases,State,FCT,4802443,0.1,256.3666666666667
PACE-FLU-SEV,2025/2026,40,44,4,Cases,State,FCT,4802443,0.25,386
PACE-FLU-SEV,2025/2026,40,44,4,Cases,State,FCT,4802443,0.5,592
PACE-FLU-SEV,2025/2026,40,44,4,Cases,State,FCT,4802443,0.75,855.5833333333333
PACE-FLU-SEV,2025/2026,40,44,4,Cases,State,FCT,4802443,0.9,1207.6333333333334
PACE-FLU-SEV,2025/2026,40,44,4,Cases,State,FCT,4802443,0.95,1400.3000000000002
PACE-FLU-SEV,2025/2026,40,44,4,Cases,State,Gombe,4623462,0.05,199.35000000000002
PACE-FLU-SEV,2025/2026,40,44,4,Cases,State,Gombe,4623462,0.1,261
PACE-FLU-SEV,2025/2026,40,44,4,Cases,State,Gombe,4623462,0.25,396
PACE-FLU-SEV,2025/2026,40,44,4,Cases,State,Gombe,4623462,0.5,578
PACE-FLU-SEV,2025/2026,40,44,4,Cases,State,Gombe,4623462,0.75,838.5833333333333
PACE-FLU-SEV,2025/2026,40,44,4,Cases,State,Gombe,4623462,0.9,1200.2666666666669
PACE-FLU-SEV,2025/2026,40,44,4,Cases,State,Gombe,4623462,0.95,1450.65
PACE-FLU-SEV,2025/2026,40,44,4,Cases,State,Imo,6067722,0.05,214.70000000000002
PACE-FLU-SEV,2025/2026,40,44,4,Cases,State,Imo,6067722,0.1,297.10000000000014
PACE-FLU-SEV,2025/2026,40,44,4,Cases,State,Imo,6067722,0.25,428.4166666666667
PACE-FLU-SEV,2025/2026,40,44,4,Cases,State,Imo,6067722,0.5,670.5000000000001
PACE-FLU-SEV,2025/2026,40,44,4,Cases,State,Imo,6067722,0.75,1005
PACE-FLU-SEV,2025/2026,40,44,4,Cases,State,Imo,6067722,0.9,1390.5333333333338
PACE-FLU-SEV,2025/2026,40,44,4,Cases,State,Imo,6067722,0.95,1671.8500000000008
PACE-FLU-SEV,2025/2026,40,44,4,Cases,State,Jigawa,6979080,0.05,311
PACE-FLU-SEV,2025/2026,40,44,4,Cases,State,Jigawa,6979080,0.1,420.7333333333334
PACE-FLU-SEV,2025/2026,40,44,4,Cases,State,Jigawa,6979080,0.25,620.4166666666667
PACE-FLU-SEV,2025/2026,40,44,4,Cases,State,Jigawa,6979080,0.5,910
PACE-FLU-SEV,2025/2026,40,44,4,Cases,State,Jigawa,6979080,0.75,1319.1666666666665
PACE-FLU-SEV,2025/2026,40,44,4,Cases,State,Jigawa,6979080,0.9,1807.6333333333334
PACE-FLU-SEV,2025/2026,40,44,4,Cases,State,Jigawa,6979080,0.95,2189.65
PACE-FLU-SEV,2025/2026,40,44,4,Cases,State,Kaduna,8324285,0.05,336.35
PACE-FLU-SEV,2025/2026,40,44,4,Cases,State,Kaduna,8324285,0.1,429.36666666666673
PACE-FLU-SEV,2025/2026,40,44,4,Cases,State,Kaduna,8324285,0.25,641.4166666666667
PACE-FLU-SEV,2025/2026,40,44,4,Cases,State,Kaduna,8324285,0.5,926.5000000000001
PACE-FLU-SEV,2025/2026,40,44,4,Cases,State,Kaduna,8324285,0.75,1391.5833333333333
PACE-FLU-SEV,2025/2026,40,44,4,Cases,State,Kaduna,8324285,0.9,1964.6333333333334
PACE-FLU-SEV,2025/2026,40,44,4,Cases,State,Kaduna,8324285,0.95,2319.2500000000005
PACE-FLU-SEV,2025/2026,40,44,4,Cases,State,Kano,16253549,0.05,691.7
PACE-FLU-SEV,2025/2026,40,44,4,Cases,State,Kano,16253549,0.1,890
PACE-FLU-SEV,2025/2026,40,44,4,Cases,State,Kano,16253549,0.25,1329.8333333333333
PACE-FLU-SEV,2025/2026,40,44,4,Cases,State,Kano,16253549,0.5,1970
PACE-FLU-SEV,2025/2026,40,44,4,Cases,State,Kano,16253549,0.75,2845.1666666666665
PACE-FLU-SEV,2025/2026,40,44,4,Cases,State,Kano,16253549,0.9,3860.0666666666675
PACE-FLU-SEV,2025/2026,40,44,4,Cases,State,Kano,16253549,0.95,4833.300000000002
PACE-FLU-SEV,2025/2026,40,44,4,Cases,State,Katsina,9300382,0.05,400.05000000000007
PACE-FLU-SEV,2025/2026,40,44,4,Cases,State,Katsina,9300382,0.1,540.3666666666667
PACE-FLU-SEV,2025/2026,40,44,4,Cases,State,Katsina,9300382,0.25,759.0833333333335
PACE-FLU-SEV,2025/2026,40,44,4,Cases,State,Katsina,9300382,0.5,1151
PACE-FLU-SEV,2025/2026,40,44,4,Cases,State,Katsina,9300382,0.75,1718.1666666666665
PACE-FLU-SEV,2025/2026,40,44,4,Cases,State,Katsina,9300382,0.9,2395.9000000000005
PACE-FLU-SEV,2025/2026,40,44,4,Cases,State,Katsina,9300382,0.95,2844.2500000000005
PACE-FLU-SEV,2025/2026,40,44,4,Cases,State,Kebbi,6001610,0.05,238.35000000000002
PACE-FLU-SEV,2025/2026,40,44,4,Cases,State,Kebbi,6001610,0.1,313.3666666666667
PACE-FLU-SEV,2025/2026,40,44,4,Cases,State,Kebbi,6001610,0.25,465
PACE-FLU-SEV,2025/2026,40,44,4,Cases,State,Kebbi,6001610,0.5,705.5000000000001
PACE-FLU-SEV,2025/2026,40,44,4,Cases,State,Kebbi,6001610,0.75,1034.5833333333333
PACE-FLU-SEV,2025/2026,40,44,4,Cases,State,Kebbi,6001610,0.9,1441.6333333333334
PACE-FLU-SEV,2025/2026,40,44,4,Cases,State,Kebbi,6001610,0.95,1783.6000000000004
PACE-FLU-SEV,2025/2026,40,44,4,Cases,State,Kogi,5053734,0.05,210.35000000000002
PACE-FLU-SEV,2025/2026,40,44,4,Cases,State,Kogi,5053734,0.1,271
PACE-FLU-SEV,2025/2026,40,44,4,Cases,State,Kogi,5053734,0.25,412.4166666666667
PACE-FLU-SEV,2025/2026,40,44,4,Cases,State,Kogi,5053734,0.5,620
PACE-FLU-SEV,2025/2026,40,44,4,Cases,State,Kogi,5053734,0.75,894
PACE-FLU-SEV,2025/2026,40,44,4,Cases,State,Kogi,5053734,0.9,1247.6333333333334
PACE-FLU-SEV,2025/2026,40,44,4,Cases,State,Kogi,5053734,0.95,1493.2500000000005
PACE-FLU-SEV,2025/2026,40,44,4,Cases,State,Kwara,4259613,0.05,173.35000000000002
PACE-FLU-SEV,2025/2026,40,44,4,Cases,State,Kwara,4259613,0.1,225.3666666666667
PACE-FLU-SEV,2025/2026,40,44,4,Cases,State,Kwara,4259613,0.25,342.4166666666667
PACE-FLU-SEV,2025/2026,40,44,4,Cases,State,Kwara,4259613,0.5,515
PACE-FLU-SEV,2025/2026,40,44,4,Cases,State,Kwara,4259613,0.75,749.5833333333333
PACE-FLU-SEV,2025/2026,40,44,4,Cases,State,Kwara,4259613,0.9,1065.6333333333334
PACE-FLU-SEV,2025/2026,40,44,4,Cases,State,Kwara,4259613,0.95,1287.9500000000003
PACE-FLU-SEV,2025/2026,40,44,4,Cases,State,Lagos,15772884,0.05,606.7
PACE-FLU-SEV,2025/2026,40,44,4,Cases,State,Lagos,15772884,0.1,777.7333333333335
PACE-FLU-SEV,2025/2026,40,44,4,Cases,State,Lagos,15772884,0.25,1143
PACE-FLU-SEV,2025/2026,40,44,4,Cases,State,Lagos,15772884,0.5,1683.5000000000005
PACE-FLU-SEV,2025/2026,40,44,4,Cases,State,Lagos,15772884,0.75,2497.583333333333
PACE-FLU-SEV,2025/2026,40,44,4,Cases,State,Lagos,15772884,0.9,3514.6333333333337
PACE-FLU-SEV,2025/2026,40,44,4,Cases,State,Lagos,15772884,0.95,4212.450000000001
PACE-FLU-SEV,2025/2026,40,44,4,Cases,State,Nasarawa,3632239,0.05,146
PACE-FLU-SEV,2025/2026,40,44,4,Cases,State,Nasarawa,3632239,0.1,194
PACE-FLU-SEV,2025/2026,40,44,4,Cases,State,Nasarawa,3632239,0.25,283
PACE-FLU-SEV,2025/2026,40,44,4,Cases,State,Nasarawa,3632239,0.5,419
PACE-FLU-SEV,2025/2026,40,44,4,Cases,State,Nasarawa,3632239,0.75,619
PACE-FLU-SEV,2025/2026,40,44,4,Cases,State,Nasarawa,3632239,0.9,858.2666666666669
PACE-FLU-SEV,2025/2026,40,44,4,Cases,State,Nasarawa,3632239,0.95,1050.2000000000007
PACE-FLU-SEV,2025/2026,40,44,4,Cases,State,Niger,6720617,0.05,287.35
PACE-FLU-SEV,2025/2026,40,44,4,Cases,State,Niger,6720617,0.1,376
PACE-FLU-SEV,2025/2026,40,44,4,Cases,State,Niger,6720617,0.25,558.4166666666667
PACE-FLU-SEV,2025/2026,40,44,4,Cases,State,Niger,6720617,0.5,829
PACE-FLU-SEV,2025/2026,40,44,4,Cases,State,Niger,6720617,0.75,1187
PACE-FLU-SEV,2025/2026,40,44,4,Cases,State,Niger,6720617,0.9,1660.5333333333338
PACE-FLU-SEV,2025/2026,40,44,4,Cases,State,Niger,6720617,0.95,1977.2500000000005
PACE-FLU-SEV,2025/2026,40,44,4,Cases,State,Ogun,6445275,0.05,263.35
PACE-FLU-SEV,2025/2026,40,44,4,Cases,State,Ogun,6445275,0.1,325.3666666666667
PACE-FLU-SEV,2025/2026,40,44,4,Cases,State,Ogun,6445275,0.25,471.4166666666667
PACE-FLU-SEV,2025/2026,40,44,4,Cases,State,Ogun,6445275,0.5,691.5000000000001
PACE-FLU-SEV,2025/2026,40,44,4,Cases,State,Ogun,6445275,0.75,1028.5833333333333
PACE-FLU-SEV,2025/2026,40,44,4,Cases,State,Ogun,6445275,0.9,1416.6333333333334
PACE-FLU-SEV,2025/2026,40,44,4,Cases,State,Ogun,6445275,0.95,1723.65
PACE-FLU-SEV,2025/2026,40,44,4,Cases,State,Ondo,5469707,0.05,200.35000000000002
PACE-FLU-SEV,2025/2026,40,44,4,Cases,State,Ondo,5469707,0.1,256.3666666666667
PACE-FLU-SEV,2025/2026,40,44,4,Cases,State,Ondo,5469707,0.25,381.4166666666667
PACE-FLU-SEV,2025/2026,40,44,4,Cases,State,Ondo,5469707,0.5,576
PACE-FLU-SEV,2025/2026,40,44,4,Cases,State,Ondo,5469707,0.75,876
PACE-FLU-SEV,2025/2026,40,44,4,Cases,State,Ondo,5469707,0.9,1205.6333333333334
PACE-FLU-SEV,2025/2026,40,44,4,Cases,State,Ondo,5469707,0.95,1445.9000000000005
PACE-FLU-SEV,2025/2026,40,44,4,Cases,State,Osun,4237396,0.05,159
PACE-FLU-SEV,2025/2026,40,44,4,Cases,State,Osun,4237396,0.1,204.3666666666667
PACE-FLU-SEV,2025/2026,40,44,4,Cases,State,Osun,4237396,0.25,307.4166666666667
PACE-FLU-SEV,2025/2026,40,44,4,Cases,State,Osun,4237396,0.5,458.0000000000002
PACE-FLU-SEV,2025/2026,40,44,4,Cases,State,Osun,4237396,0.75,700
PACE-FLU-SEV,2025/2026,40,44,4,Cases,State,Osun,4237396,0.9,945.2666666666669
PACE-FLU-SEV,2025/2026,40,44,4,Cases,State,Osun,4237396,0.95,1135.65
PACE-FLU-SEV,2025/2026,40,44,4,Cases,State,Oyo,7512855,0.05,292.70000000000005
PACE-FLU-SEV,2025/2026,40,44,4,Cases,State,Oyo,7512855,0.1,382.3666666666667
PACE-FLU-SEV,2025/2026,40,44,4,Cases,State,Oyo,7512855,0.25,552
PACE-FLU-SEV,2025/2026,40,44,4,Cases,State,Oyo,7512855,0.5,811
PACE-FLU-SEV,2025/2026,40,44,4,Cases,State,Oyo,7512855,0.75,1225
PACE-FLU-SEV,2025/2026,40,44,4,Cases,State,Oyo,7512855,0.9,1718.1666666666672
PACE-FLU-SEV,2025/2026,40,44,4,Cases,State,Oyo,7512855,0.95,2089.500000000001
PACE-FLU-SEV,2025/2026,40,44,4,Cases,State,Plateau,5400974,0.05,216.70000000000002
PACE-FLU-SEV,2025/2026,40,44,4,Cases,State,Plateau,5400974,0.1,278
PACE-FLU-SEV,2025/2026,40,44,4,Cases,State,Plateau,5400974,0.25,425
PACE-FLU-SEV,2025/2026,40,44,4,Cases,State,Plateau,5400974,0.5,635
PACE-FLU-SEV,2025/2026,40,44,4,Cases,State,Plateau,5400974,0.75,925
PACE-FLU-SEV,2025/2026,40,44,4,Cases,State,Plateau,5400974,0.9,1325.5333333333338
PACE-FLU-SEV,2025/2026,40,44,4,Cases,State,Plateau,5400974,0.95,1564.65
PACE-FLU-SEV,2025/2026,40,44,4,Cases,State,Rivers,7234973,0.05,281
PACE-FLU-SEV,2025/2026,40,44,4,Cases,State,Rivers,7234973,0.1,363.3666666666667
PACE-FLU-SEV,2025/2026,40,44,4,Cases,State,Rivers,7234973,0.25,528.4166666666667
PACE-FLU-SEV,2025/2026,40,44,4,Cases,State,Rivers,7234973,0.5,780
PACE-FLU-SEV,2025/2026,40,44,4,Cases,State,Rivers,7234973,0.75,1143
PACE-FLU-SEV,2025/2026,40,44,4,Cases,State,Rivers,7234973,0.9,1616.6333333333334
PACE-FLU-SEV,2025/2026,40,44,4,Cases,State,Rivers,7234973,0.95,1965.6000000000004
PACE-FLU-SEV,2025/2026,40,44,4,Cases,State,Sokoto,6163187,0.05,261
PACE-FLU-SEV,2025/2026,40,44,4,Cases,State,Sokoto,6163187,0.1,340
PACE-FLU-SEV,2025/2026,40,44,4,Cases,State,Sokoto,6163187,0.25,475
PACE-FLU-SEV,2025/2026,40,44,4,Cases,State,Sokoto,6163187,0.5,701
PACE-FLU-SEV,2025/2026,40,44,4,Cases,State,Sokoto,6163187,0.75,1028
PACE-FLU-SEV,2025/2026,40,44,4,Cases,State,Sokoto,6163187,0.9,1441.2666666666669
PACE-FLU-SEV,2025/2026,40,44,4,Cases,State,Sokoto,6163187,0.95,1738.3000000000002
PACE-FLU-SEV,2025/2026,40,44,4,Cases,State,Taraba,4331885,0.05,162.35000000000002
PACE-FLU-SEV,2025/2026,40,44,4,Cases,State,Taraba,4331885,0.1,207.3666666666667
PACE-FLU-SEV,2025/2026,40,44,4,Cases,State,Taraba,4331885,0.25,311
PACE-FLU-SEV,2025/2026,40,44,4,Cases,State,Taraba,4331885,0.5,477
PACE-FLU-SEV,2025/2026,40,44,4,Cases,State,Taraba,4331885,0.75,693.5833333333333
PACE-FLU-SEV,2025/2026,40,44,4,Cases,State,Taraba,4331885,0.9,965
PACE-FLU-SEV,2025/2026,40,44,4,Cases,State,Taraba,4331885,0.95,1204.3000000000002
PACE-FLU-SEV,2025/2026,40,44,4,Cases,State,Yobe,4350401,0.05,186.40000000000003
PACE-FLU-SEV,2025/2026,40,44,4,Cases,State,Yobe,4350401,0.1,243.3666666666667
PACE-FLU-SEV,2025/2026,40,44,4,Cases,State,Yobe,4350401,0.25,358
PACE-FLU-SEV,2025/2026,40,44,4,Cases,State,Yobe,4350401,0.5,544
PACE-FLU-SEV,2025/2026,40,44,4,Cases,State,Yobe,4350401,0.75,783.5833333333333
PACE-FLU-SEV,2025/2026,40,44,4,Cases,State,Yobe,4350401,0.9,1072
PACE-FLU-SEV,2025/2026,40,44,4,Cases,State,Yobe,4350401,0.95,1285.6000000000004
PACE-FLU-SEV,2025/2026,40,44,4,Cases,State,Zamfara,5517793,0.05,239.35000000000002
PACE-FLU-SEV,2025/2026,40,44,4,Cases,State,Zamfara,5517793,0.1,306.3666666666667
PACE-FLU-SEV,2025/2026,40,44,4,Cases,State,Zamfara,5517793,0.25,445
PACE-FLU-SEV,2025/2026,40,44,4,Cases,State,Zamfara,5517793,0.5,670
PACE-FLU-SEV,2025/2026,40,44,4,Cases,State,Zamfara,5517793,0.75,959
PACE-FLU-SEV,2025/2026,40,44,4,Cases,State,Zamfara,5517793,0.9,1361.8666666666682
PACE-FLU-SEV,2025/2026,40,44,4,Cases,State,Zamfara,5517793,0.95,1616.3000000000002
PACE-FLU-SEV,2025/2026,40,44,4,Cases,Zone,NC,36557326,0.05,2921.45
PACE-FLU-SEV,2025/2026,40,44,4,Cases,Zone,NC,36557326,0.1,3244.666666666667
PACE-FLU-SEV,2025/2026,40,44,4,Cases,Zone,NC,36557326,0.25,3915.416666666667
PACE-FLU-SEV,2025/2026,40,44,4,Cases,Zone,NC,36557326,0.5,4794.5
PACE-FLU-SEV,2025/2026,40,44,4,Cases,Zone,NC,36557326,0.75,5855.583333333333
PACE-FLU-SEV,2025/2026,40,44,4,Cases,Zone,NC,36557326,0.9,7085.866666666669
PACE-FLU-SEV,2025/2026,40,44,4,Cases,Zone,NC,36557326,0.95,7846.200000000001
PACE-FLU-SEV,2025/2026,40,44,4,Cases,Zone,NE,32734949,0.05,2769.4
PACE-FLU-SEV,2025/2026,40,44,4,Cases,Zone,NE,32734949,0.1,3081.1000000000004
PACE-FLU-SEV,2025/2026,40,44,4,Cases,Zone,NE,32734949,0.25,3712.8333333333335
PACE-FLU-SEV,2025/2026,40,44,4,Cases,Zone,NE,32734949,0.5,4518
PACE-FLU-SEV,2025/2026,40,44,4,Cases,Zone,NE,32734949,0.75,5481.916666666666
PACE-FLU-SEV,2025/2026,40,44,4,Cases,Zone,NE,32734949,0.9,6473.633333333333
PACE-FLU-SEV,2025/2026,40,44,4,Cases,Zone,NE,32734949,0.95,7145.950000000001
PACE-FLU-SEV,2025/2026,40,44,4,Cases,Zone,NW,58539886,0.05,4997.35
PACE-FLU-SEV,2025/2026,40,44,4,Cases,Zone,NW,58539886,0.1,5510.733333333334
PACE-FLU-SEV,2025/2026,40,44,4,Cases,Zone,NW,58539886,0.25,6436
PACE-FLU-SEV,2025/2026,40,44,4,Cases,Zone,NW,58539886,0.5,7736
PACE-FLU-SEV,2025/2026,40,44,4,Cases,Zone,NW,58539886,0.75,9419.583333333332
PACE-FLU-SEV,2025/2026,40,44,4,Cases,Zone,NW,58539886,0.9,11237
PACE-FLU-SEV,2025/2026,40,44,4,Cases,Zone,NW,58539886,0.95,12531.65
PACE-FLU-SEV,2025/2026,40,44,4,Cases,Zone,SE,27612828,0.05,1882.8000000000002
PACE-FLU-SEV,2025/2026,40,44,4,Cases,Zone,SE,27612828,0.1,2107.366666666667
PACE-FLU-SEV,2025/2026,40,44,4,Cases,Zone,SE,27612828,0.25,2587.416666666667
PACE-FLU-SEV,2025/2026,40,44,4,Cases,Zone,SE,27612828,0.5,3248
PACE-FLU-SEV,2025/2026,40,44,4,Cases,Zone,SE,27612828,0.75,4105.583333333333
PACE-FLU-SEV,2025/2026,40,44,4,Cases,Zone,SE,27612828,0.9,5128.533333333334
PACE-FLU-SEV,2025/2026,40,44,4,Cases,Zone,SE,27612828,0.95,5840.950000000003
PACE-FLU-SEV,2025/2026,40,44,4,Cases,Zone,SS,31220652,0.05,2139.35
PACE-FLU-SEV,2025/2026,40,44,4,Cases,Zone,SS,31220652,0.1,2393.1000000000004
PACE-FLU-SEV,2025/2026,40,44,4,Cases,Zone,SS,31220652,0.25,2969.416666666667
PACE-FLU-SEV,2025/2026,40,44,4,Cases,Zone,SS,31220652,0.5,3667
PACE-FLU-SEV,2025/2026,40,44,4,Cases,Zone,SS,31220652,0.75,4559.583333333333
PACE-FLU-SEV,2025/2026,40,44,4,Cases,Zone,SS,31220652,0.9,5784.266666666666
PACE-FLU-SEV,2025/2026,40,44,4,Cases,Zone,SS,31220652,0.95,6464.9000000000015
PACE-FLU-SEV,2025/2026,40,44,4,Cases,Zone,SW,42836294,0.05,2943
PACE-FLU-SEV,2025/2026,40,44,4,Cases,Zone,SW,42836294,0.1,3301
PACE-FLU-SEV,2025/2026,40,44,4,Cases,Zone,SW,42836294,0.25,3965
PACE-FLU-SEV,2025/2026,40,44,4,Cases,Zone,SW,42836294,0.5,5027.000000000001
PACE-FLU-SEV,2025/2026,40,44,4,Cases,Zone,SW,42836294,0.75,6417.166666666666
PACE-FLU-SEV,2025/2026,40,44,4,Cases,Zone,SW,42836294,0.9,7807.500000000002
PACE-FLU-SEV,2025/2026,40,44,4,Cases,Zone,SW,42836294,0.95,8841.25
PACE-FLU-SEV,2025/2026,40,45,5,Cases,Macro,North,127832161,0.05,12372.35
PACE-FLU-SEV,2025/2026,40,45,5,Cases,Macro,North,127832161,0.1,13598.466666666667
PACE-FLU-SEV,2025/2026,40,45,5,Cases,Macro,North,127832161,0.25,15724.25
PACE-FLU-SEV,2025/2026,40,45,5,Cases,Macro,North,127832161,0.5,18906.5
PACE-FLU-SEV,2025/2026,40,45,5,Cases,Macro,North,127832161,0.75,22256.333333333332
PACE-FLU-SEV,2025/2026,40,45,5,Cases,Macro,North,127832161,0.9,25949.86666666667
PACE-FLU-SEV,2025/2026,40,45,5,Cases,Macro,North,127832161,0.95,28711.550000000003
PACE-FLU-SEV,2025/2026,40,45,5,Cases,Macro,South,101669774,0.05,8206.3
PACE-FLU-SEV,2025/2026,40,45,5,Cases,Macro,South,101669774,0.1,9250.1
PACE-FLU-SEV,2025/2026,40,45,5,Cases,Macro,South,101669774,0.25,10833.5
PACE-FLU-SEV,2025/2026,40,45,5,Cases,Macro,South,101669774,0.5,13432.500000000002
PACE-FLU-SEV,2025/2026,40,45,5,Cases,Macro,South,101669774,0.75,16556.75
PACE-FLU-SEV,2025/2026,40,45,5,Cases,Macro,South,101669774,0.9,20279.63333333333
PACE-FLU-SEV,2025/2026,40,45,5,Cases,Macro,South,101669774,0.95,22363.500000000004
PACE-FLU-SEV,2025/2026,40,45,5,Cases,National,Nigeria,229501935,0.05,21900.45
PACE-FLU-SEV,2025/2026,40,45,5,Cases,National,Nigeria,229501935,0.1,23779.6
PACE-FLU-SEV,2025/2026,40,45,5,Cases,National,Nigeria,229501935,0.25,27606.75
PACE-FLU-SEV,2025/2026,40,45,5,Cases,National,Nigeria,229501935,0.5,32415
PACE-FLU-SEV,2025/2026,40,45,5,Cases,National,Nigeria,229501935,0.75,38520.58333333333
PACE-FLU-SEV,2025/2026,40,45,5,Cases,National,Nigeria,229501935,0.9,44518.3
PACE-FLU-SEV,2025/2026,40,45,5,Cases,National,Nigeria,229501935,0.95,48570.8
PACE-FLU-SEV,2025/2026,40,45,5,Cases,State,Abia,4841943,0.05,187.35000000000002
PACE-FLU-SEV,2025/2026,40,45,5,Cases,State,Abia,4841943,0.1,242.7333333333334
PACE-FLU-SEV,2025/2026,40,45,5,Cases,State,Abia,4841943,0.25,378
PACE-FLU-SEV,2025/2026,40,45,5,Cases,State,Abia,4841943,0.5,587.5000000000001
PACE-FLU-SEV,2025/2026,40,45,5,Cases,State,Abia,4841943,0.75,867.7499999999998
PACE-FLU-SEV,2025/2026,40,45,5,Cases,State,Abia,4841943,0.9,1243.6333333333334
PACE-FLU-SEV,2025/2026,40,45,5,Cases,State,Abia,4841943,0.95,1503.2500000000005
PACE-FLU-SEV,2025/2026,40,45,5,Cases,State,Adamawa,5236948,0.05,240
PACE-FLU-SEV,2025/2026,40,45,5,Cases,State,Adamawa,5236948,0.1,305
PACE-FLU-SEV,2025/2026,40,45,5,Cases,State,Adamawa,5236948,0.25,450
PACE-FLU-SEV,2025/2026,40,45,5,Cases,State,Adamawa,5236948,0.5,691
PACE-FLU-SEV,2025/2026,40,45,5,Cases,State,Adamawa,5236948,0.75,1011.5833333333333
PACE-FLU-SEV,2025/2026,40,45,5,Cases,State,Adamawa,5236948,0.9,1430.6333333333334
PACE-FLU-SEV,2025/2026,40,45,5,Cases,State,Adamawa,5236948,0.95,1673.65
PACE-FLU-SEV,2025/2026,40,45,5,Cases,State,Akwa Ibom,5780581,0.05,238
PACE-FLU-SEV,2025/2026,40,45,5,Cases,State,Akwa Ibom,5780581,0.1,303
PACE-FLU-SEV,2025/2026,40,45,5,Cases,State,Akwa Ibom,5780581,0.25,461
PACE-FLU-SEV,2025/2026,40,45,5,Cases,State,Akwa Ibom,5780581,0.5,700
PACE-FLU-SEV,2025/2026,40,45,5,Cases,State,Akwa Ibom,5780581,0.75,1050
PACE-FLU-SEV,2025/2026,40,45,5,Cases,State,Akwa Ibom,5780581,0.9,1461.2666666666669
PACE-FLU-SEV,2025/2026,40,45,5,Cases,State,Akwa Ibom,5780581,0.95,1782.2500000000005
PACE-FLU-SEV,2025/2026,40,45,5,Cases,State,Anambra,7299910,0.05,298.35
PACE-FLU-SEV,2025/2026,40,45,5,Cases,State,Anambra,7299910,0.1,377.3666666666667
PACE-FLU-SEV,2025/2026,40,45,5,Cases,State,Anambra,7299910,0.25,559
PACE-FLU-SEV,2025/2026,40,45,5,Cases,State,Anambra,7299910,0.5,872
PACE-FLU-SEV,2025/2026,40,45,5,Cases,State,Anambra,7299910,0.75,1280
PACE-FLU-SEV,2025/2026,40,45,5,Cases,State,Anambra,7299910,0.9,1798
PACE-FLU-SEV,2025/2026,40,45,5,Cases,State,Anambra,7299910,0.95,2187.9500000000003
PACE-FLU-SEV,2025/2026,40,45,5,Cases,State,Bauchi,7540663,0.05,370.70000000000005
PACE-FLU-SEV,2025/2026,40,45,5,Cases,State,Bauchi,7540663,0.1,459.3666666666667
PACE-FLU-SEV,2025/2026,40,45,5,Cases,State,Bauchi,7540663,0.25,683.4166666666667
PACE-FLU-SEV,2025/2026,40,45,5,Cases,State,Bauchi,7540663,0.5,1024.5
PACE-FLU-SEV,2025/2026,40,45,5,Cases,State,Bauchi,7540663,0.75,1485.5833333333333
PACE-FLU-SEV,2025/2026,40,45,5,Cases,State,Bauchi,7540663,0.9,2031.2666666666669
PACE-FLU-SEV,2025/2026,40,45,5,Cases,State,Bauchi,7540663,0.95,2486.3
PACE-FLU-SEV,2025/2026,40,45,5,Cases,State,Bayelsa,2394725,0.05,96
PACE-FLU-SEV,2025/2026,40,45,5,Cases,State,Bayelsa,2394725,0.1,126
PACE-FLU-SEV,2025/2026,40,45,5,Cases,State,Bayelsa,2394725,0.25,190.41666666666669
PACE-FLU-SEV,2025/2026,40,45,5,Cases,State,Bayelsa,2394725,0.5,295
PACE-FLU-SEV,2025/2026,40,45,5,Cases,State,Bayelsa,2394725,0.75,447.58333333333326
PACE-FLU-SEV,2025/2026,40,45,5,Cases,State,Bayelsa,2394725,0.9,624.6333333333334
PACE-FLU-SEV,2025/2026,40,45,5,Cases,State,Bayelsa,2394725,0.95,768.3000000000002
PACE-FLU-SEV,2025/2026,40,45,5,Cases,State,Benue,6687706,0.05,311.70000000000005
PACE-FLU-SEV,2025/2026,40,45,5,Cases,State,Benue,6687706,0.1,413.36666666666673
PACE-FLU-SEV,2025/2026,40,45,5,Cases,State,Benue,6687706,0.25,579.4166666666667
PACE-FLU-SEV,2025/2026,40,45,5,Cases,State,Benue,6687706,0.5,887.5000000000001
PACE-FLU-SEV,2025/2026,40,45,5,Cases,State,Benue,6687706,0.75,1307.4999999999995
PACE-FLU-SEV,2025/2026,40,45,5,Cases,State,Benue,6687706,0.9,1880.9000000000003
PACE-FLU-SEV,2025/2026,40,45,5,Cases,State,Benue,6687706,0.95,2317.850000000001
PACE-FLU-SEV,2025/2026,40,45,5,Cases,State,Borno,6651590,0.05,299
PACE-FLU-SEV,2025/2026,40,45,5,Cases,State,Borno,6651590,0.1,379.3666666666667
PACE-FLU-SEV,2025/2026,40,45,5,Cases,State,Borno,6651590,0.25,576.4166666666667
PACE-FLU-SEV,2025/2026,40,45,5,Cases,State,Borno,6651590,0.5,852.0000000000002
PACE-FLU-SEV,2025/2026,40,45,5,Cases,State,Borno,6651590,0.75,1245
PACE-FLU-SEV,2025/2026,40,45,5,Cases,State,Borno,6651590,0.9,1727.6000000000013
PACE-FLU-SEV,2025/2026,40,45,5,Cases,State,Borno,6651590,0.95,2115.150000000001
PACE-FLU-SEV,2025/2026,40,45,5,Cases,State,Cross River,4175020,0.05,162
PACE-FLU-SEV,2025/2026,40,45,5,Cases,State,Cross River,4175020,0.1,210
PACE-FLU-SEV,2025/2026,40,45,5,Cases,State,Cross River,4175020,0.25,317.4166666666667
PACE-FLU-SEV,2025/2026,40,45,5,Cases,State,Cross River,4175020,0.5,487.5000000000001
PACE-FLU-SEV,2025/2026,40,45,5,Cases,State,Cross River,4175020,0.75,742
PACE-FLU-SEV,2025/2026,40,45,5,Cases,State,Cross River,4175020,0.9,1067.6333333333334
PACE-FLU-SEV,2025/2026,40,45,5,Cases,State,Cross River,4175020,0.95,1337.3000000000002
PACE-FLU-SEV,2025/2026,40,45,5,Cases,State,Delta,6107543,0.05,245.35
PACE-FLU-SEV,2025/2026,40,45,5,Cases,State,Delta,6107543,0.1,317
PACE-FLU-SEV,2025/2026,40,45,5,Cases,State,Delta,6107543,0.25,463
PACE-FLU-SEV,2025/2026,40,45,5,Cases,State,Delta,6107543,0.5,697.5000000000001
PACE-FLU-SEV,2025/2026,40,45,5,Cases,State,Delta,6107543,0.75,1068
PACE-FLU-SEV,2025/2026,40,45,5,Cases,State,Delta,6107543,0.9,1484.2666666666669
PACE-FLU-SEV,2025/2026,40,45,5,Cases,State,Delta,6107543,0.95,1757
PACE-FLU-SEV,2025/2026,40,45,5,Cases,State,Ebonyi,4007155,0.05,158.35000000000002
PACE-FLU-SEV,2025/2026,40,45,5,Cases,State,Ebonyi,4007155,0.1,205
PACE-FLU-SEV,2025/2026,40,45,5,Cases,State,Ebonyi,4007155,0.25,307.4166666666667
PACE-FLU-SEV,2025/2026,40,45,5,Cases,State,Ebonyi,4007155,0.5,465.5000000000001
PACE-FLU-SEV,2025/2026,40,45,5,Cases,State,Ebonyi,4007155,0.75,706
PACE-FLU-SEV,2025/2026,40,45,5,Cases,State,Ebonyi,4007155,0.9,974.6333333333334
PACE-FLU-SEV,2025/2026,40,45,5,Cases,State,Ebonyi,4007155,0.95,1180.65
PACE-FLU-SEV,2025/2026,40,45,5,Cases,State,Edo,5527810,0.05,231.35000000000002
PACE-FLU-SEV,2025/2026,40,45,5,Cases,State,Edo,5527810,0.1,290.3666666666667
PACE-FLU-SEV,2025/2026,40,45,5,Cases,State,Edo,5527810,0.25,433.4166666666667
PACE-FLU-SEV,2025/2026,40,45,5,Cases,State,Edo,5527810,0.5,657
PACE-FLU-SEV,2025/2026,40,45,5,Cases,State,Edo,5527810,0.75,965
PACE-FLU-SEV,2025/2026,40,45,5,Cases,State,Edo,5527810,0.9,1367.9000000000003
PACE-FLU-SEV,2025/2026,40,45,5,Cases,State,Edo,5527810,0.95,1672.6000000000004
PACE-FLU-SEV,2025/2026,40,45,5,Cases,State,Ekiti,3398177,0.05,142
PACE-FLU-SEV,2025/2026,40,45,5,Cases,State,Ekiti,3398177,0.1,180
PACE-FLU-SEV,2025/2026,40,45,5,Cases,State,Ekiti,3398177,0.25,270
PACE-FLU-SEV,2025/2026,40,45,5,Cases,State,Ekiti,3398177,0.5,404
PACE-FLU-SEV,2025/2026,40,45,5,Cases,State,Ekiti,3398177,0.75,605.5833333333333
PACE-FLU-SEV,2025/2026,40,45,5,Cases,State,Ekiti,3398177,0.9,846
PACE-FLU-SEV,2025/2026,40,45,5,Cases,State,Ekiti,3398177,0.95,1021.3000000000002
PACE-FLU-SEV,2025/2026,40,45,5,Cases,State,Enugu,5396098,0.05,220.35000000000002
PACE-FLU-SEV,2025/2026,40,45,5,Cases,State,Enugu,5396098,0.1,277.3666666666667
PACE-FLU-SEV,2025/2026,40,45,5,Cases,State,Enugu,5396098,0.25,421.4166666666667
PACE-FLU-SEV,2025/2026,40,45,5,Cases,State,Enugu,5396098,0.5,633.5000000000001
PACE-FLU-SEV,2025/2026,40,45,5,Cases,State,Enugu,5396098,0.75,964.5833333333333
PACE-FLU-SEV,2025/2026,40,45,5,Cases,State,Enugu,5396098,0.9,1358.6333333333334
PACE-FLU-SEV,2025/2026,40,45,5,Cases,State,Enugu,5396098,0.95,1623.65
PACE-FLU-SEV,2025/2026,40,45,5,Cases,State,FCT,4802443,0.05,213
PACE-FLU-SEV,2025/2026,40,45,5,Cases,State,FCT,4802443,0.1,290
PACE-FLU-SEV,2025/2026,40,45,5,Cases,State,FCT,4802443,0.25,439.83333333333337
PACE-FLU-SEV,2025/2026,40,45,5,Cases,State,FCT,4802443,0.5,672
PACE-FLU-SEV,2025/2026,40,45,5,Cases,State,FCT,4802443,0.75,983.5833333333333
PACE-FLU-SEV,2025/2026,40,45,5,Cases,State,FCT,4802443,0.9,1387
PACE-FLU-SEV,2025/2026,40,45,5,Cases,State,FCT,4802443,0.95,1639.500000000001
PACE-FLU-SEV,2025/2026,40,45,5,Cases,State,Gombe,4623462,0.05,206.35000000000002
PACE-FLU-SEV,2025/2026,40,45,5,Cases,State,Gombe,4623462,0.1,263.3666666666667
PACE-FLU-SEV,2025/2026,40,45,5,Cases,State,Gombe,4623462,0.25,402.4166666666667
PACE-FLU-SEV,2025/2026,40,45,5,Cases,State,Gombe,4623462,0.5,601
PACE-FLU-SEV,2025/2026,40,45,5,Cases,State,Gombe,4623462,0.75,882
PACE-FLU-SEV,2025/2026,40,45,5,Cases,State,Gombe,4623462,0.9,1185.6333333333334
PACE-FLU-SEV,2025/2026,40,45,5,Cases,State,Gombe,4623462,0.95,1490.2500000000005
PACE-FLU-SEV,2025/2026,40,45,5,Cases,State,Imo,6067722,0.05,255.35000000000002
PACE-FLU-SEV,2025/2026,40,45,5,Cases,State,Imo,6067722,0.1,322.3666666666667
PACE-FLU-SEV,2025/2026,40,45,5,Cases,State,Imo,6067722,0.25,480
PACE-FLU-SEV,2025/2026,40,45,5,Cases,State,Imo,6067722,0.5,718
PACE-FLU-SEV,2025/2026,40,45,5,Cases,State,Imo,6067722,0.75,1081.5833333333333
PACE-FLU-SEV,2025/2026,40,45,5,Cases,State,Imo,6067722,0.9,1525.9000000000003
PACE-FLU-SEV,2025/2026,40,45,5,Cases,State,Imo,6067722,0.95,1857.3000000000002
PACE-FLU-SEV,2025/2026,40,45,5,Cases,State,Jigawa,6979080,0.05,329.35
PACE-FLU-SEV,2025/2026,40,45,5,Cases,State,Jigawa,6979080,0.1,421.36666666666673
PACE-FLU-SEV,2025/2026,40,45,5,Cases,State,Jigawa,6979080,0.25,624
PACE-FLU-SEV,2025/2026,40,45,5,Cases,State,Jigawa,6979080,0.5,940
PACE-FLU-SEV,2025/2026,40,45,5,Cases,State,Jigawa,6979080,0.75,1369
PACE-FLU-SEV,2025/2026,40,45,5,Cases,State,Jigawa,6979080,0.9,1869.2666666666669
PACE-FLU-SEV,2025/2026,40,45,5,Cases,State,Jigawa,6979080,0.95,2231.6000000000004
PACE-FLU-SEV,2025/2026,40,45,5,Cases,State,Kaduna,8324285,0.05,354
PACE-FLU-SEV,2025/2026,40,45,5,Cases,State,Kaduna,8324285,0.1,469
PACE-FLU-SEV,2025/2026,40,45,5,Cases,State,Kaduna,8324285,0.25,706.4166666666667
PACE-FLU-SEV,2025/2026,40,45,5,Cases,State,Kaduna,8324285,0.5,1068.5000000000005
PACE-FLU-SEV,2025/2026,40,45,5,Cases,State,Kaduna,8324285,0.75,1557.5833333333333
PACE-FLU-SEV,2025/2026,40,45,5,Cases,State,Kaduna,8324285,0.9,2171.0666666666675
PACE-FLU-SEV,2025/2026,40,45,5,Cases,State,Kaduna,8324285,0.95,2693.7500000000014
PACE-FLU-SEV,2025/2026,40,45,5,Cases,State,Kano,16253549,0.05,742.35
PACE-FLU-SEV,2025/2026,40,45,5,Cases,State,Kano,16253549,0.1,976
PACE-FLU-SEV,2025/2026,40,45,5,Cases,State,Kano,16253549,0.25,1463.8333333333335
PACE-FLU-SEV,2025/2026,40,45,5,Cases,State,Kano,16253549,0.5,2063.5
PACE-FLU-SEV,2025/2026,40,45,5,Cases,State,Kano,16253549,0.75,3089.583333333333
PACE-FLU-SEV,2025/2026,40,45,5,Cases,State,Kano,16253549,0.9,4334.700000000001
PACE-FLU-SEV,2025/2026,40,45,5,Cases,State,Kano,16253549,0.95,5143.6
PACE-FLU-SEV,2025/2026,40,45,5,Cases,State,Katsina,9300382,0.05,437
PACE-FLU-SEV,2025/2026,40,45,5,Cases,State,Katsina,9300382,0.1,557.7333333333335
PACE-FLU-SEV,2025/2026,40,45,5,Cases,State,Katsina,9300382,0.25,813
PACE-FLU-SEV,2025/2026,40,45,5,Cases,State,Katsina,9300382,0.5,1225.5
PACE-FLU-SEV,2025/2026,40,45,5,Cases,State,Katsina,9300382,0.75,1812.5833333333333
PACE-FLU-SEV,2025/2026,40,45,5,Cases,State,Katsina,9300382,0.9,2482.5333333333338
PACE-FLU-SEV,2025/2026,40,45,5,Cases,State,Katsina,9300382,0.95,2996.2500000000023
PACE-FLU-SEV,2025/2026,40,45,5,Cases,State,Kebbi,6001610,0.05,259.35
PACE-FLU-SEV,2025/2026,40,45,5,Cases,State,Kebbi,6001610,0.1,349
PACE-FLU-SEV,2025/2026,40,45,5,Cases,State,Kebbi,6001610,0.25,514
PACE-FLU-SEV,2025/2026,40,45,5,Cases,State,Kebbi,6001610,0.5,767
PACE-FLU-SEV,2025/2026,40,45,5,Cases,State,Kebbi,6001610,0.75,1134.5833333333333
PACE-FLU-SEV,2025/2026,40,45,5,Cases,State,Kebbi,6001610,0.9,1551
PACE-FLU-SEV,2025/2026,40,45,5,Cases,State,Kebbi,6001610,0.95,1920.9500000000003
PACE-FLU-SEV,2025/2026,40,45,5,Cases,State,Kogi,5053734,0.05,228.35000000000002
PACE-FLU-SEV,2025/2026,40,45,5,Cases,State,Kogi,5053734,0.1,301
PACE-FLU-SEV,2025/2026,40,45,5,Cases,State,Kogi,5053734,0.25,447.83333333333337
PACE-FLU-SEV,2025/2026,40,45,5,Cases,State,Kogi,5053734,0.5,670
PACE-FLU-SEV,2025/2026,40,45,5,Cases,State,Kogi,5053734,0.75,1004.5833333333333
PACE-FLU-SEV,2025/2026,40,45,5,Cases,State,Kogi,5053734,0.9,1383.6333333333334
PACE-FLU-SEV,2025/2026,40,45,5,Cases,State,Kogi,5053734,0.95,1704.9500000000003
PACE-FLU-SEV,2025/2026,40,45,5,Cases,State,Kwara,4259613,0.05,213
PACE-FLU-SEV,2025/2026,40,45,5,Cases,State,Kwara,4259613,0.1,266
PACE-FLU-SEV,2025/2026,40,45,5,Cases,State,Kwara,4259613,0.25,379
PACE-FLU-SEV,2025/2026,40,45,5,Cases,State,Kwara,4259613,0.5,579.5000000000001
PACE-FLU-SEV,2025/2026,40,45,5,Cases,State,Kwara,4259613,0.75,874
PACE-FLU-SEV,2025/2026,40,45,5,Cases,State,Kwara,4259613,0.9,1229.2666666666669
PACE-FLU-SEV,2025/2026,40,45,5,Cases,State,Kwara,4259613,0.95,1513.3000000000002
PACE-FLU-SEV,2025/2026,40,45,5,Cases,State,Lagos,15772884,0.05,650.7
PACE-FLU-SEV,2025/2026,40,45,5,Cases,State,Lagos,15772884,0.1,839
PACE-FLU-SEV,2025/2026,40,45,5,Cases,State,Lagos,15772884,0.25,1221
PACE-FLU-SEV,2025/2026,40,45,5,Cases,State,Lagos,15772884,0.5,1901
PACE-FLU-SEV,2025/2026,40,45,5,Cases,State,Lagos,15772884,0.75,2849.333333333333
PACE-FLU-SEV,2025/2026,40,45,5,Cases,State,Lagos,15772884,0.9,3823.5333333333338
PACE-FLU-SEV,2025/2026,40,45,5,Cases,State,Lagos,15772884,0.95,4599.6
PACE-FLU-SEV,2025/2026,40,45,5,Cases,State,Nasarawa,3632239,0.05,154.35000000000002
PACE-FLU-SEV,2025/2026,40,45,5,Cases,State,Nasarawa,3632239,0.1,196.3666666666667
PACE-FLU-SEV,2025/2026,40,45,5,Cases,State,Nasarawa,3632239,0.25,292
PACE-FLU-SEV,2025/2026,40,45,5,Cases,State,Nasarawa,3632239,0.5,457.5000000000001
PACE-FLU-SEV,2025/2026,40,45,5,Cases,State,Nasarawa,3632239,0.75,691.5833333333333
PACE-FLU-SEV,2025/2026,40,45,5,Cases,State,Nasarawa,3632239,0.9,997.2666666666669
PACE-FLU-SEV,2025/2026,40,45,5,Cases,State,Nasarawa,3632239,0.95,1190.65
PACE-FLU-SEV,2025/2026,40,45,5,Cases,State,Niger,6720617,0.05,314.35
PACE-FLU-SEV,2025/2026,40,45,5,Cases,State,Niger,6720617,0.1,402
PACE-FLU-SEV,2025/2026,40,45,5,Cases,State,Niger,6720617,0.25,593.4166666666667
PACE-FLU-SEV,2025/2026,40,45,5,Cases,State,Niger,6720617,0.5,909
PACE-FLU-SEV,2025/2026,40,45,5,Cases,State,Niger,6720617,0.75,1366.1666666666665
PACE-FLU-SEV,2025/2026,40,45,5,Cases,State,Niger,6720617,0.9,1920.6333333333334
PACE-FLU-SEV,2025/2026,40,45,5,Cases,State,Niger,6720617,0.95,2302.9500000000003
PACE-FLU-SEV,2025/2026,40,45,5,Cases,State,Ogun,6445275,0.05,264
PACE-FLU-SEV,2025/2026,40,45,5,Cases,State,Ogun,6445275,0.1,332.7333333333334
PACE-FLU-SEV,2025/2026,40,45,5,Cases,State,Ogun,6445275,0.25,496.4166666666667
PACE-FLU-SEV,2025/2026,40,45,5,Cases,State,Ogun,6445275,0.5,760
PACE-FLU-SEV,2025/2026,40,45,5,Cases,State,Ogun,6445275,0.75,1108.5833333333333
PACE-FLU-SEV,2025/2026,40,45,5,Cases,State,Ogun,6445275,0.9,1599.5333333333338
PACE-FLU-SEV,2025/2026,40,45,5,Cases,State,Ogun,6445275,0.95,1958.65
PACE-FLU-SEV,2025/2026,40,45,5,Cases,State,Ondo,5469707,0.05,222.35000000000002
PACE-FLU-SEV,2025/2026,40,45,5,Cases,State,Ondo,5469707,0.1,291
PACE-FLU-SEV,2025/2026,40,45,5,Cases,State,Ondo,5469707,0.25,428
PACE-FLU-SEV,2025/2026,40,45,5,Cases,State,Ondo,5469707,0.5,659
PACE-FLU-SEV,2025/2026,40,45,5,Cases,State,Ondo,5469707,0.75,983.5833333333333
PACE-FLU-SEV,2025/2026,40,45,5,Cases,State,Ondo,5469707,0.9,1399.9000000000003
PACE-FLU-SEV,2025/2026,40,45,5,Cases,State,Ondo,5469707,0.95,1646
PACE-FLU-SEV,2025/2026,40,45,5,Cases,State,Osun,4237396,0.05,177
PACE-FLU-SEV,2025/2026,40,45,5,Cases,State,Osun,4237396,0.1,227
PACE-FLU-SEV,2025/2026,40,45,5,Cases,State,Osun,4237396,0.25,346.4166666666667
PACE-FLU-SEV,2025/2026,40,45,5,Cases,State,Osun,4237396,0.5,513
PACE-FLU-SEV,2025/2026,40,45,5,Cases,State,Osun,4237396,0.75,766.5833333333333
PACE-FLU-SEV,2025/2026,40,45,5,Cases,State,Osun,4237396,0.9,1066.5333333333338
PACE-FLU-SEV,2025/2026,40,45,5,Cases,State,Osun,4237396,0.95,1295
PACE-FLU-SEV,2025/2026,40,45,5,Cases,State,Oyo,7512855,0.05,291.70000000000005
PACE-FLU-SEV,2025/2026,40,45,5,Cases,State,Oyo,7512855,0.1,393
PACE-FLU-SEV,2025/2026,40,45,5,Cases,State,Oyo,7512855,0.25,604.6666666666667
PACE-FLU-SEV,2025/2026,40,45,5,Cases,State,Oyo,7512855,0.5,920.5000000000001
PACE-FLU-SEV,2025/2026,40,45,5,Cases,State,Oyo,7512855,0.75,1389
PACE-FLU-SEV,2025/2026,40,45,5,Cases,State,Oyo,7512855,0.9,1977.5333333333338
PACE-FLU-SEV,2025/2026,40,45,5,Cases,State,Oyo,7512855,0.95,2441.2000000000007
PACE-FLU-SEV,2025/2026,40,45,5,Cases,State,Plateau,5400974,0.05,247
PACE-FLU-SEV,2025/2026,40,45,5,Cases,State,Plateau,5400974,0.1,318
PACE-FLU-SEV,2025/2026,40,45,5,Cases,State,Plateau,5400974,0.25,460
PACE-FLU-SEV,2025/2026,40,45,5,Cases,State,Plateau,5400974,0.5,699.5000000000001
PACE-FLU-SEV,2025/2026,40,45,5,Cases,State,Plateau,5400974,0.75,1045.1666666666665
PACE-FLU-SEV,2025/2026,40,45,5,Cases,State,Plateau,5400974,0.9,1463.9000000000003
PACE-FLU-SEV,2025/2026,40,45,5,Cases,State,Plateau,5400974,0.95,1773.7500000000014
PACE-FLU-SEV,2025/2026,40,45,5,Cases,State,Rivers,7234973,0.05,297
PACE-FLU-SEV,2025/2026,40,45,5,Cases,State,Rivers,7234973,0.1,380.7333333333334
PACE-FLU-SEV,2025/2026,40,45,5,Cases,State,Rivers,7234973,0.25,569.8333333333334
PACE-FLU-SEV,2025/2026,40,45,5,Cases,State,Rivers,7234973,0.5,873
PACE-FLU-SEV,2025/2026,40,45,5,Cases,State,Rivers,7234973,0.75,1293.5833333333333
PACE-FLU-SEV,2025/2026,40,45,5,Cases,State,Rivers,7234973,0.9,1826.6333333333334
PACE-FLU-SEV,2025/2026,40,45,5,Cases,State,Rivers,7234973,0.95,2188.600000000002
PACE-FLU-SEV,2025/2026,40,45,5,Cases,State,Sokoto,6163187,0.05,268
PACE-FLU-SEV,2025/2026,40,45,5,Cases,State,Sokoto,6163187,0.1,351
PACE-FLU-SEV,2025/2026,40,45,5,Cases,State,Sokoto,6163187,0.25,531.4166666666667
PACE-FLU-SEV,2025/2026,40,45,5,Cases,State,Sokoto,6163187,0.5,807.5000000000001
PACE-FLU-SEV,2025/2026,40,45,5,Cases,State,Sokoto,6163187,0.75,1195.1666666666665
PACE-FLU-SEV,2025/2026,40,45,5,Cases,State,Sokoto,6163187,0.9,1672.0666666666675
PACE-FLU-SEV,2025/2026,40,45,5,Cases,State,Sokoto,6163187,0.95,2003.9500000000003
PACE-FLU-SEV,2025/2026,40,45,5,Cases,State,Taraba,4331885,0.05,194
PACE-FLU-SEV,2025/2026,40,45,5,Cases,State,Taraba,4331885,0.1,248.3666666666667
PACE-FLU-SEV,2025/2026,40,45,5,Cases,State,Taraba,4331885,0.25,373
PACE-FLU-SEV,2025/2026,40,45,5,Cases,State,Taraba,4331885,0.5,568
PACE-FLU-SEV,2025/2026,40,45,5,Cases,State,Taraba,4331885,0.75,848.7499999999998
PACE-FLU-SEV,2025/2026,40,45,5,Cases,State,Taraba,4331885,0.9,1173
PACE-FLU-SEV,2025/2026,40,45,5,Cases,State,Taraba,4331885,0.95,1460.2500000000005
PACE-FLU-SEV,2025/2026,40,45,5,Cases,State,Yobe,4350401,0.05,177.35000000000002
PACE-FLU-SEV,2025/2026,40,45,5,Cases,State,Yobe,4350401,0.1,238.3666666666667
PACE-FLU-SEV,2025/2026,40,45,5,Cases,State,Yobe,4350401,0.25,348
PACE-FLU-SEV,2025/2026,40,45,5,Cases,State,Yobe,4350401,0.5,553.5000000000001
PACE-FLU-SEV,2025/2026,40,45,5,Cases,State,Yobe,4350401,0.75,814.7499999999998
PACE-FLU-SEV,2025/2026,40,45,5,Cases,State,Yobe,4350401,0.9,1144.6333333333334
PACE-FLU-SEV,2025/2026,40,45,5,Cases,State,Yobe,4350401,0.95,1371.1000000000013
PACE-FLU-SEV,2025/2026,40,45,5,Cases,State,Zamfara,5517793,0.05,238
PACE-FLU-SEV,2025/2026,40,45,5,Cases,State,Zamfara,5517793,0.1,310
PACE-FLU-SEV,2025/2026,40,45,5,Cases,State,Zamfara,5517793,0.25,475.4166666666667
PACE-FLU-SEV,2025/2026,40,45,5,Cases,State,Zamfara,5517793,0.5,733
PACE-FLU-SEV,2025/2026,40,45,5,Cases,State,Zamfara,5517793,0.75,1082.5833333333333
PACE-FLU-SEV,2025/2026,40,45,5,Cases,State,Zamfara,5517793,0.9,1529.5333333333338
PACE-FLU-SEV,2025/2026,40,45,5,Cases,State,Zamfara,5517793,0.95,1823.9500000000003
PACE-FLU-SEV,2025/2026,40,45,5,Cases,Zone,NC,36557326,0.05,3106
PACE-FLU-SEV,2025/2026,40,45,5,Cases,Zone,NC,36557326,0.1,3464.7666666666673
PACE-FLU-SEV,2025/2026,40,45,5,Cases,Zone,NC,36557326,0.25,4290.083333333334
PACE-FLU-SEV,2025/2026,40,45,5,Cases,Zone,NC,36557326,0.5,5373.5
PACE-FLU-SEV,2025/2026,40,45,5,Cases,Zone,NC,36557326,0.75,6801.583333333334
PACE-FLU-SEV,2025/2026,40,45,5,Cases,Zone,NC,36557326,0.9,8251.266666666666
PACE-FLU-SEV,2025/2026,40,45,5,Cases,Zone,NC,36557326,0.95,9173.7
PACE-FLU-SEV,2025/2026,40,45,5,Cases,Zone,NE,32734949,0.05,2825.35
PACE-FLU-SEV,2025/2026,40,45,5,Cases,Zone,NE,32734949,0.1,3124
PACE-FLU-SEV,2025/2026,40,45,5,Cases,Zone,NE,32734949,0.25,3793.083333333333
PACE-FLU-SEV,2025/2026,40,45,5,Cases,Zone,NE,32734949,0.5,4705.5
PACE-FLU-SEV,2025/2026,40,45,5,Cases,Zone,NE,32734949,0.75,5758.583333333334
PACE-FLU-SEV,2025/2026,40,45,5,Cases,Zone,NE,32734949,0.9,6946.433333333334
PACE-FLU-SEV,2025/2026,40,45,5,Cases,Zone,NE,32734949,0.95,7800.65
PACE-FLU-SEV,2025/2026,40,45,5,Cases,Zone,NW,58539886,0.05,4952.1
PACE-FLU-SEV,2025/2026,40,45,5,Cases,Zone,NW,58539886,0.1,5705.366666666667
PACE-FLU-SEV,2025/2026,40,45,5,Cases,Zone,NW,58539886,0.25,6841.916666666666
PACE-FLU-SEV,2025/2026,40,45,5,Cases,Zone,NW,58539886,0.5,8370
PACE-FLU-SEV,2025/2026,40,45,5,Cases,Zone,NW,58539886,0.75,10301.583333333334
PACE-FLU-SEV,2025/2026,40,45,5,Cases,Zone,NW,58539886,0.9,12499.466666666669
PACE-FLU-SEV,2025/2026,40,45,5,Cases,Zone,NW,58539886,0.95,13997.45
PACE-FLU-SEV,2025/2026,40,45,5,Cases,Zone,SE,27612828,0.05,1919.45
PACE-FLU-SEV,2025/2026,40,45,5,Cases,Zone,SE,27612828,0.1,2220.366666666667
PACE-FLU-SEV,2025/2026,40,45,5,Cases,Zone,SE,27612828,0.25,2786.833333333333
PACE-FLU-SEV,2025/2026,40,45,5,Cases,Zone,SE,27612828,0.5,3565.5
PACE-FLU-SEV,2025/2026,40,45,5,Cases,Zone,SE,27612828,0.75,4536.166666666666
PACE-FLU-SEV,2025/2026,40,45,5,Cases,Zone,SE,27612828,0.9,5690.233333333335
PACE-FLU-SEV,2025/2026,40,45,5,Cases,Zone,SE,27612828,0.95,6704.600000000002
PACE-FLU-SEV,2025/2026,40,45,5,Cases,Zone,SS,31220652,0.05,2323.75
PACE-FLU-SEV,2025/2026,40,45,5,Cases,Zone,SS,31220652,0.1,2617
PACE-FLU-SEV,2025/2026,40,45,5,Cases,Zone,SS,31220652,0.25,3221.4166666666665
PACE-FLU-SEV,2025/2026,40,45,5,Cases,Zone,SS,31220652,0.5,4044.5
PACE-FLU-SEV,2025/2026,40,45,5,Cases,Zone,SS,31220652,0.75,5205.666666666666
PACE-FLU-SEV,2025/2026,40,45,5,Cases,Zone,SS,31220652,0.9,6405.266666666666
PACE-FLU-SEV,2025/2026,40,45,5,Cases,Zone,SS,31220652,0.95,7246
PACE-FLU-SEV,2025/2026,40,45,5,Cases,Zone,SW,42836294,0.05,3058.75
PACE-FLU-SEV,2025/2026,40,45,5,Cases,Zone,SW,42836294,0.1,3521.1000000000004
PACE-FLU-SEV,2025/2026,40,45,5,Cases,Zone,SW,42836294,0.25,4316.416666666667
PACE-FLU-SEV,2025/2026,40,45,5,Cases,Zone,SW,42836294,0.5,5533
PACE-FLU-SEV,2025/2026,40,45,5,Cases,Zone,SW,42836294,0.75,7210.833333333333
PACE-FLU-SEV,2025/2026,40,45,5,Cases,Zone,SW,42836294,0.9,9052.266666666666
PACE-FLU-SEV,2025/2026,40,45,5,Cases,Zone,SW,42836294,0.95,10056.550000000003
PACE-FLU-SEV,2025/2026,40,46,6,Cases,Macro,North,127832161,0.05,12986.25
PACE-FLU-SEV,2025/2026,40,46,6,Cases,Macro,North,127832161,0.1,14323.933333333334
PACE-FLU-SEV,2025/2026,40,46,6,Cases,Macro,North,127832161,0.25,17050.833333333332
PACE-FLU-SEV,2025/2026,40,46,6,Cases,Macro,North,127832161,0.5,20620
PACE-FLU-SEV,2025/2026,40,46,6,Cases,Macro,North,127832161,0.75,25113.166666666664
PACE-FLU-SEV,2025/2026,40,46,6,Cases,Macro,North,127832161,0.9,29561.86666666667
PACE-FLU-SEV,2025/2026,40,46,6,Cases,Macro,North,127832161,0.95,32733.55000000001
PACE-FLU-SEV,2025/2026,40,46,6,Cases,Macro,South,101669774,0.05,8918.25
PACE-FLU-SEV,2025/2026,40,46,6,Cases,Macro,South,101669774,0.1,9776.366666666667
PACE-FLU-SEV,2025/2026,40,46,6,Cases,Macro,South,101669774,0.25,11654.75
PACE-FLU-SEV,2025/2026,40,46,6,Cases,Macro,South,101669774,0.5,14606
PACE-FLU-SEV,2025/2026,40,46,6,Cases,Macro,South,101669774,0.75,18143.75
PACE-FLU-SEV,2025/2026,40,46,6,Cases,Macro,South,101669774,0.9,22568.93333333334
PACE-FLU-SEV,2025/2026,40,46,6,Cases,Macro,South,101669774,0.95,25975.350000000002
PACE-FLU-SEV,2025/2026,40,46,6,Cases,National,Nigeria,229501935,0.05,23064.6
PACE-FLU-SEV,2025/2026,40,46,6,Cases,National,Nigeria,229501935,0.1,25579.1
PACE-FLU-SEV,2025/2026,40,46,6,Cases,National,Nigeria,229501935,0.25,29586
PACE-FLU-SEV,2025/2026,40,46,6,Cases,National,Nigeria,229501935,0.5,35383
PACE-FLU-SEV,2025/2026,40,46,6,Cases,National,Nigeria,229501935,0.75,42723.58333333333
PACE-FLU-SEV,2025/2026,40,46,6,Cases,National,Nigeria,229501935,0.9,50668.03333333334
PACE-FLU-SEV,2025/2026,40,46,6,Cases,National,Nigeria,229501935,0.95,55947.4
PACE-FLU-SEV,2025/2026,40,46,6,Cases,State,Abia,4841943,0.05,204
PACE-FLU-SEV,2025/2026,40,46,6,Cases,State,Abia,4841943,0.1,276
PACE-FLU-SEV,2025/2026,40,46,6,Cases,State,Abia,4841943,0.25,405
PACE-FLU-SEV,2025/2026,40,46,6,Cases,State,Abia,4841943,0.5,621
PACE-FLU-SEV,2025/2026,40,46,6,Cases,State,Abia,4841943,0.75,939.5833333333333
PACE-FLU-SEV,2025/2026,40,46,6,Cases,State,Abia,4841943,0.9,1332.5333333333338
PACE-FLU-SEV,2025/2026,40,46,6,Cases,State,Abia,4841943,0.95,1630.65
PACE-FLU-SEV,2025/2026,40,46,6,Cases,State,Adamawa,5236948,0.05,252.70000000000002
PACE-FLU-SEV,2025/2026,40,46,6,Cases,State,Adamawa,5236948,0.1,324.3666666666667
PACE-FLU-SEV,2025/2026,40,46,6,Cases,State,Adamawa,5236948,0.25,491
PACE-FLU-SEV,2025/2026,40,46,6,Cases,State,Adamawa,5236948,0.5,748
PACE-FLU-SEV,2025/2026,40,46,6,Cases,State,Adamawa,5236948,0.75,1113.333333333333
PACE-FLU-SEV,2025/2026,40,46,6,Cases,State,Adamawa,5236948,0.9,1592.9000000000003
PACE-FLU-SEV,2025/2026,40,46,6,Cases,State,Adamawa,5236948,0.95,1962.6000000000004
PACE-FLU-SEV,2025/2026,40,46,6,Cases,State,Akwa Ibom,5780581,0.05,239
PACE-FLU-SEV,2025/2026,40,46,6,Cases,State,Akwa Ibom,5780581,0.1,320.7333333333334
PACE-FLU-SEV,2025/2026,40,46,6,Cases,State,Akwa Ibom,5780581,0.25,485.4166666666667
PACE-FLU-SEV,2025/2026,40,46,6,Cases,State,Akwa Ibom,5780581,0.5,753.5000000000001
PACE-FLU-SEV,2025/2026,40,46,6,Cases,State,Akwa Ibom,5780581,0.75,1120
PACE-FLU-SEV,2025/2026,40,46,6,Cases,State,Akwa Ibom,5780581,0.9,1579.1666666666672
PACE-FLU-SEV,2025/2026,40,46,6,Cases,State,Akwa Ibom,5780581,0.95,1944.8500000000008
PACE-FLU-SEV,2025/2026,40,46,6,Cases,State,Anambra,7299910,0.05,325.7
PACE-FLU-SEV,2025/2026,40,46,6,Cases,State,Anambra,7299910,0.1,411.73333333333335
PACE-FLU-SEV,2025/2026,40,46,6,Cases,State,Anambra,7299910,0.25,630.4166666666667
PACE-FLU-SEV,2025/2026,40,46,6,Cases,State,Anambra,7299910,0.5,949
PACE-FLU-SEV,2025/2026,40,46,6,Cases,State,Anambra,7299910,0.75,1383.5833333333333
PACE-FLU-SEV,2025/2026,40,46,6,Cases,State,Anambra,7299910,0.9,1979.6333333333334
PACE-FLU-SEV,2025/2026,40,46,6,Cases,State,Anambra,7299910,0.95,2427.850000000001
PACE-FLU-SEV,2025/2026,40,46,6,Cases,State,Bauchi,7540663,0.05,373
PACE-FLU-SEV,2025/2026,40,46,6,Cases,State,Bauchi,7540663,0.1,482
PACE-FLU-SEV,2025/2026,40,46,6,Cases,State,Bauchi,7540663,0.25,713
PACE-FLU-SEV,2025/2026,40,46,6,Cases,State,Bauchi,7540663,0.5,1083.5
PACE-FLU-SEV,2025/2026,40,46,6,Cases,State,Bauchi,7540663,0.75,1599.5833333333333
PACE-FLU-SEV,2025/2026,40,46,6,Cases,State,Bauchi,7540663,0.9,2194.266666666667
PACE-FLU-SEV,2025/2026,40,46,6,Cases,State,Bauchi,7540663,0.95,2645.2000000000007
PACE-FLU-SEV,2025/2026,40,46,6,Cases,State,Bayelsa,2394725,0.05,102.35000000000001
PACE-FLU-SEV,2025/2026,40,46,6,Cases,State,Bayelsa,2394725,0.1,135.3666666666667
PACE-FLU-SEV,2025/2026,40,46,6,Cases,State,Bayelsa,2394725,0.25,211
PACE-FLU-SEV,2025/2026,40,46,6,Cases,State,Bayelsa,2394725,0.5,322
PACE-FLU-SEV,2025/2026,40,46,6,Cases,State,Bayelsa,2394725,0.75,472
PACE-FLU-SEV,2025/2026,40,46,6,Cases,State,Bayelsa,2394725,0.9,667.6333333333334
PACE-FLU-SEV,2025/2026,40,46,6,Cases,State,Bayelsa,2394725,0.95,811.6500000000001
PACE-FLU-SEV,2025/2026,40,46,6,Cases,State,Benue,6687706,0.05,315
PACE-FLU-SEV,2025/2026,40,46,6,Cases,State,Benue,6687706,0.1,419
PACE-FLU-SEV,2025/2026,40,46,6,Cases,State,Benue,6687706,0.25,624
PACE-FLU-SEV,2025/2026,40,46,6,Cases,State,Benue,6687706,0.5,954.5000000000001
PACE-FLU-SEV,2025/2026,40,46,6,Cases,State,Benue,6687706,0.75,1453
PACE-FLU-SEV,2025/2026,40,46,6,Cases,State,Benue,6687706,0.9,2051.266666666667
PACE-FLU-SEV,2025/2026,40,46,6,Cases,State,Benue,6687706,0.95,2464.65
PACE-FLU-SEV,2025/2026,40,46,6,Cases,State,Borno,6651590,0.05,316
PACE-FLU-SEV,2025/2026,40,46,6,Cases,State,Borno,6651590,0.1,418
PACE-FLU-SEV,2025/2026,40,46,6,Cases,State,Borno,6651590,0.25,613.4166666666667
PACE-FLU-SEV,2025/2026,40,46,6,Cases,State,Borno,6651590,0.5,912
PACE-FLU-SEV,2025/2026,40,46,6,Cases,State,Borno,6651590,0.75,1350
PACE-FLU-SEV,2025/2026,40,46,6,Cases,State,Borno,6651590,0.9,1962.6333333333334
PACE-FLU-SEV,2025/2026,40,46,6,Cases,State,Borno,6651590,0.95,2451.500000000001
PACE-FLU-SEV,2025/2026,40,46,6,Cases,State,Cross River,4175020,0.05,178.70000000000002
PACE-FLU-SEV,2025/2026,40,46,6,Cases,State,Cross River,4175020,0.1,232
PACE-FLU-SEV,2025/2026,40,46,6,Cases,State,Cross River,4175020,0.25,342
PACE-FLU-SEV,2025/2026,40,46,6,Cases,State,Cross River,4175020,0.5,541
PACE-FLU-SEV,2025/2026,40,46,6,Cases,State,Cross River,4175020,0.75,820
PACE-FLU-SEV,2025/2026,40,46,6,Cases,State,Cross River,4175020,0.9,1204.9000000000003
PACE-FLU-SEV,2025/2026,40,46,6,Cases,State,Cross River,4175020,0.95,1503.9000000000005
PACE-FLU-SEV,2025/2026,40,46,6,Cases,State,Delta,6107543,0.05,261
PACE-FLU-SEV,2025/2026,40,46,6,Cases,State,Delta,6107543,0.1,355.7333333333334
PACE-FLU-SEV,2025/2026,40,46,6,Cases,State,Delta,6107543,0.25,510.4166666666667
PACE-FLU-SEV,2025/2026,40,46,6,Cases,State,Delta,6107543,0.5,765
PACE-FLU-SEV,2025/2026,40,46,6,Cases,State,Delta,6107543,0.75,1152.5833333333333
PACE-FLU-SEV,2025/2026,40,46,6,Cases,State,Delta,6107543,0.9,1676.9000000000003
PACE-FLU-SEV,2025/2026,40,46,6,Cases,State,Delta,6107543,0.95,2049.4000000000015
PACE-FLU-SEV,2025/2026,40,46,6,Cases,State,Ebonyi,4007155,0.05,175.35000000000002
PACE-FLU-SEV,2025/2026,40,46,6,Cases,State,Ebonyi,4007155,0.1,234.3666666666667
PACE-FLU-SEV,2025/2026,40,46,6,Cases,State,Ebonyi,4007155,0.25,341
PACE-FLU-SEV,2025/2026,40,46,6,Cases,State,Ebonyi,4007155,0.5,518.5000000000001
PACE-FLU-SEV,2025/2026,40,46,6,Cases,State,Ebonyi,4007155,0.75,778
PACE-FLU-SEV,2025/2026,40,46,6,Cases,State,Ebonyi,4007155,0.9,1094
PACE-FLU-SEV,2025/2026,40,46,6,Cases,State,Ebonyi,4007155,0.95,1375.65
PACE-FLU-SEV,2025/2026,40,46,6,Cases,State,Edo,5527810,0.05,246.35000000000002
PACE-FLU-SEV,2025/2026,40,46,6,Cases,State,Edo,5527810,0.1,314.3666666666667
PACE-FLU-SEV,2025/2026,40,46,6,Cases,State,Edo,5527810,0.25,467.4166666666667
PACE-FLU-SEV,2025/2026,40,46,6,Cases,State,Edo,5527810,0.5,731
PACE-FLU-SEV,2025/2026,40,46,6,Cases,State,Edo,5527810,0.75,1061.5833333333333
PACE-FLU-SEV,2025/2026,40,46,6,Cases,State,Edo,5527810,0.9,1502.2666666666669
PACE-FLU-SEV,2025/2026,40,46,6,Cases,State,Edo,5527810,0.95,1857.1000000000013
PACE-FLU-SEV,2025/2026,40,46,6,Cases,State,Ekiti,3398177,0.05,144.35000000000002
PACE-FLU-SEV,2025/2026,40,46,6,Cases,State,Ekiti,3398177,0.1,189.3666666666667
PACE-FLU-SEV,2025/2026,40,46,6,Cases,State,Ekiti,3398177,0.25,282
PACE-FLU-SEV,2025/2026,40,46,6,Cases,State,Ekiti,3398177,0.5,433
PACE-FLU-SEV,2025/2026,40,46,6,Cases,State,Ekiti,3398177,0.75,648
PACE-FLU-SEV,2025/2026,40,46,6,Cases,State,Ekiti,3398177,0.9,920
PACE-FLU-SEV,2025/2026,40,46,6,Cases,State,Ekiti,3398177,0.95,1165
PACE-FLU-SEV,2025/2026,40,46,6,Cases,State,Enugu,5396098,0.05,222.35000000000002
PACE-FLU-SEV,2025/2026,40,46,6,Cases,State,Enugu,5396098,0.1,285.3666666666667
PACE-FLU-SEV,2025/2026,40,46,6,Cases,State,Enugu,5396098,0.25,441
PACE-FLU-SEV,2025/2026,40,46,6,Cases,State,Enugu,5396098,0.5,689.5000000000001
PACE-FLU-SEV,2025/2026,40,46,6,Cases,State,Enugu,5396098,0.75,1046
PACE-FLU-SEV,2025/2026,40,46,6,Cases,State,Enugu,5396098,0.9,1481.2666666666669
PACE-FLU-SEV,2025/2026,40,46,6,Cases,State,Enugu,5396098,0.95,1868.9500000000003
PACE-FLU-SEV,2025/2026,40,46,6,Cases,State,FCT,4802443,0.05,236.35000000000002
PACE-FLU-SEV,2025/2026,40,46,6,Cases,State,FCT,4802443,0.1,310
PACE-FLU-SEV,2025/2026,40,46,6,Cases,State,FCT,4802443,0.25,481
PACE-FLU-SEV,2025/2026,40,46,6,Cases,State,FCT,4802443,0.5,722
PACE-FLU-SEV,2025/2026,40,46,6,Cases,State,FCT,4802443,0.75,1106
PACE-FLU-SEV,2025/2026,40,46,6,Cases,State,FCT,4802443,0.9,1537.6333333333334
PACE-FLU-SEV,2025/2026,40,46,6,Cases,State,FCT,4802443,0.95,1869
PACE-FLU-SEV,2025/2026,40,46,6,Cases,State,Gombe,4623462,0.05,222.35000000000002
PACE-FLU-SEV,2025/2026,40,46,6,Cases,State,Gombe,4623462,0.1,291
PACE-FLU-SEV,2025/2026,40,46,6,Cases,State,Gombe,4623462,0.25,433
PACE-FLU-SEV,2025/2026,40,46,6,Cases,State,Gombe,4623462,0.5,675.5000000000001
PACE-FLU-SEV,2025/2026,40,46,6,Cases,State,Gombe,4623462,0.75,985
PACE-FLU-SEV,2025/2026,40,46,6,Cases,State,Gombe,4623462,0.9,1363.2666666666669
PACE-FLU-SEV,2025/2026,40,46,6,Cases,State,Gombe,4623462,0.95,1697.65
PACE-FLU-SEV,2025/2026,40,46,6,Cases,State,Imo,6067722,0.05,263.70000000000005
PACE-FLU-SEV,2025/2026,40,46,6,Cases,State,Imo,6067722,0.1,331
PACE-FLU-SEV,2025/2026,40,46,6,Cases,State,Imo,6067722,0.25,499.4166666666667
PACE-FLU-SEV,2025/2026,40,46,6,Cases,State,Imo,6067722,0.5,778.5000000000001
PACE-FLU-SEV,2025/2026,40,46,6,Cases,State,Imo,6067722,0.75,1182.5833333333333
PACE-FLU-SEV,2025/2026,40,46,6,Cases,State,Imo,6067722,0.9,1695.9000000000003
PACE-FLU-SEV,2025/2026,40,46,6,Cases,State,Imo,6067722,0.95,2024.2000000000007
PACE-FLU-SEV,2025/2026,40,46,6,Cases,State,Jigawa,6979080,0.05,333
PACE-FLU-SEV,2025/2026,40,46,6,Cases,State,Jigawa,6979080,0.1,431
PACE-FLU-SEV,2025/2026,40,46,6,Cases,State,Jigawa,6979080,0.25,628
PACE-FLU-SEV,2025/2026,40,46,6,Cases,State,Jigawa,6979080,0.5,963
PACE-FLU-SEV,2025/2026,40,46,6,Cases,State,Jigawa,6979080,0.75,1443.5833333333333
PACE-FLU-SEV,2025/2026,40,46,6,Cases,State,Jigawa,6979080,0.9,2054.9000000000005
PACE-FLU-SEV,2025/2026,40,46,6,Cases,State,Jigawa,6979080,0.95,2564.0500000000015
PACE-FLU-SEV,2025/2026,40,46,6,Cases,State,Kaduna,8324285,0.05,387.70000000000005
PACE-FLU-SEV,2025/2026,40,46,6,Cases,State,Kaduna,8324285,0.1,512.3666666666667
PACE-FLU-SEV,2025/2026,40,46,6,Cases,State,Kaduna,8324285,0.25,757
PACE-FLU-SEV,2025/2026,40,46,6,Cases,State,Kaduna,8324285,0.5,1172.5
PACE-FLU-SEV,2025/2026,40,46,6,Cases,State,Kaduna,8324285,0.75,1793.1666666666665
PACE-FLU-SEV,2025/2026,40,46,6,Cases,State,Kaduna,8324285,0.9,2519.266666666667
PACE-FLU-SEV,2025/2026,40,46,6,Cases,State,Kaduna,8324285,0.95,3124.0500000000015
PACE-FLU-SEV,2025/2026,40,46,6,Cases,State,Kano,16253549,0.05,778.05
PACE-FLU-SEV,2025/2026,40,46,6,Cases,State,Kano,16253549,0.1,1004.1000000000001
PACE-FLU-SEV,2025/2026,40,46,6,Cases,State,Kano,16253549,0.25,1523.25
PACE-FLU-SEV,2025/2026,40,46,6,Cases,State,Kano,16253549,0.5,2347
PACE-FLU-SEV,2025/2026,40,46,6,Cases,State,Kano,16253549,0.75,3494
PACE-FLU-SEV,2025/2026,40,46,6,Cases,State,Kano,16253549,0.9,4927.2333333333345
PACE-FLU-SEV,2025/2026,40,46,6,Cases,State,Kano,16253549,0.95,6153.65
PACE-FLU-SEV,2025/2026,40,46,6,Cases,State,Katsina,9300382,0.05,448.35
PACE-FLU-SEV,2025/2026,40,46,6,Cases,State,Katsina,9300382,0.1,578.3666666666667
PACE-FLU-SEV,2025/2026,40,46,6,Cases,State,Katsina,9300382,0.25,868
PACE-FLU-SEV,2025/2026,40,46,6,Cases,State,Katsina,9300382,0.5,1320.5
PACE-FLU-SEV,2025/2026,40,46,6,Cases,State,Katsina,9300382,0.75,1975.1666666666665
PACE-FLU-SEV,2025/2026,40,46,6,Cases,State,Katsina,9300382,0.9,2854.633333333333
PACE-FLU-SEV,2025/2026,40,46,6,Cases,State,Katsina,9300382,0.95,3366.3
PACE-FLU-SEV,2025/2026,40,46,6,Cases,State,Kebbi,6001610,0.05,303
PACE-FLU-SEV,2025/2026,40,46,6,Cases,State,Kebbi,6001610,0.1,373
PACE-FLU-SEV,2025/2026,40,46,6,Cases,State,Kebbi,6001610,0.25,545
PACE-FLU-SEV,2025/2026,40,46,6,Cases,State,Kebbi,6001610,0.5,845
PACE-FLU-SEV,2025/2026,40,46,6,Cases,State,Kebbi,6001610,0.75,1249.5833333333333
PACE-FLU-SEV,2025/2026,40,46,6,Cases,State,Kebbi,6001610,0.9,1759
PACE-FLU-SEV,2025/2026,40,46,6,Cases,State,Kebbi,6001610,0.95,2076.850000000001
PACE-FLU-SEV,2025/2026,40,46,6,Cases,State,Kogi,5053734,0.05,255.35000000000002
PACE-FLU-SEV,2025/2026,40,46,6,Cases,State,Kogi,5053734,0.1,330.3666666666667
PACE-FLU-SEV,2025/2026,40,46,6,Cases,State,Kogi,5053734,0.25,476
PACE-FLU-SEV,2025/2026,40,46,6,Cases,State,Kogi,5053734,0.5,745
PACE-FLU-SEV,2025/2026,40,46,6,Cases,State,Kogi,5053734,0.75,1088.5833333333333
PACE-FLU-SEV,2025/2026,40,46,6,Cases,State,Kogi,5053734,0.9,1548.2666666666669
PACE-FLU-SEV,2025/2026,40,46,6,Cases,State,Kogi,5053734,0.95,2007.600000000004
PACE-FLU-SEV,2025/2026,40,46,6,Cases,State,Kwara,4259613,0.05,208
PACE-FLU-SEV,2025/2026,40,46,6,Cases,State,Kwara,4259613,0.1,269.3666666666667
PACE-FLU-SEV,2025/2026,40,46,6,Cases,State,Kwara,4259613,0.25,409
PACE-FLU-SEV,2025/2026,40,46,6,Cases,State,Kwara,4259613,0.5,624.5000000000001
PACE-FLU-SEV,2025/2026,40,46,6,Cases,State,Kwara,4259613,0.75,931
PACE-FLU-SEV,2025/2026,40,46,6,Cases,State,Kwara,4259613,0.9,1340.1666666666672
PACE-FLU-SEV,2025/2026,40,46,6,Cases,State,Kwara,4259613,0.95,1640.5500000000006
PACE-FLU-SEV,2025/2026,40,46,6,Cases,State,Lagos,15772884,0.05,723
PACE-FLU-SEV,2025/2026,40,46,6,Cases,State,Lagos,15772884,0.1,938.4666666666668
PACE-FLU-SEV,2025/2026,40,46,6,Cases,State,Lagos,15772884,0.25,1367
PACE-FLU-SEV,2025/2026,40,46,6,Cases,State,Lagos,15772884,0.5,2060.5
PACE-FLU-SEV,2025/2026,40,46,6,Cases,State,Lagos,15772884,0.75,3115.75
PACE-FLU-SEV,2025/2026,40,46,6,Cases,State,Lagos,15772884,0.9,4375.166666666667
PACE-FLU-SEV,2025/2026,40,46,6,Cases,State,Lagos,15772884,0.95,5230.350000000002
PACE-FLU-SEV,2025/2026,40,46,6,Cases,State,Nasarawa,3632239,0.05,172.35000000000002
PACE-FLU-SEV,2025/2026,40,46,6,Cases,State,Nasarawa,3632239,0.1,223.3666666666667
PACE-FLU-SEV,2025/2026,40,46,6,Cases,State,Nasarawa,3632239,0.25,337.4166666666667
PACE-FLU-SEV,2025/2026,40,46,6,Cases,State,Nasarawa,3632239,0.5,511.5000000000001
PACE-FLU-SEV,2025/2026,40,46,6,Cases,State,Nasarawa,3632239,0.75,778.5833333333333
PACE-FLU-SEV,2025/2026,40,46,6,Cases,State,Nasarawa,3632239,0.9,1070.2666666666669
PACE-FLU-SEV,2025/2026,40,46,6,Cases,State,Nasarawa,3632239,0.95,1303.6000000000004
PACE-FLU-SEV,2025/2026,40,46,6,Cases,State,Niger,6720617,0.05,335.70000000000005
PACE-FLU-SEV,2025/2026,40,46,6,Cases,State,Niger,6720617,0.1,428.3666666666667
PACE-FLU-SEV,2025/2026,40,46,6,Cases,State,Niger,6720617,0.25,640.4166666666667
PACE-FLU-SEV,2025/2026,40,46,6,Cases,State,Niger,6720617,0.5,961.5000000000001
PACE-FLU-SEV,2025/2026,40,46,6,Cases,State,Niger,6720617,0.75,1504
PACE-FLU-SEV,2025/2026,40,46,6,Cases,State,Niger,6720617,0.9,2155.8000000000006
PACE-FLU-SEV,2025/2026,40,46,6,Cases,State,Niger,6720617,0.95,2598.6000000000004
PACE-FLU-SEV,2025/2026,40,46,6,Cases,State,Ogun,6445275,0.05,264.05000000000007
PACE-FLU-SEV,2025/2026,40,46,6,Cases,State,Ogun,6445275,0.1,348
PACE-FLU-SEV,2025/2026,40,46,6,Cases,State,Ogun,6445275,0.25,532.4166666666667
PACE-FLU-SEV,2025/2026,40,46,6,Cases,State,Ogun,6445275,0.5,809.5000000000001
PACE-FLU-SEV,2025/2026,40,46,6,Cases,State,Ogun,6445275,0.75,1210
PACE-FLU-SEV,2025/2026,40,46,6,Cases,State,Ogun,6445275,0.9,1783.2666666666669
PACE-FLU-SEV,2025/2026,40,46,6,Cases,State,Ogun,6445275,0.95,2194.9000000000005
PACE-FLU-SEV,2025/2026,40,46,6,Cases,State,Ondo,5469707,0.05,246
PACE-FLU-SEV,2025/2026,40,46,6,Cases,State,Ondo,5469707,0.1,319
PACE-FLU-SEV,2025/2026,40,46,6,Cases,State,Ondo,5469707,0.25,474.83333333333337
PACE-FLU-SEV,2025/2026,40,46,6,Cases,State,Ondo,5469707,0.5,730
PACE-FLU-SEV,2025/2026,40,46,6,Cases,State,Ondo,5469707,0.75,1085
PACE-FLU-SEV,2025/2026,40,46,6,Cases,State,Ondo,5469707,0.9,1588.8000000000006
PACE-FLU-SEV,2025/2026,40,46,6,Cases,State,Ondo,5469707,0.95,1970.5500000000006
PACE-FLU-SEV,2025/2026,40,46,6,Cases,State,Osun,4237396,0.05,180
PACE-FLU-SEV,2025/2026,40,46,6,Cases,State,Osun,4237396,0.1,238.3666666666667
PACE-FLU-SEV,2025/2026,40,46,6,Cases,State,Osun,4237396,0.25,357
PACE-FLU-SEV,2025/2026,40,46,6,Cases,State,Osun,4237396,0.5,549.5000000000001
PACE-FLU-SEV,2025/2026,40,46,6,Cases,State,Osun,4237396,0.75,814.5833333333333
PACE-FLU-SEV,2025/2026,40,46,6,Cases,State,Osun,4237396,0.9,1175
PACE-FLU-SEV,2025/2026,40,46,6,Cases,State,Osun,4237396,0.95,1440.2500000000005
PACE-FLU-SEV,2025/2026,40,46,6,Cases,State,Oyo,7512855,0.05,329.75000000000006
PACE-FLU-SEV,2025/2026,40,46,6,Cases,State,Oyo,7512855,0.1,419.8333333333335
PACE-FLU-SEV,2025/2026,40,46,6,Cases,State,Oyo,7512855,0.25,654.4166666666667
PACE-FLU-SEV,2025/2026,40,46,6,Cases,State,Oyo,7512855,0.5,997
PACE-FLU-SEV,2025/2026,40,46,6,Cases,State,Oyo,7512855,0.75,1477.1666666666665
PACE-FLU-SEV,2025/2026,40,46,6,Cases,State,Oyo,7512855,0.9,2049.633333333333
PACE-FLU-SEV,2025/2026,40,46,6,Cases,State,Oyo,7512855,0.95,2560.4000000000015
PACE-FLU-SEV,2025/2026,40,46,6,Cases,State,Plateau,5400974,0.05,264
PACE-FLU-SEV,2025/2026,40,46,6,Cases,State,Plateau,5400974,0.1,338.7333333333334
PACE-FLU-SEV,2025/2026,40,46,6,Cases,State,Plateau,5400974,0.25,504
PACE-FLU-SEV,2025/2026,40,46,6,Cases,State,Plateau,5400974,0.5,785.5000000000001
PACE-FLU-SEV,2025/2026,40,46,6,Cases,State,Plateau,5400974,0.75,1190.1666666666665
PACE-FLU-SEV,2025/2026,40,46,6,Cases,State,Plateau,5400974,0.9,1711.5333333333338
PACE-FLU-SEV,2025/2026,40,46,6,Cases,State,Plateau,5400974,0.95,2071.5500000000006
PACE-FLU-SEV,2025/2026,40,46,6,Cases,State,Rivers,7234973,0.05,328
PACE-FLU-SEV,2025/2026,40,46,6,Cases,State,Rivers,7234973,0.1,424.1000000000001
PACE-FLU-SEV,2025/2026,40,46,6,Cases,State,Rivers,7234973,0.25,632.8333333333334
PACE-FLU-SEV,2025/2026,40,46,6,Cases,State,Rivers,7234973,0.5,952.0000000000002
PACE-FLU-SEV,2025/2026,40,46,6,Cases,State,Rivers,7234973,0.75,1390.5833333333333
PACE-FLU-SEV,2025/2026,40,46,6,Cases,State,Rivers,7234973,0.9,2001.433333333334
PACE-FLU-SEV,2025/2026,40,46,6,Cases,State,Rivers,7234973,0.95,2441.150000000001
PACE-FLU-SEV,2025/2026,40,46,6,Cases,State,Sokoto,6163187,0.05,300.35
PACE-FLU-SEV,2025/2026,40,46,6,Cases,State,Sokoto,6163187,0.1,389
PACE-FLU-SEV,2025/2026,40,46,6,Cases,State,Sokoto,6163187,0.25,578.4166666666667
PACE-FLU-SEV,2025/2026,40,46,6,Cases,State,Sokoto,6163187,0.5,904.5000000000001
PACE-FLU-SEV,2025/2026,40,46,6,Cases,State,Sokoto,6163187,0.75,1340
PACE-FLU-SEV,2025/2026,40,46,6,Cases,State,Sokoto,6163187,0.9,1862.6333333333334
PACE-FLU-SEV,2025/2026,40,46,6,Cases,State,Sokoto,6163187,0.95,2331.2000000000007
PACE-FLU-SEV,2025/2026,40,46,6,Cases,State,Taraba,4331885,0.05,205.35
PACE-FLU-SEV,2025/2026,40,46,6,Cases,State,Taraba,4331885,0.1,279.3666666666667
PACE-FLU-SEV,2025/2026,40,46,6,Cases,State,Taraba,4331885,0.25,414.4166666666667
PACE-FLU-SEV,2025/2026,40,46,6,Cases,State,Taraba,4331885,0.5,638
PACE-FLU-SEV,2025/2026,40,46,6,Cases,State,Taraba,4331885,0.75,950.5833333333333
PACE-FLU-SEV,2025/2026,40,46,6,Cases,State,Taraba,4331885,0.9,1338
PACE-FLU-SEV,2025/2026,40,46,6,Cases,State,Taraba,4331885,0.95,1680.3000000000002
PACE-FLU-SEV,2025/2026,40,46,6,Cases,State,Yobe,4350401,0.05,210.35000000000002
PACE-FLU-SEV,2025/2026,40,46,6,Cases,State,Yobe,4350401,0.1,260
PACE-FLU-SEV,2025/2026,40,46,6,Cases,State,Yobe,4350401,0.25,406.83333333333337
PACE-FLU-SEV,2025/2026,40,46,6,Cases,State,Yobe,4350401,0.5,614
PACE-FLU-SEV,2025/2026,40,46,6,Cases,State,Yobe,4350401,0.75,900
PACE-FLU-SEV,2025/2026,40,46,6,Cases,State,Yobe,4350401,0.9,1280.9000000000003
PACE-FLU-SEV,2025/2026,40,46,6,Cases,State,Yobe,4350401,0.95,1557.9500000000003
PACE-FLU-SEV,2025/2026,40,46,6,Cases,State,Zamfara,5517793,0.05,265
PACE-FLU-SEV,2025/2026,40,46,6,Cases,State,Zamfara,5517793,0.1,346
PACE-FLU-SEV,2025/2026,40,46,6,Cases,State,Zamfara,5517793,0.25,518
PACE-FLU-SEV,2025/2026,40,46,6,Cases,State,Zamfara,5517793,0.5,793
PACE-FLU-SEV,2025/2026,40,46,6,Cases,State,Zamfara,5517793,0.75,1174.1666666666665
PACE-FLU-SEV,2025/2026,40,46,6,Cases,State,Zamfara,5517793,0.9,1698
PACE-FLU-SEV,2025/2026,40,46,6,Cases,State,Zamfara,5517793,0.95,2026.500000000001
PACE-FLU-SEV,2025/2026,40,46,6,Cases,Zone,NC,36557326,0.05,3314
PACE-FLU-SEV,2025/2026,40,46,6,Cases,Zone,NC,36557326,0.1,3710.3
PACE-FLU-SEV,2025/2026,40,46,6,Cases,Zone,NC,36557326,0.25,4609.25
PACE-FLU-SEV,2025/2026,40,46,6,Cases,Zone,NC,36557326,0.5,5859
PACE-FLU-SEV,2025/2026,40,46,6,Cases,Zone,NC,36557326,0.75,7505.166666666666
PACE-FLU-SEV,2025/2026,40,46,6,Cases,Zone,NC,36557326,0.9,9281.633333333333
PACE-FLU-SEV,2025/2026,40,46,6,Cases,Zone,NC,36557326,0.95,10580.1
PACE-FLU-SEV,2025/2026,40,46,6,Cases,Zone,NE,32734949,0.05,2961.9
PACE-FLU-SEV,2025/2026,40,46,6,Cases,Zone,NE,32734949,0.1,3332.366666666667
PACE-FLU-SEV,2025/2026,40,46,6,Cases,Zone,NE,32734949,0.25,4129.416666666667
PACE-FLU-SEV,2025/2026,40,46,6,Cases,Zone,NE,32734949,0.5,5160
PACE-FLU-SEV,2025/2026,40,46,6,Cases,Zone,NE,32734949,0.75,6406
PACE-FLU-SEV,2025/2026,40,46,6,Cases,Zone,NE,32734949,0.9,7879.633333333333
PACE-FLU-SEV,2025/2026,40,46,6,Cases,Zone,NE,32734949,0.95,8855.3
PACE-FLU-SEV,2025/2026,40,46,6,Cases,Zone,NW,58539886,0.05,5307.7
PACE-FLU-SEV,2025/2026,40,46,6,Cases,Zone,NW,58539886,0.1,5974.466666666667
PACE-FLU-SEV,2025/2026,40,46,6,Cases,Zone,NW,58539886,0.25,7243
PACE-FLU-SEV,2025/2026,40,46,6,Cases,Zone,NW,58539886,0.5,9227.5
PACE-FLU-SEV,2025/2026,40,46,6,Cases,Zone,NW,58539886,0.75,11674.583333333334
PACE-FLU-SEV,2025/2026,40,46,6,Cases,Zone,NW,58539886,0.9,14205.066666666668
PACE-FLU-SEV,2025/2026,40,46,6,Cases,Zone,NW,58539886,0.95,16175.10000000001
PACE-FLU-SEV,2025/2026,40,46,6,Cases,Zone,SE,27612828,0.05,2110.05
PACE-FLU-SEV,2025/2026,40,46,6,Cases,Zone,SE,27612828,0.1,2447
PACE-FLU-SEV,2025/2026,40,46,6,Cases,Zone,SE,27612828,0.25,3026
PACE-FLU-SEV,2025/2026,40,46,6,Cases,Zone,SE,27612828,0.5,3852.500000000001
PACE-FLU-SEV,2025/2026,40,46,6,Cases,Zone,SE,27612828,0.75,4942.75
PACE-FLU-SEV,2025/2026,40,46,6,Cases,Zone,SE,27612828,0.9,6337.666666666669
PACE-FLU-SEV,2025/2026,40,46,6,Cases,Zone,SE,27612828,0.95,7508.200000000001
PACE-FLU-SEV,2025/2026,40,46,6,Cases,Zone,SS,31220652,0.05,2432.45
PACE-FLU-SEV,2025/2026,40,46,6,Cases,Zone,SS,31220652,0.1,2761.7333333333336
PACE-FLU-SEV,2025/2026,40,46,6,Cases,Zone,SS,31220652,0.25,3440.5
PACE-FLU-SEV,2025/2026,40,46,6,Cases,Zone,SS,31220652,0.5,4427
PACE-FLU-SEV,2025/2026,40,46,6,Cases,Zone,SS,31220652,0.75,5675
PACE-FLU-SEV,2025/2026,40,46,6,Cases,Zone,SS,31220652,0.9,7148.300000000002
PACE-FLU-SEV,2025/2026,40,46,6,Cases,Zone,SS,31220652,0.95,8127.1500000000015
PACE-FLU-SEV,2025/2026,40,46,6,Cases,Zone,SW,42836294,0.05,3316.7
PACE-FLU-SEV,2025/2026,40,46,6,Cases,Zone,SW,42836294,0.1,3794.966666666667
PACE-FLU-SEV,2025/2026,40,46,6,Cases,Zone,SW,42836294,0.25,4688.666666666666
PACE-FLU-SEV,2025/2026,40,46,6,Cases,Zone,SW,42836294,0.5,6052
PACE-FLU-SEV,2025/2026,40,46,6,Cases,Zone,SW,42836294,0.75,7945.333333333333
PACE-FLU-SEV,2025/2026,40,46,6,Cases,Zone,SW,42836294,0.9,10012.166666666668
PACE-FLU-SEV,2025/2026,40,46,6,Cases,Zone,SW,42836294,0.95,11605.100000000002
PACE-FLU-SEV,2025/2026,40,47,7,Cases,Macro,North,127832161,0.05,14290.1
PACE-FLU-SEV,2025/2026,40,47,7,Cases,Macro,North,127832161,0.1,15568.2
PACE-FLU-SEV,2025/2026,40,47,7,Cases,Macro,North,127832161,0.25,18334.083333333332
PACE-FLU-SEV,2025/2026,40,47,7,Cases,Macro,North,127832161,0.5,22283
PACE-FLU-SEV,2025/2026,40,47,7,Cases,Macro,North,127832161,0.75,27424.583333333336
PACE-FLU-SEV,2025/2026,40,47,7,Cases,Macro,North,127832161,0.9,33139.66666666668
PACE-FLU-SEV,2025/2026,40,47,7,Cases,Macro,North,127832161,0.95,37288.45
PACE-FLU-SEV,2025/2026,40,47,7,Cases,Macro,South,101669774,0.05,9061.6
PACE-FLU-SEV,2025/2026,40,47,7,Cases,Macro,South,101669774,0.1,10289.866666666667
PACE-FLU-SEV,2025/2026,40,47,7,Cases,Macro,South,101669774,0.25,12297.25
PACE-FLU-SEV,2025/2026,40,47,7,Cases,Macro,South,101669774,0.5,15574
PACE-FLU-SEV,2025/2026,40,47,7,Cases,Macro,South,101669774,0.75,19791
PACE-FLU-SEV,2025/2026,40,47,7,Cases,Macro,South,101669774,0.9,25091.333333333336
PACE-FLU-SEV,2025/2026,40,47,7,Cases,Macro,South,101669774,0.95,29689.250000000007
PACE-FLU-SEV,2025/2026,40,47,7,Cases,National,Nigeria,229501935,0.05,24846.35
PACE-FLU-SEV,2025/2026,40,47,7,Cases,National,Nigeria,229501935,0.1,27016.4
PACE-FLU-SEV,2025/2026,40,47,7,Cases,National,Nigeria,229501935,0.25,31677.666666666668
PACE-FLU-SEV,2025/2026,40,47,7,Cases,National,Nigeria,229501935,0.5,38330
PACE-FLU-SEV,2025/2026,40,47,7,Cases,National,Nigeria,229501935,0.75,46377.416666666664
PACE-FLU-SEV,2025/2026,40,47,7,Cases,National,Nigeria,229501935,0.9,57003.73333333335
PACE-FLU-SEV,2025/2026,40,47,7,Cases,National,Nigeria,229501935,0.95,63063.65000000001
PACE-FLU-SEV,2025/2026,40,47,7,Cases,State,Abia,4841943,0.05,205
PACE-FLU-SEV,2025/2026,40,47,7,Cases,State,Abia,4841943,0.1,272
PACE-FLU-SEV,2025/2026,40,47,7,Cases,State,Abia,4841943,0.25,429
PACE-FLU-SEV,2025/2026,40,47,7,Cases,State,Abia,4841943,0.5,674
PACE-FLU-SEV,2025/2026,40,47,7,Cases,State,Abia,4841943,0.75,997
PACE-FLU-SEV,2025/2026,40,47,7,Cases,State,Abia,4841943,0.9,1427
PACE-FLU-SEV,2025/2026,40,47,7,Cases,State,Abia,4841943,0.95,1807.9000000000005
PACE-FLU-SEV,2025/2026,40,47,7,Cases,State,Adamawa,5236948,0.05,250.35000000000002
PACE-FLU-SEV,2025/2026,40,47,7,Cases,State,Adamawa,5236948,0.1,330.7333333333334
PACE-FLU-SEV,2025/2026,40,47,7,Cases,State,Adamawa,5236948,0.25,517.4166666666667
PACE-FLU-SEV,2025/2026,40,47,7,Cases,State,Adamawa,5236948,0.5,820.5000000000001
PACE-FLU-SEV,2025/2026,40,47,7,Cases,State,Adamawa,5236948,0.75,1215.5833333333333
PACE-FLU-SEV,2025/2026,40,47,7,Cases,State,Adamawa,5236948,0.9,1772.8000000000006
PACE-FLU-SEV,2025/2026,40,47,7,Cases,State,Adamawa,5236948,0.95,2220.2500000000005
PACE-FLU-SEV,2025/2026,40,47,7,Cases,State,Akwa Ibom,5780581,0.05,272
PACE-FLU-SEV,2025/2026,40,47,7,Cases,State,Akwa Ibom,5780581,0.1,347
PACE-FLU-SEV,2025/2026,40,47,7,Cases,State,Akwa Ibom,5780581,0.25,518
PACE-FLU-SEV,2025/2026,40,47,7,Cases,State,Akwa Ibom,5780581,0.5,800
PACE-FLU-SEV,2025/2026,40,47,7,Cases,State,Akwa Ibom,5780581,0.75,1200.5833333333333
PACE-FLU-SEV,2025/2026,40,47,7,Cases,State,Akwa Ibom,5780581,0.9,1748
PACE-FLU-SEV,2025/2026,40,47,7,Cases,State,Akwa Ibom,5780581,0.95,2184.2000000000007
PACE-FLU-SEV,2025/2026,40,47,7,Cases,State,Anambra,7299910,0.05,323.35
PACE-FLU-SEV,2025/2026,40,47,7,Cases,State,Anambra,7299910,0.1,428.3666666666667
PACE-FLU-SEV,2025/2026,40,47,7,Cases,State,Anambra,7299910,0.25,647.4166666666667
PACE-FLU-SEV,2025/2026,40,47,7,Cases,State,Anambra,7299910,0.5,991
PACE-FLU-SEV,2025/2026,40,47,7,Cases,State,Anambra,7299910,0.75,1490.333333333333
PACE-FLU-SEV,2025/2026,40,47,7,Cases,State,Anambra,7299910,0.9,2120
PACE-FLU-SEV,2025/2026,40,47,7,Cases,State,Anambra,7299910,0.95,2623.6000000000004
PACE-FLU-SEV,2025/2026,40,47,7,Cases,State,Bauchi,7540663,0.05,379
PACE-FLU-SEV,2025/2026,40,47,7,Cases,State,Bauchi,7540663,0.1,503.73333333333335
PACE-FLU-SEV,2025/2026,40,47,7,Cases,State,Bauchi,7540663,0.25,752.4166666666667
PACE-FLU-SEV,2025/2026,40,47,7,Cases,State,Bauchi,7540663,0.5,1148.0000000000002
PACE-FLU-SEV,2025/2026,40,47,7,Cases,State,Bauchi,7540663,0.75,1742.5833333333333
PACE-FLU-SEV,2025/2026,40,47,7,Cases,State,Bauchi,7540663,0.9,2405.2333333333345
PACE-FLU-SEV,2025/2026,40,47,7,Cases,State,Bauchi,7540663,0.95,2950.2500000000005
PACE-FLU-SEV,2025/2026,40,47,7,Cases,State,Bayelsa,2394725,0.05,114
PACE-FLU-SEV,2025/2026,40,47,7,Cases,State,Bayelsa,2394725,0.1,147
PACE-FLU-SEV,2025/2026,40,47,7,Cases,State,Bayelsa,2394725,0.25,219
PACE-FLU-SEV,2025/2026,40,47,7,Cases,State,Bayelsa,2394725,0.5,332.5000000000001
PACE-FLU-SEV,2025/2026,40,47,7,Cases,State,Bayelsa,2394725,0.75,504.58333333333326
PACE-FLU-SEV,2025/2026,40,47,7,Cases,State,Bayelsa,2394725,0.9,712.8000000000006
PACE-FLU-SEV,2025/2026,40,47,7,Cases,State,Bayelsa,2394725,0.95,869.1000000000013
PACE-FLU-SEV,2025/2026,40,47,7,Cases,State,Benue,6687706,0.05,335.35
PACE-FLU-SEV,2025/2026,40,47,7,Cases,State,Benue,6687706,0.1,431
PACE-FLU-SEV,2025/2026,40,47,7,Cases,State,Benue,6687706,0.25,647.4166666666667
PACE-FLU-SEV,2025/2026,40,47,7,Cases,State,Benue,6687706,0.5,1012.5000000000001
PACE-FLU-SEV,2025/2026,40,47,7,Cases,State,Benue,6687706,0.75,1530.5833333333333
PACE-FLU-SEV,2025/2026,40,47,7,Cases,State,Benue,6687706,0.9,2228.3333333333344
PACE-FLU-SEV,2025/2026,40,47,7,Cases,State,Benue,6687706,0.95,2685.3
PACE-FLU-SEV,2025/2026,40,47,7,Cases,State,Borno,6651590,0.05,339.35
PACE-FLU-SEV,2025/2026,40,47,7,Cases,State,Borno,6651590,0.1,442.3666666666667
PACE-FLU-SEV,2025/2026,40,47,7,Cases,State,Borno,6651590,0.25,689
PACE-FLU-SEV,2025/2026,40,47,7,Cases,State,Borno,6651590,0.5,1038
PACE-FLU-SEV,2025/2026,40,47,7,Cases,State,Borno,6651590,0.75,1566
PACE-FLU-SEV,2025/2026,40,47,7,Cases,State,Borno,6651590,0.9,2172.5333333333338
PACE-FLU-SEV,2025/2026,40,47,7,Cases,State,Borno,6651590,0.95,2619.2500000000005
PACE-FLU-SEV,2025/2026,40,47,7,Cases,State,Cross River,4175020,0.05,182.35000000000002
PACE-FLU-SEV,2025/2026,40,47,7,Cases,State,Cross River,4175020,0.1,241
PACE-FLU-SEV,2025/2026,40,47,7,Cases,State,Cross River,4175020,0.25,379
PACE-FLU-SEV,2025/2026,40,47,7,Cases,State,Cross River,4175020,0.5,580
PACE-FLU-SEV,2025/2026,40,47,7,Cases,State,Cross River,4175020,0.75,867.5833333333333
PACE-FLU-SEV,2025/2026,40,47,7,Cases,State,Cross River,4175020,0.9,1248.6333333333334
PACE-FLU-SEV,2025/2026,40,47,7,Cases,State,Cross River,4175020,0.95,1523.2500000000005
PACE-FLU-SEV,2025/2026,40,47,7,Cases,State,Delta,6107543,0.05,271.35
PACE-FLU-SEV,2025/2026,40,47,7,Cases,State,Delta,6107543,0.1,343
PACE-FLU-SEV,2025/2026,40,47,7,Cases,State,Delta,6107543,0.25,542
PACE-FLU-SEV,2025/2026,40,47,7,Cases,State,Delta,6107543,0.5,848.0000000000002
PACE-FLU-SEV,2025/2026,40,47,7,Cases,State,Delta,6107543,0.75,1259.5833333333333
PACE-FLU-SEV,2025/2026,40,47,7,Cases,State,Delta,6107543,0.9,1809.5333333333338
PACE-FLU-SEV,2025/2026,40,47,7,Cases,State,Delta,6107543,0.95,2242.3
PACE-FLU-SEV,2025/2026,40,47,7,Cases,State,Ebonyi,4007155,0.05,188
PACE-FLU-SEV,2025/2026,40,47,7,Cases,State,Ebonyi,4007155,0.1,240
PACE-FLU-SEV,2025/2026,40,47,7,Cases,State,Ebonyi,4007155,0.25,364.83333333333337
PACE-FLU-SEV,2025/2026,40,47,7,Cases,State,Ebonyi,4007155,0.5,543
PACE-FLU-SEV,2025/2026,40,47,7,Cases,State,Ebonyi,4007155,0.75,826.5833333333333
PACE-FLU-SEV,2025/2026,40,47,7,Cases,State,Ebonyi,4007155,0.9,1234.6333333333334
PACE-FLU-SEV,2025/2026,40,47,7,Cases,State,Ebonyi,4007155,0.95,1518.500000000001
PACE-FLU-SEV,2025/2026,40,47,7,Cases,State,Edo,5527810,0.05,252
PACE-FLU-SEV,2025/2026,40,47,7,Cases,State,Edo,5527810,0.1,311.7333333333334
PACE-FLU-SEV,2025/2026,40,47,7,Cases,State,Edo,5527810,0.25,486.4166666666667
PACE-FLU-SEV,2025/2026,40,47,7,Cases,State,Edo,5527810,0.5,757.0000000000002
PACE-FLU-SEV,2025/2026,40,47,7,Cases,State,Edo,5527810,0.75,1155.1666666666665
PACE-FLU-SEV,2025/2026,40,47,7,Cases,State,Edo,5527810,0.9,1713.6333333333334
PACE-FLU-SEV,2025/2026,40,47,7,Cases,State,Edo,5527810,0.95,2027.9500000000003
PACE-FLU-SEV,2025/2026,40,47,7,Cases,State,Ekiti,3398177,0.05,153
PACE-FLU-SEV,2025/2026,40,47,7,Cases,State,Ekiti,3398177,0.1,196.3666666666667
PACE-FLU-SEV,2025/2026,40,47,7,Cases,State,Ekiti,3398177,0.25,307
PACE-FLU-SEV,2025/2026,40,47,7,Cases,State,Ekiti,3398177,0.5,474.5000000000001
PACE-FLU-SEV,2025/2026,40,47,7,Cases,State,Ekiti,3398177,0.75,723.5833333333333
PACE-FLU-SEV,2025/2026,40,47,7,Cases,State,Ekiti,3398177,0.9,1027.6000000000013
PACE-FLU-SEV,2025/2026,40,47,7,Cases,State,Ekiti,3398177,0.95,1276.9500000000003
PACE-FLU-SEV,2025/2026,40,47,7,Cases,State,Enugu,5396098,0.05,235.70000000000005
PACE-FLU-SEV,2025/2026,40,47,7,Cases,State,Enugu,5396098,0.1,319.3666666666667
PACE-FLU-SEV,2025/2026,40,47,7,Cases,State,Enugu,5396098,0.25,494
PACE-FLU-SEV,2025/2026,40,47,7,Cases,State,Enugu,5396098,0.5,753.0000000000002
PACE-FLU-SEV,2025/2026,40,47,7,Cases,State,Enugu,5396098,0.75,1140
PACE-FLU-SEV,2025/2026,40,47,7,Cases,State,Enugu,5396098,0.9,1566
PACE-FLU-SEV,2025/2026,40,47,7,Cases,State,Enugu,5396098,0.95,1970.5500000000006
PACE-FLU-SEV,2025/2026,40,47,7,Cases,State,FCT,4802443,0.05,242
PACE-FLU-SEV,2025/2026,40,47,7,Cases,State,FCT,4802443,0.1,318
PACE-FLU-SEV,2025/2026,40,47,7,Cases,State,FCT,4802443,0.25,498.4166666666667
PACE-FLU-SEV,2025/2026,40,47,7,Cases,State,FCT,4802443,0.5,769.5000000000001
PACE-FLU-SEV,2025/2026,40,47,7,Cases,State,FCT,4802443,0.75,1162
PACE-FLU-SEV,2025/2026,40,47,7,Cases,State,FCT,4802443,0.9,1639.5333333333338
PACE-FLU-SEV,2025/2026,40,47,7,Cases,State,FCT,4802443,0.95,2006.2500000000005
PACE-FLU-SEV,2025/2026,40,47,7,Cases,State,Gombe,4623462,0.05,249
PACE-FLU-SEV,2025/2026,40,47,7,Cases,State,Gombe,4623462,0.1,314
PACE-FLU-SEV,2025/2026,40,47,7,Cases,State,Gombe,4623462,0.25,494
PACE-FLU-SEV,2025/2026,40,47,7,Cases,State,Gombe,4623462,0.5,739
PACE-FLU-SEV,2025/2026,40,47,7,Cases,State,Gombe,4623462,0.75,1088.5833333333333
PACE-FLU-SEV,2025/2026,40,47,7,Cases,State,Gombe,4623462,0.9,1596.5333333333338
PACE-FLU-SEV,2025/2026,40,47,7,Cases,State,Gombe,4623462,0.95,1909.3000000000002
PACE-FLU-SEV,2025/2026,40,47,7,Cases,State,Imo,6067722,0.05,283.35
PACE-FLU-SEV,2025/2026,40,47,7,Cases,State,Imo,6067722,0.1,370
PACE-FLU-SEV,2025/2026,40,47,7,Cases,State,Imo,6067722,0.25,543.4166666666667
PACE-FLU-SEV,2025/2026,40,47,7,Cases,State,Imo,6067722,0.5,852.5000000000001
PACE-FLU-SEV,2025/2026,40,47,7,Cases,State,Imo,6067722,0.75,1255.5833333333333
PACE-FLU-SEV,2025/2026,40,47,7,Cases,State,Imo,6067722,0.9,1756.6333333333334
PACE-FLU-SEV,2025/2026,40,47,7,Cases,State,Imo,6067722,0.95,2228.9500000000003
PACE-FLU-SEV,2025/2026,40,47,7,Cases,State,Jigawa,6979080,0.05,377
PACE-FLU-SEV,2025/2026,40,47,7,Cases,State,Jigawa,6979080,0.1,471
PACE-FLU-SEV,2025/2026,40,47,7,Cases,State,Jigawa,6979080,0.25,702.6666666666667
PACE-FLU-SEV,2025/2026,40,47,7,Cases,State,Jigawa,6979080,0.5,1062
PACE-FLU-SEV,2025/2026,40,47,7,Cases,State,Jigawa,6979080,0.75,1623
PACE-FLU-SEV,2025/2026,40,47,7,Cases,State,Jigawa,6979080,0.9,2282.266666666667
PACE-FLU-SEV,2025/2026,40,47,7,Cases,State,Jigawa,6979080,0.95,2854.65
PACE-FLU-SEV,2025/2026,40,47,7,Cases,State,Kaduna,8324285,0.05,416.35
PACE-FLU-SEV,2025/2026,40,47,7,Cases,State,Kaduna,8324285,0.1,552.3666666666667
PACE-FLU-SEV,2025/2026,40,47,7,Cases,State,Kaduna,8324285,0.25,833
PACE-FLU-SEV,2025/2026,40,47,7,Cases,State,Kaduna,8324285,0.5,1314.0000000000005
PACE-FLU-SEV,2025/2026,40,47,7,Cases,State,Kaduna,8324285,0.75,1940.7499999999998
PACE-FLU-SEV,2025/2026,40,47,7,Cases,State,Kaduna,8324285,0.9,2816.9000000000005
PACE-FLU-SEV,2025/2026,40,47,7,Cases,State,Kaduna,8324285,0.95,3449
PACE-FLU-SEV,2025/2026,40,47,7,Cases,State,Kano,16253549,0.05,836.3499999999999
PACE-FLU-SEV,2025/2026,40,47,7,Cases,State,Kano,16253549,0.1,1089
PACE-FLU-SEV,2025/2026,40,47,7,Cases,State,Kano,16253549,0.25,1667
PACE-FLU-SEV,2025/2026,40,47,7,Cases,State,Kano,16253549,0.5,2567.0000000000005
PACE-FLU-SEV,2025/2026,40,47,7,Cases,State,Kano,16253549,0.75,3866.75
PACE-FLU-SEV,2025/2026,40,47,7,Cases,State,Kano,16253549,0.9,5666
PACE-FLU-SEV,2025/2026,40,47,7,Cases,State,Kano,16253549,0.95,6800.800000000001
PACE-FLU-SEV,2025/2026,40,47,7,Cases,State,Katsina,9300382,0.05,467.35
PACE-FLU-SEV,2025/2026,40,47,7,Cases,State,Katsina,9300382,0.1,621.1000000000001
PACE-FLU-SEV,2025/2026,40,47,7,Cases,State,Katsina,9300382,0.25,973.8333333333333
PACE-FLU-SEV,2025/2026,40,47,7,Cases,State,Katsina,9300382,0.5,1482
PACE-FLU-SEV,2025/2026,40,47,7,Cases,State,Katsina,9300382,0.75,2240.583333333333
PACE-FLU-SEV,2025/2026,40,47,7,Cases,State,Katsina,9300382,0.9,3280.9000000000005
PACE-FLU-SEV,2025/2026,40,47,7,Cases,State,Katsina,9300382,0.95,4012.4000000000015
PACE-FLU-SEV,2025/2026,40,47,7,Cases,State,Kebbi,6001610,0.05,320.05000000000007
PACE-FLU-SEV,2025/2026,40,47,7,Cases,State,Kebbi,6001610,0.1,413
PACE-FLU-SEV,2025/2026,40,47,7,Cases,State,Kebbi,6001610,0.25,623.8333333333334
PACE-FLU-SEV,2025/2026,40,47,7,Cases,State,Kebbi,6001610,0.5,906
PACE-FLU-SEV,2025/2026,40,47,7,Cases,State,Kebbi,6001610,0.75,1385.7499999999998
PACE-FLU-SEV,2025/2026,40,47,7,Cases,State,Kebbi,6001610,0.9,1929.6333333333334
PACE-FLU-SEV,2025/2026,40,47,7,Cases,State,Kebbi,6001610,0.95,2344.65
PACE-FLU-SEV,2025/2026,40,47,7,Cases,State,Kogi,5053734,0.05,263
PACE-FLU-SEV,2025/2026,40,47,7,Cases,State,Kogi,5053734,0.1,332
PACE-FLU-SEV,2025/2026,40,47,7,Cases,State,Kogi,5053734,0.25,512.4166666666667
PACE-FLU-SEV,2025/2026,40,47,7,Cases,State,Kogi,5053734,0.5,807.5000000000001
PACE-FLU-SEV,2025/2026,40,47,7,Cases,State,Kogi,5053734,0.75,1210.1666666666665
PACE-FLU-SEV,2025/2026,40,47,7,Cases,State,Kogi,5053734,0.9,1727.6333333333334
PACE-FLU-SEV,2025/2026,40,47,7,Cases,State,Kogi,5053734,0.95,2166.8500000000026
PACE-FLU-SEV,2025/2026,40,47,7,Cases,State,Kwara,4259613,0.05,216
PACE-FLU-SEV,2025/2026,40,47,7,Cases,State,Kwara,4259613,0.1,279.3666666666667
PACE-FLU-SEV,2025/2026,40,47,7,Cases,State,Kwara,4259613,0.25,414.4166666666667
PACE-FLU-SEV,2025/2026,40,47,7,Cases,State,Kwara,4259613,0.5,640.5000000000001
PACE-FLU-SEV,2025/2026,40,47,7,Cases,State,Kwara,4259613,0.75,971.5833333333333
PACE-FLU-SEV,2025/2026,40,47,7,Cases,State,Kwara,4259613,0.9,1381.6333333333334
PACE-FLU-SEV,2025/2026,40,47,7,Cases,State,Kwara,4259613,0.95,1705
PACE-FLU-SEV,2025/2026,40,47,7,Cases,State,Lagos,15772884,0.05,714.3499999999999
PACE-FLU-SEV,2025/2026,40,47,7,Cases,State,Lagos,15772884,0.1,926.4666666666668
PACE-FLU-SEV,2025/2026,40,47,7,Cases,State,Lagos,15772884,0.25,1448.8333333333335
PACE-FLU-SEV,2025/2026,40,47,7,Cases,State,Lagos,15772884,0.5,2212
PACE-FLU-SEV,2025/2026,40,47,7,Cases,State,Lagos,15772884,0.75,3425.583333333333
PACE-FLU-SEV,2025/2026,40,47,7,Cases,State,Lagos,15772884,0.9,5071.266666666666
PACE-FLU-SEV,2025/2026,40,47,7,Cases,State,Lagos,15772884,0.95,6225.800000000001
PACE-FLU-SEV,2025/2026,40,47,7,Cases,State,Nasarawa,3632239,0.05,177.35000000000002
PACE-FLU-SEV,2025/2026,40,47,7,Cases,State,Nasarawa,3632239,0.1,244
PACE-FLU-SEV,2025/2026,40,47,7,Cases,State,Nasarawa,3632239,0.25,370
PACE-FLU-SEV,2025/2026,40,47,7,Cases,State,Nasarawa,3632239,0.5,578
PACE-FLU-SEV,2025/2026,40,47,7,Cases,State,Nasarawa,3632239,0.75,880.5833333333333
PACE-FLU-SEV,2025/2026,40,47,7,Cases,State,Nasarawa,3632239,0.9,1235
PACE-FLU-SEV,2025/2026,40,47,7,Cases,State,Nasarawa,3632239,0.95,1560.2500000000005
PACE-FLU-SEV,2025/2026,40,47,7,Cases,State,Niger,6720617,0.05,325.40000000000003
PACE-FLU-SEV,2025/2026,40,47,7,Cases,State,Niger,6720617,0.1,437.36666666666673
PACE-FLU-SEV,2025/2026,40,47,7,Cases,State,Niger,6720617,0.25,665.4166666666667
PACE-FLU-SEV,2025/2026,40,47,7,Cases,State,Niger,6720617,0.5,1034.5
PACE-FLU-SEV,2025/2026,40,47,7,Cases,State,Niger,6720617,0.75,1560.4999999999995
PACE-FLU-SEV,2025/2026,40,47,7,Cases,State,Niger,6720617,0.9,2293.4333333333343
PACE-FLU-SEV,2025/2026,40,47,7,Cases,State,Niger,6720617,0.95,2722.65
PACE-FLU-SEV,2025/2026,40,47,7,Cases,State,Ogun,6445275,0.05,287.05
PACE-FLU-SEV,2025/2026,40,47,7,Cases,State,Ogun,6445275,0.1,379
PACE-FLU-SEV,2025/2026,40,47,7,Cases,State,Ogun,6445275,0.25,564.4166666666667
PACE-FLU-SEV,2025/2026,40,47,7,Cases,State,Ogun,6445275,0.5,867.5000000000001
PACE-FLU-SEV,2025/2026,40,47,7,Cases,State,Ogun,6445275,0.75,1319.5833333333333
PACE-FLU-SEV,2025/2026,40,47,7,Cases,State,Ogun,6445275,0.9,1931.2666666666669
PACE-FLU-SEV,2025/2026,40,47,7,Cases,State,Ogun,6445275,0.95,2384.500000000001
PACE-FLU-SEV,2025/2026,40,47,7,Cases,State,Ondo,5469707,0.05,263
PACE-FLU-SEV,2025/2026,40,47,7,Cases,State,Ondo,5469707,0.1,336
PACE-FLU-SEV,2025/2026,40,47,7,Cases,State,Ondo,5469707,0.25,503.4166666666667
PACE-FLU-SEV,2025/2026,40,47,7,Cases,State,Ondo,5469707,0.5,778
PACE-FLU-SEV,2025/2026,40,47,7,Cases,State,Ondo,5469707,0.75,1178.5833333333333
PACE-FLU-SEV,2025/2026,40,47,7,Cases,State,Ondo,5469707,0.9,1711.3333333333344
PACE-FLU-SEV,2025/2026,40,47,7,Cases,State,Ondo,5469707,0.95,2173
PACE-FLU-SEV,2025/2026,40,47,7,Cases,State,Osun,4237396,0.05,190.35000000000002
PACE-FLU-SEV,2025/2026,40,47,7,Cases,State,Osun,4237396,0.1,250
PACE-FLU-SEV,2025/2026,40,47,7,Cases,State,Osun,4237396,0.25,380
PACE-FLU-SEV,2025/2026,40,47,7,Cases,State,Osun,4237396,0.5,588
PACE-FLU-SEV,2025/2026,40,47,7,Cases,State,Osun,4237396,0.75,891.7499999999998
PACE-FLU-SEV,2025/2026,40,47,7,Cases,State,Osun,4237396,0.9,1247.2666666666669
PACE-FLU-SEV,2025/2026,40,47,7,Cases,State,Osun,4237396,0.95,1567.65
PACE-FLU-SEV,2025/2026,40,47,7,Cases,State,Oyo,7512855,0.05,365.7
PACE-FLU-SEV,2025/2026,40,47,7,Cases,State,Oyo,7512855,0.1,449.73333333333346
PACE-FLU-SEV,2025/2026,40,47,7,Cases,State,Oyo,7512855,0.25,687
PACE-FLU-SEV,2025/2026,40,47,7,Cases,State,Oyo,7512855,0.5,1055
PACE-FLU-SEV,2025/2026,40,47,7,Cases,State,Oyo,7512855,0.75,1615
PACE-FLU-SEV,2025/2026,40,47,7,Cases,State,Oyo,7512855,0.9,2321.5333333333338
PACE-FLU-SEV,2025/2026,40,47,7,Cases,State,Oyo,7512855,0.95,2965.65
PACE-FLU-SEV,2025/2026,40,47,7,Cases,State,Plateau,5400974,0.05,286.35
PACE-FLU-SEV,2025/2026,40,47,7,Cases,State,Plateau,5400974,0.1,360
PACE-FLU-SEV,2025/2026,40,47,7,Cases,State,Plateau,5400974,0.25,540
PACE-FLU-SEV,2025/2026,40,47,7,Cases,State,Plateau,5400974,0.5,832
PACE-FLU-SEV,2025/2026,40,47,7,Cases,State,Plateau,5400974,0.75,1267.7499999999998
PACE-FLU-SEV,2025/2026,40,47,7,Cases,State,Plateau,5400974,0.9,1807
PACE-FLU-SEV,2025/2026,40,47,7,Cases,State,Plateau,5400974,0.95,2305.65
PACE-FLU-SEV,2025/2026,40,47,7,Cases,State,Rivers,7234973,0.05,326.70000000000005
PACE-FLU-SEV,2025/2026,40,47,7,Cases,State,Rivers,7234973,0.1,423
PACE-FLU-SEV,2025/2026,40,47,7,Cases,State,Rivers,7234973,0.25,639
PACE-FLU-SEV,2025/2026,40,47,7,Cases,State,Rivers,7234973,0.5,993.5000000000001
PACE-FLU-SEV,2025/2026,40,47,7,Cases,State,Rivers,7234973,0.75,1503.5833333333333
PACE-FLU-SEV,2025/2026,40,47,7,Cases,State,Rivers,7234973,0.9,2111.166666666667
PACE-FLU-SEV,2025/2026,40,47,7,Cases,State,Rivers,7234973,0.95,2654.1000000000013
PACE-FLU-SEV,2025/2026,40,47,7,Cases,State,Sokoto,6163187,0.05,342.35
PACE-FLU-SEV,2025/2026,40,47,7,Cases,State,Sokoto,6163187,0.1,428
PACE-FLU-SEV,2025/2026,40,47,7,Cases,State,Sokoto,6163187,0.25,611
PACE-FLU-SEV,2025/2026,40,47,7,Cases,State,Sokoto,6163187,0.5,940
PACE-FLU-SEV,2025/2026,40,47,7,Cases,State,Sokoto,6163187,0.75,1428.1666666666665
PACE-FLU-SEV,2025/2026,40,47,7,Cases,State,Sokoto,6163187,0.9,2049.266666666667
PACE-FLU-SEV,2025/2026,40,47,7,Cases,State,Sokoto,6163187,0.95,2504.7000000000016
PACE-FLU-SEV,2025/2026,40,47,7,Cases,State,Taraba,4331885,0.05,232.35000000000002
PACE-FLU-SEV,2025/2026,40,47,7,Cases,State,Taraba,4331885,0.1,302.3666666666667
PACE-FLU-SEV,2025/2026,40,47,7,Cases,State,Taraba,4331885,0.25,446
PACE-FLU-SEV,2025/2026,40,47,7,Cases,State,Taraba,4331885,0.5,668.5000000000001
PACE-FLU-SEV,2025/2026,40,47,7,Cases,State,Taraba,4331885,0.75,1014.5833333333333
PACE-FLU-SEV,2025/2026,40,47,7,Cases,State,Taraba,4331885,0.9,1484.5333333333338
PACE-FLU-SEV,2025/2026,40,47,7,Cases,State,Taraba,4331885,0.95,1847.3000000000002
PACE-FLU-SEV,2025/2026,40,47,7,Cases,State,Yobe,4350401,0.05,239.35000000000002
PACE-FLU-SEV,2025/2026,40,47,7,Cases,State,Yobe,4350401,0.1,300
PACE-FLU-SEV,2025/2026,40,47,7,Cases,State,Yobe,4350401,0.25,442
PACE-FLU-SEV,2025/2026,40,47,7,Cases,State,Yobe,4350401,0.5,692
PACE-FLU-SEV,2025/2026,40,47,7,Cases,State,Yobe,4350401,0.75,1038
PACE-FLU-SEV,2025/2026,40,47,7,Cases,State,Yobe,4350401,0.9,1481
PACE-FLU-SEV,2025/2026,40,47,7,Cases,State,Yobe,4350401,0.95,1774
PACE-FLU-SEV,2025/2026,40,47,7,Cases,State,Zamfara,5517793,0.05,281.35
PACE-FLU-SEV,2025/2026,40,47,7,Cases,State,Zamfara,5517793,0.1,369.4666666666668
PACE-FLU-SEV,2025/2026,40,47,7,Cases,State,Zamfara,5517793,0.25,559
PACE-FLU-SEV,2025/2026,40,47,7,Cases,State,Zamfara,5517793,0.5,855.5000000000001
PACE-FLU-SEV,2025/2026,40,47,7,Cases,State,Zamfara,5517793,0.75,1283
PACE-FLU-SEV,2025/2026,40,47,7,Cases,State,Zamfara,5517793,0.9,1828.6333333333334
PACE-FLU-SEV,2025/2026,40,47,7,Cases,State,Zamfara,5517793,0.95,2213.2500000000005
PACE-FLU-SEV,2025/2026,40,47,7,Cases,Zone,NC,36557326,0.05,3401.7
PACE-FLU-SEV,2025/2026,40,47,7,Cases,Zone,NC,36557326,0.1,3884.7333333333336
PACE-FLU-SEV,2025/2026,40,47,7,Cases,Zone,NC,36557326,0.25,4854.833333333334
PACE-FLU-SEV,2025/2026,40,47,7,Cases,Zone,NC,36557326,0.5,6209
PACE-FLU-SEV,2025/2026,40,47,7,Cases,Zone,NC,36557326,0.75,8074.166666666666
PACE-FLU-SEV,2025/2026,40,47,7,Cases,Zone,NC,36557326,0.9,10260.633333333333
PACE-FLU-SEV,2025/2026,40,47,7,Cases,Zone,NC,36557326,0.95,11765.500000000005
PACE-FLU-SEV,2025/2026,40,47,7,Cases,Zone,NE,32734949,0.05,3163.7
PACE-FLU-SEV,2025/2026,40,47,7,Cases,Zone,NE,32734949,0.1,3654.8666666666672
PACE-FLU-SEV,2025/2026,40,47,7,Cases,Zone,NE,32734949,0.25,4457.833333333334
PACE-FLU-SEV,2025/2026,40,47,7,Cases,Zone,NE,32734949,0.5,5591.5
PACE-FLU-SEV,2025/2026,40,47,7,Cases,Zone,NE,32734949,0.75,7113.333333333333
PACE-FLU-SEV,2025/2026,40,47,7,Cases,Zone,NE,32734949,0.9,8920.066666666668
PACE-FLU-SEV,2025/2026,40,47,7,Cases,Zone,NE,32734949,0.95,10229.100000000002
PACE-FLU-SEV,2025/2026,40,47,7,Cases,Zone,NW,58539886,0.05,5891.2
PACE-FLU-SEV,2025/2026,40,47,7,Cases,Zone,NW,58539886,0.1,6537
PACE-FLU-SEV,2025/2026,40,47,7,Cases,Zone,NW,58539886,0.25,7973
PACE-FLU-SEV,2025/2026,40,47,7,Cases,Zone,NW,58539886,0.5,10069
PACE-FLU-SEV,2025/2026,40,47,7,Cases,Zone,NW,58539886,0.75,12861.583333333334
PACE-FLU-SEV,2025/2026,40,47,7,Cases,Zone,NW,58539886,0.9,15907.600000000002
PACE-FLU-SEV,2025/2026,40,47,7,Cases,Zone,NW,58539886,0.95,18375.050000000003
PACE-FLU-SEV,2025/2026,40,47,7,Cases,Zone,SE,27612828,0.05,2210.35
PACE-FLU-SEV,2025/2026,40,47,7,Cases,Zone,SE,27612828,0.1,2511.366666666667
PACE-FLU-SEV,2025/2026,40,47,7,Cases,Zone,SE,27612828,0.25,3165.5
PACE-FLU-SEV,2025/2026,40,47,7,Cases,Zone,SE,27612828,0.5,4089
PACE-FLU-SEV,2025/2026,40,47,7,Cases,Zone,SE,27612828,0.75,5371
PACE-FLU-SEV,2025/2026,40,47,7,Cases,Zone,SE,27612828,0.9,6982.533333333334
PACE-FLU-SEV,2025/2026,40,47,7,Cases,Zone,SE,27612828,0.95,8145.050000000002
PACE-FLU-SEV,2025/2026,40,47,7,Cases,Zone,SS,31220652,0.05,2471.4
PACE-FLU-SEV,2025/2026,40,47,7,Cases,Zone,SS,31220652,0.1,2858.366666666667
PACE-FLU-SEV,2025/2026,40,47,7,Cases,Zone,SS,31220652,0.25,3622.416666666667
PACE-FLU-SEV,2025/2026,40,47,7,Cases,Zone,SS,31220652,0.5,4689.5
PACE-FLU-SEV,2025/2026,40,47,7,Cases,Zone,SS,31220652,0.75,6148
PACE-FLU-SEV,2025/2026,40,47,7,Cases,Zone,SS,31220652,0.9,7819.9
PACE-FLU-SEV,2025/2026,40,47,7,Cases,Zone,SS,31220652,0.95,9171.75
PACE-FLU-SEV,2025/2026,40,47,7,Cases,Zone,SW,42836294,0.05,3415.3999999999996
PACE-FLU-SEV,2025/2026,40,47,7,Cases,Zone,SW,42836294,0.1,3940.833333333334
PACE-FLU-SEV,2025/2026,40,47,7,Cases,Zone,SW,42836294,0.25,5000.833333333334
PACE-FLU-SEV,2025/2026,40,47,7,Cases,Zone,SW,42836294,0.5,6498.000000000002
PACE-FLU-SEV,2025/2026,40,47,7,Cases,Zone,SW,42836294,0.75,8679.5
PACE-FLU-SEV,2025/2026,40,47,7,Cases,Zone,SW,42836294,0.9,11449.766666666668
PACE-FLU-SEV,2025/2026,40,47,7,Cases,Zone,SW,42836294,0.95,13307.95
PACE-FLU-SEV,2025/2026,40,48,8,Cases,Macro,North,127832161,0.05,14711.75
PACE-FLU-SEV,2025/2026,40,48,8,Cases,Macro,North,127832161,0.1,16231.366666666667
PACE-FLU-SEV,2025/2026,40,48,8,Cases,Macro,North,127832161,0.25,19298.083333333332
PACE-FLU-SEV,2025/2026,40,48,8,Cases,Macro,North,127832161,0.5,23686.5
PACE-FLU-SEV,2025/2026,40,48,8,Cases,Macro,North,127832161,0.75,29699.916666666664
PACE-FLU-SEV,2025/2026,40,48,8,Cases,Macro,North,127832161,0.9,36887.20000000001
PACE-FLU-SEV,2025/2026,40,48,8,Cases,Macro,North,127832161,0.95,41976.2
PACE-FLU-SEV,2025/2026,40,48,8,Cases,Macro,South,101669774,0.05,9438.05
PACE-FLU-SEV,2025/2026,40,48,8,Cases,Macro,South,101669774,0.1,10514.133333333333
PACE-FLU-SEV,2025/2026,40,48,8,Cases,Macro,South,101669774,0.25,12959.5
PACE-FLU-SEV,2025/2026,40,48,8,Cases,Macro,South,101669774,0.5,16645
PACE-FLU-SEV,2025/2026,40,48,8,Cases,Macro,South,101669774,0.75,20837.916666666664
PACE-FLU-SEV,2025/2026,40,48,8,Cases,Macro,South,101669774,0.9,26356.700000000004
PACE-FLU-SEV,2025/2026,40,48,8,Cases,Macro,South,101669774,0.95,30999.050000000036
PACE-FLU-SEV,2025/2026,40,48,8,Cases,National,Nigeria,229501935,0.05,25652.049999999996
PACE-FLU-SEV,2025/2026,40,48,8,Cases,National,Nigeria,229501935,0.1,27792.466666666667
PACE-FLU-SEV,2025/2026,40,48,8,Cases,National,Nigeria,229501935,0.25,33285.666666666664
PACE-FLU-SEV,2025/2026,40,48,8,Cases,National,Nigeria,229501935,0.5,40621.5
PACE-FLU-SEV,2025/2026,40,48,8,Cases,National,Nigeria,229501935,0.75,49760.58333333333
PACE-FLU-SEV,2025/2026,40,48,8,Cases,National,Nigeria,229501935,0.9,61535.6
PACE-FLU-SEV,2025/2026,40,48,8,Cases,National,Nigeria,229501935,0.95,70957.60000000003
PACE-FLU-SEV,2025/2026,40,48,8,Cases,State,Abia,4841943,0.05,235
PACE-FLU-SEV,2025/2026,40,48,8,Cases,State,Abia,4841943,0.1,296.10000000000014
PACE-FLU-SEV,2025/2026,40,48,8,Cases,State,Abia,4841943,0.25,448
PACE-FLU-SEV,2025/2026,40,48,8,Cases,State,Abia,4841943,0.5,718.0000000000002
PACE-FLU-SEV,2025/2026,40,48,8,Cases,State,Abia,4841943,0.75,1117.5833333333333
PACE-FLU-SEV,2025/2026,40,48,8,Cases,State,Abia,4841943,0.9,1589.5333333333338
PACE-FLU-SEV,2025/2026,40,48,8,Cases,State,Abia,4841943,0.95,1961.9500000000003
PACE-FLU-SEV,2025/2026,40,48,8,Cases,State,Adamawa,5236948,0.05,282.35
PACE-FLU-SEV,2025/2026,40,48,8,Cases,State,Adamawa,5236948,0.1,357.10000000000014
PACE-FLU-SEV,2025/2026,40,48,8,Cases,State,Adamawa,5236948,0.25,546.4166666666667
PACE-FLU-SEV,2025/2026,40,48,8,Cases,State,Adamawa,5236948,0.5,853.5000000000001
PACE-FLU-SEV,2025/2026,40,48,8,Cases,State,Adamawa,5236948,0.75,1312
PACE-FLU-SEV,2025/2026,40,48,8,Cases,State,Adamawa,5236948,0.9,1887.2666666666669
PACE-FLU-SEV,2025/2026,40,48,8,Cases,State,Adamawa,5236948,0.95,2404.500000000001
PACE-FLU-SEV,2025/2026,40,48,8,Cases,State,Akwa Ibom,5780581,0.05,286.35
PACE-FLU-SEV,2025/2026,40,48,8,Cases,State,Akwa Ibom,5780581,0.1,368
PACE-FLU-SEV,2025/2026,40,48,8,Cases,State,Akwa Ibom,5780581,0.25,552.8333333333334
PACE-FLU-SEV,2025/2026,40,48,8,Cases,State,Akwa Ibom,5780581,0.5,853
PACE-FLU-SEV,2025/2026,40,48,8,Cases,State,Akwa Ibom,5780581,0.75,1312.1666666666665
PACE-FLU-SEV,2025/2026,40,48,8,Cases,State,Akwa Ibom,5780581,0.9,1841.2666666666669
PACE-FLU-SEV,2025/2026,40,48,8,Cases,State,Akwa Ibom,5780581,0.95,2336.6000000000004
PACE-FLU-SEV,2025/2026,40,48,8,Cases,State,Anambra,7299910,0.05,350.35
PACE-FLU-SEV,2025/2026,40,48,8,Cases,State,Anambra,7299910,0.1,453.36666666666673
PACE-FLU-SEV,2025/2026,40,48,8,Cases,State,Anambra,7299910,0.25,673
PACE-FLU-SEV,2025/2026,40,48,8,Cases,State,Anambra,7299910,0.5,1055.5000000000005
PACE-FLU-SEV,2025/2026,40,48,8,Cases,State,Anambra,7299910,0.75,1629.1666666666665
PACE-FLU-SEV,2025/2026,40,48,8,Cases,State,Anambra,7299910,0.9,2309.8000000000006
PACE-FLU-SEV,2025/2026,40,48,8,Cases,State,Anambra,7299910,0.95,2941.9500000000003
PACE-FLU-SEV,2025/2026,40,48,8,Cases,State,Bauchi,7540663,0.05,421.35
PACE-FLU-SEV,2025/2026,40,48,8,Cases,State,Bauchi,7540663,0.1,548.3666666666667
PACE-FLU-SEV,2025/2026,40,48,8,Cases,State,Bauchi,7540663,0.25,809.4166666666667
PACE-FLU-SEV,2025/2026,40,48,8,Cases,State,Bauchi,7540663,0.5,1252
PACE-FLU-SEV,2025/2026,40,48,8,Cases,State,Bauchi,7540663,0.75,1935.1666666666665
PACE-FLU-SEV,2025/2026,40,48,8,Cases,State,Bauchi,7540663,0.9,2727.266666666667
PACE-FLU-SEV,2025/2026,40,48,8,Cases,State,Bauchi,7540663,0.95,3415.2000000000007
PACE-FLU-SEV,2025/2026,40,48,8,Cases,State,Bayelsa,2394725,0.05,120
PACE-FLU-SEV,2025/2026,40,48,8,Cases,State,Bayelsa,2394725,0.1,153
PACE-FLU-SEV,2025/2026,40,48,8,Cases,State,Bayelsa,2394725,0.25,229
PACE-FLU-SEV,2025/2026,40,48,8,Cases,State,Bayelsa,2394725,0.5,352
PACE-FLU-SEV,2025/2026,40,48,8,Cases,State,Bayelsa,2394725,0.75,551.5833333333333
PACE-FLU-SEV,2025/2026,40,48,8,Cases,State,Bayelsa,2394725,0.9,777.9000000000003
PACE-FLU-SEV,2025/2026,40,48,8,Cases,State,Bayelsa,2394725,0.95,962
PACE-FLU-SEV,2025/2026,40,48,8,Cases,State,Benue,6687706,0.05,337.7
PACE-FLU-SEV,2025/2026,40,48,8,Cases,State,Benue,6687706,0.1,433
PACE-FLU-SEV,2025/2026,40,48,8,Cases,State,Benue,6687706,0.25,687.4166666666667
PACE-FLU-SEV,2025/2026,40,48,8,Cases,State,Benue,6687706,0.5,1055
PACE-FLU-SEV,2025/2026,40,48,8,Cases,State,Benue,6687706,0.75,1624.5833333333333
PACE-FLU-SEV,2025/2026,40,48,8,Cases,State,Benue,6687706,0.9,2437.633333333333
PACE-FLU-SEV,2025/2026,40,48,8,Cases,State,Benue,6687706,0.95,3008.65
PACE-FLU-SEV,2025/2026,40,48,8,Cases,State,Borno,6651590,0.05,364
PACE-FLU-SEV,2025/2026,40,48,8,Cases,State,Borno,6651590,0.1,470.3666666666667
PACE-FLU-SEV,2025/2026,40,48,8,Cases,State,Borno,6651590,0.25,713.8333333333334
PACE-FLU-SEV,2025/2026,40,48,8,Cases,State,Borno,6651590,0.5,1107
PACE-FLU-SEV,2025/2026,40,48,8,Cases,State,Borno,6651590,0.75,1708
PACE-FLU-SEV,2025/2026,40,48,8,Cases,State,Borno,6651590,0.9,2418.266666666667
PACE-FLU-SEV,2025/2026,40,48,8,Cases,State,Borno,6651590,0.95,3038.9500000000003
PACE-FLU-SEV,2025/2026,40,48,8,Cases,State,Cross River,4175020,0.05,189.35000000000002
PACE-FLU-SEV,2025/2026,40,48,8,Cases,State,Cross River,4175020,0.1,242
PACE-FLU-SEV,2025/2026,40,48,8,Cases,State,Cross River,4175020,0.25,380
PACE-FLU-SEV,2025/2026,40,48,8,Cases,State,Cross River,4175020,0.5,584.5000000000001
PACE-FLU-SEV,2025/2026,40,48,8,Cases,State,Cross River,4175020,0.75,902
PACE-FLU-SEV,2025/2026,40,48,8,Cases,State,Cross River,4175020,0.9,1291
PACE-FLU-SEV,2025/2026,40,48,8,Cases,State,Cross River,4175020,0.95,1650.65
PACE-FLU-SEV,2025/2026,40,48,8,Cases,State,Delta,6107543,0.05,278.35
PACE-FLU-SEV,2025/2026,40,48,8,Cases,State,Delta,6107543,0.1,370.7333333333334
PACE-FLU-SEV,2025/2026,40,48,8,Cases,State,Delta,6107543,0.25,551
PACE-FLU-SEV,2025/2026,40,48,8,Cases,State,Delta,6107543,0.5,880.5000000000001
PACE-FLU-SEV,2025/2026,40,48,8,Cases,State,Delta,6107543,0.75,1323
PACE-FLU-SEV,2025/2026,40,48,8,Cases,State,Delta,6107543,0.9,1934.6000000000013
PACE-FLU-SEV,2025/2026,40,48,8,Cases,State,Delta,6107543,0.95,2446.6000000000004
PACE-FLU-SEV,2025/2026,40,48,8,Cases,State,Ebonyi,4007155,0.05,200.35000000000002
PACE-FLU-SEV,2025/2026,40,48,8,Cases,State,Ebonyi,4007155,0.1,248
PACE-FLU-SEV,2025/2026,40,48,8,Cases,State,Ebonyi,4007155,0.25,364
PACE-FLU-SEV,2025/2026,40,48,8,Cases,State,Ebonyi,4007155,0.5,575.5000000000001
PACE-FLU-SEV,2025/2026,40,48,8,Cases,State,Ebonyi,4007155,0.75,901.5833333333333
PACE-FLU-SEV,2025/2026,40,48,8,Cases,State,Ebonyi,4007155,0.9,1295.2666666666669
PACE-FLU-SEV,2025/2026,40,48,8,Cases,State,Ebonyi,4007155,0.95,1570.9500000000003
PACE-FLU-SEV,2025/2026,40,48,8,Cases,State,Edo,5527810,0.05,256.35
PACE-FLU-SEV,2025/2026,40,48,8,Cases,State,Edo,5527810,0.1,344
PACE-FLU-SEV,2025/2026,40,48,8,Cases,State,Edo,5527810,0.25,530.8333333333334
PACE-FLU-SEV,2025/2026,40,48,8,Cases,State,Edo,5527810,0.5,804.0000000000002
PACE-FLU-SEV,2025/2026,40,48,8,Cases,State,Edo,5527810,0.75,1230.5833333333333
PACE-FLU-SEV,2025/2026,40,48,8,Cases,State,Edo,5527810,0.9,1772.9000000000003
PACE-FLU-SEV,2025/2026,40,48,8,Cases,State,Edo,5527810,0.95,2300.500000000001
PACE-FLU-SEV,2025/2026,40,48,8,Cases,State,Ekiti,3398177,0.05,163.35000000000002
PACE-FLU-SEV,2025/2026,40,48,8,Cases,State,Ekiti,3398177,0.1,203
PACE-FLU-SEV,2025/2026,40,48,8,Cases,State,Ekiti,3398177,0.25,316.4166666666667
PACE-FLU-SEV,2025/2026,40,48,8,Cases,State,Ekiti,3398177,0.5,480
PACE-FLU-SEV,2025/2026,40,48,8,Cases,State,Ekiti,3398177,0.75,748
PACE-FLU-SEV,2025/2026,40,48,8,Cases,State,Ekiti,3398177,0.9,1123
PACE-FLU-SEV,2025/2026,40,48,8,Cases,State,Ekiti,3398177,0.95,1433.2500000000005
PACE-FLU-SEV,2025/2026,40,48,8,Cases,State,Enugu,5396098,0.05,261.35
PACE-FLU-SEV,2025/2026,40,48,8,Cases,State,Enugu,5396098,0.1,325.3666666666667
PACE-FLU-SEV,2025/2026,40,48,8,Cases,State,Enugu,5396098,0.25,500.4166666666667
PACE-FLU-SEV,2025/2026,40,48,8,Cases,State,Enugu,5396098,0.5,805
PACE-FLU-SEV,2025/2026,40,48,8,Cases,State,Enugu,5396098,0.75,1176.1666666666665
PACE-FLU-SEV,2025/2026,40,48,8,Cases,State,Enugu,5396098,0.9,1764.9000000000003
PACE-FLU-SEV,2025/2026,40,48,8,Cases,State,Enugu,5396098,0.95,2219.65
PACE-FLU-SEV,2025/2026,40,48,8,Cases,State,FCT,4802443,0.05,275.75000000000006
PACE-FLU-SEV,2025/2026,40,48,8,Cases,State,FCT,4802443,0.1,360.3666666666667
PACE-FLU-SEV,2025/2026,40,48,8,Cases,State,FCT,4802443,0.25,517
PACE-FLU-SEV,2025/2026,40,48,8,Cases,State,FCT,4802443,0.5,792.0000000000002
PACE-FLU-SEV,2025/2026,40,48,8,Cases,State,FCT,4802443,0.75,1218
PACE-FLU-SEV,2025/2026,40,48,8,Cases,State,FCT,4802443,0.9,1789.2666666666669
PACE-FLU-SEV,2025/2026,40,48,8,Cases,State,FCT,4802443,0.95,2278.4000000000015
PACE-FLU-SEV,2025/2026,40,48,8,Cases,State,Gombe,4623462,0.05,264.35
PACE-FLU-SEV,2025/2026,40,48,8,Cases,State,Gombe,4623462,0.1,341
PACE-FLU-SEV,2025/2026,40,48,8,Cases,State,Gombe,4623462,0.25,510.4166666666667
PACE-FLU-SEV,2025/2026,40,48,8,Cases,State,Gombe,4623462,0.5,796
PACE-FLU-SEV,2025/2026,40,48,8,Cases,State,Gombe,4623462,0.75,1209
PACE-FLU-SEV,2025/2026,40,48,8,Cases,State,Gombe,4623462,0.9,1771.2666666666669
PACE-FLU-SEV,2025/2026,40,48,8,Cases,State,Gombe,4623462,0.95,2263.9000000000005
PACE-FLU-SEV,2025/2026,40,48,8,Cases,State,Imo,6067722,0.05,288
PACE-FLU-SEV,2025/2026,40,48,8,Cases,State,Imo,6067722,0.1,371
PACE-FLU-SEV,2025/2026,40,48,8,Cases,State,Imo,6067722,0.25,576.8333333333334
PACE-FLU-SEV,2025/2026,40,48,8,Cases,State,Imo,6067722,0.5,891.5000000000001
PACE-FLU-SEV,2025/2026,40,48,8,Cases,State,Imo,6067722,0.75,1337.5833333333333
PACE-FLU-SEV,2025/2026,40,48,8,Cases,State,Imo,6067722,0.9,1920.6333333333334
PACE-FLU-SEV,2025/2026,40,48,8,Cases,State,Imo,6067722,0.95,2466.7000000000016
PACE-FLU-SEV,2025/2026,40,48,8,Cases,State,Jigawa,6979080,0.05,359.35
PACE-FLU-SEV,2025/2026,40,48,8,Cases,State,Jigawa,6979080,0.1,483.3666666666667
PACE-FLU-SEV,2025/2026,40,48,8,Cases,State,Jigawa,6979080,0.25,778.4166666666667
PACE-FLU-SEV,2025/2026,40,48,8,Cases,State,Jigawa,6979080,0.5,1210.5
PACE-FLU-SEV,2025/2026,40,48,8,Cases,State,Jigawa,6979080,0.75,1804.7499999999998
PACE-FLU-SEV,2025/2026,40,48,8,Cases,State,Jigawa,6979080,0.9,2609.0666666666675
PACE-FLU-SEV,2025/2026,40,48,8,Cases,State,Jigawa,6979080,0.95,3245.7000000000016
PACE-FLU-SEV,2025/2026,40,48,8,Cases,State,Kaduna,8324285,0.05,419.70000000000005
PACE-FLU-SEV,2025/2026,40,48,8,Cases,State,Kaduna,8324285,0.1,586.1000000000001
PACE-FLU-SEV,2025/2026,40,48,8,Cases,State,Kaduna,8324285,0.25,874.4166666666667
PACE-FLU-SEV,2025/2026,40,48,8,Cases,State,Kaduna,8324285,0.5,1330.5
PACE-FLU-SEV,2025/2026,40,48,8,Cases,State,Kaduna,8324285,0.75,2049.333333333333
PACE-FLU-SEV,2025/2026,40,48,8,Cases,State,Kaduna,8324285,0.9,2987
PACE-FLU-SEV,2025/2026,40,48,8,Cases,State,Kaduna,8324285,0.95,3726.250000000004
PACE-FLU-SEV,2025/2026,40,48,8,Cases,State,Kano,16253549,0.05,954.7
PACE-FLU-SEV,2025/2026,40,48,8,Cases,State,Kano,16253549,0.1,1194.7333333333336
PACE-FLU-SEV,2025/2026,40,48,8,Cases,State,Kano,16253549,0.25,1766
PACE-FLU-SEV,2025/2026,40,48,8,Cases,State,Kano,16253549,0.5,2696.5
PACE-FLU-SEV,2025/2026,40,48,8,Cases,State,Kano,16253549,0.75,4145.75
PACE-FLU-SEV,2025/2026,40,48,8,Cases,State,Kano,16253549,0.9,6056.0666666666675
PACE-FLU-SEV,2025/2026,40,48,8,Cases,State,Kano,16253549,0.95,7524.1500000000015
PACE-FLU-SEV,2025/2026,40,48,8,Cases,State,Katsina,9300382,0.05,508
PACE-FLU-SEV,2025/2026,40,48,8,Cases,State,Katsina,9300382,0.1,669.3666666666668
PACE-FLU-SEV,2025/2026,40,48,8,Cases,State,Katsina,9300382,0.25,1027
PACE-FLU-SEV,2025/2026,40,48,8,Cases,State,Katsina,9300382,0.5,1612.5
PACE-FLU-SEV,2025/2026,40,48,8,Cases,State,Katsina,9300382,0.75,2411
PACE-FLU-SEV,2025/2026,40,48,8,Cases,State,Katsina,9300382,0.9,3412.166666666667
PACE-FLU-SEV,2025/2026,40,48,8,Cases,State,Katsina,9300382,0.95,4337.800000000003
PACE-FLU-SEV,2025/2026,40,48,8,Cases,State,Kebbi,6001610,0.05,325.40000000000003
PACE-FLU-SEV,2025/2026,40,48,8,Cases,State,Kebbi,6001610,0.1,416.1000000000001
PACE-FLU-SEV,2025/2026,40,48,8,Cases,State,Kebbi,6001610,0.25,636
PACE-FLU-SEV,2025/2026,40,48,8,Cases,State,Kebbi,6001610,0.5,983.0000000000002
PACE-FLU-SEV,2025/2026,40,48,8,Cases,State,Kebbi,6001610,0.75,1477.1666666666665
PACE-FLU-SEV,2025/2026,40,48,8,Cases,State,Kebbi,6001610,0.9,2130.633333333333
PACE-FLU-SEV,2025/2026,40,48,8,Cases,State,Kebbi,6001610,0.95,2625.7500000000014
PACE-FLU-SEV,2025/2026,40,48,8,Cases,State,Kogi,5053734,0.05,260.70000000000005
PACE-FLU-SEV,2025/2026,40,48,8,Cases,State,Kogi,5053734,0.1,355
PACE-FLU-SEV,2025/2026,40,48,8,Cases,State,Kogi,5053734,0.25,531
PACE-FLU-SEV,2025/2026,40,48,8,Cases,State,Kogi,5053734,0.5,825
PACE-FLU-SEV,2025/2026,40,48,8,Cases,State,Kogi,5053734,0.75,1274.5833333333333
PACE-FLU-SEV,2025/2026,40,48,8,Cases,State,Kogi,5053734,0.9,1883.6333333333334
PACE-FLU-SEV,2025/2026,40,48,8,Cases,State,Kogi,5053734,0.95,2342.9500000000003
PACE-FLU-SEV,2025/2026,40,48,8,Cases,State,Kwara,4259613,0.05,226
PACE-FLU-SEV,2025/2026,40,48,8,Cases,State,Kwara,4259613,0.1,284.3666666666667
PACE-FLU-SEV,2025/2026,40,48,8,Cases,State,Kwara,4259613,0.25,439.4166666666667
PACE-FLU-SEV,2025/2026,40,48,8,Cases,State,Kwara,4259613,0.5,682
PACE-FLU-SEV,2025/2026,40,48,8,Cases,State,Kwara,4259613,0.75,1035
PACE-FLU-SEV,2025/2026,40,48,8,Cases,State,Kwara,4259613,0.9,1520
PACE-FLU-SEV,2025/2026,40,48,8,Cases,State,Kwara,4259613,0.95,1822.9000000000005
PACE-FLU-SEV,2025/2026,40,48,8,Cases,State,Lagos,15772884,0.05,804.6999999999999
PACE-FLU-SEV,2025/2026,40,48,8,Cases,State,Lagos,15772884,0.1,1070.566666666667
PACE-FLU-SEV,2025/2026,40,48,8,Cases,State,Lagos,15772884,0.25,1510.25
PACE-FLU-SEV,2025/2026,40,48,8,Cases,State,Lagos,15772884,0.5,2317
PACE-FLU-SEV,2025/2026,40,48,8,Cases,State,Lagos,15772884,0.75,3540.249999999999
PACE-FLU-SEV,2025/2026,40,48,8,Cases,State,Lagos,15772884,0.9,5245.266666666666
PACE-FLU-SEV,2025/2026,40,48,8,Cases,State,Lagos,15772884,0.95,6590.9
PACE-FLU-SEV,2025/2026,40,48,8,Cases,State,Nasarawa,3632239,0.05,196
PACE-FLU-SEV,2025/2026,40,48,8,Cases,State,Nasarawa,3632239,0.1,260.3666666666667
PACE-FLU-SEV,2025/2026,40,48,8,Cases,State,Nasarawa,3632239,0.25,401
PACE-FLU-SEV,2025/2026,40,48,8,Cases,State,Nasarawa,3632239,0.5,597.5000000000001
PACE-FLU-SEV,2025/2026,40,48,8,Cases,State,Nasarawa,3632239,0.75,895
PACE-FLU-SEV,2025/2026,40,48,8,Cases,State,Nasarawa,3632239,0.9,1370.6333333333334
PACE-FLU-SEV,2025/2026,40,48,8,Cases,State,Nasarawa,3632239,0.95,1718.6000000000004
PACE-FLU-SEV,2025/2026,40,48,8,Cases,State,Niger,6720617,0.05,372.35
PACE-FLU-SEV,2025/2026,40,48,8,Cases,State,Niger,6720617,0.1,469.36666666666673
PACE-FLU-SEV,2025/2026,40,48,8,Cases,State,Niger,6720617,0.25,692
PACE-FLU-SEV,2025/2026,40,48,8,Cases,State,Niger,6720617,0.5,1103.5
PACE-FLU-SEV,2025/2026,40,48,8,Cases,State,Niger,6720617,0.75,1738.5833333333333
PACE-FLU-SEV,2025/2026,40,48,8,Cases,State,Niger,6720617,0.9,2559.8000000000006
PACE-FLU-SEV,2025/2026,40,48,8,Cases,State,Niger,6720617,0.95,3268.6000000000004
PACE-FLU-SEV,2025/2026,40,48,8,Cases,State,Ogun,6445275,0.05,313.05
PACE-FLU-SEV,2025/2026,40,48,8,Cases,State,Ogun,6445275,0.1,397
PACE-FLU-SEV,2025/2026,40,48,8,Cases,State,Ogun,6445275,0.25,597.4166666666667
PACE-FLU-SEV,2025/2026,40,48,8,Cases,State,Ogun,6445275,0.5,929.5000000000001
PACE-FLU-SEV,2025/2026,40,48,8,Cases,State,Ogun,6445275,0.75,1442.1666666666665
PACE-FLU-SEV,2025/2026,40,48,8,Cases,State,Ogun,6445275,0.9,2032.2666666666669
PACE-FLU-SEV,2025/2026,40,48,8,Cases,State,Ogun,6445275,0.95,2531.3500000000017
PACE-FLU-SEV,2025/2026,40,48,8,Cases,State,Ondo,5469707,0.05,267.35
PACE-FLU-SEV,2025/2026,40,48,8,Cases,State,Ondo,5469707,0.1,340.3666666666667
PACE-FLU-SEV,2025/2026,40,48,8,Cases,State,Ondo,5469707,0.25,522.4166666666667
PACE-FLU-SEV,2025/2026,40,48,8,Cases,State,Ondo,5469707,0.5,811.5000000000001
PACE-FLU-SEV,2025/2026,40,48,8,Cases,State,Ondo,5469707,0.75,1256
PACE-FLU-SEV,2025/2026,40,48,8,Cases,State,Ondo,5469707,0.9,1758.8000000000006
PACE-FLU-SEV,2025/2026,40,48,8,Cases,State,Ondo,5469707,0.95,2184.9500000000003
PACE-FLU-SEV,2025/2026,40,48,8,Cases,State,Osun,4237396,0.05,195
PACE-FLU-SEV,2025/2026,40,48,8,Cases,State,Osun,4237396,0.1,264
PACE-FLU-SEV,2025/2026,40,48,8,Cases,State,Osun,4237396,0.25,394
PACE-FLU-SEV,2025/2026,40,48,8,Cases,State,Osun,4237396,0.5,609.5000000000001
PACE-FLU-SEV,2025/2026,40,48,8,Cases,State,Osun,4237396,0.75,943.1666666666665
PACE-FLU-SEV,2025/2026,40,48,8,Cases,State,Osun,4237396,0.9,1382.6333333333334
PACE-FLU-SEV,2025/2026,40,48,8,Cases,State,Osun,4237396,0.95,1709.3000000000002
PACE-FLU-SEV,2025/2026,40,48,8,Cases,State,Oyo,7512855,0.05,365.35
PACE-FLU-SEV,2025/2026,40,48,8,Cases,State,Oyo,7512855,0.1,478
PACE-FLU-SEV,2025/2026,40,48,8,Cases,State,Oyo,7512855,0.25,723
PACE-FLU-SEV,2025/2026,40,48,8,Cases,State,Oyo,7512855,0.5,1107.5
PACE-FLU-SEV,2025/2026,40,48,8,Cases,State,Oyo,7512855,0.75,1685.5833333333333
PACE-FLU-SEV,2025/2026,40,48,8,Cases,State,Oyo,7512855,0.9,2466.633333333333
PACE-FLU-SEV,2025/2026,40,48,8,Cases,State,Oyo,7512855,0.95,3078
PACE-FLU-SEV,2025/2026,40,48,8,Cases,State,Plateau,5400974,0.05,292
PACE-FLU-SEV,2025/2026,40,48,8,Cases,State,Plateau,5400974,0.1,373
PACE-FLU-SEV,2025/2026,40,48,8,Cases,State,Plateau,5400974,0.25,563
PACE-FLU-SEV,2025/2026,40,48,8,Cases,State,Plateau,5400974,0.5,861
PACE-FLU-SEV,2025/2026,40,48,8,Cases,State,Plateau,5400974,0.75,1346
PACE-FLU-SEV,2025/2026,40,48,8,Cases,State,Plateau,5400974,0.9,1866.2666666666669
PACE-FLU-SEV,2025/2026,40,48,8,Cases,State,Plateau,5400974,0.95,2334.65
PACE-FLU-SEV,2025/2026,40,48,8,Cases,State,Rivers,7234973,0.05,353.7
PACE-FLU-SEV,2025/2026,40,48,8,Cases,State,Rivers,7234973,0.1,458.10000000000014
PACE-FLU-SEV,2025/2026,40,48,8,Cases,State,Rivers,7234973,0.25,673.4166666666667
PACE-FLU-SEV,2025/2026,40,48,8,Cases,State,Rivers,7234973,0.5,1021.0000000000002
PACE-FLU-SEV,2025/2026,40,48,8,Cases,State,Rivers,7234973,0.75,1574.1666666666665
PACE-FLU-SEV,2025/2026,40,48,8,Cases,State,Rivers,7234973,0.9,2265.266666666667
PACE-FLU-SEV,2025/2026,40,48,8,Cases,State,Rivers,7234973,0.95,2808.150000000001
PACE-FLU-SEV,2025/2026,40,48,8,Cases,State,Sokoto,6163187,0.05,373.7
PACE-FLU-SEV,2025/2026,40,48,8,Cases,State,Sokoto,6163187,0.1,452
PACE-FLU-SEV,2025/2026,40,48,8,Cases,State,Sokoto,6163187,0.25,654
PACE-FLU-SEV,2025/2026,40,48,8,Cases,State,Sokoto,6163187,0.5,997.5000000000001
PACE-FLU-SEV,2025/2026,40,48,8,Cases,State,Sokoto,6163187,0.75,1505
PACE-FLU-SEV,2025/2026,40,48,8,Cases,State,Sokoto,6163187,0.9,2182
PACE-FLU-SEV,2025/2026,40,48,8,Cases,State,Sokoto,6163187,0.95,2733.0500000000015
PACE-FLU-SEV,2025/2026,40,48,8,Cases,State,Taraba,4331885,0.05,227.35000000000002
PACE-FLU-SEV,2025/2026,40,48,8,Cases,State,Taraba,4331885,0.1,296.3666666666667
PACE-FLU-SEV,2025/2026,40,48,8,Cases,State,Taraba,4331885,0.25,454
PACE-FLU-SEV,2025/2026,40,48,8,Cases,State,Taraba,4331885,0.5,711.5000000000001
PACE-FLU-SEV,2025/2026,40,48,8,Cases,State,Taraba,4331885,0.75,1073.5833333333333
PACE-FLU-SEV,2025/2026,40,48,8,Cases,State,Taraba,4331885,0.9,1545
PACE-FLU-SEV,2025/2026,40,48,8,Cases,State,Taraba,4331885,0.95,1923.9000000000005
PACE-FLU-SEV,2025/2026,40,48,8,Cases,State,Yobe,4350401,0.05,241.35
PACE-FLU-SEV,2025/2026,40,48,8,Cases,State,Yobe,4350401,0.1,305
PACE-FLU-SEV,2025/2026,40,48,8,Cases,State,Yobe,4350401,0.25,475.4166666666667
PACE-FLU-SEV,2025/2026,40,48,8,Cases,State,Yobe,4350401,0.5,751
PACE-FLU-SEV,2025/2026,40,48,8,Cases,State,Yobe,4350401,0.75,1117.1666666666665
PACE-FLU-SEV,2025/2026,40,48,8,Cases,State,Yobe,4350401,0.9,1651.1666666666672
PACE-FLU-SEV,2025/2026,40,48,8,Cases,State,Yobe,4350401,0.95,1976.5500000000025
PACE-FLU-SEV,2025/2026,40,48,8,Cases,State,Zamfara,5517793,0.05,300
PACE-FLU-SEV,2025/2026,40,48,8,Cases,State,Zamfara,5517793,0.1,389
PACE-FLU-SEV,2025/2026,40,48,8,Cases,State,Zamfara,5517793,0.25,591.4166666666667
PACE-FLU-SEV,2025/2026,40,48,8,Cases,State,Zamfara,5517793,0.5,921
PACE-FLU-SEV,2025/2026,40,48,8,Cases,State,Zamfara,5517793,0.75,1426
PACE-FLU-SEV,2025/2026,40,48,8,Cases,State,Zamfara,5517793,0.9,2008.5333333333338
PACE-FLU-SEV,2025/2026,40,48,8,Cases,State,Zamfara,5517793,0.95,2606.65
PACE-FLU-SEV,2025/2026,40,48,8,Cases,Zone,NC,36557326,0.05,3534.45
PACE-FLU-SEV,2025/2026,40,48,8,Cases,Zone,NC,36557326,0.1,4060.366666666667
PACE-FLU-SEV,2025/2026,40,48,8,Cases,Zone,NC,36557326,0.25,5002.25
PACE-FLU-SEV,2025/2026,40,48,8,Cases,Zone,NC,36557326,0.5,6617.5
PACE-FLU-SEV,2025/2026,40,48,8,Cases,Zone,NC,36557326,0.75,8555.25
PACE-FLU-SEV,2025/2026,40,48,8,Cases,Zone,NC,36557326,0.9,11338.700000000004
PACE-FLU-SEV,2025/2026,40,48,8,Cases,Zone,NC,36557326,0.95,12993.550000000003
PACE-FLU-SEV,2025/2026,40,48,8,Cases,Zone,NE,32734949,0.05,3386.15
PACE-FLU-SEV,2025/2026,40,48,8,Cases,Zone,NE,32734949,0.1,3861.2000000000007
PACE-FLU-SEV,2025/2026,40,48,8,Cases,Zone,NE,32734949,0.25,4767
PACE-FLU-SEV,2025/2026,40,48,8,Cases,Zone,NE,32734949,0.5,5977
PACE-FLU-SEV,2025/2026,40,48,8,Cases,Zone,NE,32734949,0.75,7767
PACE-FLU-SEV,2025/2026,40,48,8,Cases,Zone,NE,32734949,0.9,9938.266666666666
PACE-FLU-SEV,2025/2026,40,48,8,Cases,Zone,NE,32734949,0.95,11609.750000000007
PACE-FLU-SEV,2025/2026,40,48,8,Cases,Zone,NW,58539886,0.05,6030.25
PACE-FLU-SEV,2025/2026,40,48,8,Cases,Zone,NW,58539886,0.1,6887.366666666667
PACE-FLU-SEV,2025/2026,40,48,8,Cases,Zone,NW,58539886,0.25,8402.916666666668
PACE-FLU-SEV,2025/2026,40,48,8,Cases,Zone,NW,58539886,0.5,10700.5
PACE-FLU-SEV,2025/2026,40,48,8,Cases,Zone,NW,58539886,0.75,13962.583333333334
PACE-FLU-SEV,2025/2026,40,48,8,Cases,Zone,NW,58539886,0.9,17467.033333333333
PACE-FLU-SEV,2025/2026,40,48,8,Cases,Zone,NW,58539886,0.95,20641.05000000001
PACE-FLU-SEV,2025/2026,40,48,8,Cases,Zone,SE,27612828,0.05,2284.05
PACE-FLU-SEV,2025/2026,40,48,8,Cases,Zone,SE,27612828,0.1,2665.366666666667
PACE-FLU-SEV,2025/2026,40,48,8,Cases,Zone,SE,27612828,0.25,3343
PACE-FLU-SEV,2025/2026,40,48,8,Cases,Zone,SE,27612828,0.5,4418.5
PACE-FLU-SEV,2025/2026,40,48,8,Cases,Zone,SE,27612828,0.75,5810.916666666666
PACE-FLU-SEV,2025/2026,40,48,8,Cases,Zone,SE,27612828,0.9,7606.4000000000015
PACE-FLU-SEV,2025/2026,40,48,8,Cases,Zone,SE,27612828,0.95,8854.800000000001
PACE-FLU-SEV,2025/2026,40,48,8,Cases,Zone,SS,31220652,0.05,2572.8
PACE-FLU-SEV,2025/2026,40,48,8,Cases,Zone,SS,31220652,0.1,2952.466666666667
PACE-FLU-SEV,2025/2026,40,48,8,Cases,Zone,SS,31220652,0.25,3784.416666666667
PACE-FLU-SEV,2025/2026,40,48,8,Cases,Zone,SS,31220652,0.5,5016
PACE-FLU-SEV,2025/2026,40,48,8,Cases,Zone,SS,31220652,0.75,6447.333333333333
PACE-FLU-SEV,2025/2026,40,48,8,Cases,Zone,SS,31220652,0.9,8462.266666666666
PACE-FLU-SEV,2025/2026,40,48,8,Cases,Zone,SS,31220652,0.95,10183.150000000001
PACE-FLU-SEV,2025/2026,40,48,8,Cases,Zone,SW,42836294,0.05,3565.35
PACE-FLU-SEV,2025/2026,40,48,8,Cases,Zone,SW,42836294,0.1,4042.366666666667
PACE-FLU-SEV,2025/2026,40,48,8,Cases,Zone,SW,42836294,0.25,5248
PACE-FLU-SEV,2025/2026,40,48,8,Cases,Zone,SW,42836294,0.5,6876.5
PACE-FLU-SEV,2025/2026,40,48,8,Cases,Zone,SW,42836294,0.75,9174.083333333332
PACE-FLU-SEV,2025/2026,40,48,8,Cases,Zone,SW,42836294,0.9,11773.900000000001
PACE-FLU-SEV,2025/2026,40,48,8,Cases,Zone,SW,42836294,0.95,13800.550000000001
PACE-FLU-SEV,2025/2026,40,49,9,Cases,Macro,North,127832161,0.05,15219.400000000001
PACE-FLU-SEV,2025/2026,40,49,9,Cases,Macro,North,127832161,0.1,16810.36666666667
PACE-FLU-SEV,2025/2026,40,49,9,Cases,Macro,North,127832161,0.25,20063
PACE-FLU-SEV,2025/2026,40,49,9,Cases,Macro,North,127832161,0.5,24927
PACE-FLU-SEV,2025/2026,40,49,9,Cases,Macro,North,127832161,0.75,31146.916666666664
PACE-FLU-SEV,2025/2026,40,49,9,Cases,Macro,North,127832161,0.9,39407.53333333334
PACE-FLU-SEV,2025/2026,40,49,9,Cases,Macro,North,127832161,0.95,45544.65
PACE-FLU-SEV,2025/2026,40,49,9,Cases,Macro,South,101669774,0.05,9655.8
PACE-FLU-SEV,2025/2026,40,49,9,Cases,Macro,South,101669774,0.1,10950.833333333332
PACE-FLU-SEV,2025/2026,40,49,9,Cases,Macro,South,101669774,0.25,13476.416666666666
PACE-FLU-SEV,2025/2026,40,49,9,Cases,Macro,South,101669774,0.5,17136.5
PACE-FLU-SEV,2025/2026,40,49,9,Cases,Macro,South,101669774,0.75,22269.916666666664
PACE-FLU-SEV,2025/2026,40,49,9,Cases,Macro,South,101669774,0.9,28657.066666666666
PACE-FLU-SEV,2025/2026,40,49,9,Cases,Macro,South,101669774,0.95,32523.90000000001
PACE-FLU-SEV,2025/2026,40,49,9,Cases,National,Nigeria,229501935,0.05,26422.75
PACE-FLU-SEV,2025/2026,40,49,9,Cases,National,Nigeria,229501935,0.1,29314.733333333334
PACE-FLU-SEV,2025/2026,40,49,9,Cases,National,Nigeria,229501935,0.25,34500.166666666664
PACE-FLU-SEV,2025/2026,40,49,9,Cases,National,Nigeria,229501935,0.5,42448
PACE-FLU-SEV,2025/2026,40,49,9,Cases,National,Nigeria,229501935,0.75,53284.83333333333
PACE-FLU-SEV,2025/2026,40,49,9,Cases,National,Nigeria,229501935,0.9,65754.70000000003
PACE-FLU-SEV,2025/2026,40,49,9,Cases,National,Nigeria,229501935,0.95,76461.30000000002
PACE-FLU-SEV,2025/2026,40,49,9,Cases,State,Abia,4841943,0.05,242
PACE-FLU-SEV,2025/2026,40,49,9,Cases,State,Abia,4841943,0.1,312
PACE-FLU-SEV,2025/2026,40,49,9,Cases,State,Abia,4841943,0.25,486
PACE-FLU-SEV,2025/2026,40,49,9,Cases,State,Abia,4841943,0.5,743
PACE-FLU-SEV,2025/2026,40,49,9,Cases,State,Abia,4841943,0.75,1136.7499999999998
PACE-FLU-SEV,2025/2026,40,49,9,Cases,State,Abia,4841943,0.9,1685.8000000000006
PACE-FLU-SEV,2025/2026,40,49,9,Cases,State,Abia,4841943,0.95,2093.6000000000004
PACE-FLU-SEV,2025/2026,40,49,9,Cases,State,Adamawa,5236948,0.05,266.70000000000005
PACE-FLU-SEV,2025/2026,40,49,9,Cases,State,Adamawa,5236948,0.1,358
PACE-FLU-SEV,2025/2026,40,49,9,Cases,State,Adamawa,5236948,0.25,548.4166666666667
PACE-FLU-SEV,2025/2026,40,49,9,Cases,State,Adamawa,5236948,0.5,871.5000000000001
PACE-FLU-SEV,2025/2026,40,49,9,Cases,State,Adamawa,5236948,0.75,1344
PACE-FLU-SEV,2025/2026,40,49,9,Cases,State,Adamawa,5236948,0.9,1983.5333333333338
PACE-FLU-SEV,2025/2026,40,49,9,Cases,State,Adamawa,5236948,0.95,2471.4000000000015
PACE-FLU-SEV,2025/2026,40,49,9,Cases,State,Akwa Ibom,5780581,0.05,294.40000000000003
PACE-FLU-SEV,2025/2026,40,49,9,Cases,State,Akwa Ibom,5780581,0.1,380
PACE-FLU-SEV,2025/2026,40,49,9,Cases,State,Akwa Ibom,5780581,0.25,551
PACE-FLU-SEV,2025/2026,40,49,9,Cases,State,Akwa Ibom,5780581,0.5,851.5000000000001
PACE-FLU-SEV,2025/2026,40,49,9,Cases,State,Akwa Ibom,5780581,0.75,1359.1666666666665
PACE-FLU-SEV,2025/2026,40,49,9,Cases,State,Akwa Ibom,5780581,0.9,1994.5333333333338
PACE-FLU-SEV,2025/2026,40,49,9,Cases,State,Akwa Ibom,5780581,0.95,2547.65
PACE-FLU-SEV,2025/2026,40,49,9,Cases,State,Anambra,7299910,0.05,350.35
PACE-FLU-SEV,2025/2026,40,49,9,Cases,State,Anambra,7299910,0.1,457
PACE-FLU-SEV,2025/2026,40,49,9,Cases,State,Anambra,7299910,0.25,710
PACE-FLU-SEV,2025/2026,40,49,9,Cases,State,Anambra,7299910,0.5,1141.5
PACE-FLU-SEV,2025/2026,40,49,9,Cases,State,Anambra,7299910,0.75,1736.5833333333333
PACE-FLU-SEV,2025/2026,40,49,9,Cases,State,Anambra,7299910,0.9,2552.633333333333
PACE-FLU-SEV,2025/2026,40,49,9,Cases,State,Anambra,7299910,0.95,3159.65
PACE-FLU-SEV,2025/2026,40,49,9,Cases,State,Bauchi,7540663,0.05,429.35
PACE-FLU-SEV,2025/2026,40,49,9,Cases,State,Bauchi,7540663,0.1,565.3666666666668
PACE-FLU-SEV,2025/2026,40,49,9,Cases,State,Bauchi,7540663,0.25,878.4166666666667
PACE-FLU-SEV,2025/2026,40,49,9,Cases,State,Bauchi,7540663,0.5,1373.5
PACE-FLU-SEV,2025/2026,40,49,9,Cases,State,Bauchi,7540663,0.75,2101
PACE-FLU-SEV,2025/2026,40,49,9,Cases,State,Bauchi,7540663,0.9,3089.9000000000005
PACE-FLU-SEV,2025/2026,40,49,9,Cases,State,Bauchi,7540663,0.95,3935.4000000000015
PACE-FLU-SEV,2025/2026,40,49,9,Cases,State,Bayelsa,2394725,0.05,117
PACE-FLU-SEV,2025/2026,40,49,9,Cases,State,Bayelsa,2394725,0.1,152
PACE-FLU-SEV,2025/2026,40,49,9,Cases,State,Bayelsa,2394725,0.25,237
PACE-FLU-SEV,2025/2026,40,49,9,Cases,State,Bayelsa,2394725,0.5,372
PACE-FLU-SEV,2025/2026,40,49,9,Cases,State,Bayelsa,2394725,0.75,571.1666666666665
PACE-FLU-SEV,2025/2026,40,49,9,Cases,State,Bayelsa,2394725,0.9,809
PACE-FLU-SEV,2025/2026,40,49,9,Cases,State,Bayelsa,2394725,0.95,1053.9500000000003
PACE-FLU-SEV,2025/2026,40,49,9,Cases,State,Benue,6687706,0.05,346.40000000000003
PACE-FLU-SEV,2025/2026,40,49,9,Cases,State,Benue,6687706,0.1,457.36666666666673
PACE-FLU-SEV,2025/2026,40,49,9,Cases,State,Benue,6687706,0.25,699.4166666666667
PACE-FLU-SEV,2025/2026,40,49,9,Cases,State,Benue,6687706,0.5,1103.5
PACE-FLU-SEV,2025/2026,40,49,9,Cases,State,Benue,6687706,0.75,1678.1666666666665
PACE-FLU-SEV,2025/2026,40,49,9,Cases,State,Benue,6687706,0.9,2471.266666666667
PACE-FLU-SEV,2025/2026,40,49,9,Cases,State,Benue,6687706,0.95,3127.150000000001
PACE-FLU-SEV,2025/2026,40,49,9,Cases,State,Borno,6651590,0.05,380.05000000000007
PACE-FLU-SEV,2025/2026,40,49,9,Cases,State,Borno,6651590,0.1,479.3666666666667
PACE-FLU-SEV,2025/2026,40,49,9,Cases,State,Borno,6651590,0.25,725
PACE-FLU-SEV,2025/2026,40,49,9,Cases,State,Borno,6651590,0.5,1128.5
PACE-FLU-SEV,2025/2026,40,49,9,Cases,State,Borno,6651590,0.75,1770.9166666666663
PACE-FLU-SEV,2025/2026,40,49,9,Cases,State,Borno,6651590,0.9,2619.9000000000005
PACE-FLU-SEV,2025/2026,40,49,9,Cases,State,Borno,6651590,0.95,3284.500000000001
PACE-FLU-SEV,2025/2026,40,49,9,Cases,State,Cross River,4175020,0.05,196
PACE-FLU-SEV,2025/2026,40,49,9,Cases,State,Cross River,4175020,0.1,253.3666666666667
PACE-FLU-SEV,2025/2026,40,49,9,Cases,State,Cross River,4175020,0.25,384
PACE-FLU-SEV,2025/2026,40,49,9,Cases,State,Cross River,4175020,0.5,613
PACE-FLU-SEV,2025/2026,40,49,9,Cases,State,Cross River,4175020,0.75,936
PACE-FLU-SEV,2025/2026,40,49,9,Cases,State,Cross River,4175020,0.9,1334.2666666666669
PACE-FLU-SEV,2025/2026,40,49,9,Cases,State,Cross River,4175020,0.95,1684.3000000000002
PACE-FLU-SEV,2025/2026,40,49,9,Cases,State,Delta,6107543,0.05,304.35
PACE-FLU-SEV,2025/2026,40,49,9,Cases,State,Delta,6107543,0.1,398.3666666666667
PACE-FLU-SEV,2025/2026,40,49,9,Cases,State,Delta,6107543,0.25,593.8333333333334
PACE-FLU-SEV,2025/2026,40,49,9,Cases,State,Delta,6107543,0.5,946.5000000000001
PACE-FLU-SEV,2025/2026,40,49,9,Cases,State,Delta,6107543,0.75,1380.7499999999998
PACE-FLU-SEV,2025/2026,40,49,9,Cases,State,Delta,6107543,0.9,2025.6333333333334
PACE-FLU-SEV,2025/2026,40,49,9,Cases,State,Delta,6107543,0.95,2601.7500000000014
PACE-FLU-SEV,2025/2026,40,49,9,Cases,State,Ebonyi,4007155,0.05,201
PACE-FLU-SEV,2025/2026,40,49,9,Cases,State,Ebonyi,4007155,0.1,257
PACE-FLU-SEV,2025/2026,40,49,9,Cases,State,Ebonyi,4007155,0.25,384
PACE-FLU-SEV,2025/2026,40,49,9,Cases,State,Ebonyi,4007155,0.5,614
PACE-FLU-SEV,2025/2026,40,49,9,Cases,State,Ebonyi,4007155,0.75,947
PACE-FLU-SEV,2025/2026,40,49,9,Cases,State,Ebonyi,4007155,0.9,1379.2666666666669
PACE-FLU-SEV,2025/2026,40,49,9,Cases,State,Ebonyi,4007155,0.95,1686.9000000000005
PACE-FLU-SEV,2025/2026,40,49,9,Cases,State,Edo,5527810,0.05,277.35
PACE-FLU-SEV,2025/2026,40,49,9,Cases,State,Edo,5527810,0.1,350
PACE-FLU-SEV,2025/2026,40,49,9,Cases,State,Edo,5527810,0.25,536.4166666666667
PACE-FLU-SEV,2025/2026,40,49,9,Cases,State,Edo,5527810,0.5,854
PACE-FLU-SEV,2025/2026,40,49,9,Cases,State,Edo,5527810,0.75,1307.5833333333333
PACE-FLU-SEV,2025/2026,40,49,9,Cases,State,Edo,5527810,0.9,1956.9000000000003
PACE-FLU-SEV,2025/2026,40,49,9,Cases,State,Edo,5527810,0.95,2401.9500000000003
PACE-FLU-SEV,2025/2026,40,49,9,Cases,State,Ekiti,3398177,0.05,160
PACE-FLU-SEV,2025/2026,40,49,9,Cases,State,Ekiti,3398177,0.1,214
PACE-FLU-SEV,2025/2026,40,49,9,Cases,State,Ekiti,3398177,0.25,329.4166666666667
PACE-FLU-SEV,2025/2026,40,49,9,Cases,State,Ekiti,3398177,0.5,516
PACE-FLU-SEV,2025/2026,40,49,9,Cases,State,Ekiti,3398177,0.75,796.5833333333333
PACE-FLU-SEV,2025/2026,40,49,9,Cases,State,Ekiti,3398177,0.9,1160.2666666666669
PACE-FLU-SEV,2025/2026,40,49,9,Cases,State,Ekiti,3398177,0.95,1410.9500000000003
PACE-FLU-SEV,2025/2026,40,49,9,Cases,State,Enugu,5396098,0.05,286
PACE-FLU-SEV,2025/2026,40,49,9,Cases,State,Enugu,5396098,0.1,370
PACE-FLU-SEV,2025/2026,40,49,9,Cases,State,Enugu,5396098,0.25,540
PACE-FLU-SEV,2025/2026,40,49,9,Cases,State,Enugu,5396098,0.5,815
PACE-FLU-SEV,2025/2026,40,49,9,Cases,State,Enugu,5396098,0.75,1240.5833333333333
PACE-FLU-SEV,2025/2026,40,49,9,Cases,State,Enugu,5396098,0.9,1847.133333333335
PACE-FLU-SEV,2025/2026,40,49,9,Cases,State,Enugu,5396098,0.95,2360.300000000004
PACE-FLU-SEV,2025/2026,40,49,9,Cases,State,FCT,4802443,0.05,278
PACE-FLU-SEV,2025/2026,40,49,9,Cases,State,FCT,4802443,0.1,360
PACE-FLU-SEV,2025/2026,40,49,9,Cases,State,FCT,4802443,0.25,538.4166666666667
PACE-FLU-SEV,2025/2026,40,49,9,Cases,State,FCT,4802443,0.5,832.5000000000001
PACE-FLU-SEV,2025/2026,40,49,9,Cases,State,FCT,4802443,0.75,1290.1666666666665
PACE-FLU-SEV,2025/2026,40,49,9,Cases,State,FCT,4802443,0.9,1917.2666666666669
PACE-FLU-SEV,2025/2026,40,49,9,Cases,State,FCT,4802443,0.95,2460.500000000001
PACE-FLU-SEV,2025/2026,40,49,9,Cases,State,Gombe,4623462,0.05,261
PACE-FLU-SEV,2025/2026,40,49,9,Cases,State,Gombe,4623462,0.1,348
PACE-FLU-SEV,2025/2026,40,49,9,Cases,State,Gombe,4623462,0.25,525
PACE-FLU-SEV,2025/2026,40,49,9,Cases,State,Gombe,4623462,0.5,816.5000000000001
PACE-FLU-SEV,2025/2026,40,49,9,Cases,State,Gombe,4623462,0.75,1246.5833333333333
PACE-FLU-SEV,2025/2026,40,49,9,Cases,State,Gombe,4623462,0.9,1841.8000000000006
PACE-FLU-SEV,2025/2026,40,49,9,Cases,State,Gombe,4623462,0.95,2308.850000000001
PACE-FLU-SEV,2025/2026,40,49,9,Cases,State,Imo,6067722,0.05,318.35
PACE-FLU-SEV,2025/2026,40,49,9,Cases,State,Imo,6067722,0.1,408.3666666666667
PACE-FLU-SEV,2025/2026,40,49,9,Cases,State,Imo,6067722,0.25,621
PACE-FLU-SEV,2025/2026,40,49,9,Cases,State,Imo,6067722,0.5,956
PACE-FLU-SEV,2025/2026,40,49,9,Cases,State,Imo,6067722,0.75,1418
PACE-FLU-SEV,2025/2026,40,49,9,Cases,State,Imo,6067722,0.9,2087.6000000000013
PACE-FLU-SEV,2025/2026,40,49,9,Cases,State,Imo,6067722,0.95,2578.2000000000007
PACE-FLU-SEV,2025/2026,40,49,9,Cases,State,Jigawa,6979080,0.05,421.40000000000003
PACE-FLU-SEV,2025/2026,40,49,9,Cases,State,Jigawa,6979080,0.1,542
PACE-FLU-SEV,2025/2026,40,49,9,Cases,State,Jigawa,6979080,0.25,817.4166666666667
PACE-FLU-SEV,2025/2026,40,49,9,Cases,State,Jigawa,6979080,0.5,1264
PACE-FLU-SEV,2025/2026,40,49,9,Cases,State,Jigawa,6979080,0.75,1917
PACE-FLU-SEV,2025/2026,40,49,9,Cases,State,Jigawa,6979080,0.9,2968.633333333333
PACE-FLU-SEV,2025/2026,40,49,9,Cases,State,Jigawa,6979080,0.95,3698.3
PACE-FLU-SEV,2025/2026,40,49,9,Cases,State,Kaduna,8324285,0.05,440.35
PACE-FLU-SEV,2025/2026,40,49,9,Cases,State,Kaduna,8324285,0.1,573.3666666666668
PACE-FLU-SEV,2025/2026,40,49,9,Cases,State,Kaduna,8324285,0.25,878.4166666666667
PACE-FLU-SEV,2025/2026,40,49,9,Cases,State,Kaduna,8324285,0.5,1390.5
PACE-FLU-SEV,2025/2026,40,49,9,Cases,State,Kaduna,8324285,0.75,2161.1666666666665
PACE-FLU-SEV,2025/2026,40,49,9,Cases,State,Kaduna,8324285,0.9,3143.266666666667
PACE-FLU-SEV,2025/2026,40,49,9,Cases,State,Kaduna,8324285,0.95,3810.3500000000017
PACE-FLU-SEV,2025/2026,40,49,9,Cases,State,Kano,16253549,0.05,975.1500000000001
PACE-FLU-SEV,2025/2026,40,49,9,Cases,State,Kano,16253549,0.1,1254
PACE-FLU-SEV,2025/2026,40,49,9,Cases,State,Kano,16253549,0.25,1872.8333333333335
PACE-FLU-SEV,2025/2026,40,49,9,Cases,State,Kano,16253549,0.5,2871.5
PACE-FLU-SEV,2025/2026,40,49,9,Cases,State,Kano,16253549,0.75,4307.333333333333
PACE-FLU-SEV,2025/2026,40,49,9,Cases,State,Kano,16253549,0.9,6587.633333333333
PACE-FLU-SEV,2025/2026,40,49,9,Cases,State,Kano,16253549,0.95,8286.500000000002
PACE-FLU-SEV,2025/2026,40,49,9,Cases,State,Katsina,9300382,0.05,557.35
PACE-FLU-SEV,2025/2026,40,49,9,Cases,State,Katsina,9300382,0.1,717
PACE-FLU-SEV,2025/2026,40,49,9,Cases,State,Katsina,9300382,0.25,1088.25
PACE-FLU-SEV,2025/2026,40,49,9,Cases,State,Katsina,9300382,0.5,1670.0000000000002
PACE-FLU-SEV,2025/2026,40,49,9,Cases,State,Katsina,9300382,0.75,2567.333333333333
PACE-FLU-SEV,2025/2026,40,49,9,Cases,State,Katsina,9300382,0.9,3830.966666666668
PACE-FLU-SEV,2025/2026,40,49,9,Cases,State,Katsina,9300382,0.95,4756.85
PACE-FLU-SEV,2025/2026,40,49,9,Cases,State,Kebbi,6001610,0.05,352
PACE-FLU-SEV,2025/2026,40,49,9,Cases,State,Kebbi,6001610,0.1,447
PACE-FLU-SEV,2025/2026,40,49,9,Cases,State,Kebbi,6001610,0.25,687
PACE-FLU-SEV,2025/2026,40,49,9,Cases,State,Kebbi,6001610,0.5,1031.0000000000002
PACE-FLU-SEV,2025/2026,40,49,9,Cases,State,Kebbi,6001610,0.75,1566.1666666666665
PACE-FLU-SEV,2025/2026,40,49,9,Cases,State,Kebbi,6001610,0.9,2284.166666666667
PACE-FLU-SEV,2025/2026,40,49,9,Cases,State,Kebbi,6001610,0.95,2839.3
PACE-FLU-SEV,2025/2026,40,49,9,Cases,State,Kogi,5053734,0.05,260.35
PACE-FLU-SEV,2025/2026,40,49,9,Cases,State,Kogi,5053734,0.1,366.3666666666667
PACE-FLU-SEV,2025/2026,40,49,9,Cases,State,Kogi,5053734,0.25,560.4166666666667
PACE-FLU-SEV,2025/2026,40,49,9,Cases,State,Kogi,5053734,0.5,873
PACE-FLU-SEV,2025/2026,40,49,9,Cases,State,Kogi,5053734,0.75,1300
PACE-FLU-SEV,2025/2026,40,49,9,Cases,State,Kogi,5053734,0.9,1926.700000000001
PACE-FLU-SEV,2025/2026,40,49,9,Cases,State,Kogi,5053734,0.95,2471.9000000000005
PACE-FLU-SEV,2025/2026,40,49,9,Cases,State,Kwara,4259613,0.05,234.35000000000002
PACE-FLU-SEV,2025/2026,40,49,9,Cases,State,Kwara,4259613,0.1,308
PACE-FLU-SEV,2025/2026,40,49,9,Cases,State,Kwara,4259613,0.25,477.4166666666667
PACE-FLU-SEV,2025/2026,40,49,9,Cases,State,Kwara,4259613,0.5,725.5000000000001
PACE-FLU-SEV,2025/2026,40,49,9,Cases,State,Kwara,4259613,0.75,1096.1666666666665
PACE-FLU-SEV,2025/2026,40,49,9,Cases,State,Kwara,4259613,0.9,1620.1666666666672
PACE-FLU-SEV,2025/2026,40,49,9,Cases,State,Kwara,4259613,0.95,2132.2500000000005
PACE-FLU-SEV,2025/2026,40,49,9,Cases,State,Lagos,15772884,0.05,756.7
PACE-FLU-SEV,2025/2026,40,49,9,Cases,State,Lagos,15772884,0.1,1047
PACE-FLU-SEV,2025/2026,40,49,9,Cases,State,Lagos,15772884,0.25,1568.4166666666667
PACE-FLU-SEV,2025/2026,40,49,9,Cases,State,Lagos,15772884,0.5,2421
PACE-FLU-SEV,2025/2026,40,49,9,Cases,State,Lagos,15772884,0.75,3730.166666666667
PACE-FLU-SEV,2025/2026,40,49,9,Cases,State,Lagos,15772884,0.9,5397.333333333334
PACE-FLU-SEV,2025/2026,40,49,9,Cases,State,Lagos,15772884,0.95,7095.300000000003
PACE-FLU-SEV,2025/2026,40,49,9,Cases,State,Nasarawa,3632239,0.05,190
PACE-FLU-SEV,2025/2026,40,49,9,Cases,State,Nasarawa,3632239,0.1,255
PACE-FLU-SEV,2025/2026,40,49,9,Cases,State,Nasarawa,3632239,0.25,399.4166666666667
PACE-FLU-SEV,2025/2026,40,49,9,Cases,State,Nasarawa,3632239,0.5,614.0000000000002
PACE-FLU-SEV,2025/2026,40,49,9,Cases,State,Nasarawa,3632239,0.75,932.1666666666665
PACE-FLU-SEV,2025/2026,40,49,9,Cases,State,Nasarawa,3632239,0.9,1389
PACE-FLU-SEV,2025/2026,40,49,9,Cases,State,Nasarawa,3632239,0.95,1662.3000000000002
PACE-FLU-SEV,2025/2026,40,49,9,Cases,State,Niger,6720617,0.05,370.35
PACE-FLU-SEV,2025/2026,40,49,9,Cases,State,Niger,6720617,0.1,470
PACE-FLU-SEV,2025/2026,40,49,9,Cases,State,Niger,6720617,0.25,724.4166666666667
PACE-FLU-SEV,2025/2026,40,49,9,Cases,State,Niger,6720617,0.5,1128.5
PACE-FLU-SEV,2025/2026,40,49,9,Cases,State,Niger,6720617,0.75,1764.333333333333
PACE-FLU-SEV,2025/2026,40,49,9,Cases,State,Niger,6720617,0.9,2634.4333333333343
PACE-FLU-SEV,2025/2026,40,49,9,Cases,State,Niger,6720617,0.95,3405.9000000000005
PACE-FLU-SEV,2025/2026,40,49,9,Cases,State,Ogun,6445275,0.05,312.35
PACE-FLU-SEV,2025/2026,40,49,9,Cases,State,Ogun,6445275,0.1,396.3666666666667
PACE-FLU-SEV,2025/2026,40,49,9,Cases,State,Ogun,6445275,0.25,631.4166666666667
PACE-FLU-SEV,2025/2026,40,49,9,Cases,State,Ogun,6445275,0.5,966.0000000000002
PACE-FLU-SEV,2025/2026,40,49,9,Cases,State,Ogun,6445275,0.75,1457.0833333333328
PACE-FLU-SEV,2025/2026,40,49,9,Cases,State,Ogun,6445275,0.9,2163.9000000000005
PACE-FLU-SEV,2025/2026,40,49,9,Cases,State,Ogun,6445275,0.95,2761.3500000000017
PACE-FLU-SEV,2025/2026,40,49,9,Cases,State,Ondo,5469707,0.05,275.70000000000005
PACE-FLU-SEV,2025/2026,40,49,9,Cases,State,Ondo,5469707,0.1,350
PACE-FLU-SEV,2025/2026,40,49,9,Cases,State,Ondo,5469707,0.25,522.4166666666667
PACE-FLU-SEV,2025/2026,40,49,9,Cases,State,Ondo,5469707,0.5,826
PACE-FLU-SEV,2025/2026,40,49,9,Cases,State,Ondo,5469707,0.75,1259
PACE-FLU-SEV,2025/2026,40,49,9,Cases,State,Ondo,5469707,0.9,1888.5333333333338
PACE-FLU-SEV,2025/2026,40,49,9,Cases,State,Ondo,5469707,0.95,2312.2500000000005
PACE-FLU-SEV,2025/2026,40,49,9,Cases,State,Osun,4237396,0.05,213
PACE-FLU-SEV,2025/2026,40,49,9,Cases,State,Osun,4237396,0.1,278
PACE-FLU-SEV,2025/2026,40,49,9,Cases,State,Osun,4237396,0.25,410
PACE-FLU-SEV,2025/2026,40,49,9,Cases,State,Osun,4237396,0.5,640
PACE-FLU-SEV,2025/2026,40,49,9,Cases,State,Osun,4237396,0.75,997
PACE-FLU-SEV,2025/2026,40,49,9,Cases,State,Osun,4237396,0.9,1437.433333333334
PACE-FLU-SEV,2025/2026,40,49,9,Cases,State,Osun,4237396,0.95,1788.4500000000012
PACE-FLU-SEV,2025/2026,40,49,9,Cases,State,Oyo,7512855,0.05,370
PACE-FLU-SEV,2025/2026,40,49,9,Cases,State,Oyo,7512855,0.1,485.36666666666673
PACE-FLU-SEV,2025/2026,40,49,9,Cases,State,Oyo,7512855,0.25,745
PACE-FLU-SEV,2025/2026,40,49,9,Cases,State,Oyo,7512855,0.5,1137.5
PACE-FLU-SEV,2025/2026,40,49,9,Cases,State,Oyo,7512855,0.75,1751
PACE-FLU-SEV,2025/2026,40,49,9,Cases,State,Oyo,7512855,0.9,2684.866666666668
PACE-FLU-SEV,2025/2026,40,49,9,Cases,State,Oyo,7512855,0.95,3274.100000000005
PACE-FLU-SEV,2025/2026,40,49,9,Cases,State,Plateau,5400974,0.05,293.35
PACE-FLU-SEV,2025/2026,40,49,9,Cases,State,Plateau,5400974,0.1,379.3666666666667
PACE-FLU-SEV,2025/2026,40,49,9,Cases,State,Plateau,5400974,0.25,581
PACE-FLU-SEV,2025/2026,40,49,9,Cases,State,Plateau,5400974,0.5,901
PACE-FLU-SEV,2025/2026,40,49,9,Cases,State,Plateau,5400974,0.75,1369
PACE-FLU-SEV,2025/2026,40,49,9,Cases,State,Plateau,5400974,0.9,1969.2666666666669
PACE-FLU-SEV,2025/2026,40,49,9,Cases,State,Plateau,5400974,0.95,2463.150000000001
PACE-FLU-SEV,2025/2026,40,49,9,Cases,State,Rivers,7234973,0.05,331.05
PACE-FLU-SEV,2025/2026,40,49,9,Cases,State,Rivers,7234973,0.1,444
PACE-FLU-SEV,2025/2026,40,49,9,Cases,State,Rivers,7234973,0.25,668.4166666666667
PACE-FLU-SEV,2025/2026,40,49,9,Cases,State,Rivers,7234973,0.5,1060.5
PACE-FLU-SEV,2025/2026,40,49,9,Cases,State,Rivers,7234973,0.75,1674
PACE-FLU-SEV,2025/2026,40,49,9,Cases,State,Rivers,7234973,0.9,2518
PACE-FLU-SEV,2025/2026,40,49,9,Cases,State,Rivers,7234973,0.95,3227.3
PACE-FLU-SEV,2025/2026,40,49,9,Cases,State,Sokoto,6163187,0.05,370
PACE-FLU-SEV,2025/2026,40,49,9,Cases,State,Sokoto,6163187,0.1,470
PACE-FLU-SEV,2025/2026,40,49,9,Cases,State,Sokoto,6163187,0.25,708.4166666666667
PACE-FLU-SEV,2025/2026,40,49,9,Cases,State,Sokoto,6163187,0.5,1093
PACE-FLU-SEV,2025/2026,40,49,9,Cases,State,Sokoto,6163187,0.75,1644.7499999999998
PACE-FLU-SEV,2025/2026,40,49,9,Cases,State,Sokoto,6163187,0.9,2378.0666666666675
PACE-FLU-SEV,2025/2026,40,49,9,Cases,State,Sokoto,6163187,0.95,2900.500000000001
PACE-FLU-SEV,2025/2026,40,49,9,Cases,State,Taraba,4331885,0.05,227.35000000000002
PACE-FLU-SEV,2025/2026,40,49,9,Cases,State,Taraba,4331885,0.1,301.10000000000014
PACE-FLU-SEV,2025/2026,40,49,9,Cases,State,Taraba,4331885,0.25,464.83333333333337
PACE-FLU-SEV,2025/2026,40,49,9,Cases,State,Taraba,4331885,0.5,741
PACE-FLU-SEV,2025/2026,40,49,9,Cases,State,Taraba,4331885,0.75,1127.5833333333333
PACE-FLU-SEV,2025/2026,40,49,9,Cases,State,Taraba,4331885,0.9,1676.1666666666672
PACE-FLU-SEV,2025/2026,40,49,9,Cases,State,Taraba,4331885,0.95,2091.4000000000015
PACE-FLU-SEV,2025/2026,40,49,9,Cases,State,Yobe,4350401,0.05,256.35
PACE-FLU-SEV,2025/2026,40,49,9,Cases,State,Yobe,4350401,0.1,330
PACE-FLU-SEV,2025/2026,40,49,9,Cases,State,Yobe,4350401,0.25,492
PACE-FLU-SEV,2025/2026,40,49,9,Cases,State,Yobe,4350401,0.5,750.5000000000001
PACE-FLU-SEV,2025/2026,40,49,9,Cases,State,Yobe,4350401,0.75,1190.5833333333333
PACE-FLU-SEV,2025/2026,40,49,9,Cases,State,Yobe,4350401,0.9,1673.433333333334
PACE-FLU-SEV,2025/2026,40,49,9,Cases,State,Yobe,4350401,0.95,2116.300000000002
PACE-FLU-SEV,2025/2026,40,49,9,Cases,State,Zamfara,5517793,0.05,319.35
PACE-FLU-SEV,2025/2026,40,49,9,Cases,State,Zamfara,5517793,0.1,425.36666666666673
PACE-FLU-SEV,2025/2026,40,49,9,Cases,State,Zamfara,5517793,0.25,632.4166666666667
PACE-FLU-SEV,2025/2026,40,49,9,Cases,State,Zamfara,5517793,0.5,962.5000000000001
PACE-FLU-SEV,2025/2026,40,49,9,Cases,State,Zamfara,5517793,0.75,1489
PACE-FLU-SEV,2025/2026,40,49,9,Cases,State,Zamfara,5517793,0.9,2155
PACE-FLU-SEV,2025/2026,40,49,9,Cases,State,Zamfara,5517793,0.95,2589.850000000001
PACE-FLU-SEV,2025/2026,40,49,9,Cases,Zone,NC,36557326,0.05,3611.05
PACE-FLU-SEV,2025/2026,40,49,9,Cases,Zone,NC,36557326,0.1,4210.366666666667
PACE-FLU-SEV,2025/2026,40,49,9,Cases,Zone,NC,36557326,0.25,5279
PACE-FLU-SEV,2025/2026,40,49,9,Cases,Zone,NC,36557326,0.5,6869
PACE-FLU-SEV,2025/2026,40,49,9,Cases,Zone,NC,36557326,0.75,8942.166666666668
PACE-FLU-SEV,2025/2026,40,49,9,Cases,Zone,NC,36557326,0.9,11699.800000000001
PACE-FLU-SEV,2025/2026,40,49,9,Cases,Zone,NC,36557326,0.95,13508.500000000007
PACE-FLU-SEV,2025/2026,40,49,9,Cases,Zone,NE,32734949,0.05,3431.7
PACE-FLU-SEV,2025/2026,40,49,9,Cases,Zone,NE,32734949,0.1,3951
PACE-FLU-SEV,2025/2026,40,49,9,Cases,Zone,NE,32734949,0.25,4920.416666666666
PACE-FLU-SEV,2025/2026,40,49,9,Cases,Zone,NE,32734949,0.5,6350
PACE-FLU-SEV,2025/2026,40,49,9,Cases,Zone,NE,32734949,0.75,8268.166666666666
PACE-FLU-SEV,2025/2026,40,49,9,Cases,Zone,NE,32734949,0.9,10729.666666666668
PACE-FLU-SEV,2025/2026,40,49,9,Cases,Zone,NE,32734949,0.95,12649.900000000001
PACE-FLU-SEV,2025/2026,40,49,9,Cases,Zone,NW,58539886,0.05,6207.5
PACE-FLU-SEV,2025/2026,40,49,9,Cases,Zone,NW,58539886,0.1,7066.9000000000015
PACE-FLU-SEV,2025/2026,40,49,9,Cases,Zone,NW,58539886,0.25,8900.083333333334
PACE-FLU-SEV,2025/2026,40,49,9,Cases,Zone,NW,58539886,0.5,11279.5
PACE-FLU-SEV,2025/2026,40,49,9,Cases,Zone,NW,58539886,0.75,14916.166666666666
PACE-FLU-SEV,2025/2026,40,49,9,Cases,Zone,NW,58539886,0.9,19076.9
PACE-FLU-SEV,2025/2026,40,49,9,Cases,Zone,NW,58539886,0.95,22394.55000000001
PACE-FLU-SEV,2025/2026,40,49,9,Cases,Zone,SE,27612828,0.05,2353.7000000000003
PACE-FLU-SEV,2025/2026,40,49,9,Cases,Zone,SE,27612828,0.1,2742.4666666666667
PACE-FLU-SEV,2025/2026,40,49,9,Cases,Zone,SE,27612828,0.25,3518.25
PACE-FLU-SEV,2025/2026,40,49,9,Cases,Zone,SE,27612828,0.5,4685.5
PACE-FLU-SEV,2025/2026,40,49,9,Cases,Zone,SE,27612828,0.75,6240.5
PACE-FLU-SEV,2025/2026,40,49,9,Cases,Zone,SE,27612828,0.9,8026.766666666668
PACE-FLU-SEV,2025/2026,40,49,9,Cases,Zone,SE,27612828,0.95,9434.7
PACE-FLU-SEV,2025/2026,40,49,9,Cases,Zone,SS,31220652,0.05,2600.7
PACE-FLU-SEV,2025/2026,40,49,9,Cases,Zone,SS,31220652,0.1,3067.1000000000004
PACE-FLU-SEV,2025/2026,40,49,9,Cases,Zone,SS,31220652,0.25,3917
PACE-FLU-SEV,2025/2026,40,49,9,Cases,Zone,SS,31220652,0.5,5142
PACE-FLU-SEV,2025/2026,40,49,9,Cases,Zone,SS,31220652,0.75,6832.583333333333
PACE-FLU-SEV,2025/2026,40,49,9,Cases,Zone,SS,31220652,0.9,9017.300000000003
PACE-FLU-SEV,2025/2026,40,49,9,Cases,Zone,SS,31220652,0.95,10605.3
PACE-FLU-SEV,2025/2026,40,49,9,Cases,Zone,SW,42836294,0.05,3761.7
PACE-FLU-SEV,2025/2026,40,49,9,Cases,Zone,SW,42836294,0.1,4301.366666666667
PACE-FLU-SEV,2025/2026,40,49,9,Cases,Zone,SW,42836294,0.25,5353.833333333334
PACE-FLU-SEV,2025/2026,40,49,9,Cases,Zone,SW,42836294,0.5,7086.5
PACE-FLU-SEV,2025/2026,40,49,9,Cases,Zone,SW,42836294,0.75,9511.166666666666
PACE-FLU-SEV,2025/2026,40,49,9,Cases,Zone,SW,42836294,0.9,12756
PACE-FLU-SEV,2025/2026,40,49,9,Cases,Zone,SW,42836294,0.95,14991.250000000002
PACE-FLU-SEV,2025/2026,40,50,10,Cases,Macro,North,127832161,0.05,15525.1
PACE-FLU-SEV,2025/2026,40,50,10,Cases,Macro,North,127832161,0.1,17280.733333333334
PACE-FLU-SEV,2025/2026,40,50,10,Cases,Macro,North,127832161,0.25,20778.666666666668
PACE-FLU-SEV,2025/2026,40,50,10,Cases,Macro,North,127832161,0.5,25752
PACE-FLU-SEV,2025/2026,40,50,10,Cases,Macro,North,127832161,0.75,32225.749999999996
PACE-FLU-SEV,2025/2026,40,50,10,Cases,Macro,North,127832161,0.9,40537.86666666667
PACE-FLU-SEV,2025/2026,40,50,10,Cases,Macro,North,127832161,0.95,46835.90000000001
PACE-FLU-SEV,2025/2026,40,50,10,Cases,Macro,South,101669774,0.05,9651.050000000001
PACE-FLU-SEV,2025/2026,40,50,10,Cases,Macro,South,101669774,0.1,11098.133333333333
PACE-FLU-SEV,2025/2026,40,50,10,Cases,Macro,South,101669774,0.25,13845.916666666668
PACE-FLU-SEV,2025/2026,40,50,10,Cases,Macro,South,101669774,0.5,17630.000000000004
PACE-FLU-SEV,2025/2026,40,50,10,Cases,Macro,South,101669774,0.75,23138.5
PACE-FLU-SEV,2025/2026,40,50,10,Cases,Macro,South,101669774,0.9,29485.433333333334
PACE-FLU-SEV,2025/2026,40,50,10,Cases,Macro,South,101669774,0.95,34957.6
PACE-FLU-SEV,2025/2026,40,50,10,Cases,National,Nigeria,229501935,0.05,26915.45
PACE-FLU-SEV,2025/2026,40,50,10,Cases,National,Nigeria,229501935,0.1,29822.9
PACE-FLU-SEV,2025/2026,40,50,10,Cases,National,Nigeria,229501935,0.25,35678.916666666664
PACE-FLU-SEV,2025/2026,40,50,10,Cases,National,Nigeria,229501935,0.5,44178.5
PACE-FLU-SEV,2025/2026,40,50,10,Cases,National,Nigeria,229501935,0.75,55329.58333333333
PACE-FLU-SEV,2025/2026,40,50,10,Cases,National,Nigeria,229501935,0.9,68417.86666666667
PACE-FLU-SEV,2025/2026,40,50,10,Cases,National,Nigeria,229501935,0.95,77383.20000000001
PACE-FLU-SEV,2025/2026,40,50,10,Cases,State,Abia,4841943,0.05,249.7
PACE-FLU-SEV,2025/2026,40,50,10,Cases,State,Abia,4841943,0.1,330.3666666666667
PACE-FLU-SEV,2025/2026,40,50,10,Cases,State,Abia,4841943,0.25,489.4166666666667
PACE-FLU-SEV,2025/2026,40,50,10,Cases,State,Abia,4841943,0.5,764.0000000000002
PACE-FLU-SEV,2025/2026,40,50,10,Cases,State,Abia,4841943,0.75,1165
PACE-FLU-SEV,2025/2026,40,50,10,Cases,State,Abia,4841943,0.9,1659.6333333333334
PACE-FLU-SEV,2025/2026,40,50,10,Cases,State,Abia,4841943,0.95,2156.9000000000005
PACE-FLU-SEV,2025/2026,40,50,10,Cases,State,Adamawa,5236948,0.05,297.7
PACE-FLU-SEV,2025/2026,40,50,10,Cases,State,Adamawa,5236948,0.1,397.3666666666667
PACE-FLU-SEV,2025/2026,40,50,10,Cases,State,Adamawa,5236948,0.25,588.4166666666667
PACE-FLU-SEV,2025/2026,40,50,10,Cases,State,Adamawa,5236948,0.5,919.5000000000001
PACE-FLU-SEV,2025/2026,40,50,10,Cases,State,Adamawa,5236948,0.75,1401
PACE-FLU-SEV,2025/2026,40,50,10,Cases,State,Adamawa,5236948,0.9,2119.633333333333
PACE-FLU-SEV,2025/2026,40,50,10,Cases,State,Adamawa,5236948,0.95,2582.500000000001
PACE-FLU-SEV,2025/2026,40,50,10,Cases,State,Akwa Ibom,5780581,0.05,282
PACE-FLU-SEV,2025/2026,40,50,10,Cases,State,Akwa Ibom,5780581,0.1,365
PACE-FLU-SEV,2025/2026,40,50,10,Cases,State,Akwa Ibom,5780581,0.25,558.4166666666667
PACE-FLU-SEV,2025/2026,40,50,10,Cases,State,Akwa Ibom,5780581,0.5,912.5000000000001
PACE-FLU-SEV,2025/2026,40,50,10,Cases,State,Akwa Ibom,5780581,0.75,1387.1666666666665
PACE-FLU-SEV,2025/2026,40,50,10,Cases,State,Akwa Ibom,5780581,0.9,1980.2666666666669
PACE-FLU-SEV,2025/2026,40,50,10,Cases,State,Akwa Ibom,5780581,0.95,2520.450000000001
PACE-FLU-SEV,2025/2026,40,50,10,Cases,State,Anambra,7299910,0.05,378.35
PACE-FLU-SEV,2025/2026,40,50,10,Cases,State,Anambra,7299910,0.1,487
PACE-FLU-SEV,2025/2026,40,50,10,Cases,State,Anambra,7299910,0.25,741.25
PACE-FLU-SEV,2025/2026,40,50,10,Cases,State,Anambra,7299910,0.5,1171.0000000000002
PACE-FLU-SEV,2025/2026,40,50,10,Cases,State,Anambra,7299910,0.75,1820.5833333333333
PACE-FLU-SEV,2025/2026,40,50,10,Cases,State,Anambra,7299910,0.9,2639.633333333333
PACE-FLU-SEV,2025/2026,40,50,10,Cases,State,Anambra,7299910,0.95,3222.2000000000007
PACE-FLU-SEV,2025/2026,40,50,10,Cases,State,Bauchi,7540663,0.05,456.75000000000006
PACE-FLU-SEV,2025/2026,40,50,10,Cases,State,Bauchi,7540663,0.1,603
PACE-FLU-SEV,2025/2026,40,50,10,Cases,State,Bauchi,7540663,0.25,897
PACE-FLU-SEV,2025/2026,40,50,10,Cases,State,Bauchi,7540663,0.5,1387
PACE-FLU-SEV,2025/2026,40,50,10,Cases,State,Bauchi,7540663,0.75,2143.583333333333
PACE-FLU-SEV,2025/2026,40,50,10,Cases,State,Bauchi,7540663,0.9,3120.9000000000005
PACE-FLU-SEV,2025/2026,40,50,10,Cases,State,Bauchi,7540663,0.95,3906.5500000000006
PACE-FLU-SEV,2025/2026,40,50,10,Cases,State,Bayelsa,2394725,0.05,122.35000000000001
PACE-FLU-SEV,2025/2026,40,50,10,Cases,State,Bayelsa,2394725,0.1,156.3666666666667
PACE-FLU-SEV,2025/2026,40,50,10,Cases,State,Bayelsa,2394725,0.25,246
PACE-FLU-SEV,2025/2026,40,50,10,Cases,State,Bayelsa,2394725,0.5,387.5000000000001
PACE-FLU-SEV,2025/2026,40,50,10,Cases,State,Bayelsa,2394725,0.75,598.5833333333333
PACE-FLU-SEV,2025/2026,40,50,10,Cases,State,Bayelsa,2394725,0.9,915.8000000000006
PACE-FLU-SEV,2025/2026,40,50,10,Cases,State,Bayelsa,2394725,0.95,1163
PACE-FLU-SEV,2025/2026,40,50,10,Cases,State,Benue,6687706,0.05,369
PACE-FLU-SEV,2025/2026,40,50,10,Cases,State,Benue,6687706,0.1,487.3666666666667
PACE-FLU-SEV,2025/2026,40,50,10,Cases,State,Benue,6687706,0.25,728.4166666666667
PACE-FLU-SEV,2025/2026,40,50,10,Cases,State,Benue,6687706,0.5,1140.5
PACE-FLU-SEV,2025/2026,40,50,10,Cases,State,Benue,6687706,0.75,1739.2499999999993
PACE-FLU-SEV,2025/2026,40,50,10,Cases,State,Benue,6687706,0.9,2610.100000000003
PACE-FLU-SEV,2025/2026,40,50,10,Cases,State,Benue,6687706,0.95,3213.3
PACE-FLU-SEV,2025/2026,40,50,10,Cases,State,Borno,6651590,0.05,381
PACE-FLU-SEV,2025/2026,40,50,10,Cases,State,Borno,6651590,0.1,492.3666666666667
PACE-FLU-SEV,2025/2026,40,50,10,Cases,State,Borno,6651590,0.25,752.4166666666667
PACE-FLU-SEV,2025/2026,40,50,10,Cases,State,Borno,6651590,0.5,1180.5
PACE-FLU-SEV,2025/2026,40,50,10,Cases,State,Borno,6651590,0.75,1804.5833333333333
PACE-FLU-SEV,2025/2026,40,50,10,Cases,State,Borno,6651590,0.9,2626.266666666667
PACE-FLU-SEV,2025/2026,40,50,10,Cases,State,Borno,6651590,0.95,3323.6000000000004
PACE-FLU-SEV,2025/2026,40,50,10,Cases,State,Cross River,4175020,0.05,212.35000000000002
PACE-FLU-SEV,2025/2026,40,50,10,Cases,State,Cross River,4175020,0.1,275.7333333333334
PACE-FLU-SEV,2025/2026,40,50,10,Cases,State,Cross River,4175020,0.25,420
PACE-FLU-SEV,2025/2026,40,50,10,Cases,State,Cross River,4175020,0.5,659.5000000000001
PACE-FLU-SEV,2025/2026,40,50,10,Cases,State,Cross River,4175020,0.75,997.1666666666665
PACE-FLU-SEV,2025/2026,40,50,10,Cases,State,Cross River,4175020,0.9,1453.6333333333334
PACE-FLU-SEV,2025/2026,40,50,10,Cases,State,Cross River,4175020,0.95,1877.9500000000003
PACE-FLU-SEV,2025/2026,40,50,10,Cases,State,Delta,6107543,0.05,287.70000000000005
PACE-FLU-SEV,2025/2026,40,50,10,Cases,State,Delta,6107543,0.1,392
PACE-FLU-SEV,2025/2026,40,50,10,Cases,State,Delta,6107543,0.25,598.4166666666667
PACE-FLU-SEV,2025/2026,40,50,10,Cases,State,Delta,6107543,0.5,938
PACE-FLU-SEV,2025/2026,40,50,10,Cases,State,Delta,6107543,0.75,1468.1666666666665
PACE-FLU-SEV,2025/2026,40,50,10,Cases,State,Delta,6107543,0.9,2212.7000000000007
PACE-FLU-SEV,2025/2026,40,50,10,Cases,State,Delta,6107543,0.95,2616.65
PACE-FLU-SEV,2025/2026,40,50,10,Cases,State,Ebonyi,4007155,0.05,206
PACE-FLU-SEV,2025/2026,40,50,10,Cases,State,Ebonyi,4007155,0.1,265
PACE-FLU-SEV,2025/2026,40,50,10,Cases,State,Ebonyi,4007155,0.25,410.4166666666667
PACE-FLU-SEV,2025/2026,40,50,10,Cases,State,Ebonyi,4007155,0.5,648
PACE-FLU-SEV,2025/2026,40,50,10,Cases,State,Ebonyi,4007155,0.75,998.5833333333333
PACE-FLU-SEV,2025/2026,40,50,10,Cases,State,Ebonyi,4007155,0.9,1440.8000000000006
PACE-FLU-SEV,2025/2026,40,50,10,Cases,State,Ebonyi,4007155,0.95,1816.3000000000002
PACE-FLU-SEV,2025/2026,40,50,10,Cases,State,Edo,5527810,0.05,264
PACE-FLU-SEV,2025/2026,40,50,10,Cases,State,Edo,5527810,0.1,347
PACE-FLU-SEV,2025/2026,40,50,10,Cases,State,Edo,5527810,0.25,539
PACE-FLU-SEV,2025/2026,40,50,10,Cases,State,Edo,5527810,0.5,864
PACE-FLU-SEV,2025/2026,40,50,10,Cases,State,Edo,5527810,0.75,1333
PACE-FLU-SEV,2025/2026,40,50,10,Cases,State,Edo,5527810,0.9,1911
PACE-FLU-SEV,2025/2026,40,50,10,Cases,State,Edo,5527810,0.95,2356.450000000001
PACE-FLU-SEV,2025/2026,40,50,10,Cases,State,Ekiti,3398177,0.05,162
PACE-FLU-SEV,2025/2026,40,50,10,Cases,State,Ekiti,3398177,0.1,216.3666666666667
PACE-FLU-SEV,2025/2026,40,50,10,Cases,State,Ekiti,3398177,0.25,337
PACE-FLU-SEV,2025/2026,40,50,10,Cases,State,Ekiti,3398177,0.5,525.5000000000001
PACE-FLU-SEV,2025/2026,40,50,10,Cases,State,Ekiti,3398177,0.75,839
PACE-FLU-SEV,2025/2026,40,50,10,Cases,State,Ekiti,3398177,0.9,1219.1666666666672
PACE-FLU-SEV,2025/2026,40,50,10,Cases,State,Ekiti,3398177,0.95,1489.3000000000002
PACE-FLU-SEV,2025/2026,40,50,10,Cases,State,Enugu,5396098,0.05,263
PACE-FLU-SEV,2025/2026,40,50,10,Cases,State,Enugu,5396098,0.1,350.3666666666667
PACE-FLU-SEV,2025/2026,40,50,10,Cases,State,Enugu,5396098,0.25,538
PACE-FLU-SEV,2025/2026,40,50,10,Cases,State,Enugu,5396098,0.5,859.5000000000001
PACE-FLU-SEV,2025/2026,40,50,10,Cases,State,Enugu,5396098,0.75,1314
PACE-FLU-SEV,2025/2026,40,50,10,Cases,State,Enugu,5396098,0.9,1937.6333333333334
PACE-FLU-SEV,2025/2026,40,50,10,Cases,State,Enugu,5396098,0.95,2444.2500000000005
PACE-FLU-SEV,2025/2026,40,50,10,Cases,State,FCT,4802443,0.05,264.35
PACE-FLU-SEV,2025/2026,40,50,10,Cases,State,FCT,4802443,0.1,360
PACE-FLU-SEV,2025/2026,40,50,10,Cases,State,FCT,4802443,0.25,547
PACE-FLU-SEV,2025/2026,40,50,10,Cases,State,FCT,4802443,0.5,855
PACE-FLU-SEV,2025/2026,40,50,10,Cases,State,FCT,4802443,0.75,1361.5833333333333
PACE-FLU-SEV,2025/2026,40,50,10,Cases,State,FCT,4802443,0.9,2003.5333333333338
PACE-FLU-SEV,2025/2026,40,50,10,Cases,State,FCT,4802443,0.95,2574.850000000001
PACE-FLU-SEV,2025/2026,40,50,10,Cases,State,Gombe,4623462,0.05,282
PACE-FLU-SEV,2025/2026,40,50,10,Cases,State,Gombe,4623462,0.1,371
PACE-FLU-SEV,2025/2026,40,50,10,Cases,State,Gombe,4623462,0.25,548.8333333333334
PACE-FLU-SEV,2025/2026,40,50,10,Cases,State,Gombe,4623462,0.5,830.5000000000001
PACE-FLU-SEV,2025/2026,40,50,10,Cases,State,Gombe,4623462,0.75,1293.5833333333333
PACE-FLU-SEV,2025/2026,40,50,10,Cases,State,Gombe,4623462,0.9,1897
PACE-FLU-SEV,2025/2026,40,50,10,Cases,State,Gombe,4623462,0.95,2343
PACE-FLU-SEV,2025/2026,40,50,10,Cases,State,Imo,6067722,0.05,320.35
PACE-FLU-SEV,2025/2026,40,50,10,Cases,State,Imo,6067722,0.1,410
PACE-FLU-SEV,2025/2026,40,50,10,Cases,State,Imo,6067722,0.25,622.8333333333334
PACE-FLU-SEV,2025/2026,40,50,10,Cases,State,Imo,6067722,0.5,972.5000000000001
PACE-FLU-SEV,2025/2026,40,50,10,Cases,State,Imo,6067722,0.75,1532
PACE-FLU-SEV,2025/2026,40,50,10,Cases,State,Imo,6067722,0.9,2230.8000000000006
PACE-FLU-SEV,2025/2026,40,50,10,Cases,State,Imo,6067722,0.95,2832.5500000000006
PACE-FLU-SEV,2025/2026,40,50,10,Cases,State,Jigawa,6979080,0.05,428
PACE-FLU-SEV,2025/2026,40,50,10,Cases,State,Jigawa,6979080,0.1,547
PACE-FLU-SEV,2025/2026,40,50,10,Cases,State,Jigawa,6979080,0.25,829.4166666666667
PACE-FLU-SEV,2025/2026,40,50,10,Cases,State,Jigawa,6979080,0.5,1286
PACE-FLU-SEV,2025/2026,40,50,10,Cases,State,Jigawa,6979080,0.75,1993
PACE-FLU-SEV,2025/2026,40,50,10,Cases,State,Jigawa,6979080,0.9,2870.9000000000005
PACE-FLU-SEV,2025/2026,40,50,10,Cases,State,Jigawa,6979080,0.95,3675.6000000000004
PACE-FLU-SEV,2025/2026,40,50,10,Cases,State,Kaduna,8324285,0.05,455.35
PACE-FLU-SEV,2025/2026,40,50,10,Cases,State,Kaduna,8324285,0.1,607
PACE-FLU-SEV,2025/2026,40,50,10,Cases,State,Kaduna,8324285,0.25,939.4166666666667
PACE-FLU-SEV,2025/2026,40,50,10,Cases,State,Kaduna,8324285,0.5,1478.5000000000005
PACE-FLU-SEV,2025/2026,40,50,10,Cases,State,Kaduna,8324285,0.75,2283.916666666666
PACE-FLU-SEV,2025/2026,40,50,10,Cases,State,Kaduna,8324285,0.9,3216.8000000000006
PACE-FLU-SEV,2025/2026,40,50,10,Cases,State,Kaduna,8324285,0.95,4047.2000000000025
PACE-FLU-SEV,2025/2026,40,50,10,Cases,State,Kano,16253549,0.05,1026.7
PACE-FLU-SEV,2025/2026,40,50,10,Cases,State,Kano,16253549,0.1,1293
PACE-FLU-SEV,2025/2026,40,50,10,Cases,State,Kano,16253549,0.25,1930.8333333333333
PACE-FLU-SEV,2025/2026,40,50,10,Cases,State,Kano,16253549,0.5,2961
PACE-FLU-SEV,2025/2026,40,50,10,Cases,State,Kano,16253549,0.75,4539.583333333333
PACE-FLU-SEV,2025/2026,40,50,10,Cases,State,Kano,16253549,0.9,6923.333333333335
PACE-FLU-SEV,2025/2026,40,50,10,Cases,State,Kano,16253549,0.95,8776.050000000001
PACE-FLU-SEV,2025/2026,40,50,10,Cases,State,Katsina,9300382,0.05,546
PACE-FLU-SEV,2025/2026,40,50,10,Cases,State,Katsina,9300382,0.1,716.3666666666667
PACE-FLU-SEV,2025/2026,40,50,10,Cases,State,Katsina,9300382,0.25,1084
PACE-FLU-SEV,2025/2026,40,50,10,Cases,State,Katsina,9300382,0.5,1689
PACE-FLU-SEV,2025/2026,40,50,10,Cases,State,Katsina,9300382,0.75,2632
PACE-FLU-SEV,2025/2026,40,50,10,Cases,State,Katsina,9300382,0.9,3734.433333333334
PACE-FLU-SEV,2025/2026,40,50,10,Cases,State,Katsina,9300382,0.95,4727
PACE-FLU-SEV,2025/2026,40,50,10,Cases,State,Kebbi,6001610,0.05,355.70000000000005
PACE-FLU-SEV,2025/2026,40,50,10,Cases,State,Kebbi,6001610,0.1,465.73333333333346
PACE-FLU-SEV,2025/2026,40,50,10,Cases,State,Kebbi,6001610,0.25,699.4166666666667
PACE-FLU-SEV,2025/2026,40,50,10,Cases,State,Kebbi,6001610,0.5,1078.5
PACE-FLU-SEV,2025/2026,40,50,10,Cases,State,Kebbi,6001610,0.75,1616
PACE-FLU-SEV,2025/2026,40,50,10,Cases,State,Kebbi,6001610,0.9,2378.266666666667
PACE-FLU-SEV,2025/2026,40,50,10,Cases,State,Kebbi,6001610,0.95,3001.3
PACE-FLU-SEV,2025/2026,40,50,10,Cases,State,Kogi,5053734,0.05,288
PACE-FLU-SEV,2025/2026,40,50,10,Cases,State,Kogi,5053734,0.1,367.3666666666667
PACE-FLU-SEV,2025/2026,40,50,10,Cases,State,Kogi,5053734,0.25,558
PACE-FLU-SEV,2025/2026,40,50,10,Cases,State,Kogi,5053734,0.5,884
PACE-FLU-SEV,2025/2026,40,50,10,Cases,State,Kogi,5053734,0.75,1342
PACE-FLU-SEV,2025/2026,40,50,10,Cases,State,Kogi,5053734,0.9,1977.1666666666672
PACE-FLU-SEV,2025/2026,40,50,10,Cases,State,Kogi,5053734,0.95,2516.850000000001
PACE-FLU-SEV,2025/2026,40,50,10,Cases,State,Kwara,4259613,0.05,237.35
PACE-FLU-SEV,2025/2026,40,50,10,Cases,State,Kwara,4259613,0.1,312
PACE-FLU-SEV,2025/2026,40,50,10,Cases,State,Kwara,4259613,0.25,474.4166666666667
PACE-FLU-SEV,2025/2026,40,50,10,Cases,State,Kwara,4259613,0.5,750
PACE-FLU-SEV,2025/2026,40,50,10,Cases,State,Kwara,4259613,0.75,1177.5833333333333
PACE-FLU-SEV,2025/2026,40,50,10,Cases,State,Kwara,4259613,0.9,1713.2666666666669
PACE-FLU-SEV,2025/2026,40,50,10,Cases,State,Kwara,4259613,0.95,2171.9000000000005
PACE-FLU-SEV,2025/2026,40,50,10,Cases,State,Lagos,15772884,0.05,785.05
PACE-FLU-SEV,2025/2026,40,50,10,Cases,State,Lagos,15772884,0.1,1065.3666666666668
PACE-FLU-SEV,2025/2026,40,50,10,Cases,State,Lagos,15772884,0.25,1550.6666666666667
PACE-FLU-SEV,2025/2026,40,50,10,Cases,State,Lagos,15772884,0.5,2462.0000000000005
PACE-FLU-SEV,2025/2026,40,50,10,Cases,State,Lagos,15772884,0.75,3852.333333333333
PACE-FLU-SEV,2025/2026,40,50,10,Cases,State,Lagos,15772884,0.9,5609.166666666668
PACE-FLU-SEV,2025/2026,40,50,10,Cases,State,Lagos,15772884,0.95,6981.950000000003
PACE-FLU-SEV,2025/2026,40,50,10,Cases,State,Nasarawa,3632239,0.05,183
PACE-FLU-SEV,2025/2026,40,50,10,Cases,State,Nasarawa,3632239,0.1,266.7333333333334
PACE-FLU-SEV,2025/2026,40,50,10,Cases,State,Nasarawa,3632239,0.25,408
PACE-FLU-SEV,2025/2026,40,50,10,Cases,State,Nasarawa,3632239,0.5,622.5000000000001
PACE-FLU-SEV,2025/2026,40,50,10,Cases,State,Nasarawa,3632239,0.75,943.1666666666665
PACE-FLU-SEV,2025/2026,40,50,10,Cases,State,Nasarawa,3632239,0.9,1379.2666666666669
PACE-FLU-SEV,2025/2026,40,50,10,Cases,State,Nasarawa,3632239,0.95,1736.3000000000002
PACE-FLU-SEV,2025/2026,40,50,10,Cases,State,Niger,6720617,0.05,373.35
PACE-FLU-SEV,2025/2026,40,50,10,Cases,State,Niger,6720617,0.1,492
PACE-FLU-SEV,2025/2026,40,50,10,Cases,State,Niger,6720617,0.25,769
PACE-FLU-SEV,2025/2026,40,50,10,Cases,State,Niger,6720617,0.5,1197.5
PACE-FLU-SEV,2025/2026,40,50,10,Cases,State,Niger,6720617,0.75,1835.5833333333333
PACE-FLU-SEV,2025/2026,40,50,10,Cases,State,Niger,6720617,0.9,2663.4333333333343
PACE-FLU-SEV,2025/2026,40,50,10,Cases,State,Niger,6720617,0.95,3391.0500000000015
PACE-FLU-SEV,2025/2026,40,50,10,Cases,State,Ogun,6445275,0.05,307.75000000000006
PACE-FLU-SEV,2025/2026,40,50,10,Cases,State,Ogun,6445275,0.1,394.3666666666667
PACE-FLU-SEV,2025/2026,40,50,10,Cases,State,Ogun,6445275,0.25,641.4166666666667
PACE-FLU-SEV,2025/2026,40,50,10,Cases,State,Ogun,6445275,0.5,992.5000000000001
PACE-FLU-SEV,2025/2026,40,50,10,Cases,State,Ogun,6445275,0.75,1534.5833333333333
PACE-FLU-SEV,2025/2026,40,50,10,Cases,State,Ogun,6445275,0.9,2204
PACE-FLU-SEV,2025/2026,40,50,10,Cases,State,Ogun,6445275,0.95,2755.9000000000005
PACE-FLU-SEV,2025/2026,40,50,10,Cases,State,Ondo,5469707,0.05,279.70000000000005
PACE-FLU-SEV,2025/2026,40,50,10,Cases,State,Ondo,5469707,0.1,369
PACE-FLU-SEV,2025/2026,40,50,10,Cases,State,Ondo,5469707,0.25,577
PACE-FLU-SEV,2025/2026,40,50,10,Cases,State,Ondo,5469707,0.5,875.0000000000002
PACE-FLU-SEV,2025/2026,40,50,10,Cases,State,Ondo,5469707,0.75,1374
PACE-FLU-SEV,2025/2026,40,50,10,Cases,State,Ondo,5469707,0.9,2006.9000000000003
PACE-FLU-SEV,2025/2026,40,50,10,Cases,State,Ondo,5469707,0.95,2557.950000000002
PACE-FLU-SEV,2025/2026,40,50,10,Cases,State,Osun,4237396,0.05,206.35000000000002
PACE-FLU-SEV,2025/2026,40,50,10,Cases,State,Osun,4237396,0.1,279
PACE-FLU-SEV,2025/2026,40,50,10,Cases,State,Osun,4237396,0.25,429.83333333333337
PACE-FLU-SEV,2025/2026,40,50,10,Cases,State,Osun,4237396,0.5,670
PACE-FLU-SEV,2025/2026,40,50,10,Cases,State,Osun,4237396,0.75,1005.5833333333333
PACE-FLU-SEV,2025/2026,40,50,10,Cases,State,Osun,4237396,0.9,1531.9000000000003
PACE-FLU-SEV,2025/2026,40,50,10,Cases,State,Osun,4237396,0.95,2002.9500000000003
PACE-FLU-SEV,2025/2026,40,50,10,Cases,State,Oyo,7512855,0.05,391.35
PACE-FLU-SEV,2025/2026,40,50,10,Cases,State,Oyo,7512855,0.1,500
PACE-FLU-SEV,2025/2026,40,50,10,Cases,State,Oyo,7512855,0.25,757
PACE-FLU-SEV,2025/2026,40,50,10,Cases,State,Oyo,7512855,0.5,1185
PACE-FLU-SEV,2025/2026,40,50,10,Cases,State,Oyo,7512855,0.75,1804.5833333333333
PACE-FLU-SEV,2025/2026,40,50,10,Cases,State,Oyo,7512855,0.9,2660.266666666667
PACE-FLU-SEV,2025/2026,40,50,10,Cases,State,Oyo,7512855,0.95,3516.9500000000003
PACE-FLU-SEV,2025/2026,40,50,10,Cases,State,Plateau,5400974,0.05,338
PACE-FLU-SEV,2025/2026,40,50,10,Cases,State,Plateau,5400974,0.1,421
PACE-FLU-SEV,2025/2026,40,50,10,Cases,State,Plateau,5400974,0.25,613
PACE-FLU-SEV,2025/2026,40,50,10,Cases,State,Plateau,5400974,0.5,948
PACE-FLU-SEV,2025/2026,40,50,10,Cases,State,Plateau,5400974,0.75,1443
PACE-FLU-SEV,2025/2026,40,50,10,Cases,State,Plateau,5400974,0.9,2086.8000000000006
PACE-FLU-SEV,2025/2026,40,50,10,Cases,State,Plateau,5400974,0.95,2693.3
PACE-FLU-SEV,2025/2026,40,50,10,Cases,State,Rivers,7234973,0.05,346.05
PACE-FLU-SEV,2025/2026,40,50,10,Cases,State,Rivers,7234973,0.1,446
PACE-FLU-SEV,2025/2026,40,50,10,Cases,State,Rivers,7234973,0.25,710
PACE-FLU-SEV,2025/2026,40,50,10,Cases,State,Rivers,7234973,0.5,1133.5
PACE-FLU-SEV,2025/2026,40,50,10,Cases,State,Rivers,7234973,0.75,1744.5833333333333
PACE-FLU-SEV,2025/2026,40,50,10,Cases,State,Rivers,7234973,0.9,2513.4333333333343
PACE-FLU-SEV,2025/2026,40,50,10,Cases,State,Rivers,7234973,0.95,3125.8500000000026
PACE-FLU-SEV,2025/2026,40,50,10,Cases,State,Sokoto,6163187,0.05,374
PACE-FLU-SEV,2025/2026,40,50,10,Cases,State,Sokoto,6163187,0.1,483.73333333333335
PACE-FLU-SEV,2025/2026,40,50,10,Cases,State,Sokoto,6163187,0.25,724.0833333333335
PACE-FLU-SEV,2025/2026,40,50,10,Cases,State,Sokoto,6163187,0.5,1134.5
PACE-FLU-SEV,2025/2026,40,50,10,Cases,State,Sokoto,6163187,0.75,1677.1666666666665
PACE-FLU-SEV,2025/2026,40,50,10,Cases,State,Sokoto,6163187,0.9,2492.5333333333338
PACE-FLU-SEV,2025/2026,40,50,10,Cases,State,Sokoto,6163187,0.95,3128.65
PACE-FLU-SEV,2025/2026,40,50,10,Cases,State,Taraba,4331885,0.05,235.35000000000002
PACE-FLU-SEV,2025/2026,40,50,10,Cases,State,Taraba,4331885,0.1,317.3666666666667
PACE-FLU-SEV,2025/2026,40,50,10,Cases,State,Taraba,4331885,0.25,489.4166666666667
PACE-FLU-SEV,2025/2026,40,50,10,Cases,State,Taraba,4331885,0.5,750
PACE-FLU-SEV,2025/2026,40,50,10,Cases,State,Taraba,4331885,0.75,1144
PACE-FLU-SEV,2025/2026,40,50,10,Cases,State,Taraba,4331885,0.9,1688.2333333333347
PACE-FLU-SEV,2025/2026,40,50,10,Cases,State,Taraba,4331885,0.95,2046.65
PACE-FLU-SEV,2025/2026,40,50,10,Cases,State,Yobe,4350401,0.05,264
PACE-FLU-SEV,2025/2026,40,50,10,Cases,State,Yobe,4350401,0.1,337.3666666666667
PACE-FLU-SEV,2025/2026,40,50,10,Cases,State,Yobe,4350401,0.25,514.8333333333334
PACE-FLU-SEV,2025/2026,40,50,10,Cases,State,Yobe,4350401,0.5,793
PACE-FLU-SEV,2025/2026,40,50,10,Cases,State,Yobe,4350401,0.75,1229
PACE-FLU-SEV,2025/2026,40,50,10,Cases,State,Yobe,4350401,0.9,1778.6333333333334
PACE-FLU-SEV,2025/2026,40,50,10,Cases,State,Yobe,4350401,0.95,2177.9000000000005
PACE-FLU-SEV,2025/2026,40,50,10,Cases,State,Zamfara,5517793,0.05,320
PACE-FLU-SEV,2025/2026,40,50,10,Cases,State,Zamfara,5517793,0.1,419.3666666666667
PACE-FLU-SEV,2025/2026,40,50,10,Cases,State,Zamfara,5517793,0.25,654
PACE-FLU-SEV,2025/2026,40,50,10,Cases,State,Zamfara,5517793,0.5,1009.5000000000001
PACE-FLU-SEV,2025/2026,40,50,10,Cases,State,Zamfara,5517793,0.75,1490.1666666666665
PACE-FLU-SEV,2025/2026,40,50,10,Cases,State,Zamfara,5517793,0.9,2249.8000000000006
PACE-FLU-SEV,2025/2026,40,50,10,Cases,State,Zamfara,5517793,0.95,2947.6000000000004
PACE-FLU-SEV,2025/2026,40,50,10,Cases,Zone,NC,36557326,0.05,3806.8
PACE-FLU-SEV,2025/2026,40,50,10,Cases,Zone,NC,36557326,0.1,4267.666666666667
PACE-FLU-SEV,2025/2026,40,50,10,Cases,Zone,NC,36557326,0.25,5473.5
PACE-FLU-SEV,2025/2026,40,50,10,Cases,Zone,NC,36557326,0.5,7076
PACE-FLU-SEV,2025/2026,40,50,10,Cases,Zone,NC,36557326,0.75,9306.083333333332
PACE-FLU-SEV,2025/2026,40,50,10,Cases,Zone,NC,36557326,0.9,12163.400000000001
PACE-FLU-SEV,2025/2026,40,50,10,Cases,Zone,NC,36557326,0.95,13991.000000000004
PACE-FLU-SEV,2025/2026,40,50,10,Cases,Zone,NE,32734949,0.05,3565.1000000000004
PACE-FLU-SEV,2025/2026,40,50,10,Cases,Zone,NE,32734949,0.1,3984
PACE-FLU-SEV,2025/2026,40,50,10,Cases,Zone,NE,32734949,0.25,5072.5
PACE-FLU-SEV,2025/2026,40,50,10,Cases,Zone,NE,32734949,0.5,6496
PACE-FLU-SEV,2025/2026,40,50,10,Cases,Zone,NE,32734949,0.75,8508.666666666666
PACE-FLU-SEV,2025/2026,40,50,10,Cases,Zone,NE,32734949,0.9,10946.266666666666
PACE-FLU-SEV,2025/2026,40,50,10,Cases,Zone,NE,32734949,0.95,12792.450000000003
PACE-FLU-SEV,2025/2026,40,50,10,Cases,Zone,NW,58539886,0.05,6371.35
PACE-FLU-SEV,2025/2026,40,50,10,Cases,Zone,NW,58539886,0.1,7363.833333333334
PACE-FLU-SEV,2025/2026,40,50,10,Cases,Zone,NW,58539886,0.25,9210.916666666668
PACE-FLU-SEV,2025/2026,40,50,10,Cases,Zone,NW,58539886,0.5,11675.5
PACE-FLU-SEV,2025/2026,40,50,10,Cases,Zone,NW,58539886,0.75,15312.916666666664
PACE-FLU-SEV,2025/2026,40,50,10,Cases,Zone,NW,58539886,0.9,19968.63333333333
PACE-FLU-SEV,2025/2026,40,50,10,Cases,Zone,NW,58539886,0.95,23470.350000000002
PACE-FLU-SEV,2025/2026,40,50,10,Cases,Zone,SE,27612828,0.05,2463.7
PACE-FLU-SEV,2025/2026,40,50,10,Cases,Zone,SE,27612828,0.1,2798.3
PACE-FLU-SEV,2025/2026,40,50,10,Cases,Zone,SE,27612828,0.25,3652
PACE-FLU-SEV,2025/2026,40,50,10,Cases,Zone,SE,27612828,0.5,4827
PACE-FLU-SEV,2025/2026,40,50,10,Cases,Zone,SE,27612828,0.75,6501.833333333332
PACE-FLU-SEV,2025/2026,40,50,10,Cases,Zone,SE,27612828,0.9,8262.900000000001
PACE-FLU-SEV,2025/2026,40,50,10,Cases,Zone,SE,27612828,0.95,10138.150000000001
PACE-FLU-SEV,2025/2026,40,50,10,Cases,Zone,SS,31220652,0.05,2690.35
PACE-FLU-SEV,2025/2026,40,50,10,Cases,Zone,SS,31220652,0.1,3133.366666666667
PACE-FLU-SEV,2025/2026,40,50,10,Cases,Zone,SS,31220652,0.25,3983.333333333334
PACE-FLU-SEV,2025/2026,40,50,10,Cases,Zone,SS,31220652,0.5,5269
PACE-FLU-SEV,2025/2026,40,50,10,Cases,Zone,SS,31220652,0.75,7156.666666666665
PACE-FLU-SEV,2025/2026,40,50,10,Cases,Zone,SS,31220652,0.9,9480.266666666666
PACE-FLU-SEV,2025/2026,40,50,10,Cases,Zone,SS,31220652,0.95,11177.400000000001
PACE-FLU-SEV,2025/2026,40,50,10,Cases,Zone,SW,42836294,0.05,3725.7
PACE-FLU-SEV,2025/2026,40,50,10,Cases,Zone,SW,42836294,0.1,4297.733333333334
PACE-FLU-SEV,2025/2026,40,50,10,Cases,Zone,SW,42836294,0.25,5480.25
PACE-FLU-SEV,2025/2026,40,50,10,Cases,Zone,SW,42836294,0.5,7342
PACE-FLU-SEV,2025/2026,40,50,10,Cases,Zone,SW,42836294,0.75,9898.166666666668
PACE-FLU-SEV,2025/2026,40,50,10,Cases,Zone,SW,42836294,0.9,13095.933333333336
PACE-FLU-SEV,2025/2026,40,50,10,Cases,Zone,SW,42836294,0.95,15540.3
PACE-FLU-SEV,2025/2026,40,51,11,Cases,Macro,North,127832161,0.05,15509.35
PACE-FLU-SEV,2025/2026,40,51,11,Cases,Macro,North,127832161,0.1,17266.433333333334
PACE-FLU-SEV,2025/2026,40,51,11,Cases,Macro,North,127832161,0.25,20994.5
PACE-FLU-SEV,2025/2026,40,51,11,Cases,Macro,North,127832161,0.5,26465
PACE-FLU-SEV,2025/2026,40,51,11,Cases,Macro,North,127832161,0.75,33388.916666666664
PACE-FLU-SEV,2025/2026,40,51,11,Cases,Macro,North,127832161,0.9,41582.13333333333
PACE-FLU-SEV,2025/2026,40,51,11,Cases,Macro,North,127832161,0.95,47188.750000000015
PACE-FLU-SEV,2025/2026,40,51,11,Cases,Macro,South,101669774,0.05,9819.35
PACE-FLU-SEV,2025/2026,40,51,11,Cases,Macro,South,101669774,0.1,11372.266666666668
PACE-FLU-SEV,2025/2026,40,51,11,Cases,Macro,South,101669774,0.25,14172.333333333332
PACE-FLU-SEV,2025/2026,40,51,11,Cases,Macro,South,101669774,0.5,18531
PACE-FLU-SEV,2025/2026,40,51,11,Cases,Macro,South,101669774,0.75,24061.083333333332
PACE-FLU-SEV,2025/2026,40,51,11,Cases,Macro,South,101669774,0.9,31144.100000000002
PACE-FLU-SEV,2025/2026,40,51,11,Cases,Macro,South,101669774,0.95,35788.85000000001
PACE-FLU-SEV,2025/2026,40,51,11,Cases,National,Nigeria,229501935,0.05,26980.9
PACE-FLU-SEV,2025/2026,40,51,11,Cases,National,Nigeria,229501935,0.1,30460.233333333337
PACE-FLU-SEV,2025/2026,40,51,11,Cases,National,Nigeria,229501935,0.25,36564.91666666667
PACE-FLU-SEV,2025/2026,40,51,11,Cases,National,Nigeria,229501935,0.5,45645.500000000015
PACE-FLU-SEV,2025/2026,40,51,11,Cases,National,Nigeria,229501935,0.75,57375.916666666664
PACE-FLU-SEV,2025/2026,40,51,11,Cases,National,Nigeria,229501935,0.9,69972.16666666666
PACE-FLU-SEV,2025/2026,40,51,11,Cases,National,Nigeria,229501935,0.95,80377.20000000001
PACE-FLU-SEV,2025/2026,40,51,11,Cases,State,Abia,4841943,0.05,257.7
PACE-FLU-SEV,2025/2026,40,51,11,Cases,State,Abia,4841943,0.1,335
PACE-FLU-SEV,2025/2026,40,51,11,Cases,State,Abia,4841943,0.25,505
PACE-FLU-SEV,2025/2026,40,51,11,Cases,State,Abia,4841943,0.5,781
PACE-FLU-SEV,2025/2026,40,51,11,Cases,State,Abia,4841943,0.75,1213
PACE-FLU-SEV,2025/2026,40,51,11,Cases,State,Abia,4841943,0.9,1789.1666666666672
PACE-FLU-SEV,2025/2026,40,51,11,Cases,State,Abia,4841943,0.95,2277.100000000003
PACE-FLU-SEV,2025/2026,40,51,11,Cases,State,Adamawa,5236948,0.05,292
PACE-FLU-SEV,2025/2026,40,51,11,Cases,State,Adamawa,5236948,0.1,389.56666666666695
PACE-FLU-SEV,2025/2026,40,51,11,Cases,State,Adamawa,5236948,0.25,609
PACE-FLU-SEV,2025/2026,40,51,11,Cases,State,Adamawa,5236948,0.5,953.5000000000003
PACE-FLU-SEV,2025/2026,40,51,11,Cases,State,Adamawa,5236948,0.75,1430.5833333333333
PACE-FLU-SEV,2025/2026,40,51,11,Cases,State,Adamawa,5236948,0.9,2152.9000000000005
PACE-FLU-SEV,2025/2026,40,51,11,Cases,State,Adamawa,5236948,0.95,2656.450000000001
PACE-FLU-SEV,2025/2026,40,51,11,Cases,State,Akwa Ibom,5780581,0.05,292.35
PACE-FLU-SEV,2025/2026,40,51,11,Cases,State,Akwa Ibom,5780581,0.1,387.3666666666667
PACE-FLU-SEV,2025/2026,40,51,11,Cases,State,Akwa Ibom,5780581,0.25,604.8333333333334
PACE-FLU-SEV,2025/2026,40,51,11,Cases,State,Akwa Ibom,5780581,0.5,925.5000000000001
PACE-FLU-SEV,2025/2026,40,51,11,Cases,State,Akwa Ibom,5780581,0.75,1407.5833333333333
PACE-FLU-SEV,2025/2026,40,51,11,Cases,State,Akwa Ibom,5780581,0.9,2106.9000000000005
PACE-FLU-SEV,2025/2026,40,51,11,Cases,State,Akwa Ibom,5780581,0.95,2714.9500000000003
PACE-FLU-SEV,2025/2026,40,51,11,Cases,State,Anambra,7299910,0.05,383.35
PACE-FLU-SEV,2025/2026,40,51,11,Cases,State,Anambra,7299910,0.1,481
PACE-FLU-SEV,2025/2026,40,51,11,Cases,State,Anambra,7299910,0.25,746.25
PACE-FLU-SEV,2025/2026,40,51,11,Cases,State,Anambra,7299910,0.5,1165.5
PACE-FLU-SEV,2025/2026,40,51,11,Cases,State,Anambra,7299910,0.75,1853.5833333333333
PACE-FLU-SEV,2025/2026,40,51,11,Cases,State,Anambra,7299910,0.9,2632.8000000000006
PACE-FLU-SEV,2025/2026,40,51,11,Cases,State,Anambra,7299910,0.95,3277.150000000001
PACE-FLU-SEV,2025/2026,40,51,11,Cases,State,Bauchi,7540663,0.05,467.35
PACE-FLU-SEV,2025/2026,40,51,11,Cases,State,Bauchi,7540663,0.1,609
PACE-FLU-SEV,2025/2026,40,51,11,Cases,State,Bauchi,7540663,0.25,917.4166666666666
PACE-FLU-SEV,2025/2026,40,51,11,Cases,State,Bauchi,7540663,0.5,1397
PACE-FLU-SEV,2025/2026,40,51,11,Cases,State,Bauchi,7540663,0.75,2110.1666666666665
PACE-FLU-SEV,2025/2026,40,51,11,Cases,State,Bauchi,7540663,0.9,3036.500000000002
PACE-FLU-SEV,2025/2026,40,51,11,Cases,State,Bauchi,7540663,0.95,3815.5500000000006
PACE-FLU-SEV,2025/2026,40,51,11,Cases,State,Bayelsa,2394725,0.05,123.35000000000001
PACE-FLU-SEV,2025/2026,40,51,11,Cases,State,Bayelsa,2394725,0.1,160.3666666666667
PACE-FLU-SEV,2025/2026,40,51,11,Cases,State,Bayelsa,2394725,0.25,246
PACE-FLU-SEV,2025/2026,40,51,11,Cases,State,Bayelsa,2394725,0.5,393.5000000000001
PACE-FLU-SEV,2025/2026,40,51,11,Cases,State,Bayelsa,2394725,0.75,614
PACE-FLU-SEV,2025/2026,40,51,11,Cases,State,Bayelsa,2394725,0.9,863.2666666666669
PACE-FLU-SEV,2025/2026,40,51,11,Cases,State,Bayelsa,2394725,0.95,1109.2000000000007
PACE-FLU-SEV,2025/2026,40,51,11,Cases,State,Benue,6687706,0.05,382
PACE-FLU-SEV,2025/2026,40,51,11,Cases,State,Benue,6687706,0.1,486.7333333333334
PACE-FLU-SEV,2025/2026,40,51,11,Cases,State,Benue,6687706,0.25,758.4166666666667
PACE-FLU-SEV,2025/2026,40,51,11,Cases,State,Benue,6687706,0.5,1169.5
PACE-FLU-SEV,2025/2026,40,51,11,Cases,State,Benue,6687706,0.75,1787.1666666666665
PACE-FLU-SEV,2025/2026,40,51,11,Cases,State,Benue,6687706,0.9,2638.633333333333
PACE-FLU-SEV,2025/2026,40,51,11,Cases,State,Benue,6687706,0.95,3262.65
PACE-FLU-SEV,2025/2026,40,51,11,Cases,State,Borno,6651590,0.05,402.34999999999997
PACE-FLU-SEV,2025/2026,40,51,11,Cases,State,Borno,6651590,0.1,509.73333333333346
PACE-FLU-SEV,2025/2026,40,51,11,Cases,State,Borno,6651590,0.25,786.4166666666667
PACE-FLU-SEV,2025/2026,40,51,11,Cases,State,Borno,6651590,0.5,1231.5
PACE-FLU-SEV,2025/2026,40,51,11,Cases,State,Borno,6651590,0.75,1866.5833333333333
PACE-FLU-SEV,2025/2026,40,51,11,Cases,State,Borno,6651590,0.9,2686.633333333333
PACE-FLU-SEV,2025/2026,40,51,11,Cases,State,Borno,6651590,0.95,3534.2000000000007
PACE-FLU-SEV,2025/2026,40,51,11,Cases,State,Cross River,4175020,0.05,218
PACE-FLU-SEV,2025/2026,40,51,11,Cases,State,Cross River,4175020,0.1,276
PACE-FLU-SEV,2025/2026,40,51,11,Cases,State,Cross River,4175020,0.25,419
PACE-FLU-SEV,2025/2026,40,51,11,Cases,State,Cross River,4175020,0.5,655.5000000000001
PACE-FLU-SEV,2025/2026,40,51,11,Cases,State,Cross River,4175020,0.75,1020.5833333333333
PACE-FLU-SEV,2025/2026,40,51,11,Cases,State,Cross River,4175020,0.9,1544.6333333333334
PACE-FLU-SEV,2025/2026,40,51,11,Cases,State,Cross River,4175020,0.95,1999
PACE-FLU-SEV,2025/2026,40,51,11,Cases,State,Delta,6107543,0.05,304.35
PACE-FLU-SEV,2025/2026,40,51,11,Cases,State,Delta,6107543,0.1,421.36666666666673
PACE-FLU-SEV,2025/2026,40,51,11,Cases,State,Delta,6107543,0.25,636.4166666666667
PACE-FLU-SEV,2025/2026,40,51,11,Cases,State,Delta,6107543,0.5,978.0000000000002
PACE-FLU-SEV,2025/2026,40,51,11,Cases,State,Delta,6107543,0.75,1490.4999999999995
PACE-FLU-SEV,2025/2026,40,51,11,Cases,State,Delta,6107543,0.9,2280.9000000000005
PACE-FLU-SEV,2025/2026,40,51,11,Cases,State,Delta,6107543,0.95,2841.6000000000004
PACE-FLU-SEV,2025/2026,40,51,11,Cases,State,Ebonyi,4007155,0.05,198.35000000000002
PACE-FLU-SEV,2025/2026,40,51,11,Cases,State,Ebonyi,4007155,0.1,258
PACE-FLU-SEV,2025/2026,40,51,11,Cases,State,Ebonyi,4007155,0.25,420
PACE-FLU-SEV,2025/2026,40,51,11,Cases,State,Ebonyi,4007155,0.5,664
PACE-FLU-SEV,2025/2026,40,51,11,Cases,State,Ebonyi,4007155,0.75,1059.666666666666
PACE-FLU-SEV,2025/2026,40,51,11,Cases,State,Ebonyi,4007155,0.9,1574.2666666666669
PACE-FLU-SEV,2025/2026,40,51,11,Cases,State,Ebonyi,4007155,0.95,1963.8500000000008
PACE-FLU-SEV,2025/2026,40,51,11,Cases,State,Edo,5527810,0.05,292.35
PACE-FLU-SEV,2025/2026,40,51,11,Cases,State,Edo,5527810,0.1,378.3666666666667
PACE-FLU-SEV,2025/2026,40,51,11,Cases,State,Edo,5527810,0.25,574
PACE-FLU-SEV,2025/2026,40,51,11,Cases,State,Edo,5527810,0.5,884
PACE-FLU-SEV,2025/2026,40,51,11,Cases,State,Edo,5527810,0.75,1355.5833333333333
PACE-FLU-SEV,2025/2026,40,51,11,Cases,State,Edo,5527810,0.9,2013.433333333334
PACE-FLU-SEV,2025/2026,40,51,11,Cases,State,Edo,5527810,0.95,2594.9500000000003
PACE-FLU-SEV,2025/2026,40,51,11,Cases,State,Ekiti,3398177,0.05,171
PACE-FLU-SEV,2025/2026,40,51,11,Cases,State,Ekiti,3398177,0.1,222.7333333333334
PACE-FLU-SEV,2025/2026,40,51,11,Cases,State,Ekiti,3398177,0.25,343.4166666666667
PACE-FLU-SEV,2025/2026,40,51,11,Cases,State,Ekiti,3398177,0.5,562.5000000000001
PACE-FLU-SEV,2025/2026,40,51,11,Cases,State,Ekiti,3398177,0.75,834.5833333333333
PACE-FLU-SEV,2025/2026,40,51,11,Cases,State,Ekiti,3398177,0.9,1211.433333333334
PACE-FLU-SEV,2025/2026,40,51,11,Cases,State,Ekiti,3398177,0.95,1533.65
PACE-FLU-SEV,2025/2026,40,51,11,Cases,State,Enugu,5396098,0.05,278
PACE-FLU-SEV,2025/2026,40,51,11,Cases,State,Enugu,5396098,0.1,354
PACE-FLU-SEV,2025/2026,40,51,11,Cases,State,Enugu,5396098,0.25,552.8333333333334
PACE-FLU-SEV,2025/2026,40,51,11,Cases,State,Enugu,5396098,0.5,875
PACE-FLU-SEV,2025/2026,40,51,11,Cases,State,Enugu,5396098,0.75,1344.5833333333333
PACE-FLU-SEV,2025/2026,40,51,11,Cases,State,Enugu,5396098,0.9,2074
PACE-FLU-SEV,2025/2026,40,51,11,Cases,State,Enugu,5396098,0.95,2613.65
PACE-FLU-SEV,2025/2026,40,51,11,Cases,State,FCT,4802443,0.05,271.35
PACE-FLU-SEV,2025/2026,40,51,11,Cases,State,FCT,4802443,0.1,361
PACE-FLU-SEV,2025/2026,40,51,11,Cases,State,FCT,4802443,0.25,558.4166666666667
PACE-FLU-SEV,2025/2026,40,51,11,Cases,State,FCT,4802443,0.5,862
PACE-FLU-SEV,2025/2026,40,51,11,Cases,State,FCT,4802443,0.75,1367
PACE-FLU-SEV,2025/2026,40,51,11,Cases,State,FCT,4802443,0.9,1998.1666666666672
PACE-FLU-SEV,2025/2026,40,51,11,Cases,State,FCT,4802443,0.95,2527.1000000000013
PACE-FLU-SEV,2025/2026,40,51,11,Cases,State,Gombe,4623462,0.05,293.35
PACE-FLU-SEV,2025/2026,40,51,11,Cases,State,Gombe,4623462,0.1,365
PACE-FLU-SEV,2025/2026,40,51,11,Cases,State,Gombe,4623462,0.25,546.4166666666667
PACE-FLU-SEV,2025/2026,40,51,11,Cases,State,Gombe,4623462,0.5,844
PACE-FLU-SEV,2025/2026,40,51,11,Cases,State,Gombe,4623462,0.75,1333.7499999999998
PACE-FLU-SEV,2025/2026,40,51,11,Cases,State,Gombe,4623462,0.9,1936.6333333333334
PACE-FLU-SEV,2025/2026,40,51,11,Cases,State,Gombe,4623462,0.95,2362.2000000000007
PACE-FLU-SEV,2025/2026,40,51,11,Cases,State,Imo,6067722,0.05,321
PACE-FLU-SEV,2025/2026,40,51,11,Cases,State,Imo,6067722,0.1,408.3666666666667
PACE-FLU-SEV,2025/2026,40,51,11,Cases,State,Imo,6067722,0.25,632.4166666666667
PACE-FLU-SEV,2025/2026,40,51,11,Cases,State,Imo,6067722,0.5,987
PACE-FLU-SEV,2025/2026,40,51,11,Cases,State,Imo,6067722,0.75,1529.5833333333333
PACE-FLU-SEV,2025/2026,40,51,11,Cases,State,Imo,6067722,0.9,2251.166666666667
PACE-FLU-SEV,2025/2026,40,51,11,Cases,State,Imo,6067722,0.95,2856.6000000000004
PACE-FLU-SEV,2025/2026,40,51,11,Cases,State,Jigawa,6979080,0.05,442.7
PACE-FLU-SEV,2025/2026,40,51,11,Cases,State,Jigawa,6979080,0.1,557.7333333333335
PACE-FLU-SEV,2025/2026,40,51,11,Cases,State,Jigawa,6979080,0.25,867.4166666666667
PACE-FLU-SEV,2025/2026,40,51,11,Cases,State,Jigawa,6979080,0.5,1332.5
PACE-FLU-SEV,2025/2026,40,51,11,Cases,State,Jigawa,6979080,0.75,2032
PACE-FLU-SEV,2025/2026,40,51,11,Cases,State,Jigawa,6979080,0.9,3000.633333333333
PACE-FLU-SEV,2025/2026,40,51,11,Cases,State,Jigawa,6979080,0.95,3838.9500000000003
PACE-FLU-SEV,2025/2026,40,51,11,Cases,State,Kaduna,8324285,0.05,473.7
PACE-FLU-SEV,2025/2026,40,51,11,Cases,State,Kaduna,8324285,0.1,630.3666666666667
PACE-FLU-SEV,2025/2026,40,51,11,Cases,State,Kaduna,8324285,0.25,949
PACE-FLU-SEV,2025/2026,40,51,11,Cases,State,Kaduna,8324285,0.5,1503
PACE-FLU-SEV,2025/2026,40,51,11,Cases,State,Kaduna,8324285,0.75,2238
PACE-FLU-SEV,2025/2026,40,51,11,Cases,State,Kaduna,8324285,0.9,3436.2333333333345
PACE-FLU-SEV,2025/2026,40,51,11,Cases,State,Kaduna,8324285,0.95,4394.550000000001
PACE-FLU-SEV,2025/2026,40,51,11,Cases,State,Kano,16253549,0.05,923.05
PACE-FLU-SEV,2025/2026,40,51,11,Cases,State,Kano,16253549,0.1,1245.7333333333336
PACE-FLU-SEV,2025/2026,40,51,11,Cases,State,Kano,16253549,0.25,1875.4166666666667
PACE-FLU-SEV,2025/2026,40,51,11,Cases,State,Kano,16253549,0.5,2968.0000000000005
PACE-FLU-SEV,2025/2026,40,51,11,Cases,State,Kano,16253549,0.75,4680.583333333333
PACE-FLU-SEV,2025/2026,40,51,11,Cases,State,Kano,16253549,0.9,6584.300000000002
PACE-FLU-SEV,2025/2026,40,51,11,Cases,State,Kano,16253549,0.95,8180.000000000002
PACE-FLU-SEV,2025/2026,40,51,11,Cases,State,Katsina,9300382,0.05,551.75
PACE-FLU-SEV,2025/2026,40,51,11,Cases,State,Katsina,9300382,0.1,736.1000000000001
PACE-FLU-SEV,2025/2026,40,51,11,Cases,State,Katsina,9300382,0.25,1103
PACE-FLU-SEV,2025/2026,40,51,11,Cases,State,Katsina,9300382,0.5,1748
PACE-FLU-SEV,2025/2026,40,51,11,Cases,State,Katsina,9300382,0.75,2683.75
PACE-FLU-SEV,2025/2026,40,51,11,Cases,State,Katsina,9300382,0.9,3925.8000000000006
PACE-FLU-SEV,2025/2026,40,51,11,Cases,State,Katsina,9300382,0.95,4904.950000000004
PACE-FLU-SEV,2025/2026,40,51,11,Cases,State,Kebbi,6001610,0.05,388
PACE-FLU-SEV,2025/2026,40,51,11,Cases,State,Kebbi,6001610,0.1,472.3666666666667
PACE-FLU-SEV,2025/2026,40,51,11,Cases,State,Kebbi,6001610,0.25,715
PACE-FLU-SEV,2025/2026,40,51,11,Cases,State,Kebbi,6001610,0.5,1096.5
PACE-FLU-SEV,2025/2026,40,51,11,Cases,State,Kebbi,6001610,0.75,1662.5833333333333
PACE-FLU-SEV,2025/2026,40,51,11,Cases,State,Kebbi,6001610,0.9,2467.4333333333343
PACE-FLU-SEV,2025/2026,40,51,11,Cases,State,Kebbi,6001610,0.95,3061.65
PACE-FLU-SEV,2025/2026,40,51,11,Cases,State,Kogi,5053734,0.05,287.70000000000005
PACE-FLU-SEV,2025/2026,40,51,11,Cases,State,Kogi,5053734,0.1,374
PACE-FLU-SEV,2025/2026,40,51,11,Cases,State,Kogi,5053734,0.25,578.4166666666667
PACE-FLU-SEV,2025/2026,40,51,11,Cases,State,Kogi,5053734,0.5,921.5000000000001
PACE-FLU-SEV,2025/2026,40,51,11,Cases,State,Kogi,5053734,0.75,1432.1666666666665
PACE-FLU-SEV,2025/2026,40,51,11,Cases,State,Kogi,5053734,0.9,2076
PACE-FLU-SEV,2025/2026,40,51,11,Cases,State,Kogi,5053734,0.95,2562.65
PACE-FLU-SEV,2025/2026,40,51,11,Cases,State,Kwara,4259613,0.05,236.35000000000002
PACE-FLU-SEV,2025/2026,40,51,11,Cases,State,Kwara,4259613,0.1,316
PACE-FLU-SEV,2025/2026,40,51,11,Cases,State,Kwara,4259613,0.25,477.4166666666667
PACE-FLU-SEV,2025/2026,40,51,11,Cases,State,Kwara,4259613,0.5,763.5000000000001
PACE-FLU-SEV,2025/2026,40,51,11,Cases,State,Kwara,4259613,0.75,1172.1666666666665
PACE-FLU-SEV,2025/2026,40,51,11,Cases,State,Kwara,4259613,0.9,1749.6333333333334
PACE-FLU-SEV,2025/2026,40,51,11,Cases,State,Kwara,4259613,0.95,2235.65
PACE-FLU-SEV,2025/2026,40,51,11,Cases,State,Lagos,15772884,0.05,831.45
PACE-FLU-SEV,2025/2026,40,51,11,Cases,State,Lagos,15772884,0.1,1098
PACE-FLU-SEV,2025/2026,40,51,11,Cases,State,Lagos,15772884,0.25,1666.25
PACE-FLU-SEV,2025/2026,40,51,11,Cases,State,Lagos,15772884,0.5,2619.5
PACE-FLU-SEV,2025/2026,40,51,11,Cases,State,Lagos,15772884,0.75,4077.1666666666665
PACE-FLU-SEV,2025/2026,40,51,11,Cases,State,Lagos,15772884,0.9,5878.233333333335
PACE-FLU-SEV,2025/2026,40,51,11,Cases,State,Lagos,15772884,0.95,7395.550000000001
PACE-FLU-SEV,2025/2026,40,51,11,Cases,State,Nasarawa,3632239,0.05,211
PACE-FLU-SEV,2025/2026,40,51,11,Cases,State,Nasarawa,3632239,0.1,264.3666666666667
PACE-FLU-SEV,2025/2026,40,51,11,Cases,State,Nasarawa,3632239,0.25,419.4166666666667
PACE-FLU-SEV,2025/2026,40,51,11,Cases,State,Nasarawa,3632239,0.5,655.5000000000003
PACE-FLU-SEV,2025/2026,40,51,11,Cases,State,Nasarawa,3632239,0.75,1018.333333333333
PACE-FLU-SEV,2025/2026,40,51,11,Cases,State,Nasarawa,3632239,0.9,1528
PACE-FLU-SEV,2025/2026,40,51,11,Cases,State,Nasarawa,3632239,0.95,1907.800000000001
PACE-FLU-SEV,2025/2026,40,51,11,Cases,State,Niger,6720617,0.05,397
PACE-FLU-SEV,2025/2026,40,51,11,Cases,State,Niger,6720617,0.1,517
PACE-FLU-SEV,2025/2026,40,51,11,Cases,State,Niger,6720617,0.25,766.8333333333334
PACE-FLU-SEV,2025/2026,40,51,11,Cases,State,Niger,6720617,0.5,1199.5
PACE-FLU-SEV,2025/2026,40,51,11,Cases,State,Niger,6720617,0.75,1876
PACE-FLU-SEV,2025/2026,40,51,11,Cases,State,Niger,6720617,0.9,2766
PACE-FLU-SEV,2025/2026,40,51,11,Cases,State,Niger,6720617,0.95,3508.9500000000003
PACE-FLU-SEV,2025/2026,40,51,11,Cases,State,Ogun,6445275,0.05,319
PACE-FLU-SEV,2025/2026,40,51,11,Cases,State,Ogun,6445275,0.1,425.36666666666673
PACE-FLU-SEV,2025/2026,40,51,11,Cases,State,Ogun,6445275,0.25,648.4166666666667
PACE-FLU-SEV,2025/2026,40,51,11,Cases,State,Ogun,6445275,0.5,1042.5
PACE-FLU-SEV,2025/2026,40,51,11,Cases,State,Ogun,6445275,0.75,1620
PACE-FLU-SEV,2025/2026,40,51,11,Cases,State,Ogun,6445275,0.9,2407.166666666667
PACE-FLU-SEV,2025/2026,40,51,11,Cases,State,Ogun,6445275,0.95,2934.9000000000005
PACE-FLU-SEV,2025/2026,40,51,11,Cases,State,Ondo,5469707,0.05,296
PACE-FLU-SEV,2025/2026,40,51,11,Cases,State,Ondo,5469707,0.1,381
PACE-FLU-SEV,2025/2026,40,51,11,Cases,State,Ondo,5469707,0.25,584.4166666666667
PACE-FLU-SEV,2025/2026,40,51,11,Cases,State,Ondo,5469707,0.5,904
PACE-FLU-SEV,2025/2026,40,51,11,Cases,State,Ondo,5469707,0.75,1414
PACE-FLU-SEV,2025/2026,40,51,11,Cases,State,Ondo,5469707,0.9,2067.5333333333338
PACE-FLU-SEV,2025/2026,40,51,11,Cases,State,Ondo,5469707,0.95,2580.2500000000005
PACE-FLU-SEV,2025/2026,40,51,11,Cases,State,Osun,4237396,0.05,217.35
PACE-FLU-SEV,2025/2026,40,51,11,Cases,State,Osun,4237396,0.1,286
PACE-FLU-SEV,2025/2026,40,51,11,Cases,State,Osun,4237396,0.25,431.4166666666667
PACE-FLU-SEV,2025/2026,40,51,11,Cases,State,Osun,4237396,0.5,688.5000000000001
PACE-FLU-SEV,2025/2026,40,51,11,Cases,State,Osun,4237396,0.75,1046.5833333333333
PACE-FLU-SEV,2025/2026,40,51,11,Cases,State,Osun,4237396,0.9,1555.9000000000003
PACE-FLU-SEV,2025/2026,40,51,11,Cases,State,Osun,4237396,0.95,1949.3000000000002
PACE-FLU-SEV,2025/2026,40,51,11,Cases,State,Oyo,7512855,0.05,391.1
PACE-FLU-SEV,2025/2026,40,51,11,Cases,State,Oyo,7512855,0.1,514.4666666666668
PACE-FLU-SEV,2025/2026,40,51,11,Cases,State,Oyo,7512855,0.25,772
PACE-FLU-SEV,2025/2026,40,51,11,Cases,State,Oyo,7512855,0.5,1224.0000000000002
PACE-FLU-SEV,2025/2026,40,51,11,Cases,State,Oyo,7512855,0.75,1899.333333333333
PACE-FLU-SEV,2025/2026,40,51,11,Cases,State,Oyo,7512855,0.9,2789.9000000000005
PACE-FLU-SEV,2025/2026,40,51,11,Cases,State,Oyo,7512855,0.95,3436.950000000002
PACE-FLU-SEV,2025/2026,40,51,11,Cases,State,Plateau,5400974,0.05,306.35
PACE-FLU-SEV,2025/2026,40,51,11,Cases,State,Plateau,5400974,0.1,402.3666666666667
PACE-FLU-SEV,2025/2026,40,51,11,Cases,State,Plateau,5400974,0.25,621
PACE-FLU-SEV,2025/2026,40,51,11,Cases,State,Plateau,5400974,0.5,977.0000000000002
PACE-FLU-SEV,2025/2026,40,51,11,Cases,State,Plateau,5400974,0.75,1515.5833333333333
PACE-FLU-SEV,2025/2026,40,51,11,Cases,State,Plateau,5400974,0.9,2311.0666666666675
PACE-FLU-SEV,2025/2026,40,51,11,Cases,State,Plateau,5400974,0.95,2906.5500000000025
PACE-FLU-SEV,2025/2026,40,51,11,Cases,State,Rivers,7234973,0.05,363.35
PACE-FLU-SEV,2025/2026,40,51,11,Cases,State,Rivers,7234973,0.1,489.36666666666673
PACE-FLU-SEV,2025/2026,40,51,11,Cases,State,Rivers,7234973,0.25,736.4166666666667
PACE-FLU-SEV,2025/2026,40,51,11,Cases,State,Rivers,7234973,0.5,1152.5
PACE-FLU-SEV,2025/2026,40,51,11,Cases,State,Rivers,7234973,0.75,1841.333333333333
PACE-FLU-SEV,2025/2026,40,51,11,Cases,State,Rivers,7234973,0.9,2718.633333333333
PACE-FLU-SEV,2025/2026,40,51,11,Cases,State,Rivers,7234973,0.95,3436.2500000000005
PACE-FLU-SEV,2025/2026,40,51,11,Cases,State,Sokoto,6163187,0.05,372.35
PACE-FLU-SEV,2025/2026,40,51,11,Cases,State,Sokoto,6163187,0.1,492
PACE-FLU-SEV,2025/2026,40,51,11,Cases,State,Sokoto,6163187,0.25,757.8333333333334
PACE-FLU-SEV,2025/2026,40,51,11,Cases,State,Sokoto,6163187,0.5,1165
PACE-FLU-SEV,2025/2026,40,51,11,Cases,State,Sokoto,6163187,0.75,1772.5833333333333
PACE-FLU-SEV,2025/2026,40,51,11,Cases,State,Sokoto,6163187,0.9,2631.3333333333344
PACE-FLU-SEV,2025/2026,40,51,11,Cases,State,Sokoto,6163187,0.95,3292.2500000000005
PACE-FLU-SEV,2025/2026,40,51,11,Cases,State,Taraba,4331885,0.05,269
PACE-FLU-SEV,2025/2026,40,51,11,Cases,State,Taraba,4331885,0.1,340
PACE-FLU-SEV,2025/2026,40,51,11,Cases,State,Taraba,4331885,0.25,498
PACE-FLU-SEV,2025/2026,40,51,11,Cases,State,Taraba,4331885,0.5,779.5000000000001
PACE-FLU-SEV,2025/2026,40,51,11,Cases,State,Taraba,4331885,0.75,1200
PACE-FLU-SEV,2025/2026,40,51,11,Cases,State,Taraba,4331885,0.9,1786
PACE-FLU-SEV,2025/2026,40,51,11,Cases,State,Taraba,4331885,0.95,2194.65
PACE-FLU-SEV,2025/2026,40,51,11,Cases,State,Yobe,4350401,0.05,255.35000000000002
PACE-FLU-SEV,2025/2026,40,51,11,Cases,State,Yobe,4350401,0.1,343
PACE-FLU-SEV,2025/2026,40,51,11,Cases,State,Yobe,4350401,0.25,531.4166666666667
PACE-FLU-SEV,2025/2026,40,51,11,Cases,State,Yobe,4350401,0.5,832.0000000000002
PACE-FLU-SEV,2025/2026,40,51,11,Cases,State,Yobe,4350401,0.75,1268.1666666666665
PACE-FLU-SEV,2025/2026,40,51,11,Cases,State,Yobe,4350401,0.9,1823.5333333333338
PACE-FLU-SEV,2025/2026,40,51,11,Cases,State,Yobe,4350401,0.95,2311.9000000000005
PACE-FLU-SEV,2025/2026,40,51,11,Cases,State,Zamfara,5517793,0.05,329.7
PACE-FLU-SEV,2025/2026,40,51,11,Cases,State,Zamfara,5517793,0.1,439
PACE-FLU-SEV,2025/2026,40,51,11,Cases,State,Zamfara,5517793,0.25,655
PACE-FLU-SEV,2025/2026,40,51,11,Cases,State,Zamfara,5517793,0.5,1030
PACE-FLU-SEV,2025/2026,40,51,11,Cases,State,Zamfara,5517793,0.75,1552.7499999999998
PACE-FLU-SEV,2025/2026,40,51,11,Cases,State,Zamfara,5517793,0.9,2250.9000000000005
PACE-FLU-SEV,2025/2026,40,51,11,Cases,State,Zamfara,5517793,0.95,2835.450000000001
PACE-FLU-SEV,2025/2026,40,51,11,Cases,Zone,NC,36557326,0.05,3853.35
PACE-FLU-SEV,2025/2026,40,51,11,Cases,Zone,NC,36557326,0.1,4441
PACE-FLU-SEV,2025/2026,40,51,11,Cases,Zone,NC,36557326,0.25,5560.25
PACE-FLU-SEV,2025/2026,40,51,11,Cases,Zone,NC,36557326,0.5,7211
PACE-FLU-SEV,2025/2026,40,51,11,Cases,Zone,NC,36557326,0.75,9680.75
PACE-FLU-SEV,2025/2026,40,51,11,Cases,Zone,NC,36557326,0.9,12751.200000000003
PACE-FLU-SEV,2025/2026,40,51,11,Cases,Zone,NC,36557326,0.95,15141.300000000001
PACE-FLU-SEV,2025/2026,40,51,11,Cases,Zone,NE,32734949,0.05,3590.3500000000004
PACE-FLU-SEV,2025/2026,40,51,11,Cases,Zone,NE,32734949,0.1,4098.933333333333
PACE-FLU-SEV,2025/2026,40,51,11,Cases,Zone,NE,32734949,0.25,5141.666666666666
PACE-FLU-SEV,2025/2026,40,51,11,Cases,Zone,NE,32734949,0.5,6726
PACE-FLU-SEV,2025/2026,40,51,11,Cases,Zone,NE,32734949,0.75,8704.249999999998
PACE-FLU-SEV,2025/2026,40,51,11,Cases,Zone,NE,32734949,0.9,11252.966666666667
PACE-FLU-SEV,2025/2026,40,51,11,Cases,Zone,NE,32734949,0.95,12950.400000000001
PACE-FLU-SEV,2025/2026,40,51,11,Cases,Zone,NW,58539886,0.05,6438.85
PACE-FLU-SEV,2025/2026,40,51,11,Cases,Zone,NW,58539886,0.1,7263.833333333334
PACE-FLU-SEV,2025/2026,40,51,11,Cases,Zone,NW,58539886,0.25,9147.333333333334
PACE-FLU-SEV,2025/2026,40,51,11,Cases,Zone,NW,58539886,0.5,11987.500000000004
PACE-FLU-SEV,2025/2026,40,51,11,Cases,Zone,NW,58539886,0.75,15747.916666666666
PACE-FLU-SEV,2025/2026,40,51,11,Cases,Zone,NW,58539886,0.9,20276.100000000002
PACE-FLU-SEV,2025/2026,40,51,11,Cases,Zone,NW,58539886,0.95,24119.65
PACE-FLU-SEV,2025/2026,40,51,11,Cases,Zone,SE,27612828,0.05,2391.85
PACE-FLU-SEV,2025/2026,40,51,11,Cases,Zone,SE,27612828,0.1,2762.4666666666667
PACE-FLU-SEV,2025/2026,40,51,11,Cases,Zone,SE,27612828,0.25,3657
PACE-FLU-SEV,2025/2026,40,51,11,Cases,Zone,SE,27612828,0.5,4912
PACE-FLU-SEV,2025/2026,40,51,11,Cases,Zone,SE,27612828,0.75,6683.166666666666
PACE-FLU-SEV,2025/2026,40,51,11,Cases,Zone,SE,27612828,0.9,8782.866666666669
PACE-FLU-SEV,2025/2026,40,51,11,Cases,Zone,SE,27612828,0.95,10491.250000000002
PACE-FLU-SEV,2025/2026,40,51,11,Cases,Zone,SS,31220652,0.05,2777.75
PACE-FLU-SEV,2025/2026,40,51,11,Cases,Zone,SS,31220652,0.1,3189.466666666667
PACE-FLU-SEV,2025/2026,40,51,11,Cases,Zone,SS,31220652,0.25,4192.416666666667
PACE-FLU-SEV,2025/2026,40,51,11,Cases,Zone,SS,31220652,0.5,5520.5
PACE-FLU-SEV,2025/2026,40,51,11,Cases,Zone,SS,31220652,0.75,7373.5
PACE-FLU-SEV,2025/2026,40,51,11,Cases,Zone,SS,31220652,0.9,9793.066666666671
PACE-FLU-SEV,2025/2026,40,51,11,Cases,Zone,SS,31220652,0.95,11596.550000000001
PACE-FLU-SEV,2025/2026,40,51,11,Cases,Zone,SW,42836294,0.05,3857.0499999999997
PACE-FLU-SEV,2025/2026,40,51,11,Cases,Zone,SW,42836294,0.1,4398.933333333333
PACE-FLU-SEV,2025/2026,40,51,11,Cases,Zone,SW,42836294,0.25,5716.916666666666
PACE-FLU-SEV,2025/2026,40,51,11,Cases,Zone,SW,42836294,0.5,7706
PACE-FLU-SEV,2025/2026,40,51,11,Cases,Zone,SW,42836294,0.75,10429.583333333334
PACE-FLU-SEV,2025/2026,40,51,11,Cases,Zone,SW,42836294,0.9,13516.46666666667
PACE-FLU-SEV,2025/2026,40,51,11,Cases,Zone,SW,42836294,0.95,16119.850000000004
PACE-FLU-SEV,2025/2026,40,52,12,Cases,Macro,North,127832161,0.05,15701.349999999999
PACE-FLU-SEV,2025/2026,40,52,12,Cases,Macro,North,127832161,0.1,17503.4
PACE-FLU-SEV,2025/2026,40,52,12,Cases,Macro,North,127832161,0.25,21393.25
PACE-FLU-SEV,2025/2026,40,52,12,Cases,Macro,North,127832161,0.5,26769
PACE-FLU-SEV,2025/2026,40,52,12,Cases,Macro,North,127832161,0.75,34765.25
PACE-FLU-SEV,2025/2026,40,52,12,Cases,Macro,North,127832161,0.9,43226.03333333334
PACE-FLU-SEV,2025/2026,40,52,12,Cases,Macro,North,127832161,0.95,49854.100000000006
PACE-FLU-SEV,2025/2026,40,52,12,Cases,Macro,South,101669774,0.05,10071.75
PACE-FLU-SEV,2025/2026,40,52,12,Cases,Macro,South,101669774,0.1,11521.566666666666
PACE-FLU-SEV,2025/2026,40,52,12,Cases,Macro,South,101669774,0.25,14658.833333333332
PACE-FLU-SEV,2025/2026,40,52,12,Cases,Macro,South,101669774,0.5,19028.000000000004
PACE-FLU-SEV,2025/2026,40,52,12,Cases,Macro,South,101669774,0.75,24800.666666666664
PACE-FLU-SEV,2025/2026,40,52,12,Cases,Macro,South,101669774,0.9,32466.300000000003
PACE-FLU-SEV,2025/2026,40,52,12,Cases,Macro,South,101669774,0.95,37406.85
PACE-FLU-SEV,2025/2026,40,52,12,Cases,National,Nigeria,229501935,0.05,27336
PACE-FLU-SEV,2025/2026,40,52,12,Cases,National,Nigeria,229501935,0.1,30486.7
PACE-FLU-SEV,2025/2026,40,52,12,Cases,National,Nigeria,229501935,0.25,37226.08333333333
PACE-FLU-SEV,2025/2026,40,52,12,Cases,National,Nigeria,229501935,0.5,46470.5
PACE-FLU-SEV,2025/2026,40,52,12,Cases,National,Nigeria,229501935,0.75,58974.74999999999
PACE-FLU-SEV,2025/2026,40,52,12,Cases,National,Nigeria,229501935,0.9,73390.03333333334
PACE-FLU-SEV,2025/2026,40,52,12,Cases,National,Nigeria,229501935,0.95,83717.75000000003
PACE-FLU-SEV,2025/2026,40,52,12,Cases,State,Abia,4841943,0.05,270.70000000000005
PACE-FLU-SEV,2025/2026,40,52,12,Cases,State,Abia,4841943,0.1,348.3666666666667
PACE-FLU-SEV,2025/2026,40,52,12,Cases,State,Abia,4841943,0.25,525.4166666666667
PACE-FLU-SEV,2025/2026,40,52,12,Cases,State,Abia,4841943,0.5,817.5000000000003
PACE-FLU-SEV,2025/2026,40,52,12,Cases,State,Abia,4841943,0.75,1284.5833333333333
PACE-FLU-SEV,2025/2026,40,52,12,Cases,State,Abia,4841943,0.9,1889.5333333333338
PACE-FLU-SEV,2025/2026,40,52,12,Cases,State,Abia,4841943,0.95,2423.2500000000005
PACE-FLU-SEV,2025/2026,40,52,12,Cases,State,Adamawa,5236948,0.05,309
PACE-FLU-SEV,2025/2026,40,52,12,Cases,State,Adamawa,5236948,0.1,405
PACE-FLU-SEV,2025/2026,40,52,12,Cases,State,Adamawa,5236948,0.25,618
PACE-FLU-SEV,2025/2026,40,52,12,Cases,State,Adamawa,5236948,0.5,964
PACE-FLU-SEV,2025/2026,40,52,12,Cases,State,Adamawa,5236948,0.75,1441.1666666666665
PACE-FLU-SEV,2025/2026,40,52,12,Cases,State,Adamawa,5236948,0.9,2208.266666666667
PACE-FLU-SEV,2025/2026,40,52,12,Cases,State,Adamawa,5236948,0.95,2876.5500000000006
PACE-FLU-SEV,2025/2026,40,52,12,Cases,State,Akwa Ibom,5780581,0.05,285
PACE-FLU-SEV,2025/2026,40,52,12,Cases,State,Akwa Ibom,5780581,0.1,376.7333333333334
PACE-FLU-SEV,2025/2026,40,52,12,Cases,State,Akwa Ibom,5780581,0.25,590
PACE-FLU-SEV,2025/2026,40,52,12,Cases,State,Akwa Ibom,5780581,0.5,956.5000000000001
PACE-FLU-SEV,2025/2026,40,52,12,Cases,State,Akwa Ibom,5780581,0.75,1458.0833333333328
PACE-FLU-SEV,2025/2026,40,52,12,Cases,State,Akwa Ibom,5780581,0.9,2165.166666666667
PACE-FLU-SEV,2025/2026,40,52,12,Cases,State,Akwa Ibom,5780581,0.95,2694.4000000000015
PACE-FLU-SEV,2025/2026,40,52,12,Cases,State,Anambra,7299910,0.05,370
PACE-FLU-SEV,2025/2026,40,52,12,Cases,State,Anambra,7299910,0.1,495.73333333333335
PACE-FLU-SEV,2025/2026,40,52,12,Cases,State,Anambra,7299910,0.25,782
PACE-FLU-SEV,2025/2026,40,52,12,Cases,State,Anambra,7299910,0.5,1228.5
PACE-FLU-SEV,2025/2026,40,52,12,Cases,State,Anambra,7299910,0.75,1957.5833333333333
PACE-FLU-SEV,2025/2026,40,52,12,Cases,State,Anambra,7299910,0.9,2876
PACE-FLU-SEV,2025/2026,40,52,12,Cases,State,Anambra,7299910,0.95,3637.2500000000023
PACE-FLU-SEV,2025/2026,40,52,12,Cases,State,Bauchi,7540663,0.05,451
PACE-FLU-SEV,2025/2026,40,52,12,Cases,State,Bauchi,7540663,0.1,578
PACE-FLU-SEV,2025/2026,40,52,12,Cases,State,Bauchi,7540663,0.25,888.8333333333334
PACE-FLU-SEV,2025/2026,40,52,12,Cases,State,Bauchi,7540663,0.5,1442
PACE-FLU-SEV,2025/2026,40,52,12,Cases,State,Bauchi,7540663,0.75,2240.583333333333
PACE-FLU-SEV,2025/2026,40,52,12,Cases,State,Bauchi,7540663,0.9,3273.9000000000005
PACE-FLU-SEV,2025/2026,40,52,12,Cases,State,Bauchi,7540663,0.95,4091.850000000001
PACE-FLU-SEV,2025/2026,40,52,12,Cases,State,Bayelsa,2394725,0.05,132.35000000000002
PACE-FLU-SEV,2025/2026,40,52,12,Cases,State,Bayelsa,2394725,0.1,166
PACE-FLU-SEV,2025/2026,40,52,12,Cases,State,Bayelsa,2394725,0.25,250
PACE-FLU-SEV,2025/2026,40,52,12,Cases,State,Bayelsa,2394725,0.5,401
PACE-FLU-SEV,2025/2026,40,52,12,Cases,State,Bayelsa,2394725,0.75,618.5833333333333
PACE-FLU-SEV,2025/2026,40,52,12,Cases,State,Bayelsa,2394725,0.9,915.1666666666672
PACE-FLU-SEV,2025/2026,40,52,12,Cases,State,Bayelsa,2394725,0.95,1200.3000000000002
PACE-FLU-SEV,2025/2026,40,52,12,Cases,State,Benue,6687706,0.05,383
PACE-FLU-SEV,2025/2026,40,52,12,Cases,State,Benue,6687706,0.1,488.1000000000001
PACE-FLU-SEV,2025/2026,40,52,12,Cases,State,Benue,6687706,0.25,748.8333333333334
PACE-FLU-SEV,2025/2026,40,52,12,Cases,State,Benue,6687706,0.5,1183
PACE-FLU-SEV,2025/2026,40,52,12,Cases,State,Benue,6687706,0.75,1837.1666666666665
PACE-FLU-SEV,2025/2026,40,52,12,Cases,State,Benue,6687706,0.9,2766.633333333333
PACE-FLU-SEV,2025/2026,40,52,12,Cases,State,Benue,6687706,0.95,3502.2000000000007
PACE-FLU-SEV,2025/2026,40,52,12,Cases,State,Borno,6651590,0.05,390.70000000000005
PACE-FLU-SEV,2025/2026,40,52,12,Cases,State,Borno,6651590,0.1,503.3666666666667
PACE-FLU-SEV,2025/2026,40,52,12,Cases,State,Borno,6651590,0.25,808.4166666666667
PACE-FLU-SEV,2025/2026,40,52,12,Cases,State,Borno,6651590,0.5,1238
PACE-FLU-SEV,2025/2026,40,52,12,Cases,State,Borno,6651590,0.75,1911.0833333333328
PACE-FLU-SEV,2025/2026,40,52,12,Cases,State,Borno,6651590,0.9,2802.866666666668
PACE-FLU-SEV,2025/2026,40,52,12,Cases,State,Borno,6651590,0.95,3547.2500000000005
PACE-FLU-SEV,2025/2026,40,52,12,Cases,State,Cross River,4175020,0.05,228.35000000000002
PACE-FLU-SEV,2025/2026,40,52,12,Cases,State,Cross River,4175020,0.1,297.3666666666667
PACE-FLU-SEV,2025/2026,40,52,12,Cases,State,Cross River,4175020,0.25,440
PACE-FLU-SEV,2025/2026,40,52,12,Cases,State,Cross River,4175020,0.5,675
PACE-FLU-SEV,2025/2026,40,52,12,Cases,State,Cross River,4175020,0.75,1042
PACE-FLU-SEV,2025/2026,40,52,12,Cases,State,Cross River,4175020,0.9,1552.9000000000003
PACE-FLU-SEV,2025/2026,40,52,12,Cases,State,Cross River,4175020,0.95,1965.9500000000003
PACE-FLU-SEV,2025/2026,40,52,12,Cases,State,Delta,6107543,0.05,334.70000000000005
PACE-FLU-SEV,2025/2026,40,52,12,Cases,State,Delta,6107543,0.1,426.7333333333334
PACE-FLU-SEV,2025/2026,40,52,12,Cases,State,Delta,6107543,0.25,667
PACE-FLU-SEV,2025/2026,40,52,12,Cases,State,Delta,6107543,0.5,1045
PACE-FLU-SEV,2025/2026,40,52,12,Cases,State,Delta,6107543,0.75,1600.5833333333333
PACE-FLU-SEV,2025/2026,40,52,12,Cases,State,Delta,6107543,0.9,2405.166666666667
PACE-FLU-SEV,2025/2026,40,52,12,Cases,State,Delta,6107543,0.95,3179.850000000001
PACE-FLU-SEV,2025/2026,40,52,12,Cases,State,Ebonyi,4007155,0.05,201.35
PACE-FLU-SEV,2025/2026,40,52,12,Cases,State,Ebonyi,4007155,0.1,272
PACE-FLU-SEV,2025/2026,40,52,12,Cases,State,Ebonyi,4007155,0.25,418.4166666666667
PACE-FLU-SEV,2025/2026,40,52,12,Cases,State,Ebonyi,4007155,0.5,665
PACE-FLU-SEV,2025/2026,40,52,12,Cases,State,Ebonyi,4007155,0.75,1070.7499999999998
PACE-FLU-SEV,2025/2026,40,52,12,Cases,State,Ebonyi,4007155,0.9,1573.5333333333338
PACE-FLU-SEV,2025/2026,40,52,12,Cases,State,Ebonyi,4007155,0.95,2060.450000000003
PACE-FLU-SEV,2025/2026,40,52,12,Cases,State,Edo,5527810,0.05,301.35
PACE-FLU-SEV,2025/2026,40,52,12,Cases,State,Edo,5527810,0.1,379.7333333333334
PACE-FLU-SEV,2025/2026,40,52,12,Cases,State,Edo,5527810,0.25,568
PACE-FLU-SEV,2025/2026,40,52,12,Cases,State,Edo,5527810,0.5,928.5000000000001
PACE-FLU-SEV,2025/2026,40,52,12,Cases,State,Edo,5527810,0.75,1399.7499999999998
PACE-FLU-SEV,2025/2026,40,52,12,Cases,State,Edo,5527810,0.9,2121.9000000000005
PACE-FLU-SEV,2025/2026,40,52,12,Cases,State,Edo,5527810,0.95,2610.850000000001
PACE-FLU-SEV,2025/2026,40,52,12,Cases,State,Ekiti,3398177,0.05,171.35000000000002
PACE-FLU-SEV,2025/2026,40,52,12,Cases,State,Ekiti,3398177,0.1,229.3666666666667
PACE-FLU-SEV,2025/2026,40,52,12,Cases,State,Ekiti,3398177,0.25,352
PACE-FLU-SEV,2025/2026,40,52,12,Cases,State,Ekiti,3398177,0.5,568
PACE-FLU-SEV,2025/2026,40,52,12,Cases,State,Ekiti,3398177,0.75,877
PACE-FLU-SEV,2025/2026,40,52,12,Cases,State,Ekiti,3398177,0.9,1308.9000000000003
PACE-FLU-SEV,2025/2026,40,52,12,Cases,State,Ekiti,3398177,0.95,1707.65
PACE-FLU-SEV,2025/2026,40,52,12,Cases,State,Enugu,5396098,0.05,299
PACE-FLU-SEV,2025/2026,40,52,12,Cases,State,Enugu,5396098,0.1,390.3666666666667
PACE-FLU-SEV,2025/2026,40,52,12,Cases,State,Enugu,5396098,0.25,570
PACE-FLU-SEV,2025/2026,40,52,12,Cases,State,Enugu,5396098,0.5,896
PACE-FLU-SEV,2025/2026,40,52,12,Cases,State,Enugu,5396098,0.75,1387.5833333333333
PACE-FLU-SEV,2025/2026,40,52,12,Cases,State,Enugu,5396098,0.9,2054.266666666667
PACE-FLU-SEV,2025/2026,40,52,12,Cases,State,Enugu,5396098,0.95,2582.9500000000003
PACE-FLU-SEV,2025/2026,40,52,12,Cases,State,FCT,4802443,0.05,285.35
PACE-FLU-SEV,2025/2026,40,52,12,Cases,State,FCT,4802443,0.1,372.7333333333334
PACE-FLU-SEV,2025/2026,40,52,12,Cases,State,FCT,4802443,0.25,566
PACE-FLU-SEV,2025/2026,40,52,12,Cases,State,FCT,4802443,0.5,908
PACE-FLU-SEV,2025/2026,40,52,12,Cases,State,FCT,4802443,0.75,1370.4999999999995
PACE-FLU-SEV,2025/2026,40,52,12,Cases,State,FCT,4802443,0.9,2070.966666666668
PACE-FLU-SEV,2025/2026,40,52,12,Cases,State,FCT,4802443,0.95,2614.3
PACE-FLU-SEV,2025/2026,40,52,12,Cases,State,Gombe,4623462,0.05,277.7
PACE-FLU-SEV,2025/2026,40,52,12,Cases,State,Gombe,4623462,0.1,368
PACE-FLU-SEV,2025/2026,40,52,12,Cases,State,Gombe,4623462,0.25,557.4166666666667
PACE-FLU-SEV,2025/2026,40,52,12,Cases,State,Gombe,4623462,0.5,866.5000000000001
PACE-FLU-SEV,2025/2026,40,52,12,Cases,State,Gombe,4623462,0.75,1331.7499999999998
PACE-FLU-SEV,2025/2026,40,52,12,Cases,State,Gombe,4623462,0.9,2054.266666666667
PACE-FLU-SEV,2025/2026,40,52,12,Cases,State,Gombe,4623462,0.95,2618.7000000000016
PACE-FLU-SEV,2025/2026,40,52,12,Cases,State,Imo,6067722,0.05,328.35
PACE-FLU-SEV,2025/2026,40,52,12,Cases,State,Imo,6067722,0.1,422.7333333333334
PACE-FLU-SEV,2025/2026,40,52,12,Cases,State,Imo,6067722,0.25,630
PACE-FLU-SEV,2025/2026,40,52,12,Cases,State,Imo,6067722,0.5,1004
PACE-FLU-SEV,2025/2026,40,52,12,Cases,State,Imo,6067722,0.75,1555
PACE-FLU-SEV,2025/2026,40,52,12,Cases,State,Imo,6067722,0.9,2289.8000000000006
PACE-FLU-SEV,2025/2026,40,52,12,Cases,State,Imo,6067722,0.95,2954.7500000000014
PACE-FLU-SEV,2025/2026,40,52,12,Cases,State,Jigawa,6979080,0.05,443.75
PACE-FLU-SEV,2025/2026,40,52,12,Cases,State,Jigawa,6979080,0.1,580.3666666666667
PACE-FLU-SEV,2025/2026,40,52,12,Cases,State,Jigawa,6979080,0.25,885.4166666666666
PACE-FLU-SEV,2025/2026,40,52,12,Cases,State,Jigawa,6979080,0.5,1358.0000000000002
PACE-FLU-SEV,2025/2026,40,52,12,Cases,State,Jigawa,6979080,0.75,2094.916666666666
PACE-FLU-SEV,2025/2026,40,52,12,Cases,State,Jigawa,6979080,0.9,3027.9000000000005
PACE-FLU-SEV,2025/2026,40,52,12,Cases,State,Jigawa,6979080,0.95,3923.0500000000034
PACE-FLU-SEV,2025/2026,40,52,12,Cases,State,Kaduna,8324285,0.05,463.35
PACE-FLU-SEV,2025/2026,40,52,12,Cases,State,Kaduna,8324285,0.1,626
PACE-FLU-SEV,2025/2026,40,52,12,Cases,State,Kaduna,8324285,0.25,962
PACE-FLU-SEV,2025/2026,40,52,12,Cases,State,Kaduna,8324285,0.5,1527.5
PACE-FLU-SEV,2025/2026,40,52,12,Cases,State,Kaduna,8324285,0.75,2352.583333333333
PACE-FLU-SEV,2025/2026,40,52,12,Cases,State,Kaduna,8324285,0.9,3464.2666666666664
PACE-FLU-SEV,2025/2026,40,52,12,Cases,State,Kaduna,8324285,0.95,4387.3
PACE-FLU-SEV,2025/2026,40,52,12,Cases,State,Kano,16253549,0.05,907.7
PACE-FLU-SEV,2025/2026,40,52,12,Cases,State,Kano,16253549,0.1,1165.3666666666668
PACE-FLU-SEV,2025/2026,40,52,12,Cases,State,Kano,16253549,0.25,1942.4166666666667
PACE-FLU-SEV,2025/2026,40,52,12,Cases,State,Kano,16253549,0.5,3095.5
PACE-FLU-SEV,2025/2026,40,52,12,Cases,State,Kano,16253549,0.75,4743.166666666666
PACE-FLU-SEV,2025/2026,40,52,12,Cases,State,Kano,16253549,0.9,7019.166666666667
PACE-FLU-SEV,2025/2026,40,52,12,Cases,State,Kano,16253549,0.95,8835.50000000001
PACE-FLU-SEV,2025/2026,40,52,12,Cases,State,Katsina,9300382,0.05,554.05
PACE-FLU-SEV,2025/2026,40,52,12,Cases,State,Katsina,9300382,0.1,716
PACE-FLU-SEV,2025/2026,40,52,12,Cases,State,Katsina,9300382,0.25,1128
PACE-FLU-SEV,2025/2026,40,52,12,Cases,State,Katsina,9300382,0.5,1813
PACE-FLU-SEV,2025/2026,40,52,12,Cases,State,Katsina,9300382,0.75,2754.1666666666665
PACE-FLU-SEV,2025/2026,40,52,12,Cases,State,Katsina,9300382,0.9,3987.5333333333338
PACE-FLU-SEV,2025/2026,40,52,12,Cases,State,Katsina,9300382,0.95,5001.100000000001
PACE-FLU-SEV,2025/2026,40,52,12,Cases,State,Kebbi,6001610,0.05,348.35
PACE-FLU-SEV,2025/2026,40,52,12,Cases,State,Kebbi,6001610,0.1,450.3666666666667
PACE-FLU-SEV,2025/2026,40,52,12,Cases,State,Kebbi,6001610,0.25,697
PACE-FLU-SEV,2025/2026,40,52,12,Cases,State,Kebbi,6001610,0.5,1096.5
PACE-FLU-SEV,2025/2026,40,52,12,Cases,State,Kebbi,6001610,0.75,1709.333333333333
PACE-FLU-SEV,2025/2026,40,52,12,Cases,State,Kebbi,6001610,0.9,2450.4333333333343
PACE-FLU-SEV,2025/2026,40,52,12,Cases,State,Kebbi,6001610,0.95,3150.3
PACE-FLU-SEV,2025/2026,40,52,12,Cases,State,Kogi,5053734,0.05,298.40000000000003
PACE-FLU-SEV,2025/2026,40,52,12,Cases,State,Kogi,5053734,0.1,384
PACE-FLU-SEV,2025/2026,40,52,12,Cases,State,Kogi,5053734,0.25,605.4166666666667
PACE-FLU-SEV,2025/2026,40,52,12,Cases,State,Kogi,5053734,0.5,944.5000000000001
PACE-FLU-SEV,2025/2026,40,52,12,Cases,State,Kogi,5053734,0.75,1445
PACE-FLU-SEV,2025/2026,40,52,12,Cases,State,Kogi,5053734,0.9,2124.8000000000006
PACE-FLU-SEV,2025/2026,40,52,12,Cases,State,Kogi,5053734,0.95,2648.9500000000003
PACE-FLU-SEV,2025/2026,40,52,12,Cases,State,Kwara,4259613,0.05,244.35000000000002
PACE-FLU-SEV,2025/2026,40,52,12,Cases,State,Kwara,4259613,0.1,315.3666666666667
PACE-FLU-SEV,2025/2026,40,52,12,Cases,State,Kwara,4259613,0.25,494.4166666666667
PACE-FLU-SEV,2025/2026,40,52,12,Cases,State,Kwara,4259613,0.5,765.5000000000003
PACE-FLU-SEV,2025/2026,40,52,12,Cases,State,Kwara,4259613,0.75,1181.5833333333333
PACE-FLU-SEV,2025/2026,40,52,12,Cases,State,Kwara,4259613,0.9,1798.1666666666672
PACE-FLU-SEV,2025/2026,40,52,12,Cases,State,Kwara,4259613,0.95,2343.650000000002
PACE-FLU-SEV,2025/2026,40,52,12,Cases,State,Lagos,15772884,0.05,880.35
PACE-FLU-SEV,2025/2026,40,52,12,Cases,State,Lagos,15772884,0.1,1091.666666666667
PACE-FLU-SEV,2025/2026,40,52,12,Cases,State,Lagos,15772884,0.25,1702.8333333333335
PACE-FLU-SEV,2025/2026,40,52,12,Cases,State,Lagos,15772884,0.5,2687.5
PACE-FLU-SEV,2025/2026,40,52,12,Cases,State,Lagos,15772884,0.75,4189.583333333332
PACE-FLU-SEV,2025/2026,40,52,12,Cases,State,Lagos,15772884,0.9,6016.866666666669
PACE-FLU-SEV,2025/2026,40,52,12,Cases,State,Lagos,15772884,0.95,7563.100000000001
PACE-FLU-SEV,2025/2026,40,52,12,Cases,State,Nasarawa,3632239,0.05,214
PACE-FLU-SEV,2025/2026,40,52,12,Cases,State,Nasarawa,3632239,0.1,276
PACE-FLU-SEV,2025/2026,40,52,12,Cases,State,Nasarawa,3632239,0.25,421.4166666666667
PACE-FLU-SEV,2025/2026,40,52,12,Cases,State,Nasarawa,3632239,0.5,687.5000000000001
PACE-FLU-SEV,2025/2026,40,52,12,Cases,State,Nasarawa,3632239,0.75,1064.5833333333333
PACE-FLU-SEV,2025/2026,40,52,12,Cases,State,Nasarawa,3632239,0.9,1566.6333333333334
PACE-FLU-SEV,2025/2026,40,52,12,Cases,State,Nasarawa,3632239,0.95,1931.7500000000014
PACE-FLU-SEV,2025/2026,40,52,12,Cases,State,Niger,6720617,0.05,400
PACE-FLU-SEV,2025/2026,40,52,12,Cases,State,Niger,6720617,0.1,528.4666666666668
PACE-FLU-SEV,2025/2026,40,52,12,Cases,State,Niger,6720617,0.25,801
PACE-FLU-SEV,2025/2026,40,52,12,Cases,State,Niger,6720617,0.5,1222.5
PACE-FLU-SEV,2025/2026,40,52,12,Cases,State,Niger,6720617,0.75,1906.7499999999998
PACE-FLU-SEV,2025/2026,40,52,12,Cases,State,Niger,6720617,0.9,2833.5333333333338
PACE-FLU-SEV,2025/2026,40,52,12,Cases,State,Niger,6720617,0.95,3655.6000000000004
PACE-FLU-SEV,2025/2026,40,52,12,Cases,State,Ogun,6445275,0.05,324.70000000000005
PACE-FLU-SEV,2025/2026,40,52,12,Cases,State,Ogun,6445275,0.1,440.3666666666667
PACE-FLU-SEV,2025/2026,40,52,12,Cases,State,Ogun,6445275,0.25,674.4166666666667
PACE-FLU-SEV,2025/2026,40,52,12,Cases,State,Ogun,6445275,0.5,1036
PACE-FLU-SEV,2025/2026,40,52,12,Cases,State,Ogun,6445275,0.75,1677.4999999999995
PACE-FLU-SEV,2025/2026,40,52,12,Cases,State,Ogun,6445275,0.9,2478.633333333333
PACE-FLU-SEV,2025/2026,40,52,12,Cases,State,Ogun,6445275,0.95,3194.2000000000007
PACE-FLU-SEV,2025/2026,40,52,12,Cases,State,Ondo,5469707,0.05,289
PACE-FLU-SEV,2025/2026,40,52,12,Cases,State,Ondo,5469707,0.1,369
PACE-FLU-SEV,2025/2026,40,52,12,Cases,State,Ondo,5469707,0.25,576
PACE-FLU-SEV,2025/2026,40,52,12,Cases,State,Ondo,5469707,0.5,923
PACE-FLU-SEV,2025/2026,40,52,12,Cases,State,Ondo,5469707,0.75,1429
PACE-FLU-SEV,2025/2026,40,52,12,Cases,State,Ondo,5469707,0.9,2106.266666666667
PACE-FLU-SEV,2025/2026,40,52,12,Cases,State,Ondo,5469707,0.95,2704.9500000000003
PACE-FLU-SEV,2025/2026,40,52,12,Cases,State,Osun,4237396,0.05,211.70000000000005
PACE-FLU-SEV,2025/2026,40,52,12,Cases,State,Osun,4237396,0.1,286.3666666666667
PACE-FLU-SEV,2025/2026,40,52,12,Cases,State,Osun,4237396,0.25,442
PACE-FLU-SEV,2025/2026,40,52,12,Cases,State,Osun,4237396,0.5,705.5000000000001
PACE-FLU-SEV,2025/2026,40,52,12,Cases,State,Osun,4237396,0.75,1089.1666666666665
PACE-FLU-SEV,2025/2026,40,52,12,Cases,State,Osun,4237396,0.9,1663.433333333334
PACE-FLU-SEV,2025/2026,40,52,12,Cases,State,Osun,4237396,0.95,2039.6000000000004
PACE-FLU-SEV,2025/2026,40,52,12,Cases,State,Oyo,7512855,0.05,406
PACE-FLU-SEV,2025/2026,40,52,12,Cases,State,Oyo,7512855,0.1,529.7333333333335
PACE-FLU-SEV,2025/2026,40,52,12,Cases,State,Oyo,7512855,0.25,821
PACE-FLU-SEV,2025/2026,40,52,12,Cases,State,Oyo,7512855,0.5,1283.5
PACE-FLU-SEV,2025/2026,40,52,12,Cases,State,Oyo,7512855,0.75,1928.2499999999993
PACE-FLU-SEV,2025/2026,40,52,12,Cases,State,Oyo,7512855,0.9,2808
PACE-FLU-SEV,2025/2026,40,52,12,Cases,State,Oyo,7512855,0.95,3642.9500000000003
PACE-FLU-SEV,2025/2026,40,52,12,Cases,State,Plateau,5400974,0.05,307
PACE-FLU-SEV,2025/2026,40,52,12,Cases,State,Plateau,5400974,0.1,411
PACE-FLU-SEV,2025/2026,40,52,12,Cases,State,Plateau,5400974,0.25,641
PACE-FLU-SEV,2025/2026,40,52,12,Cases,State,Plateau,5400974,0.5,988.5000000000001
PACE-FLU-SEV,2025/2026,40,52,12,Cases,State,Plateau,5400974,0.75,1569.1666666666665
PACE-FLU-SEV,2025/2026,40,52,12,Cases,State,Plateau,5400974,0.9,2326
PACE-FLU-SEV,2025/2026,40,52,12,Cases,State,Plateau,5400974,0.95,2896.650000000002
PACE-FLU-SEV,2025/2026,40,52,12,Cases,State,Rivers,7234973,0.05,385
PACE-FLU-SEV,2025/2026,40,52,12,Cases,State,Rivers,7234973,0.1,503.73333333333335
PACE-FLU-SEV,2025/2026,40,52,12,Cases,State,Rivers,7234973,0.25,777
PACE-FLU-SEV,2025/2026,40,52,12,Cases,State,Rivers,7234973,0.5,1228.0000000000005
PACE-FLU-SEV,2025/2026,40,52,12,Cases,State,Rivers,7234973,0.75,1895.5833333333333
PACE-FLU-SEV,2025/2026,40,52,12,Cases,State,Rivers,7234973,0.9,2759.0666666666675
PACE-FLU-SEV,2025/2026,40,52,12,Cases,State,Rivers,7234973,0.95,3321.3500000000017
PACE-FLU-SEV,2025/2026,40,52,12,Cases,State,Sokoto,6163187,0.05,403.35
PACE-FLU-SEV,2025/2026,40,52,12,Cases,State,Sokoto,6163187,0.1,490.7333333333334
PACE-FLU-SEV,2025/2026,40,52,12,Cases,State,Sokoto,6163187,0.25,731
PACE-FLU-SEV,2025/2026,40,52,12,Cases,State,Sokoto,6163187,0.5,1151
PACE-FLU-SEV,2025/2026,40,52,12,Cases,State,Sokoto,6163187,0.75,1819.4999999999995
PACE-FLU-SEV,2025/2026,40,52,12,Cases,State,Sokoto,6163187,0.9,2615.633333333333
PACE-FLU-SEV,2025/2026,40,52,12,Cases,State,Sokoto,6163187,0.95,3344.0500000000015
PACE-FLU-SEV,2025/2026,40,52,12,Cases,State,Taraba,4331885,0.05,269
PACE-FLU-SEV,2025/2026,40,52,12,Cases,State,Taraba,4331885,0.1,340
PACE-FLU-SEV,2025/2026,40,52,12,Cases,State,Taraba,4331885,0.25,513.4166666666667
PACE-FLU-SEV,2025/2026,40,52,12,Cases,State,Taraba,4331885,0.5,796
PACE-FLU-SEV,2025/2026,40,52,12,Cases,State,Taraba,4331885,0.75,1239.5833333333333
PACE-FLU-SEV,2025/2026,40,52,12,Cases,State,Taraba,4331885,0.9,1844.0666666666675
PACE-FLU-SEV,2025/2026,40,52,12,Cases,State,Taraba,4331885,0.95,2346.65
PACE-FLU-SEV,2025/2026,40,52,12,Cases,State,Yobe,4350401,0.05,264.35
PACE-FLU-SEV,2025/2026,40,52,12,Cases,State,Yobe,4350401,0.1,352.3666666666667
PACE-FLU-SEV,2025/2026,40,52,12,Cases,State,Yobe,4350401,0.25,541.8333333333334
PACE-FLU-SEV,2025/2026,40,52,12,Cases,State,Yobe,4350401,0.5,840.5000000000001
PACE-FLU-SEV,2025/2026,40,52,12,Cases,State,Yobe,4350401,0.75,1304
PACE-FLU-SEV,2025/2026,40,52,12,Cases,State,Yobe,4350401,0.9,1934.6333333333334
PACE-FLU-SEV,2025/2026,40,52,12,Cases,State,Yobe,4350401,0.95,2401.9500000000003
PACE-FLU-SEV,2025/2026,40,52,12,Cases,State,Zamfara,5517793,0.05,333
PACE-FLU-SEV,2025/2026,40,52,12,Cases,State,Zamfara,5517793,0.1,428.4666666666668
PACE-FLU-SEV,2025/2026,40,52,12,Cases,State,Zamfara,5517793,0.25,683
PACE-FLU-SEV,2025/2026,40,52,12,Cases,State,Zamfara,5517793,0.5,1042.5
PACE-FLU-SEV,2025/2026,40,52,12,Cases,State,Zamfara,5517793,0.75,1643.5833333333333
PACE-FLU-SEV,2025/2026,40,52,12,Cases,State,Zamfara,5517793,0.9,2379.166666666667
PACE-FLU-SEV,2025/2026,40,52,12,Cases,State,Zamfara,5517793,0.95,3156.850000000001
PACE-FLU-SEV,2025/2026,40,52,12,Cases,Zone,NC,36557326,0.05,3836.2000000000003
PACE-FLU-SEV,2025/2026,40,52,12,Cases,Zone,NC,36557326,0.1,4410.733333333334
PACE-FLU-SEV,2025/2026,40,52,12,Cases,Zone,NC,36557326,0.25,5637.25
PACE-FLU-SEV,2025/2026,40,52,12,Cases,Zone,NC,36557326,0.5,7345.5
PACE-FLU-SEV,2025/2026,40,52,12,Cases,Zone,NC,36557326,0.75,9862.083333333332
PACE-FLU-SEV,2025/2026,40,52,12,Cases,Zone,NC,36557326,0.9,12932.633333333333
PACE-FLU-SEV,2025/2026,40,52,12,Cases,Zone,NC,36557326,0.95,15437.950000000006
PACE-FLU-SEV,2025/2026,40,52,12,Cases,Zone,NE,32734949,0.05,3522.75
PACE-FLU-SEV,2025/2026,40,52,12,Cases,Zone,NE,32734949,0.1,4138.1
PACE-FLU-SEV,2025/2026,40,52,12,Cases,Zone,NE,32734949,0.25,5252.416666666666
PACE-FLU-SEV,2025/2026,40,52,12,Cases,Zone,NE,32734949,0.5,6863
PACE-FLU-SEV,2025/2026,40,52,12,Cases,Zone,NE,32734949,0.75,9006.749999999998
PACE-FLU-SEV,2025/2026,40,52,12,Cases,Zone,NE,32734949,0.9,11603.866666666669
PACE-FLU-SEV,2025/2026,40,52,12,Cases,Zone,NE,32734949,0.95,13606.900000000001
PACE-FLU-SEV,2025/2026,40,52,12,Cases,Zone,NW,58539886,0.05,6434.0999999999995
PACE-FLU-SEV,2025/2026,40,52,12,Cases,Zone,NW,58539886,0.1,7378.1
PACE-FLU-SEV,2025/2026,40,52,12,Cases,Zone,NW,58539886,0.25,9231.583333333332
PACE-FLU-SEV,2025/2026,40,52,12,Cases,Zone,NW,58539886,0.5,12139.5
PACE-FLU-SEV,2025/2026,40,52,12,Cases,Zone,NW,58539886,0.75,16140
PACE-FLU-SEV,2025/2026,40,52,12,Cases,Zone,NW,58539886,0.9,21169.666666666668
PACE-FLU-SEV,2025/2026,40,52,12,Cases,Zone,NW,58539886,0.95,24695.850000000006
PACE-FLU-SEV,2025/2026,40,52,12,Cases,Zone,SE,27612828,0.05,2419.7
PACE-FLU-SEV,2025/2026,40,52,12,Cases,Zone,SE,27612828,0.1,2876
PACE-FLU-SEV,2025/2026,40,52,12,Cases,Zone,SE,27612828,0.25,3738.0833333333335
PACE-FLU-SEV,2025/2026,40,52,12,Cases,Zone,SE,27612828,0.5,5073.5
PACE-FLU-SEV,2025/2026,40,52,12,Cases,Zone,SE,27612828,0.75,6951
PACE-FLU-SEV,2025/2026,40,52,12,Cases,Zone,SE,27612828,0.9,9280.233333333334
PACE-FLU-SEV,2025/2026,40,52,12,Cases,Zone,SE,27612828,0.95,11121.600000000002
PACE-FLU-SEV,2025/2026,40,52,12,Cases,Zone,SS,31220652,0.05,2853.2000000000003
PACE-FLU-SEV,2025/2026,40,52,12,Cases,Zone,SS,31220652,0.1,3313.566666666667
PACE-FLU-SEV,2025/2026,40,52,12,Cases,Zone,SS,31220652,0.25,4272.416666666667
PACE-FLU-SEV,2025/2026,40,52,12,Cases,Zone,SS,31220652,0.5,5752.5
PACE-FLU-SEV,2025/2026,40,52,12,Cases,Zone,SS,31220652,0.75,7641.583333333333
PACE-FLU-SEV,2025/2026,40,52,12,Cases,Zone,SS,31220652,0.9,10090.233333333335
PACE-FLU-SEV,2025/2026,40,52,12,Cases,Zone,SS,31220652,0.95,11943.300000000003
PACE-FLU-SEV,2025/2026,40,52,12,Cases,Zone,SW,42836294,0.05,3715.1000000000004
PACE-FLU-SEV,2025/2026,40,52,12,Cases,Zone,SW,42836294,0.1,4499.1
PACE-FLU-SEV,2025/2026,40,52,12,Cases,Zone,SW,42836294,0.25,5879.833333333333
PACE-FLU-SEV,2025/2026,40,52,12,Cases,Zone,SW,42836294,0.5,7904.5
PACE-FLU-SEV,2025/2026,40,52,12,Cases,Zone,SW,42836294,0.75,10736.5
PACE-FLU-SEV,2025/2026,40,52,12,Cases,Zone,SW,42836294,0.9,14300.900000000001
PACE-FLU-SEV,2025/2026,40,52,12,Cases,Zone,SW,42836294,0.95,16852.25
PACE-FLU-SEV,2025/2026,40,41,1,Hospitalizations,Macro,North,127832161,0.05,217
PACE-FLU-SEV,2025/2026,40,41,1,Hospitalizations,Macro,North,127832161,0.1,230
PACE-FLU-SEV,2025/2026,40,41,1,Hospitalizations,Macro,North,127832161,0.25,252
PACE-FLU-SEV,2025/2026,40,41,1,Hospitalizations,Macro,North,127832161,0.5,281
PACE-FLU-SEV,2025/2026,40,41,1,Hospitalizations,Macro,North,127832161,0.75,311
PACE-FLU-SEV,2025/2026,40,41,1,Hospitalizations,Macro,North,127832161,0.9,338
PACE-FLU-SEV,2025/2026,40,41,1,Hospitalizations,Macro,North,127832161,0.95,355
PACE-FLU-SEV,2025/2026,40,41,1,Hospitalizations,Macro,South,101669774,0.05,117
PACE-FLU-SEV,2025/2026,40,41,1,Hospitalizations,Macro,South,101669774,0.1,126
PACE-FLU-SEV,2025/2026,40,41,1,Hospitalizations,Macro,South,101669774,0.25,141
PACE-FLU-SEV,2025/2026,40,41,1,Hospitalizations,Macro,South,101669774,0.5,158
PACE-FLU-SEV,2025/2026,40,41,1,Hospitalizations,Macro,South,101669774,0.75,178
PACE-FLU-SEV,2025/2026,40,41,1,Hospitalizations,Macro,South,101669774,0.9,196.63333333333344
PACE-FLU-SEV,2025/2026,40,41,1,Hospitalizations,Macro,South,101669774,0.95,207
PACE-FLU-SEV,2025/2026,40,41,1,Hospitalizations,National,Nigeria,229501935,0.05,364
PACE-FLU-SEV,2025/2026,40,41,1,Hospitalizations,National,Nigeria,229501935,0.1,381.3666666666667
PACE-FLU-SEV,2025/2026,40,41,1,Hospitalizations,National,Nigeria,229501935,0.25,408
PACE-FLU-SEV,2025/2026,40,41,1,Hospitalizations,National,Nigeria,229501935,0.5,440
PACE-FLU-SEV,2025/2026,40,41,1,Hospitalizations,National,Nigeria,229501935,0.75,475
PACE-FLU-SEV,2025/2026,40,41,1,Hospitalizations,National,Nigeria,229501935,0.9,509
PACE-FLU-SEV,2025/2026,40,41,1,Hospitalizations,National,Nigeria,229501935,0.95,528.6500000000001
PACE-FLU-SEV,2025/2026,40,41,1,Hospitalizations,State,Abia,4841943,0.05,2
PACE-FLU-SEV,2025/2026,40,41,1,Hospitalizations,State,Abia,4841943,0.1,3
PACE-FLU-SEV,2025/2026,40,41,1,Hospitalizations,State,Abia,4841943,0.25,5
PACE-FLU-SEV,2025/2026,40,41,1,Hospitalizations,State,Abia,4841943,0.5,8
PACE-FLU-SEV,2025/2026,40,41,1,Hospitalizations,State,Abia,4841943,0.75,12
PACE-FLU-SEV,2025/2026,40,41,1,Hospitalizations,State,Abia,4841943,0.9,17
PACE-FLU-SEV,2025/2026,40,41,1,Hospitalizations,State,Abia,4841943,0.95,21
PACE-FLU-SEV,2025/2026,40,41,1,Hospitalizations,State,Adamawa,5236948,0.05,2
PACE-FLU-SEV,2025/2026,40,41,1,Hospitalizations,State,Adamawa,5236948,0.1,3
PACE-FLU-SEV,2025/2026,40,41,1,Hospitalizations,State,Adamawa,5236948,0.25,4
PACE-FLU-SEV,2025/2026,40,41,1,Hospitalizations,State,Adamawa,5236948,0.5,7
PACE-FLU-SEV,2025/2026,40,41,1,Hospitalizations,State,Adamawa,5236948,0.75,11
PACE-FLU-SEV,2025/2026,40,41,1,Hospitalizations,State,Adamawa,5236948,0.9,15
PACE-FLU-SEV,2025/2026,40,41,1,Hospitalizations,State,Adamawa,5236948,0.95,19
PACE-FLU-SEV,2025/2026,40,41,1,Hospitalizations,State,Akwa Ibom,5780581,0.05,2
PACE-FLU-SEV,2025/2026,40,41,1,Hospitalizations,State,Akwa Ibom,5780581,0.1,3
PACE-FLU-SEV,2025/2026,40,41,1,Hospitalizations,State,Akwa Ibom,5780581,0.25,5
PACE-FLU-SEV,2025/2026,40,41,1,Hospitalizations,State,Akwa Ibom,5780581,0.5,7
PACE-FLU-SEV,2025/2026,40,41,1,Hospitalizations,State,Akwa Ibom,5780581,0.75,11
PACE-FLU-SEV,2025/2026,40,41,1,Hospitalizations,State,Akwa Ibom,5780581,0.9,15
PACE-FLU-SEV,2025/2026,40,41,1,Hospitalizations,State,Akwa Ibom,5780581,0.95,19
PACE-FLU-SEV,2025/2026,40,41,1,Hospitalizations,State,Anambra,7299910,0.05,2
PACE-FLU-SEV,2025/2026,40,41,1,Hospitalizations,State,Anambra,7299910,0.1,3
PACE-FLU-SEV,2025/2026,40,41,1,Hospitalizations,State,Anambra,7299910,0.25,6
PACE-FLU-SEV,2025/2026,40,41,1,Hospitalizations,State,Anambra,7299910,0.5,9
PACE-FLU-SEV,2025/2026,40,41,1,Hospitalizations,State,Anambra,7299910,0.75,14
PACE-FLU-SEV,2025/2026,40,41,1,Hospitalizations,State,Anambra,7299910,0.9,19
PACE-FLU-SEV,2025/2026,40,41,1,Hospitalizations,State,Anambra,7299910,0.95,23
PACE-FLU-SEV,2025/2026,40,41,1,Hospitalizations,State,Bauchi,7540663,0.05,4
PACE-FLU-SEV,2025/2026,40,41,1,Hospitalizations,State,Bauchi,7540663,0.1,6
PACE-FLU-SEV,2025/2026,40,41,1,Hospitalizations,State,Bauchi,7540663,0.25,10
PACE-FLU-SEV,2025/2026,40,41,1,Hospitalizations,State,Bauchi,7540663,0.5,15
PACE-FLU-SEV,2025/2026,40,41,1,Hospitalizations,State,Bauchi,7540663,0.75,21
PACE-FLU-SEV,2025/2026,40,41,1,Hospitalizations,State,Bauchi,7540663,0.9,30
PACE-FLU-SEV,2025/2026,40,41,1,Hospitalizations,State,Bauchi,7540663,0.95,35
PACE-FLU-SEV,2025/2026,40,41,1,Hospitalizations,State,Bayelsa,2394725,0.05,0
PACE-FLU-SEV,2025/2026,40,41,1,Hospitalizations,State,Bayelsa,2394725,0.1,1
PACE-FLU-SEV,2025/2026,40,41,1,Hospitalizations,State,Bayelsa,2394725,0.25,1
PACE-FLU-SEV,2025/2026,40,41,1,Hospitalizations,State,Bayelsa,2394725,0.5,3
PACE-FLU-SEV,2025/2026,40,41,1,Hospitalizations,State,Bayelsa,2394725,0.75,5
PACE-FLU-SEV,2025/2026,40,41,1,Hospitalizations,State,Bayelsa,2394725,0.9,7
PACE-FLU-SEV,2025/2026,40,41,1,Hospitalizations,State,Bayelsa,2394725,0.95,9
PACE-FLU-SEV,2025/2026,40,41,1,Hospitalizations,State,Benue,6687706,0.05,4
PACE-FLU-SEV,2025/2026,40,41,1,Hospitalizations,State,Benue,6687706,0.1,6
PACE-FLU-SEV,2025/2026,40,41,1,Hospitalizations,State,Benue,6687706,0.25,9
PACE-FLU-SEV,2025/2026,40,41,1,Hospitalizations,State,Benue,6687706,0.5,15
PACE-FLU-SEV,2025/2026,40,41,1,Hospitalizations,State,Benue,6687706,0.75,22
PACE-FLU-SEV,2025/2026,40,41,1,Hospitalizations,State,Benue,6687706,0.9,30
PACE-FLU-SEV,2025/2026,40,41,1,Hospitalizations,State,Benue,6687706,0.95,36
PACE-FLU-SEV,2025/2026,40,41,1,Hospitalizations,State,Borno,6651590,0.05,3
PACE-FLU-SEV,2025/2026,40,41,1,Hospitalizations,State,Borno,6651590,0.1,4
PACE-FLU-SEV,2025/2026,40,41,1,Hospitalizations,State,Borno,6651590,0.25,6
PACE-FLU-SEV,2025/2026,40,41,1,Hospitalizations,State,Borno,6651590,0.5,10
PACE-FLU-SEV,2025/2026,40,41,1,Hospitalizations,State,Borno,6651590,0.75,15
PACE-FLU-SEV,2025/2026,40,41,1,Hospitalizations,State,Borno,6651590,0.9,21
PACE-FLU-SEV,2025/2026,40,41,1,Hospitalizations,State,Borno,6651590,0.95,25
PACE-FLU-SEV,2025/2026,40,41,1,Hospitalizations,State,Cross River,4175020,0.05,1
PACE-FLU-SEV,2025/2026,40,41,1,Hospitalizations,State,Cross River,4175020,0.1,2
PACE-FLU-SEV,2025/2026,40,41,1,Hospitalizations,State,Cross River,4175020,0.25,3
PACE-FLU-SEV,2025/2026,40,41,1,Hospitalizations,State,Cross River,4175020,0.5,6
PACE-FLU-SEV,2025/2026,40,41,1,Hospitalizations,State,Cross River,4175020,0.75,9
PACE-FLU-SEV,2025/2026,40,41,1,Hospitalizations,State,Cross River,4175020,0.9,12
PACE-FLU-SEV,2025/2026,40,41,1,Hospitalizations,State,Cross River,4175020,0.95,14
PACE-FLU-SEV,2025/2026,40,41,1,Hospitalizations,State,Delta,6107543,0.05,1
PACE-FLU-SEV,2025/2026,40,41,1,Hospitalizations,State,Delta,6107543,0.1,2
PACE-FLU-SEV,2025/2026,40,41,1,Hospitalizations,State,Delta,6107543,0.25,4
PACE-FLU-SEV,2025/2026,40,41,1,Hospitalizations,State,Delta,6107543,0.5,7
PACE-FLU-SEV,2025/2026,40,41,1,Hospitalizations,State,Delta,6107543,0.75,10
PACE-FLU-SEV,2025/2026,40,41,1,Hospitalizations,State,Delta,6107543,0.9,14
PACE-FLU-SEV,2025/2026,40,41,1,Hospitalizations,State,Delta,6107543,0.95,18
PACE-FLU-SEV,2025/2026,40,41,1,Hospitalizations,State,Ebonyi,4007155,0.05,1
PACE-FLU-SEV,2025/2026,40,41,1,Hospitalizations,State,Ebonyi,4007155,0.1,1
PACE-FLU-SEV,2025/2026,40,41,1,Hospitalizations,State,Ebonyi,4007155,0.25,3
PACE-FLU-SEV,2025/2026,40,41,1,Hospitalizations,State,Ebonyi,4007155,0.5,5
PACE-FLU-SEV,2025/2026,40,41,1,Hospitalizations,State,Ebonyi,4007155,0.75,9
PACE-FLU-SEV,2025/2026,40,41,1,Hospitalizations,State,Ebonyi,4007155,0.9,12
PACE-FLU-SEV,2025/2026,40,41,1,Hospitalizations,State,Ebonyi,4007155,0.95,14
PACE-FLU-SEV,2025/2026,40,41,1,Hospitalizations,State,Edo,5527810,0.05,2
PACE-FLU-SEV,2025/2026,40,41,1,Hospitalizations,State,Edo,5527810,0.1,3
PACE-FLU-SEV,2025/2026,40,41,1,Hospitalizations,State,Edo,5527810,0.25,5
PACE-FLU-SEV,2025/2026,40,41,1,Hospitalizations,State,Edo,5527810,0.5,8
PACE-FLU-SEV,2025/2026,40,41,1,Hospitalizations,State,Edo,5527810,0.75,12
PACE-FLU-SEV,2025/2026,40,41,1,Hospitalizations,State,Edo,5527810,0.9,16
PACE-FLU-SEV,2025/2026,40,41,1,Hospitalizations,State,Edo,5527810,0.95,19
PACE-FLU-SEV,2025/2026,40,41,1,Hospitalizations,State,Ekiti,3398177,0.05,1
PACE-FLU-SEV,2025/2026,40,41,1,Hospitalizations,State,Ekiti,3398177,0.1,1
PACE-FLU-SEV,2025/2026,40,41,1,Hospitalizations,State,Ekiti,3398177,0.25,2
PACE-FLU-SEV,2025/2026,40,41,1,Hospitalizations,State,Ekiti,3398177,0.5,4
PACE-FLU-SEV,2025/2026,40,41,1,Hospitalizations,State,Ekiti,3398177,0.75,6
PACE-FLU-SEV,2025/2026,40,41,1,Hospitalizations,State,Ekiti,3398177,0.9,9
PACE-FLU-SEV,2025/2026,40,41,1,Hospitalizations,State,Ekiti,3398177,0.95,11
PACE-FLU-SEV,2025/2026,40,41,1,Hospitalizations,State,Enugu,5396098,0.05,1
PACE-FLU-SEV,2025/2026,40,41,1,Hospitalizations,State,Enugu,5396098,0.1,2
PACE-FLU-SEV,2025/2026,40,41,1,Hospitalizations,State,Enugu,5396098,0.25,3
PACE-FLU-SEV,2025/2026,40,41,1,Hospitalizations,State,Enugu,5396098,0.5,6
PACE-FLU-SEV,2025/2026,40,41,1,Hospitalizations,State,Enugu,5396098,0.75,10
PACE-FLU-SEV,2025/2026,40,41,1,Hospitalizations,State,Enugu,5396098,0.9,14
PACE-FLU-SEV,2025/2026,40,41,1,Hospitalizations,State,Enugu,5396098,0.95,17
PACE-FLU-SEV,2025/2026,40,41,1,Hospitalizations,State,FCT,4802443,0.05,3
PACE-FLU-SEV,2025/2026,40,41,1,Hospitalizations,State,FCT,4802443,0.1,5
PACE-FLU-SEV,2025/2026,40,41,1,Hospitalizations,State,FCT,4802443,0.25,7
PACE-FLU-SEV,2025/2026,40,41,1,Hospitalizations,State,FCT,4802443,0.5,12
PACE-FLU-SEV,2025/2026,40,41,1,Hospitalizations,State,FCT,4802443,0.75,18
PACE-FLU-SEV,2025/2026,40,41,1,Hospitalizations,State,FCT,4802443,0.9,25
PACE-FLU-SEV,2025/2026,40,41,1,Hospitalizations,State,FCT,4802443,0.95,31
PACE-FLU-SEV,2025/2026,40,41,1,Hospitalizations,State,Gombe,4623462,0.05,2
PACE-FLU-SEV,2025/2026,40,41,1,Hospitalizations,State,Gombe,4623462,0.1,3
PACE-FLU-SEV,2025/2026,40,41,1,Hospitalizations,State,Gombe,4623462,0.25,5
PACE-FLU-SEV,2025/2026,40,41,1,Hospitalizations,State,Gombe,4623462,0.5,9
PACE-FLU-SEV,2025/2026,40,41,1,Hospitalizations,State,Gombe,4623462,0.75,13
PACE-FLU-SEV,2025/2026,40,41,1,Hospitalizations,State,Gombe,4623462,0.9,18
PACE-FLU-SEV,2025/2026,40,41,1,Hospitalizations,State,Gombe,4623462,0.95,22
PACE-FLU-SEV,2025/2026,40,41,1,Hospitalizations,State,Imo,6067722,0.05,2
PACE-FLU-SEV,2025/2026,40,41,1,Hospitalizations,State,Imo,6067722,0.1,3
PACE-FLU-SEV,2025/2026,40,41,1,Hospitalizations,State,Imo,6067722,0.25,4
PACE-FLU-SEV,2025/2026,40,41,1,Hospitalizations,State,Imo,6067722,0.5,7
PACE-FLU-SEV,2025/2026,40,41,1,Hospitalizations,State,Imo,6067722,0.75,11
PACE-FLU-SEV,2025/2026,40,41,1,Hospitalizations,State,Imo,6067722,0.9,16
PACE-FLU-SEV,2025/2026,40,41,1,Hospitalizations,State,Imo,6067722,0.95,19
PACE-FLU-SEV,2025/2026,40,41,1,Hospitalizations,State,Jigawa,6979080,0.05,2
PACE-FLU-SEV,2025/2026,40,41,1,Hospitalizations,State,Jigawa,6979080,0.1,4
PACE-FLU-SEV,2025/2026,40,41,1,Hospitalizations,State,Jigawa,6979080,0.25,7
PACE-FLU-SEV,2025/2026,40,41,1,Hospitalizations,State,Jigawa,6979080,0.5,10
PACE-FLU-SEV,2025/2026,40,41,1,Hospitalizations,State,Jigawa,6979080,0.75,15
PACE-FLU-SEV,2025/2026,40,41,1,Hospitalizations,State,Jigawa,6979080,0.9,21
PACE-FLU-SEV,2025/2026,40,41,1,Hospitalizations,State,Jigawa,6979080,0.95,25
PACE-FLU-SEV,2025/2026,40,41,1,Hospitalizations,State,Kaduna,8324285,0.05,3
PACE-FLU-SEV,2025/2026,40,41,1,Hospitalizations,State,Kaduna,8324285,0.1,5
PACE-FLU-SEV,2025/2026,40,41,1,Hospitalizations,State,Kaduna,8324285,0.25,8
PACE-FLU-SEV,2025/2026,40,41,1,Hospitalizations,State,Kaduna,8324285,0.5,12
PACE-FLU-SEV,2025/2026,40,41,1,Hospitalizations,State,Kaduna,8324285,0.75,18
PACE-FLU-SEV,2025/2026,40,41,1,Hospitalizations,State,Kaduna,8324285,0.9,25
PACE-FLU-SEV,2025/2026,40,41,1,Hospitalizations,State,Kaduna,8324285,0.95,30
PACE-FLU-SEV,2025/2026,40,41,1,Hospitalizations,State,Kano,16253549,0.05,11
PACE-FLU-SEV,2025/2026,40,41,1,Hospitalizations,State,Kano,16253549,0.1,14
PACE-FLU-SEV,2025/2026,40,41,1,Hospitalizations,State,Kano,16253549,0.25,21
PACE-FLU-SEV,2025/2026,40,41,1,Hospitalizations,State,Kano,16253549,0.5,32
PACE-FLU-SEV,2025/2026,40,41,1,Hospitalizations,State,Kano,16253549,0.75,46
PACE-FLU-SEV,2025/2026,40,41,1,Hospitalizations,State,Kano,16253549,0.9,64
PACE-FLU-SEV,2025/2026,40,41,1,Hospitalizations,State,Kano,16253549,0.95,75
PACE-FLU-SEV,2025/2026,40,41,1,Hospitalizations,State,Katsina,9300382,0.05,7
PACE-FLU-SEV,2025/2026,40,41,1,Hospitalizations,State,Katsina,9300382,0.1,8
PACE-FLU-SEV,2025/2026,40,41,1,Hospitalizations,State,Katsina,9300382,0.25,13
PACE-FLU-SEV,2025/2026,40,41,1,Hospitalizations,State,Katsina,9300382,0.5,20
PACE-FLU-SEV,2025/2026,40,41,1,Hospitalizations,State,Katsina,9300382,0.75,30
PACE-FLU-SEV,2025/2026,40,41,1,Hospitalizations,State,Katsina,9300382,0.9,41
PACE-FLU-SEV,2025/2026,40,41,1,Hospitalizations,State,Katsina,9300382,0.95,49
PACE-FLU-SEV,2025/2026,40,41,1,Hospitalizations,State,Kebbi,6001610,0.05,5
PACE-FLU-SEV,2025/2026,40,41,1,Hospitalizations,State,Kebbi,6001610,0.1,6
PACE-FLU-SEV,2025/2026,40,41,1,Hospitalizations,State,Kebbi,6001610,0.25,10
PACE-FLU-SEV,2025/2026,40,41,1,Hospitalizations,State,Kebbi,6001610,0.5,15.500000000000114
PACE-FLU-SEV,2025/2026,40,41,1,Hospitalizations,State,Kebbi,6001610,0.75,23
PACE-FLU-SEV,2025/2026,40,41,1,Hospitalizations,State,Kebbi,6001610,0.9,32
PACE-FLU-SEV,2025/2026,40,41,1,Hospitalizations,State,Kebbi,6001610,0.95,38
PACE-FLU-SEV,2025/2026,40,41,1,Hospitalizations,State,Kogi,5053734,0.05,2
PACE-FLU-SEV,2025/2026,40,41,1,Hospitalizations,State,Kogi,5053734,0.1,3
PACE-FLU-SEV,2025/2026,40,41,1,Hospitalizations,State,Kogi,5053734,0.25,5
PACE-FLU-SEV,2025/2026,40,41,1,Hospitalizations,State,Kogi,5053734,0.5,9
PACE-FLU-SEV,2025/2026,40,41,1,Hospitalizations,State,Kogi,5053734,0.75,13
PACE-FLU-SEV,2025/2026,40,41,1,Hospitalizations,State,Kogi,5053734,0.9,18
PACE-FLU-SEV,2025/2026,40,41,1,Hospitalizations,State,Kogi,5053734,0.95,22
PACE-FLU-SEV,2025/2026,40,41,1,Hospitalizations,State,Kwara,4259613,0.05,2
PACE-FLU-SEV,2025/2026,40,41,1,Hospitalizations,State,Kwara,4259613,0.1,3
PACE-FLU-SEV,2025/2026,40,41,1,Hospitalizations,State,Kwara,4259613,0.25,6
PACE-FLU-SEV,2025/2026,40,41,1,Hospitalizations,State,Kwara,4259613,0.5,9
PACE-FLU-SEV,2025/2026,40,41,1,Hospitalizations,State,Kwara,4259613,0.75,14
PACE-FLU-SEV,2025/2026,40,41,1,Hospitalizations,State,Kwara,4259613,0.9,20
PACE-FLU-SEV,2025/2026,40,41,1,Hospitalizations,State,Kwara,4259613,0.95,24
PACE-FLU-SEV,2025/2026,40,41,1,Hospitalizations,State,Lagos,15772884,0.05,7
PACE-FLU-SEV,2025/2026,40,41,1,Hospitalizations,State,Lagos,15772884,0.1,10
PACE-FLU-SEV,2025/2026,40,41,1,Hospitalizations,State,Lagos,15772884,0.25,15
PACE-FLU-SEV,2025/2026,40,41,1,Hospitalizations,State,Lagos,15772884,0.5,24
PACE-FLU-SEV,2025/2026,40,41,1,Hospitalizations,State,Lagos,15772884,0.75,34
PACE-FLU-SEV,2025/2026,40,41,1,Hospitalizations,State,Lagos,15772884,0.9,47
PACE-FLU-SEV,2025/2026,40,41,1,Hospitalizations,State,Lagos,15772884,0.95,56
PACE-FLU-SEV,2025/2026,40,41,1,Hospitalizations,State,Nasarawa,3632239,0.05,1
PACE-FLU-SEV,2025/2026,40,41,1,Hospitalizations,State,Nasarawa,3632239,0.1,1
PACE-FLU-SEV,2025/2026,40,41,1,Hospitalizations,State,Nasarawa,3632239,0.25,3
PACE-FLU-SEV,2025/2026,40,41,1,Hospitalizations,State,Nasarawa,3632239,0.5,5
PACE-FLU-SEV,2025/2026,40,41,1,Hospitalizations,State,Nasarawa,3632239,0.75,8
PACE-FLU-SEV,2025/2026,40,41,1,Hospitalizations,State,Nasarawa,3632239,0.9,11
PACE-FLU-SEV,2025/2026,40,41,1,Hospitalizations,State,Nasarawa,3632239,0.95,14
PACE-FLU-SEV,2025/2026,40,41,1,Hospitalizations,State,Niger,6720617,0.05,2
PACE-FLU-SEV,2025/2026,40,41,1,Hospitalizations,State,Niger,6720617,0.1,3
PACE-FLU-SEV,2025/2026,40,41,1,Hospitalizations,State,Niger,6720617,0.25,5
PACE-FLU-SEV,2025/2026,40,41,1,Hospitalizations,State,Niger,6720617,0.5,9
PACE-FLU-SEV,2025/2026,40,41,1,Hospitalizations,State,Niger,6720617,0.75,13
PACE-FLU-SEV,2025/2026,40,41,1,Hospitalizations,State,Niger,6720617,0.9,18
PACE-FLU-SEV,2025/2026,40,41,1,Hospitalizations,State,Niger,6720617,0.95,22
PACE-FLU-SEV,2025/2026,40,41,1,Hospitalizations,State,Ogun,6445275,0.05,2
PACE-FLU-SEV,2025/2026,40,41,1,Hospitalizations,State,Ogun,6445275,0.1,4
PACE-FLU-SEV,2025/2026,40,41,1,Hospitalizations,State,Ogun,6445275,0.25,6
PACE-FLU-SEV,2025/2026,40,41,1,Hospitalizations,State,Ogun,6445275,0.5,10
PACE-FLU-SEV,2025/2026,40,41,1,Hospitalizations,State,Ogun,6445275,0.75,15
PACE-FLU-SEV,2025/2026,40,41,1,Hospitalizations,State,Ogun,6445275,0.9,20
PACE-FLU-SEV,2025/2026,40,41,1,Hospitalizations,State,Ogun,6445275,0.95,23
PACE-FLU-SEV,2025/2026,40,41,1,Hospitalizations,State,Ondo,5469707,0.05,2
PACE-FLU-SEV,2025/2026,40,41,1,Hospitalizations,State,Ondo,5469707,0.1,3
PACE-FLU-SEV,2025/2026,40,41,1,Hospitalizations,State,Ondo,5469707,0.25,6
PACE-FLU-SEV,2025/2026,40,41,1,Hospitalizations,State,Ondo,5469707,0.5,9
PACE-FLU-SEV,2025/2026,40,41,1,Hospitalizations,State,Ondo,5469707,0.75,14
PACE-FLU-SEV,2025/2026,40,41,1,Hospitalizations,State,Ondo,5469707,0.9,19.63333333333344
PACE-FLU-SEV,2025/2026,40,41,1,Hospitalizations,State,Ondo,5469707,0.95,24
PACE-FLU-SEV,2025/2026,40,41,1,Hospitalizations,State,Osun,4237396,0.05,1
PACE-FLU-SEV,2025/2026,40,41,1,Hospitalizations,State,Osun,4237396,0.1,2
PACE-FLU-SEV,2025/2026,40,41,1,Hospitalizations,State,Osun,4237396,0.25,4
PACE-FLU-SEV,2025/2026,40,41,1,Hospitalizations,State,Osun,4237396,0.5,7
PACE-FLU-SEV,2025/2026,40,41,1,Hospitalizations,State,Osun,4237396,0.75,10
PACE-FLU-SEV,2025/2026,40,41,1,Hospitalizations,State,Osun,4237396,0.9,14
PACE-FLU-SEV,2025/2026,40,41,1,Hospitalizations,State,Osun,4237396,0.95,17
PACE-FLU-SEV,2025/2026,40,41,1,Hospitalizations,State,Oyo,7512855,0.05,2
PACE-FLU-SEV,2025/2026,40,41,1,Hospitalizations,State,Oyo,7512855,0.1,3
PACE-FLU-SEV,2025/2026,40,41,1,Hospitalizations,State,Oyo,7512855,0.25,6
PACE-FLU-SEV,2025/2026,40,41,1,Hospitalizations,State,Oyo,7512855,0.5,9
PACE-FLU-SEV,2025/2026,40,41,1,Hospitalizations,State,Oyo,7512855,0.75,14
PACE-FLU-SEV,2025/2026,40,41,1,Hospitalizations,State,Oyo,7512855,0.9,20
PACE-FLU-SEV,2025/2026,40,41,1,Hospitalizations,State,Oyo,7512855,0.95,24
PACE-FLU-SEV,2025/2026,40,41,1,Hospitalizations,State,Plateau,5400974,0.05,2
PACE-FLU-SEV,2025/2026,40,41,1,Hospitalizations,State,Plateau,5400974,0.1,3
PACE-FLU-SEV,2025/2026,40,41,1,Hospitalizations,State,Plateau,5400974,0.25,5
PACE-FLU-SEV,2025/2026,40,41,1,Hospitalizations,State,Plateau,5400974,0.5,7
PACE-FLU-SEV,2025/2026,40,41,1,Hospitalizations,State,Plateau,5400974,0.75,11
PACE-FLU-SEV,2025/2026,40,41,1,Hospitalizations,State,Plateau,5400974,0.9,16
PACE-FLU-SEV,2025/2026,40,41,1,Hospitalizations,State,Plateau,5400974,0.95,19
PACE-FLU-SEV,2025/2026,40,41,1,Hospitalizations,State,Rivers,7234973,0.05,3
PACE-FLU-SEV,2025/2026,40,41,1,Hospitalizations,State,Rivers,7234973,0.1,4
PACE-FLU-SEV,2025/2026,40,41,1,Hospitalizations,State,Rivers,7234973,0.25,7
PACE-FLU-SEV,2025/2026,40,41,1,Hospitalizations,State,Rivers,7234973,0.5,11
PACE-FLU-SEV,2025/2026,40,41,1,Hospitalizations,State,Rivers,7234973,0.75,17
PACE-FLU-SEV,2025/2026,40,41,1,Hospitalizations,State,Rivers,7234973,0.9,23
PACE-FLU-SEV,2025/2026,40,41,1,Hospitalizations,State,Rivers,7234973,0.95,27.65000000000009
PACE-FLU-SEV,2025/2026,40,41,1,Hospitalizations,State,Sokoto,6163187,0.05,7
PACE-FLU-SEV,2025/2026,40,41,1,Hospitalizations,State,Sokoto,6163187,0.1,9
PACE-FLU-SEV,2025/2026,40,41,1,Hospitalizations,State,Sokoto,6163187,0.25,14
PACE-FLU-SEV,2025/2026,40,41,1,Hospitalizations,State,Sokoto,6163187,0.5,21
PACE-FLU-SEV,2025/2026,40,41,1,Hospitalizations,State,Sokoto,6163187,0.75,30
PACE-FLU-SEV,2025/2026,40,41,1,Hospitalizations,State,Sokoto,6163187,0.9,42
PACE-FLU-SEV,2025/2026,40,41,1,Hospitalizations,State,Sokoto,6163187,0.95,50
PACE-FLU-SEV,2025/2026,40,41,1,Hospitalizations,State,Taraba,4331885,0.05,2
PACE-FLU-SEV,2025/2026,40,41,1,Hospitalizations,State,Taraba,4331885,0.1,4
PACE-FLU-SEV,2025/2026,40,41,1,Hospitalizations,State,Taraba,4331885,0.25,6
PACE-FLU-SEV,2025/2026,40,41,1,Hospitalizations,State,Taraba,4331885,0.5,10
PACE-FLU-SEV,2025/2026,40,41,1,Hospitalizations,State,Taraba,4331885,0.75,15
PACE-FLU-SEV,2025/2026,40,41,1,Hospitalizations,State,Taraba,4331885,0.9,21
PACE-FLU-SEV,2025/2026,40,41,1,Hospitalizations,State,Taraba,4331885,0.95,24.65000000000009
PACE-FLU-SEV,2025/2026,40,41,1,Hospitalizations,State,Yobe,4350401,0.05,1
PACE-FLU-SEV,2025/2026,40,41,1,Hospitalizations,State,Yobe,4350401,0.1,2
PACE-FLU-SEV,2025/2026,40,41,1,Hospitalizations,State,Yobe,4350401,0.25,4
PACE-FLU-SEV,2025/2026,40,41,1,Hospitalizations,State,Yobe,4350401,0.5,7
PACE-FLU-SEV,2025/2026,40,41,1,Hospitalizations,State,Yobe,4350401,0.75,10
PACE-FLU-SEV,2025/2026,40,41,1,Hospitalizations,State,Yobe,4350401,0.9,14
PACE-FLU-SEV,2025/2026,40,41,1,Hospitalizations,State,Yobe,4350401,0.95,17
PACE-FLU-SEV,2025/2026,40,41,1,Hospitalizations,State,Zamfara,5517793,0.05,4
PACE-FLU-SEV,2025/2026,40,41,1,Hospitalizations,State,Zamfara,5517793,0.1,6
PACE-FLU-SEV,2025/2026,40,41,1,Hospitalizations,State,Zamfara,5517793,0.25,10
PACE-FLU-SEV,2025/2026,40,41,1,Hospitalizations,State,Zamfara,5517793,0.5,15
PACE-FLU-SEV,2025/2026,40,41,1,Hospitalizations,State,Zamfara,5517793,0.75,21
PACE-FLU-SEV,2025/2026,40,41,1,Hospitalizations,State,Zamfara,5517793,0.9,29
PACE-FLU-SEV,2025/2026,40,41,1,Hospitalizations,State,Zamfara,5517793,0.95,36
PACE-FLU-SEV,2025/2026,40,41,1,Hospitalizations,Zone,NC,36557326,0.05,47
PACE-FLU-SEV,2025/2026,40,41,1,Hospitalizations,Zone,NC,36557326,0.1,53
PACE-FLU-SEV,2025/2026,40,41,1,Hospitalizations,Zone,NC,36557326,0.25,62
PACE-FLU-SEV,2025/2026,40,41,1,Hospitalizations,Zone,NC,36557326,0.5,74
PACE-FLU-SEV,2025/2026,40,41,1,Hospitalizations,Zone,NC,36557326,0.75,87
PACE-FLU-SEV,2025/2026,40,41,1,Hospitalizations,Zone,NC,36557326,0.9,101
PACE-FLU-SEV,2025/2026,40,41,1,Hospitalizations,Zone,NC,36557326,0.95,110.65000000000009
PACE-FLU-SEV,2025/2026,40,41,1,Hospitalizations,Zone,NE,32734949,0.05,40
PACE-FLU-SEV,2025/2026,40,41,1,Hospitalizations,Zone,NE,32734949,0.1,45
PACE-FLU-SEV,2025/2026,40,41,1,Hospitalizations,Zone,NE,32734949,0.25,53
PACE-FLU-SEV,2025/2026,40,41,1,Hospitalizations,Zone,NE,32734949,0.5,64
PACE-FLU-SEV,2025/2026,40,41,1,Hospitalizations,Zone,NE,32734949,0.75,75
PACE-FLU-SEV,2025/2026,40,41,1,Hospitalizations,Zone,NE,32734949,0.9,87
PACE-FLU-SEV,2025/2026,40,41,1,Hospitalizations,Zone,NE,32734949,0.95,97
PACE-FLU-SEV,2025/2026,40,41,1,Hospitalizations,Zone,NW,58539886,0.05,95
PACE-FLU-SEV,2025/2026,40,41,1,Hospitalizations,Zone,NW,58539886,0.1,101
PACE-FLU-SEV,2025/2026,40,41,1,Hospitalizations,Zone,NW,58539886,0.25,118
PACE-FLU-SEV,2025/2026,40,41,1,Hospitalizations,Zone,NW,58539886,0.5,138
PACE-FLU-SEV,2025/2026,40,41,1,Hospitalizations,Zone,NW,58539886,0.75,162
PACE-FLU-SEV,2025/2026,40,41,1,Hospitalizations,Zone,NW,58539886,0.9,188
PACE-FLU-SEV,2025/2026,40,41,1,Hospitalizations,Zone,NW,58539886,0.95,202.6500000000001
PACE-FLU-SEV,2025/2026,40,41,1,Hospitalizations,Zone,SE,27612828,0.05,23
PACE-FLU-SEV,2025/2026,40,41,1,Hospitalizations,Zone,SE,27612828,0.1,26
PACE-FLU-SEV,2025/2026,40,41,1,Hospitalizations,Zone,SE,27612828,0.25,33
PACE-FLU-SEV,2025/2026,40,41,1,Hospitalizations,Zone,SE,27612828,0.5,40
PACE-FLU-SEV,2025/2026,40,41,1,Hospitalizations,Zone,SE,27612828,0.75,49
PACE-FLU-SEV,2025/2026,40,41,1,Hospitalizations,Zone,SE,27612828,0.9,58
PACE-FLU-SEV,2025/2026,40,41,1,Hospitalizations,Zone,SE,27612828,0.95,64
PACE-FLU-SEV,2025/2026,40,41,1,Hospitalizations,Zone,SS,31220652,0.05,28
PACE-FLU-SEV,2025/2026,40,41,1,Hospitalizations,Zone,SS,31220652,0.1,32
PACE-FLU-SEV,2025/2026,40,41,1,Hospitalizations,Zone,SS,31220652,0.25,38
PACE-FLU-SEV,2025/2026,40,41,1,Hospitalizations,Zone,SS,31220652,0.5,46
PACE-FLU-SEV,2025/2026,40,41,1,Hospitalizations,Zone,SS,31220652,0.75,56
PACE-FLU-SEV,2025/2026,40,41,1,Hospitalizations,Zone,SS,31220652,0.9,65
PACE-FLU-SEV,2025/2026,40,41,1,Hospitalizations,Zone,SS,31220652,0.95,72
PACE-FLU-SEV,2025/2026,40,41,1,Hospitalizations,Zone,SW,42836294,0.05,42
PACE-FLU-SEV,2025/2026,40,41,1,Hospitalizations,Zone,SW,42836294,0.1,47
PACE-FLU-SEV,2025/2026,40,41,1,Hospitalizations,Zone,SW,42836294,0.25,56
PACE-FLU-SEV,2025/2026,40,41,1,Hospitalizations,Zone,SW,42836294,0.5,68
PACE-FLU-SEV,2025/2026,40,41,1,Hospitalizations,Zone,SW,42836294,0.75,83
PACE-FLU-SEV,2025/2026,40,41,1,Hospitalizations,Zone,SW,42836294,0.9,99
PACE-FLU-SEV,2025/2026,40,41,1,Hospitalizations,Zone,SW,42836294,0.95,108.65000000000009
PACE-FLU-SEV,2025/2026,40,42,2,Hospitalizations,Macro,North,127832161,0.05,193
PACE-FLU-SEV,2025/2026,40,42,2,Hospitalizations,Macro,North,127832161,0.1,206
PACE-FLU-SEV,2025/2026,40,42,2,Hospitalizations,Macro,North,127832161,0.25,233
PACE-FLU-SEV,2025/2026,40,42,2,Hospitalizations,Macro,North,127832161,0.5,265.5000000000001
PACE-FLU-SEV,2025/2026,40,42,2,Hospitalizations,Macro,North,127832161,0.75,304
PACE-FLU-SEV,2025/2026,40,42,2,Hospitalizations,Macro,North,127832161,0.9,346
PACE-FLU-SEV,2025/2026,40,42,2,Hospitalizations,Macro,North,127832161,0.95,374
PACE-FLU-SEV,2025/2026,40,42,2,Hospitalizations,Macro,South,101669774,0.05,123
PACE-FLU-SEV,2025/2026,40,42,2,Hospitalizations,Macro,South,101669774,0.1,134
PACE-FLU-SEV,2025/2026,40,42,2,Hospitalizations,Macro,South,101669774,0.25,154
PACE-FLU-SEV,2025/2026,40,42,2,Hospitalizations,Macro,South,101669774,0.5,182
PACE-FLU-SEV,2025/2026,40,42,2,Hospitalizations,Macro,South,101669774,0.75,214
PACE-FLU-SEV,2025/2026,40,42,2,Hospitalizations,Macro,South,101669774,0.9,245
PACE-FLU-SEV,2025/2026,40,42,2,Hospitalizations,Macro,South,101669774,0.95,269
PACE-FLU-SEV,2025/2026,40,42,2,Hospitalizations,National,Nigeria,229501935,0.05,350
PACE-FLU-SEV,2025/2026,40,42,2,Hospitalizations,National,Nigeria,229501935,0.1,369
PACE-FLU-SEV,2025/2026,40,42,2,Hospitalizations,National,Nigeria,229501935,0.25,407
PACE-FLU-SEV,2025/2026,40,42,2,Hospitalizations,National,Nigeria,229501935,0.5,454
PACE-FLU-SEV,2025/2026,40,42,2,Hospitalizations,National,Nigeria,229501935,0.75,503
PACE-FLU-SEV,2025/2026,40,42,2,Hospitalizations,National,Nigeria,229501935,0.9,553
PACE-FLU-SEV,2025/2026,40,42,2,Hospitalizations,National,Nigeria,229501935,0.95,583.6500000000001
PACE-FLU-SEV,2025/2026,40,42,2,Hospitalizations,State,Abia,4841943,0.05,1
PACE-FLU-SEV,2025/2026,40,42,2,Hospitalizations,State,Abia,4841943,0.1,2
PACE-FLU-SEV,2025/2026,40,42,2,Hospitalizations,State,Abia,4841943,0.25,4
PACE-FLU-SEV,2025/2026,40,42,2,Hospitalizations,State,Abia,4841943,0.5,7
PACE-FLU-SEV,2025/2026,40,42,2,Hospitalizations,State,Abia,4841943,0.75,12
PACE-FLU-SEV,2025/2026,40,42,2,Hospitalizations,State,Abia,4841943,0.9,17
PACE-FLU-SEV,2025/2026,40,42,2,Hospitalizations,State,Abia,4841943,0.95,20
PACE-FLU-SEV,2025/2026,40,42,2,Hospitalizations,State,Adamawa,5236948,0.05,1
PACE-FLU-SEV,2025/2026,40,42,2,Hospitalizations,State,Adamawa,5236948,0.1,2
PACE-FLU-SEV,2025/2026,40,42,2,Hospitalizations,State,Adamawa,5236948,0.25,4
PACE-FLU-SEV,2025/2026,40,42,2,Hospitalizations,State,Adamawa,5236948,0.5,7
PACE-FLU-SEV,2025/2026,40,42,2,Hospitalizations,State,Adamawa,5236948,0.75,12
PACE-FLU-SEV,2025/2026,40,42,2,Hospitalizations,State,Adamawa,5236948,0.9,17
PACE-FLU-SEV,2025/2026,40,42,2,Hospitalizations,State,Adamawa,5236948,0.95,21.65000000000009
PACE-FLU-SEV,2025/2026,40,42,2,Hospitalizations,State,Akwa Ibom,5780581,0.05,2
PACE-FLU-SEV,2025/2026,40,42,2,Hospitalizations,State,Akwa Ibom,5780581,0.1,3
PACE-FLU-SEV,2025/2026,40,42,2,Hospitalizations,State,Akwa Ibom,5780581,0.25,5
PACE-FLU-SEV,2025/2026,40,42,2,Hospitalizations,State,Akwa Ibom,5780581,0.5,8
PACE-FLU-SEV,2025/2026,40,42,2,Hospitalizations,State,Akwa Ibom,5780581,0.75,13
PACE-FLU-SEV,2025/2026,40,42,2,Hospitalizations,State,Akwa Ibom,5780581,0.9,19
PACE-FLU-SEV,2025/2026,40,42,2,Hospitalizations,State,Akwa Ibom,5780581,0.95,23
PACE-FLU-SEV,2025/2026,40,42,2,Hospitalizations,State,Anambra,7299910,0.05,3
PACE-FLU-SEV,2025/2026,40,42,2,Hospitalizations,State,Anambra,7299910,0.1,4
PACE-FLU-SEV,2025/2026,40,42,2,Hospitalizations,State,Anambra,7299910,0.25,7
PACE-FLU-SEV,2025/2026,40,42,2,Hospitalizations,State,Anambra,7299910,0.5,12
PACE-FLU-SEV,2025/2026,40,42,2,Hospitalizations,State,Anambra,7299910,0.75,18
PACE-FLU-SEV,2025/2026,40,42,2,Hospitalizations,State,Anambra,7299910,0.9,26
PACE-FLU-SEV,2025/2026,40,42,2,Hospitalizations,State,Anambra,7299910,0.95,32
PACE-FLU-SEV,2025/2026,40,42,2,Hospitalizations,State,Bauchi,7540663,0.05,3
PACE-FLU-SEV,2025/2026,40,42,2,Hospitalizations,State,Bauchi,7540663,0.1,4
PACE-FLU-SEV,2025/2026,40,42,2,Hospitalizations,State,Bauchi,7540663,0.25,7
PACE-FLU-SEV,2025/2026,40,42,2,Hospitalizations,State,Bauchi,7540663,0.5,11
PACE-FLU-SEV,2025/2026,40,42,2,Hospitalizations,State,Bauchi,7540663,0.75,18
PACE-FLU-SEV,2025/2026,40,42,2,Hospitalizations,State,Bauchi,7540663,0.9,26
PACE-FLU-SEV,2025/2026,40,42,2,Hospitalizations,State,Bauchi,7540663,0.95,32
PACE-FLU-SEV,2025/2026,40,42,2,Hospitalizations,State,Bayelsa,2394725,0.05,0
PACE-FLU-SEV,2025/2026,40,42,2,Hospitalizations,State,Bayelsa,2394725,0.1,1
PACE-FLU-SEV,2025/2026,40,42,2,Hospitalizations,State,Bayelsa,2394725,0.25,2
PACE-FLU-SEV,2025/2026,40,42,2,Hospitalizations,State,Bayelsa,2394725,0.5,3
PACE-FLU-SEV,2025/2026,40,42,2,Hospitalizations,State,Bayelsa,2394725,0.75,5
PACE-FLU-SEV,2025/2026,40,42,2,Hospitalizations,State,Bayelsa,2394725,0.9,8
PACE-FLU-SEV,2025/2026,40,42,2,Hospitalizations,State,Bayelsa,2394725,0.95,10
PACE-FLU-SEV,2025/2026,40,42,2,Hospitalizations,State,Benue,6687706,0.05,2
PACE-FLU-SEV,2025/2026,40,42,2,Hospitalizations,State,Benue,6687706,0.1,3
PACE-FLU-SEV,2025/2026,40,42,2,Hospitalizations,State,Benue,6687706,0.25,6
PACE-FLU-SEV,2025/2026,40,42,2,Hospitalizations,State,Benue,6687706,0.5,10
PACE-FLU-SEV,2025/2026,40,42,2,Hospitalizations,State,Benue,6687706,0.75,16
PACE-FLU-SEV,2025/2026,40,42,2,Hospitalizations,State,Benue,6687706,0.9,23
PACE-FLU-SEV,2025/2026,40,42,2,Hospitalizations,State,Benue,6687706,0.95,28
PACE-FLU-SEV,2025/2026,40,42,2,Hospitalizations,State,Borno,6651590,0.05,2
PACE-FLU-SEV,2025/2026,40,42,2,Hospitalizations,State,Borno,6651590,0.1,4
PACE-FLU-SEV,2025/2026,40,42,2,Hospitalizations,State,Borno,6651590,0.25,6
PACE-FLU-SEV,2025/2026,40,42,2,Hospitalizations,State,Borno,6651590,0.5,10
PACE-FLU-SEV,2025/2026,40,42,2,Hospitalizations,State,Borno,6651590,0.75,16
PACE-FLU-SEV,2025/2026,40,42,2,Hospitalizations,State,Borno,6651590,0.9,24
PACE-FLU-SEV,2025/2026,40,42,2,Hospitalizations,State,Borno,6651590,0.95,30
PACE-FLU-SEV,2025/2026,40,42,2,Hospitalizations,State,Cross River,4175020,0.05,1
PACE-FLU-SEV,2025/2026,40,42,2,Hospitalizations,State,Cross River,4175020,0.1,2
PACE-FLU-SEV,2025/2026,40,42,2,Hospitalizations,State,Cross River,4175020,0.25,3
PACE-FLU-SEV,2025/2026,40,42,2,Hospitalizations,State,Cross River,4175020,0.5,5
PACE-FLU-SEV,2025/2026,40,42,2,Hospitalizations,State,Cross River,4175020,0.75,9
PACE-FLU-SEV,2025/2026,40,42,2,Hospitalizations,State,Cross River,4175020,0.9,13
PACE-FLU-SEV,2025/2026,40,42,2,Hospitalizations,State,Cross River,4175020,0.95,16
PACE-FLU-SEV,2025/2026,40,42,2,Hospitalizations,State,Delta,6107543,0.05,2
PACE-FLU-SEV,2025/2026,40,42,2,Hospitalizations,State,Delta,6107543,0.1,3
PACE-FLU-SEV,2025/2026,40,42,2,Hospitalizations,State,Delta,6107543,0.25,5
PACE-FLU-SEV,2025/2026,40,42,2,Hospitalizations,State,Delta,6107543,0.5,9
PACE-FLU-SEV,2025/2026,40,42,2,Hospitalizations,State,Delta,6107543,0.75,14
PACE-FLU-SEV,2025/2026,40,42,2,Hospitalizations,State,Delta,6107543,0.9,20
PACE-FLU-SEV,2025/2026,40,42,2,Hospitalizations,State,Delta,6107543,0.95,25
PACE-FLU-SEV,2025/2026,40,42,2,Hospitalizations,State,Ebonyi,4007155,0.05,1
PACE-FLU-SEV,2025/2026,40,42,2,Hospitalizations,State,Ebonyi,4007155,0.1,2
PACE-FLU-SEV,2025/2026,40,42,2,Hospitalizations,State,Ebonyi,4007155,0.25,3
PACE-FLU-SEV,2025/2026,40,42,2,Hospitalizations,State,Ebonyi,4007155,0.5,6
PACE-FLU-SEV,2025/2026,40,42,2,Hospitalizations,State,Ebonyi,4007155,0.75,10
PACE-FLU-SEV,2025/2026,40,42,2,Hospitalizations,State,Ebonyi,4007155,0.9,15
PACE-FLU-SEV,2025/2026,40,42,2,Hospitalizations,State,Ebonyi,4007155,0.95,18
PACE-FLU-SEV,2025/2026,40,42,2,Hospitalizations,State,Edo,5527810,0.05,2
PACE-FLU-SEV,2025/2026,40,42,2,Hospitalizations,State,Edo,5527810,0.1,3
PACE-FLU-SEV,2025/2026,40,42,2,Hospitalizations,State,Edo,5527810,0.25,5
PACE-FLU-SEV,2025/2026,40,42,2,Hospitalizations,State,Edo,5527810,0.5,9
PACE-FLU-SEV,2025/2026,40,42,2,Hospitalizations,State,Edo,5527810,0.75,14
PACE-FLU-SEV,2025/2026,40,42,2,Hospitalizations,State,Edo,5527810,0.9,21
PACE-FLU-SEV,2025/2026,40,42,2,Hospitalizations,State,Edo,5527810,0.95,26
PACE-FLU-SEV,2025/2026,40,42,2,Hospitalizations,State,Ekiti,3398177,0.05,1
PACE-FLU-SEV,2025/2026,40,42,2,Hospitalizations,State,Ekiti,3398177,0.1,1
PACE-FLU-SEV,2025/2026,40,42,2,Hospitalizations,State,Ekiti,3398177,0.25,3
PACE-FLU-SEV,2025/2026,40,42,2,Hospitalizations,State,Ekiti,3398177,0.5,5
PACE-FLU-SEV,2025/2026,40,42,2,Hospitalizations,State,Ekiti,3398177,0.75,8
PACE-FLU-SEV,2025/2026,40,42,2,Hospitalizations,State,Ekiti,3398177,0.9,12
PACE-FLU-SEV,2025/2026,40,42,2,Hospitalizations,State,Ekiti,3398177,0.95,14
PACE-FLU-SEV,2025/2026,40,42,2,Hospitalizations,State,Enugu,5396098,0.05,1
PACE-FLU-SEV,2025/2026,40,42,2,Hospitalizations,State,Enugu,5396098,0.1,2
PACE-FLU-SEV,2025/2026,40,42,2,Hospitalizations,State,Enugu,5396098,0.25,4
PACE-FLU-SEV,2025/2026,40,42,2,Hospitalizations,State,Enugu,5396098,0.5,7
PACE-FLU-SEV,2025/2026,40,42,2,Hospitalizations,State,Enugu,5396098,0.75,12
PACE-FLU-SEV,2025/2026,40,42,2,Hospitalizations,State,Enugu,5396098,0.9,17
PACE-FLU-SEV,2025/2026,40,42,2,Hospitalizations,State,Enugu,5396098,0.95,20
PACE-FLU-SEV,2025/2026,40,42,2,Hospitalizations,State,FCT,4802443,0.05,2
PACE-FLU-SEV,2025/2026,40,42,2,Hospitalizations,State,FCT,4802443,0.1,4
PACE-FLU-SEV,2025/2026,40,42,2,Hospitalizations,State,FCT,4802443,0.25,6
PACE-FLU-SEV,2025/2026,40,42,2,Hospitalizations,State,FCT,4802443,0.5,11
PACE-FLU-SEV,2025/2026,40,42,2,Hospitalizations,State,FCT,4802443,0.75,17
PACE-FLU-SEV,2025/2026,40,42,2,Hospitalizations,State,FCT,4802443,0.9,24
PACE-FLU-SEV,2025/2026,40,42,2,Hospitalizations,State,FCT,4802443,0.95,29
PACE-FLU-SEV,2025/2026,40,42,2,Hospitalizations,State,Gombe,4623462,0.05,2
PACE-FLU-SEV,2025/2026,40,42,2,Hospitalizations,State,Gombe,4623462,0.1,3
PACE-FLU-SEV,2025/2026,40,42,2,Hospitalizations,State,Gombe,4623462,0.25,5
PACE-FLU-SEV,2025/2026,40,42,2,Hospitalizations,State,Gombe,4623462,0.5,9
PACE-FLU-SEV,2025/2026,40,42,2,Hospitalizations,State,Gombe,4623462,0.75,14
PACE-FLU-SEV,2025/2026,40,42,2,Hospitalizations,State,Gombe,4623462,0.9,22
PACE-FLU-SEV,2025/2026,40,42,2,Hospitalizations,State,Gombe,4623462,0.95,27
PACE-FLU-SEV,2025/2026,40,42,2,Hospitalizations,State,Imo,6067722,0.05,2
PACE-FLU-SEV,2025/2026,40,42,2,Hospitalizations,State,Imo,6067722,0.1,3
PACE-FLU-SEV,2025/2026,40,42,2,Hospitalizations,State,Imo,6067722,0.25,5
PACE-FLU-SEV,2025/2026,40,42,2,Hospitalizations,State,Imo,6067722,0.5,8
PACE-FLU-SEV,2025/2026,40,42,2,Hospitalizations,State,Imo,6067722,0.75,14
PACE-FLU-SEV,2025/2026,40,42,2,Hospitalizations,State,Imo,6067722,0.9,20
PACE-FLU-SEV,2025/2026,40,42,2,Hospitalizations,State,Imo,6067722,0.95,25.65000000000009
PACE-FLU-SEV,2025/2026,40,42,2,Hospitalizations,State,Jigawa,6979080,0.05,2
PACE-FLU-SEV,2025/2026,40,42,2,Hospitalizations,State,Jigawa,6979080,0.1,4
PACE-FLU-SEV,2025/2026,40,42,2,Hospitalizations,State,Jigawa,6979080,0.25,7
PACE-FLU-SEV,2025/2026,40,42,2,Hospitalizations,State,Jigawa,6979080,0.5,11
PACE-FLU-SEV,2025/2026,40,42,2,Hospitalizations,State,Jigawa,6979080,0.75,18
PACE-FLU-SEV,2025/2026,40,42,2,Hospitalizations,State,Jigawa,6979080,0.9,27
PACE-FLU-SEV,2025/2026,40,42,2,Hospitalizations,State,Jigawa,6979080,0.95,34
PACE-FLU-SEV,2025/2026,40,42,2,Hospitalizations,State,Kaduna,8324285,0.05,4
PACE-FLU-SEV,2025/2026,40,42,2,Hospitalizations,State,Kaduna,8324285,0.1,6
PACE-FLU-SEV,2025/2026,40,42,2,Hospitalizations,State,Kaduna,8324285,0.25,9
PACE-FLU-SEV,2025/2026,40,42,2,Hospitalizations,State,Kaduna,8324285,0.5,15
PACE-FLU-SEV,2025/2026,40,42,2,Hospitalizations,State,Kaduna,8324285,0.75,24
PACE-FLU-SEV,2025/2026,40,42,2,Hospitalizations,State,Kaduna,8324285,0.9,33.63333333333344
PACE-FLU-SEV,2025/2026,40,42,2,Hospitalizations,State,Kaduna,8324285,0.95,40
PACE-FLU-SEV,2025/2026,40,42,2,Hospitalizations,State,Kano,16253549,0.05,10
PACE-FLU-SEV,2025/2026,40,42,2,Hospitalizations,State,Kano,16253549,0.1,14
PACE-FLU-SEV,2025/2026,40,42,2,Hospitalizations,State,Kano,16253549,0.25,22
PACE-FLU-SEV,2025/2026,40,42,2,Hospitalizations,State,Kano,16253549,0.5,35
PACE-FLU-SEV,2025/2026,40,42,2,Hospitalizations,State,Kano,16253549,0.75,55
PACE-FLU-SEV,2025/2026,40,42,2,Hospitalizations,State,Kano,16253549,0.9,79
PACE-FLU-SEV,2025/2026,40,42,2,Hospitalizations,State,Kano,16253549,0.95,101
PACE-FLU-SEV,2025/2026,40,42,2,Hospitalizations,State,Katsina,9300382,0.05,4
PACE-FLU-SEV,2025/2026,40,42,2,Hospitalizations,State,Katsina,9300382,0.1,6
PACE-FLU-SEV,2025/2026,40,42,2,Hospitalizations,State,Katsina,9300382,0.25,10
PACE-FLU-SEV,2025/2026,40,42,2,Hospitalizations,State,Katsina,9300382,0.5,17.500000000000114
PACE-FLU-SEV,2025/2026,40,42,2,Hospitalizations,State,Katsina,9300382,0.75,28
PACE-FLU-SEV,2025/2026,40,42,2,Hospitalizations,State,Katsina,9300382,0.9,39.63333333333344
PACE-FLU-SEV,2025/2026,40,42,2,Hospitalizations,State,Katsina,9300382,0.95,49
PACE-FLU-SEV,2025/2026,40,42,2,Hospitalizations,State,Kebbi,6001610,0.05,3
PACE-FLU-SEV,2025/2026,40,42,2,Hospitalizations,State,Kebbi,6001610,0.1,4
PACE-FLU-SEV,2025/2026,40,42,2,Hospitalizations,State,Kebbi,6001610,0.25,7
PACE-FLU-SEV,2025/2026,40,42,2,Hospitalizations,State,Kebbi,6001610,0.5,13
PACE-FLU-SEV,2025/2026,40,42,2,Hospitalizations,State,Kebbi,6001610,0.75,20
PACE-FLU-SEV,2025/2026,40,42,2,Hospitalizations,State,Kebbi,6001610,0.9,29
PACE-FLU-SEV,2025/2026,40,42,2,Hospitalizations,State,Kebbi,6001610,0.95,36
PACE-FLU-SEV,2025/2026,40,42,2,Hospitalizations,State,Kogi,5053734,0.05,2
PACE-FLU-SEV,2025/2026,40,42,2,Hospitalizations,State,Kogi,5053734,0.1,2
PACE-FLU-SEV,2025/2026,40,42,2,Hospitalizations,State,Kogi,5053734,0.25,4
PACE-FLU-SEV,2025/2026,40,42,2,Hospitalizations,State,Kogi,5053734,0.5,8
PACE-FLU-SEV,2025/2026,40,42,2,Hospitalizations,State,Kogi,5053734,0.75,12
PACE-FLU-SEV,2025/2026,40,42,2,Hospitalizations,State,Kogi,5053734,0.9,18
PACE-FLU-SEV,2025/2026,40,42,2,Hospitalizations,State,Kogi,5053734,0.95,22
PACE-FLU-SEV,2025/2026,40,42,2,Hospitalizations,State,Kwara,4259613,0.05,1
PACE-FLU-SEV,2025/2026,40,42,2,Hospitalizations,State,Kwara,4259613,0.1,2
PACE-FLU-SEV,2025/2026,40,42,2,Hospitalizations,State,Kwara,4259613,0.25,3
PACE-FLU-SEV,2025/2026,40,42,2,Hospitalizations,State,Kwara,4259613,0.5,6
PACE-FLU-SEV,2025/2026,40,42,2,Hospitalizations,State,Kwara,4259613,0.75,10
PACE-FLU-SEV,2025/2026,40,42,2,Hospitalizations,State,Kwara,4259613,0.9,15
PACE-FLU-SEV,2025/2026,40,42,2,Hospitalizations,State,Kwara,4259613,0.95,18
PACE-FLU-SEV,2025/2026,40,42,2,Hospitalizations,State,Lagos,15772884,0.05,7
PACE-FLU-SEV,2025/2026,40,42,2,Hospitalizations,State,Lagos,15772884,0.1,10
PACE-FLU-SEV,2025/2026,40,42,2,Hospitalizations,State,Lagos,15772884,0.25,17
PACE-FLU-SEV,2025/2026,40,42,2,Hospitalizations,State,Lagos,15772884,0.5,27.500000000000114
PACE-FLU-SEV,2025/2026,40,42,2,Hospitalizations,State,Lagos,15772884,0.75,44
PACE-FLU-SEV,2025/2026,40,42,2,Hospitalizations,State,Lagos,15772884,0.9,64
PACE-FLU-SEV,2025/2026,40,42,2,Hospitalizations,State,Lagos,15772884,0.95,78.65000000000009
PACE-FLU-SEV,2025/2026,40,42,2,Hospitalizations,State,Nasarawa,3632239,0.05,1
PACE-FLU-SEV,2025/2026,40,42,2,Hospitalizations,State,Nasarawa,3632239,0.1,2
PACE-FLU-SEV,2025/2026,40,42,2,Hospitalizations,State,Nasarawa,3632239,0.25,3
PACE-FLU-SEV,2025/2026,40,42,2,Hospitalizations,State,Nasarawa,3632239,0.5,6
PACE-FLU-SEV,2025/2026,40,42,2,Hospitalizations,State,Nasarawa,3632239,0.75,10
PACE-FLU-SEV,2025/2026,40,42,2,Hospitalizations,State,Nasarawa,3632239,0.9,15
PACE-FLU-SEV,2025/2026,40,42,2,Hospitalizations,State,Nasarawa,3632239,0.95,19
PACE-FLU-SEV,2025/2026,40,42,2,Hospitalizations,State,Niger,6720617,0.05,2
PACE-FLU-SEV,2025/2026,40,42,2,Hospitalizations,State,Niger,6720617,0.1,3
PACE-FLU-SEV,2025/2026,40,42,2,Hospitalizations,State,Niger,6720617,0.25,5
PACE-FLU-SEV,2025/2026,40,42,2,Hospitalizations,State,Niger,6720617,0.5,9
PACE-FLU-SEV,2025/2026,40,42,2,Hospitalizations,State,Niger,6720617,0.75,14
PACE-FLU-SEV,2025/2026,40,42,2,Hospitalizations,State,Niger,6720617,0.9,20
PACE-FLU-SEV,2025/2026,40,42,2,Hospitalizations,State,Niger,6720617,0.95,25
PACE-FLU-SEV,2025/2026,40,42,2,Hospitalizations,State,Ogun,6445275,0.05,2
PACE-FLU-SEV,2025/2026,40,42,2,Hospitalizations,State,Ogun,6445275,0.1,3
PACE-FLU-SEV,2025/2026,40,42,2,Hospitalizations,State,Ogun,6445275,0.25,5
PACE-FLU-SEV,2025/2026,40,42,2,Hospitalizations,State,Ogun,6445275,0.5,9
PACE-FLU-SEV,2025/2026,40,42,2,Hospitalizations,State,Ogun,6445275,0.75,15
PACE-FLU-SEV,2025/2026,40,42,2,Hospitalizations,State,Ogun,6445275,0.9,22
PACE-FLU-SEV,2025/2026,40,42,2,Hospitalizations,State,Ogun,6445275,0.95,28
PACE-FLU-SEV,2025/2026,40,42,2,Hospitalizations,State,Ondo,5469707,0.05,2
PACE-FLU-SEV,2025/2026,40,42,2,Hospitalizations,State,Ondo,5469707,0.1,3
PACE-FLU-SEV,2025/2026,40,42,2,Hospitalizations,State,Ondo,5469707,0.25,5
PACE-FLU-SEV,2025/2026,40,42,2,Hospitalizations,State,Ondo,5469707,0.5,10
PACE-FLU-SEV,2025/2026,40,42,2,Hospitalizations,State,Ondo,5469707,0.75,15
PACE-FLU-SEV,2025/2026,40,42,2,Hospitalizations,State,Ondo,5469707,0.9,22
PACE-FLU-SEV,2025/2026,40,42,2,Hospitalizations,State,Ondo,5469707,0.95,28
PACE-FLU-SEV,2025/2026,40,42,2,Hospitalizations,State,Osun,4237396,0.05,1
PACE-FLU-SEV,2025/2026,40,42,2,Hospitalizations,State,Osun,4237396,0.1,2
PACE-FLU-SEV,2025/2026,40,42,2,Hospitalizations,State,Osun,4237396,0.25,3.4166666666666856
PACE-FLU-SEV,2025/2026,40,42,2,Hospitalizations,State,Osun,4237396,0.5,6
PACE-FLU-SEV,2025/2026,40,42,2,Hospitalizations,State,Osun,4237396,0.75,10
PACE-FLU-SEV,2025/2026,40,42,2,Hospitalizations,State,Osun,4237396,0.9,15
PACE-FLU-SEV,2025/2026,40,42,2,Hospitalizations,State,Osun,4237396,0.95,19
PACE-FLU-SEV,2025/2026,40,42,2,Hospitalizations,State,Oyo,7512855,0.05,3
PACE-FLU-SEV,2025/2026,40,42,2,Hospitalizations,State,Oyo,7512855,0.1,4
PACE-FLU-SEV,2025/2026,40,42,2,Hospitalizations,State,Oyo,7512855,0.25,7
PACE-FLU-SEV,2025/2026,40,42,2,Hospitalizations,State,Oyo,7512855,0.5,11
PACE-FLU-SEV,2025/2026,40,42,2,Hospitalizations,State,Oyo,7512855,0.75,18
PACE-FLU-SEV,2025/2026,40,42,2,Hospitalizations,State,Oyo,7512855,0.9,26
PACE-FLU-SEV,2025/2026,40,42,2,Hospitalizations,State,Oyo,7512855,0.95,30
PACE-FLU-SEV,2025/2026,40,42,2,Hospitalizations,State,Plateau,5400974,0.05,2
PACE-FLU-SEV,2025/2026,40,42,2,Hospitalizations,State,Plateau,5400974,0.1,3
PACE-FLU-SEV,2025/2026,40,42,2,Hospitalizations,State,Plateau,5400974,0.25,5
PACE-FLU-SEV,2025/2026,40,42,2,Hospitalizations,State,Plateau,5400974,0.5,8
PACE-FLU-SEV,2025/2026,40,42,2,Hospitalizations,State,Plateau,5400974,0.75,13
PACE-FLU-SEV,2025/2026,40,42,2,Hospitalizations,State,Plateau,5400974,0.9,18
PACE-FLU-SEV,2025/2026,40,42,2,Hospitalizations,State,Plateau,5400974,0.95,24
PACE-FLU-SEV,2025/2026,40,42,2,Hospitalizations,State,Rivers,7234973,0.05,3
PACE-FLU-SEV,2025/2026,40,42,2,Hospitalizations,State,Rivers,7234973,0.1,4
PACE-FLU-SEV,2025/2026,40,42,2,Hospitalizations,State,Rivers,7234973,0.25,7
PACE-FLU-SEV,2025/2026,40,42,2,Hospitalizations,State,Rivers,7234973,0.5,11
PACE-FLU-SEV,2025/2026,40,42,2,Hospitalizations,State,Rivers,7234973,0.75,17
PACE-FLU-SEV,2025/2026,40,42,2,Hospitalizations,State,Rivers,7234973,0.9,26
PACE-FLU-SEV,2025/2026,40,42,2,Hospitalizations,State,Rivers,7234973,0.95,31
PACE-FLU-SEV,2025/2026,40,42,2,Hospitalizations,State,Sokoto,6163187,0.05,3
PACE-FLU-SEV,2025/2026,40,42,2,Hospitalizations,State,Sokoto,6163187,0.1,5
PACE-FLU-SEV,2025/2026,40,42,2,Hospitalizations,State,Sokoto,6163187,0.25,8
PACE-FLU-SEV,2025/2026,40,42,2,Hospitalizations,State,Sokoto,6163187,0.5,14
PACE-FLU-SEV,2025/2026,40,42,2,Hospitalizations,State,Sokoto,6163187,0.75,22
PACE-FLU-SEV,2025/2026,40,42,2,Hospitalizations,State,Sokoto,6163187,0.9,33
PACE-FLU-SEV,2025/2026,40,42,2,Hospitalizations,State,Sokoto,6163187,0.95,41
PACE-FLU-SEV,2025/2026,40,42,2,Hospitalizations,State,Taraba,4331885,0.05,1
PACE-FLU-SEV,2025/2026,40,42,2,Hospitalizations,State,Taraba,4331885,0.1,2
PACE-FLU-SEV,2025/2026,40,42,2,Hospitalizations,State,Taraba,4331885,0.25,4
PACE-FLU-SEV,2025/2026,40,42,2,Hospitalizations,State,Taraba,4331885,0.5,7
PACE-FLU-SEV,2025/2026,40,42,2,Hospitalizations,State,Taraba,4331885,0.75,11
PACE-FLU-SEV,2025/2026,40,42,2,Hospitalizations,State,Taraba,4331885,0.9,17
PACE-FLU-SEV,2025/2026,40,42,2,Hospitalizations,State,Taraba,4331885,0.95,21
PACE-FLU-SEV,2025/2026,40,42,2,Hospitalizations,State,Yobe,4350401,0.05,1.3500000000000085
PACE-FLU-SEV,2025/2026,40,42,2,Hospitalizations,State,Yobe,4350401,0.1,2
PACE-FLU-SEV,2025/2026,40,42,2,Hospitalizations,State,Yobe,4350401,0.25,5
PACE-FLU-SEV,2025/2026,40,42,2,Hospitalizations,State,Yobe,4350401,0.5,8
PACE-FLU-SEV,2025/2026,40,42,2,Hospitalizations,State,Yobe,4350401,0.75,13
PACE-FLU-SEV,2025/2026,40,42,2,Hospitalizations,State,Yobe,4350401,0.9,18
PACE-FLU-SEV,2025/2026,40,42,2,Hospitalizations,State,Yobe,4350401,0.95,23
PACE-FLU-SEV,2025/2026,40,42,2,Hospitalizations,State,Zamfara,5517793,0.05,2
PACE-FLU-SEV,2025/2026,40,42,2,Hospitalizations,State,Zamfara,5517793,0.1,3
PACE-FLU-SEV,2025/2026,40,42,2,Hospitalizations,State,Zamfara,5517793,0.25,6
PACE-FLU-SEV,2025/2026,40,42,2,Hospitalizations,State,Zamfara,5517793,0.5,10
PACE-FLU-SEV,2025/2026,40,42,2,Hospitalizations,State,Zamfara,5517793,0.75,16
PACE-FLU-SEV,2025/2026,40,42,2,Hospitalizations,State,Zamfara,5517793,0.9,24
PACE-FLU-SEV,2025/2026,40,42,2,Hospitalizations,State,Zamfara,5517793,0.95,31
PACE-FLU-SEV,2025/2026,40,42,2,Hospitalizations,Zone,NC,36557326,0.05,39
PACE-FLU-SEV,2025/2026,40,42,2,Hospitalizations,Zone,NC,36557326,0.1,45
PACE-FLU-SEV,2025/2026,40,42,2,Hospitalizations,Zone,NC,36557326,0.25,54
PACE-FLU-SEV,2025/2026,40,42,2,Hospitalizations,Zone,NC,36557326,0.5,66
PACE-FLU-SEV,2025/2026,40,42,2,Hospitalizations,Zone,NC,36557326,0.75,81
PACE-FLU-SEV,2025/2026,40,42,2,Hospitalizations,Zone,NC,36557326,0.9,95
PACE-FLU-SEV,2025/2026,40,42,2,Hospitalizations,Zone,NC,36557326,0.95,106
PACE-FLU-SEV,2025/2026,40,42,2,Hospitalizations,Zone,NE,32734949,0.05,35
PACE-FLU-SEV,2025/2026,40,42,2,Hospitalizations,Zone,NE,32734949,0.1,40
PACE-FLU-SEV,2025/2026,40,42,2,Hospitalizations,Zone,NE,32734949,0.25,49
PACE-FLU-SEV,2025/2026,40,42,2,Hospitalizations,Zone,NE,32734949,0.5,62
PACE-FLU-SEV,2025/2026,40,42,2,Hospitalizations,Zone,NE,32734949,0.75,76
PACE-FLU-SEV,2025/2026,40,42,2,Hospitalizations,Zone,NE,32734949,0.9,91
PACE-FLU-SEV,2025/2026,40,42,2,Hospitalizations,Zone,NE,32734949,0.95,101
PACE-FLU-SEV,2025/2026,40,42,2,Hospitalizations,Zone,NW,58539886,0.05,83
PACE-FLU-SEV,2025/2026,40,42,2,Hospitalizations,Zone,NW,58539886,0.1,91
PACE-FLU-SEV,2025/2026,40,42,2,Hospitalizations,Zone,NW,58539886,0.25,110
PACE-FLU-SEV,2025/2026,40,42,2,Hospitalizations,Zone,NW,58539886,0.5,133
PACE-FLU-SEV,2025/2026,40,42,2,Hospitalizations,Zone,NW,58539886,0.75,163
PACE-FLU-SEV,2025/2026,40,42,2,Hospitalizations,Zone,NW,58539886,0.9,197
PACE-FLU-SEV,2025/2026,40,42,2,Hospitalizations,Zone,NW,58539886,0.95,221
PACE-FLU-SEV,2025/2026,40,42,2,Hospitalizations,Zone,SE,27612828,0.05,24
PACE-FLU-SEV,2025/2026,40,42,2,Hospitalizations,Zone,SE,27612828,0.1,29
PACE-FLU-SEV,2025/2026,40,42,2,Hospitalizations,Zone,SE,27612828,0.25,36
PACE-FLU-SEV,2025/2026,40,42,2,Hospitalizations,Zone,SE,27612828,0.5,46
PACE-FLU-SEV,2025/2026,40,42,2,Hospitalizations,Zone,SE,27612828,0.75,59
PACE-FLU-SEV,2025/2026,40,42,2,Hospitalizations,Zone,SE,27612828,0.9,73
PACE-FLU-SEV,2025/2026,40,42,2,Hospitalizations,Zone,SE,27612828,0.95,83
PACE-FLU-SEV,2025/2026,40,42,2,Hospitalizations,Zone,SS,31220652,0.05,29
PACE-FLU-SEV,2025/2026,40,42,2,Hospitalizations,Zone,SS,31220652,0.1,34
PACE-FLU-SEV,2025/2026,40,42,2,Hospitalizations,Zone,SS,31220652,0.25,41
PACE-FLU-SEV,2025/2026,40,42,2,Hospitalizations,Zone,SS,31220652,0.5,52
PACE-FLU-SEV,2025/2026,40,42,2,Hospitalizations,Zone,SS,31220652,0.75,66
PACE-FLU-SEV,2025/2026,40,42,2,Hospitalizations,Zone,SS,31220652,0.9,80
PACE-FLU-SEV,2025/2026,40,42,2,Hospitalizations,Zone,SS,31220652,0.95,88
PACE-FLU-SEV,2025/2026,40,42,2,Hospitalizations,Zone,SW,42836294,0.05,43
PACE-FLU-SEV,2025/2026,40,42,2,Hospitalizations,Zone,SW,42836294,0.1,50
PACE-FLU-SEV,2025/2026,40,42,2,Hospitalizations,Zone,SW,42836294,0.25,61
PACE-FLU-SEV,2025/2026,40,42,2,Hospitalizations,Zone,SW,42836294,0.5,78
PACE-FLU-SEV,2025/2026,40,42,2,Hospitalizations,Zone,SW,42836294,0.75,99
PACE-FLU-SEV,2025/2026,40,42,2,Hospitalizations,Zone,SW,42836294,0.9,122
PACE-FLU-SEV,2025/2026,40,42,2,Hospitalizations,Zone,SW,42836294,0.95,140
PACE-FLU-SEV,2025/2026,40,43,3,Hospitalizations,Macro,North,127832161,0.05,176
PACE-FLU-SEV,2025/2026,40,43,3,Hospitalizations,Macro,North,127832161,0.1,192
PACE-FLU-SEV,2025/2026,40,43,3,Hospitalizations,Macro,North,127832161,0.25,220
PACE-FLU-SEV,2025/2026,40,43,3,Hospitalizations,Macro,North,127832161,0.5,254
PACE-FLU-SEV,2025/2026,40,43,3,Hospitalizations,Macro,North,127832161,0.75,296
PACE-FLU-SEV,2025/2026,40,43,3,Hospitalizations,Macro,North,127832161,0.9,341
PACE-FLU-SEV,2025/2026,40,43,3,Hospitalizations,Macro,North,127832161,0.95,371
PACE-FLU-SEV,2025/2026,40,43,3,Hospitalizations,Macro,South,101669774,0.05,129
PACE-FLU-SEV,2025/2026,40,43,3,Hospitalizations,Macro,South,101669774,0.1,141
PACE-FLU-SEV,2025/2026,40,43,3,Hospitalizations,Macro,South,101669774,0.25,167
PACE-FLU-SEV,2025/2026,40,43,3,Hospitalizations,Macro,South,101669774,0.5,203
PACE-FLU-SEV,2025/2026,40,43,3,Hospitalizations,Macro,South,101669774,0.75,241
PACE-FLU-SEV,2025/2026,40,43,3,Hospitalizations,Macro,South,101669774,0.9,285
PACE-FLU-SEV,2025/2026,40,43,3,Hospitalizations,Macro,South,101669774,0.95,315.6500000000001
PACE-FLU-SEV,2025/2026,40,43,3,Hospitalizations,National,Nigeria,229501935,0.05,337
PACE-FLU-SEV,2025/2026,40,43,3,Hospitalizations,National,Nigeria,229501935,0.1,360
PACE-FLU-SEV,2025/2026,40,43,3,Hospitalizations,National,Nigeria,229501935,0.25,406
PACE-FLU-SEV,2025/2026,40,43,3,Hospitalizations,National,Nigeria,229501935,0.5,463
PACE-FLU-SEV,2025/2026,40,43,3,Hospitalizations,National,Nigeria,229501935,0.75,525
PACE-FLU-SEV,2025/2026,40,43,3,Hospitalizations,National,Nigeria,229501935,0.9,591
PACE-FLU-SEV,2025/2026,40,43,3,Hospitalizations,National,Nigeria,229501935,0.95,637.6500000000001
PACE-FLU-SEV,2025/2026,40,43,3,Hospitalizations,State,Abia,4841943,0.05,2
PACE-FLU-SEV,2025/2026,40,43,3,Hospitalizations,State,Abia,4841943,0.1,2
PACE-FLU-SEV,2025/2026,40,43,3,Hospitalizations,State,Abia,4841943,0.25,4
PACE-FLU-SEV,2025/2026,40,43,3,Hospitalizations,State,Abia,4841943,0.5,8
PACE-FLU-SEV,2025/2026,40,43,3,Hospitalizations,State,Abia,4841943,0.75,13
PACE-FLU-SEV,2025/2026,40,43,3,Hospitalizations,State,Abia,4841943,0.9,19
PACE-FLU-SEV,2025/2026,40,43,3,Hospitalizations,State,Abia,4841943,0.95,24
PACE-FLU-SEV,2025/2026,40,43,3,Hospitalizations,State,Adamawa,5236948,0.05,2
PACE-FLU-SEV,2025/2026,40,43,3,Hospitalizations,State,Adamawa,5236948,0.1,3
PACE-FLU-SEV,2025/2026,40,43,3,Hospitalizations,State,Adamawa,5236948,0.25,5
PACE-FLU-SEV,2025/2026,40,43,3,Hospitalizations,State,Adamawa,5236948,0.5,8
PACE-FLU-SEV,2025/2026,40,43,3,Hospitalizations,State,Adamawa,5236948,0.75,13
PACE-FLU-SEV,2025/2026,40,43,3,Hospitalizations,State,Adamawa,5236948,0.9,18
PACE-FLU-SEV,2025/2026,40,43,3,Hospitalizations,State,Adamawa,5236948,0.95,23
PACE-FLU-SEV,2025/2026,40,43,3,Hospitalizations,State,Akwa Ibom,5780581,0.05,2
PACE-FLU-SEV,2025/2026,40,43,3,Hospitalizations,State,Akwa Ibom,5780581,0.1,3
PACE-FLU-SEV,2025/2026,40,43,3,Hospitalizations,State,Akwa Ibom,5780581,0.25,6
PACE-FLU-SEV,2025/2026,40,43,3,Hospitalizations,State,Akwa Ibom,5780581,0.5,9
PACE-FLU-SEV,2025/2026,40,43,3,Hospitalizations,State,Akwa Ibom,5780581,0.75,15
PACE-FLU-SEV,2025/2026,40,43,3,Hospitalizations,State,Akwa Ibom,5780581,0.9,21.63333333333344
PACE-FLU-SEV,2025/2026,40,43,3,Hospitalizations,State,Akwa Ibom,5780581,0.95,27
PACE-FLU-SEV,2025/2026,40,43,3,Hospitalizations,State,Anambra,7299910,0.05,3
PACE-FLU-SEV,2025/2026,40,43,3,Hospitalizations,State,Anambra,7299910,0.1,4
PACE-FLU-SEV,2025/2026,40,43,3,Hospitalizations,State,Anambra,7299910,0.25,7
PACE-FLU-SEV,2025/2026,40,43,3,Hospitalizations,State,Anambra,7299910,0.5,13
PACE-FLU-SEV,2025/2026,40,43,3,Hospitalizations,State,Anambra,7299910,0.75,20
PACE-FLU-SEV,2025/2026,40,43,3,Hospitalizations,State,Anambra,7299910,0.9,29
PACE-FLU-SEV,2025/2026,40,43,3,Hospitalizations,State,Anambra,7299910,0.95,35
PACE-FLU-SEV,2025/2026,40,43,3,Hospitalizations,State,Bauchi,7540663,0.05,3
PACE-FLU-SEV,2025/2026,40,43,3,Hospitalizations,State,Bauchi,7540663,0.1,4
PACE-FLU-SEV,2025/2026,40,43,3,Hospitalizations,State,Bauchi,7540663,0.25,7
PACE-FLU-SEV,2025/2026,40,43,3,Hospitalizations,State,Bauchi,7540663,0.5,12
PACE-FLU-SEV,2025/2026,40,43,3,Hospitalizations,State,Bauchi,7540663,0.75,19
PACE-FLU-SEV,2025/2026,40,43,3,Hospitalizations,State,Bauchi,7540663,0.9,28
PACE-FLU-SEV,2025/2026,40,43,3,Hospitalizations,State,Bauchi,7540663,0.95,36
PACE-FLU-SEV,2025/2026,40,43,3,Hospitalizations,State,Bayelsa,2394725,0.05,0
PACE-FLU-SEV,2025/2026,40,43,3,Hospitalizations,State,Bayelsa,2394725,0.1,1
PACE-FLU-SEV,2025/2026,40,43,3,Hospitalizations,State,Bayelsa,2394725,0.25,2
PACE-FLU-SEV,2025/2026,40,43,3,Hospitalizations,State,Bayelsa,2394725,0.5,4
PACE-FLU-SEV,2025/2026,40,43,3,Hospitalizations,State,Bayelsa,2394725,0.75,6
PACE-FLU-SEV,2025/2026,40,43,3,Hospitalizations,State,Bayelsa,2394725,0.9,9
PACE-FLU-SEV,2025/2026,40,43,3,Hospitalizations,State,Bayelsa,2394725,0.95,12
PACE-FLU-SEV,2025/2026,40,43,3,Hospitalizations,State,Benue,6687706,0.05,2
PACE-FLU-SEV,2025/2026,40,43,3,Hospitalizations,State,Benue,6687706,0.1,3
PACE-FLU-SEV,2025/2026,40,43,3,Hospitalizations,State,Benue,6687706,0.25,6
PACE-FLU-SEV,2025/2026,40,43,3,Hospitalizations,State,Benue,6687706,0.5,9
PACE-FLU-SEV,2025/2026,40,43,3,Hospitalizations,State,Benue,6687706,0.75,15
PACE-FLU-SEV,2025/2026,40,43,3,Hospitalizations,State,Benue,6687706,0.9,22
PACE-FLU-SEV,2025/2026,40,43,3,Hospitalizations,State,Benue,6687706,0.95,28
PACE-FLU-SEV,2025/2026,40,43,3,Hospitalizations,State,Borno,6651590,0.05,3
PACE-FLU-SEV,2025/2026,40,43,3,Hospitalizations,State,Borno,6651590,0.1,4
PACE-FLU-SEV,2025/2026,40,43,3,Hospitalizations,State,Borno,6651590,0.25,6
PACE-FLU-SEV,2025/2026,40,43,3,Hospitalizations,State,Borno,6651590,0.5,11
PACE-FLU-SEV,2025/2026,40,43,3,Hospitalizations,State,Borno,6651590,0.75,18
PACE-FLU-SEV,2025/2026,40,43,3,Hospitalizations,State,Borno,6651590,0.9,27
PACE-FLU-SEV,2025/2026,40,43,3,Hospitalizations,State,Borno,6651590,0.95,34
PACE-FLU-SEV,2025/2026,40,43,3,Hospitalizations,State,Cross River,4175020,0.05,1
PACE-FLU-SEV,2025/2026,40,43,3,Hospitalizations,State,Cross River,4175020,0.1,2
PACE-FLU-SEV,2025/2026,40,43,3,Hospitalizations,State,Cross River,4175020,0.25,4
PACE-FLU-SEV,2025/2026,40,43,3,Hospitalizations,State,Cross River,4175020,0.5,6
PACE-FLU-SEV,2025/2026,40,43,3,Hospitalizations,State,Cross River,4175020,0.75,10
PACE-FLU-SEV,2025/2026,40,43,3,Hospitalizations,State,Cross River,4175020,0.9,15
PACE-FLU-SEV,2025/2026,40,43,3,Hospitalizations,State,Cross River,4175020,0.95,19
PACE-FLU-SEV,2025/2026,40,43,3,Hospitalizations,State,Delta,6107543,0.05,2
PACE-FLU-SEV,2025/2026,40,43,3,Hospitalizations,State,Delta,6107543,0.1,4
PACE-FLU-SEV,2025/2026,40,43,3,Hospitalizations,State,Delta,6107543,0.25,6
PACE-FLU-SEV,2025/2026,40,43,3,Hospitalizations,State,Delta,6107543,0.5,11
PACE-FLU-SEV,2025/2026,40,43,3,Hospitalizations,State,Delta,6107543,0.75,17
PACE-FLU-SEV,2025/2026,40,43,3,Hospitalizations,State,Delta,6107543,0.9,24.63333333333344
PACE-FLU-SEV,2025/2026,40,43,3,Hospitalizations,State,Delta,6107543,0.95,30
PACE-FLU-SEV,2025/2026,40,43,3,Hospitalizations,State,Ebonyi,4007155,0.05,1
PACE-FLU-SEV,2025/2026,40,43,3,Hospitalizations,State,Ebonyi,4007155,0.1,2
PACE-FLU-SEV,2025/2026,40,43,3,Hospitalizations,State,Ebonyi,4007155,0.25,4
PACE-FLU-SEV,2025/2026,40,43,3,Hospitalizations,State,Ebonyi,4007155,0.5,6
PACE-FLU-SEV,2025/2026,40,43,3,Hospitalizations,State,Ebonyi,4007155,0.75,11
PACE-FLU-SEV,2025/2026,40,43,3,Hospitalizations,State,Ebonyi,4007155,0.9,16
PACE-FLU-SEV,2025/2026,40,43,3,Hospitalizations,State,Ebonyi,4007155,0.95,21
PACE-FLU-SEV,2025/2026,40,43,3,Hospitalizations,State,Edo,5527810,0.05,2
PACE-FLU-SEV,2025/2026,40,43,3,Hospitalizations,State,Edo,5527810,0.1,3
PACE-FLU-SEV,2025/2026,40,43,3,Hospitalizations,State,Edo,5527810,0.25,5
PACE-FLU-SEV,2025/2026,40,43,3,Hospitalizations,State,Edo,5527810,0.5,9
PACE-FLU-SEV,2025/2026,40,43,3,Hospitalizations,State,Edo,5527810,0.75,15
PACE-FLU-SEV,2025/2026,40,43,3,Hospitalizations,State,Edo,5527810,0.9,22
PACE-FLU-SEV,2025/2026,40,43,3,Hospitalizations,State,Edo,5527810,0.95,27
PACE-FLU-SEV,2025/2026,40,43,3,Hospitalizations,State,Ekiti,3398177,0.05,1
PACE-FLU-SEV,2025/2026,40,43,3,Hospitalizations,State,Ekiti,3398177,0.1,2
PACE-FLU-SEV,2025/2026,40,43,3,Hospitalizations,State,Ekiti,3398177,0.25,3
PACE-FLU-SEV,2025/2026,40,43,3,Hospitalizations,State,Ekiti,3398177,0.5,6
PACE-FLU-SEV,2025/2026,40,43,3,Hospitalizations,State,Ekiti,3398177,0.75,9
PACE-FLU-SEV,2025/2026,40,43,3,Hospitalizations,State,Ekiti,3398177,0.9,14
PACE-FLU-SEV,2025/2026,40,43,3,Hospitalizations,State,Ekiti,3398177,0.95,17
PACE-FLU-SEV,2025/2026,40,43,3,Hospitalizations,State,Enugu,5396098,0.05,2
PACE-FLU-SEV,2025/2026,40,43,3,Hospitalizations,State,Enugu,5396098,0.1,3
PACE-FLU-SEV,2025/2026,40,43,3,Hospitalizations,State,Enugu,5396098,0.25,5
PACE-FLU-SEV,2025/2026,40,43,3,Hospitalizations,State,Enugu,5396098,0.5,9
PACE-FLU-SEV,2025/2026,40,43,3,Hospitalizations,State,Enugu,5396098,0.75,14
PACE-FLU-SEV,2025/2026,40,43,3,Hospitalizations,State,Enugu,5396098,0.9,20
PACE-FLU-SEV,2025/2026,40,43,3,Hospitalizations,State,Enugu,5396098,0.95,26
PACE-FLU-SEV,2025/2026,40,43,3,Hospitalizations,State,FCT,4802443,0.05,2
PACE-FLU-SEV,2025/2026,40,43,3,Hospitalizations,State,FCT,4802443,0.1,3
PACE-FLU-SEV,2025/2026,40,43,3,Hospitalizations,State,FCT,4802443,0.25,6
PACE-FLU-SEV,2025/2026,40,43,3,Hospitalizations,State,FCT,4802443,0.5,10
PACE-FLU-SEV,2025/2026,40,43,3,Hospitalizations,State,FCT,4802443,0.75,15
PACE-FLU-SEV,2025/2026,40,43,3,Hospitalizations,State,FCT,4802443,0.9,23
PACE-FLU-SEV,2025/2026,40,43,3,Hospitalizations,State,FCT,4802443,0.95,28
PACE-FLU-SEV,2025/2026,40,43,3,Hospitalizations,State,Gombe,4623462,0.05,2
PACE-FLU-SEV,2025/2026,40,43,3,Hospitalizations,State,Gombe,4623462,0.1,3
PACE-FLU-SEV,2025/2026,40,43,3,Hospitalizations,State,Gombe,4623462,0.25,5
PACE-FLU-SEV,2025/2026,40,43,3,Hospitalizations,State,Gombe,4623462,0.5,8
PACE-FLU-SEV,2025/2026,40,43,3,Hospitalizations,State,Gombe,4623462,0.75,13
PACE-FLU-SEV,2025/2026,40,43,3,Hospitalizations,State,Gombe,4623462,0.9,20
PACE-FLU-SEV,2025/2026,40,43,3,Hospitalizations,State,Gombe,4623462,0.95,25
PACE-FLU-SEV,2025/2026,40,43,3,Hospitalizations,State,Imo,6067722,0.05,2
PACE-FLU-SEV,2025/2026,40,43,3,Hospitalizations,State,Imo,6067722,0.1,3
PACE-FLU-SEV,2025/2026,40,43,3,Hospitalizations,State,Imo,6067722,0.25,6
PACE-FLU-SEV,2025/2026,40,43,3,Hospitalizations,State,Imo,6067722,0.5,10
PACE-FLU-SEV,2025/2026,40,43,3,Hospitalizations,State,Imo,6067722,0.75,17
PACE-FLU-SEV,2025/2026,40,43,3,Hospitalizations,State,Imo,6067722,0.9,23
PACE-FLU-SEV,2025/2026,40,43,3,Hospitalizations,State,Imo,6067722,0.95,28
PACE-FLU-SEV,2025/2026,40,43,3,Hospitalizations,State,Jigawa,6979080,0.05,3
PACE-FLU-SEV,2025/2026,40,43,3,Hospitalizations,State,Jigawa,6979080,0.1,4
PACE-FLU-SEV,2025/2026,40,43,3,Hospitalizations,State,Jigawa,6979080,0.25,7
PACE-FLU-SEV,2025/2026,40,43,3,Hospitalizations,State,Jigawa,6979080,0.5,12
PACE-FLU-SEV,2025/2026,40,43,3,Hospitalizations,State,Jigawa,6979080,0.75,18
PACE-FLU-SEV,2025/2026,40,43,3,Hospitalizations,State,Jigawa,6979080,0.9,28
PACE-FLU-SEV,2025/2026,40,43,3,Hospitalizations,State,Jigawa,6979080,0.95,34
PACE-FLU-SEV,2025/2026,40,43,3,Hospitalizations,State,Kaduna,8324285,0.05,4
PACE-FLU-SEV,2025/2026,40,43,3,Hospitalizations,State,Kaduna,8324285,0.1,5
PACE-FLU-SEV,2025/2026,40,43,3,Hospitalizations,State,Kaduna,8324285,0.25,9
PACE-FLU-SEV,2025/2026,40,43,3,Hospitalizations,State,Kaduna,8324285,0.5,15
PACE-FLU-SEV,2025/2026,40,43,3,Hospitalizations,State,Kaduna,8324285,0.75,24
PACE-FLU-SEV,2025/2026,40,43,3,Hospitalizations,State,Kaduna,8324285,0.9,36
PACE-FLU-SEV,2025/2026,40,43,3,Hospitalizations,State,Kaduna,8324285,0.95,44.65000000000009
PACE-FLU-SEV,2025/2026,40,43,3,Hospitalizations,State,Kano,16253549,0.05,10
PACE-FLU-SEV,2025/2026,40,43,3,Hospitalizations,State,Kano,16253549,0.1,13.366666666666703
PACE-FLU-SEV,2025/2026,40,43,3,Hospitalizations,State,Kano,16253549,0.25,22
PACE-FLU-SEV,2025/2026,40,43,3,Hospitalizations,State,Kano,16253549,0.5,34
PACE-FLU-SEV,2025/2026,40,43,3,Hospitalizations,State,Kano,16253549,0.75,54
PACE-FLU-SEV,2025/2026,40,43,3,Hospitalizations,State,Kano,16253549,0.9,79.63333333333344
PACE-FLU-SEV,2025/2026,40,43,3,Hospitalizations,State,Kano,16253549,0.95,98
PACE-FLU-SEV,2025/2026,40,43,3,Hospitalizations,State,Katsina,9300382,0.05,4
PACE-FLU-SEV,2025/2026,40,43,3,Hospitalizations,State,Katsina,9300382,0.1,6
PACE-FLU-SEV,2025/2026,40,43,3,Hospitalizations,State,Katsina,9300382,0.25,9
PACE-FLU-SEV,2025/2026,40,43,3,Hospitalizations,State,Katsina,9300382,0.5,15
PACE-FLU-SEV,2025/2026,40,43,3,Hospitalizations,State,Katsina,9300382,0.75,24
PACE-FLU-SEV,2025/2026,40,43,3,Hospitalizations,State,Katsina,9300382,0.9,35
PACE-FLU-SEV,2025/2026,40,43,3,Hospitalizations,State,Katsina,9300382,0.95,43.65000000000009
PACE-FLU-SEV,2025/2026,40,43,3,Hospitalizations,State,Kebbi,6001610,0.05,2
PACE-FLU-SEV,2025/2026,40,43,3,Hospitalizations,State,Kebbi,6001610,0.1,3
PACE-FLU-SEV,2025/2026,40,43,3,Hospitalizations,State,Kebbi,6001610,0.25,6
PACE-FLU-SEV,2025/2026,40,43,3,Hospitalizations,State,Kebbi,6001610,0.5,10
PACE-FLU-SEV,2025/2026,40,43,3,Hospitalizations,State,Kebbi,6001610,0.75,16
PACE-FLU-SEV,2025/2026,40,43,3,Hospitalizations,State,Kebbi,6001610,0.9,23
PACE-FLU-SEV,2025/2026,40,43,3,Hospitalizations,State,Kebbi,6001610,0.95,28
PACE-FLU-SEV,2025/2026,40,43,3,Hospitalizations,State,Kogi,5053734,0.05,2
PACE-FLU-SEV,2025/2026,40,43,3,Hospitalizations,State,Kogi,5053734,0.1,2
PACE-FLU-SEV,2025/2026,40,43,3,Hospitalizations,State,Kogi,5053734,0.25,5
PACE-FLU-SEV,2025/2026,40,43,3,Hospitalizations,State,Kogi,5053734,0.5,8
PACE-FLU-SEV,2025/2026,40,43,3,Hospitalizations,State,Kogi,5053734,0.75,13
PACE-FLU-SEV,2025/2026,40,43,3,Hospitalizations,State,Kogi,5053734,0.9,19
PACE-FLU-SEV,2025/2026,40,43,3,Hospitalizations,State,Kogi,5053734,0.95,25
PACE-FLU-SEV,2025/2026,40,43,3,Hospitalizations,State,Kwara,4259613,0.05,1
PACE-FLU-SEV,2025/2026,40,43,3,Hospitalizations,State,Kwara,4259613,0.1,1
PACE-FLU-SEV,2025/2026,40,43,3,Hospitalizations,State,Kwara,4259613,0.25,3
PACE-FLU-SEV,2025/2026,40,43,3,Hospitalizations,State,Kwara,4259613,0.5,6
PACE-FLU-SEV,2025/2026,40,43,3,Hospitalizations,State,Kwara,4259613,0.75,9
PACE-FLU-SEV,2025/2026,40,43,3,Hospitalizations,State,Kwara,4259613,0.9,14
PACE-FLU-SEV,2025/2026,40,43,3,Hospitalizations,State,Kwara,4259613,0.95,17
PACE-FLU-SEV,2025/2026,40,43,3,Hospitalizations,State,Lagos,15772884,0.05,8
PACE-FLU-SEV,2025/2026,40,43,3,Hospitalizations,State,Lagos,15772884,0.1,12
PACE-FLU-SEV,2025/2026,40,43,3,Hospitalizations,State,Lagos,15772884,0.25,19.416666666666686
PACE-FLU-SEV,2025/2026,40,43,3,Hospitalizations,State,Lagos,15772884,0.5,31
PACE-FLU-SEV,2025/2026,40,43,3,Hospitalizations,State,Lagos,15772884,0.75,49
PACE-FLU-SEV,2025/2026,40,43,3,Hospitalizations,State,Lagos,15772884,0.9,70
PACE-FLU-SEV,2025/2026,40,43,3,Hospitalizations,State,Lagos,15772884,0.95,86
PACE-FLU-SEV,2025/2026,40,43,3,Hospitalizations,State,Nasarawa,3632239,0.05,1
PACE-FLU-SEV,2025/2026,40,43,3,Hospitalizations,State,Nasarawa,3632239,0.1,2
PACE-FLU-SEV,2025/2026,40,43,3,Hospitalizations,State,Nasarawa,3632239,0.25,4
PACE-FLU-SEV,2025/2026,40,43,3,Hospitalizations,State,Nasarawa,3632239,0.5,7
PACE-FLU-SEV,2025/2026,40,43,3,Hospitalizations,State,Nasarawa,3632239,0.75,11
PACE-FLU-SEV,2025/2026,40,43,3,Hospitalizations,State,Nasarawa,3632239,0.9,16
PACE-FLU-SEV,2025/2026,40,43,3,Hospitalizations,State,Nasarawa,3632239,0.95,20
PACE-FLU-SEV,2025/2026,40,43,3,Hospitalizations,State,Niger,6720617,0.05,2
PACE-FLU-SEV,2025/2026,40,43,3,Hospitalizations,State,Niger,6720617,0.1,3
PACE-FLU-SEV,2025/2026,40,43,3,Hospitalizations,State,Niger,6720617,0.25,6
PACE-FLU-SEV,2025/2026,40,43,3,Hospitalizations,State,Niger,6720617,0.5,10
PACE-FLU-SEV,2025/2026,40,43,3,Hospitalizations,State,Niger,6720617,0.75,16
PACE-FLU-SEV,2025/2026,40,43,3,Hospitalizations,State,Niger,6720617,0.9,23
PACE-FLU-SEV,2025/2026,40,43,3,Hospitalizations,State,Niger,6720617,0.95,29
PACE-FLU-SEV,2025/2026,40,43,3,Hospitalizations,State,Ogun,6445275,0.05,2
PACE-FLU-SEV,2025/2026,40,43,3,Hospitalizations,State,Ogun,6445275,0.1,3
PACE-FLU-SEV,2025/2026,40,43,3,Hospitalizations,State,Ogun,6445275,0.25,6
PACE-FLU-SEV,2025/2026,40,43,3,Hospitalizations,State,Ogun,6445275,0.5,10
PACE-FLU-SEV,2025/2026,40,43,3,Hospitalizations,State,Ogun,6445275,0.75,16
PACE-FLU-SEV,2025/2026,40,43,3,Hospitalizations,State,Ogun,6445275,0.9,24
PACE-FLU-SEV,2025/2026,40,43,3,Hospitalizations,State,Ogun,6445275,0.95,30.65000000000009
PACE-FLU-SEV,2025/2026,40,43,3,Hospitalizations,State,Ondo,5469707,0.05,2
PACE-FLU-SEV,2025/2026,40,43,3,Hospitalizations,State,Ondo,5469707,0.1,3
PACE-FLU-SEV,2025/2026,40,43,3,Hospitalizations,State,Ondo,5469707,0.25,5
PACE-FLU-SEV,2025/2026,40,43,3,Hospitalizations,State,Ondo,5469707,0.5,9
PACE-FLU-SEV,2025/2026,40,43,3,Hospitalizations,State,Ondo,5469707,0.75,15
PACE-FLU-SEV,2025/2026,40,43,3,Hospitalizations,State,Ondo,5469707,0.9,22
PACE-FLU-SEV,2025/2026,40,43,3,Hospitalizations,State,Ondo,5469707,0.95,27
PACE-FLU-SEV,2025/2026,40,43,3,Hospitalizations,State,Osun,4237396,0.05,1
PACE-FLU-SEV,2025/2026,40,43,3,Hospitalizations,State,Osun,4237396,0.1,2
PACE-FLU-SEV,2025/2026,40,43,3,Hospitalizations,State,Osun,4237396,0.25,4
PACE-FLU-SEV,2025/2026,40,43,3,Hospitalizations,State,Osun,4237396,0.5,6
PACE-FLU-SEV,2025/2026,40,43,3,Hospitalizations,State,Osun,4237396,0.75,10
PACE-FLU-SEV,2025/2026,40,43,3,Hospitalizations,State,Osun,4237396,0.9,15
PACE-FLU-SEV,2025/2026,40,43,3,Hospitalizations,State,Osun,4237396,0.95,19
PACE-FLU-SEV,2025/2026,40,43,3,Hospitalizations,State,Oyo,7512855,0.05,3
PACE-FLU-SEV,2025/2026,40,43,3,Hospitalizations,State,Oyo,7512855,0.1,4
PACE-FLU-SEV,2025/2026,40,43,3,Hospitalizations,State,Oyo,7512855,0.25,7
PACE-FLU-SEV,2025/2026,40,43,3,Hospitalizations,State,Oyo,7512855,0.5,13
PACE-FLU-SEV,2025/2026,40,43,3,Hospitalizations,State,Oyo,7512855,0.75,20
PACE-FLU-SEV,2025/2026,40,43,3,Hospitalizations,State,Oyo,7512855,0.9,30
PACE-FLU-SEV,2025/2026,40,43,3,Hospitalizations,State,Oyo,7512855,0.95,37
PACE-FLU-SEV,2025/2026,40,43,3,Hospitalizations,State,Plateau,5400974,0.05,2
PACE-FLU-SEV,2025/2026,40,43,3,Hospitalizations,State,Plateau,5400974,0.1,3
PACE-FLU-SEV,2025/2026,40,43,3,Hospitalizations,State,Plateau,5400974,0.25,5
PACE-FLU-SEV,2025/2026,40,43,3,Hospitalizations,State,Plateau,5400974,0.5,9
PACE-FLU-SEV,2025/2026,40,43,3,Hospitalizations,State,Plateau,5400974,0.75,14
PACE-FLU-SEV,2025/2026,40,43,3,Hospitalizations,State,Plateau,5400974,0.9,20
PACE-FLU-SEV,2025/2026,40,43,3,Hospitalizations,State,Plateau,5400974,0.95,25
PACE-FLU-SEV,2025/2026,40,43,3,Hospitalizations,State,Rivers,7234973,0.05,3
PACE-FLU-SEV,2025/2026,40,43,3,Hospitalizations,State,Rivers,7234973,0.1,4
PACE-FLU-SEV,2025/2026,40,43,3,Hospitalizations,State,Rivers,7234973,0.25,7
PACE-FLU-SEV,2025/2026,40,43,3,Hospitalizations,State,Rivers,7234973,0.5,12
PACE-FLU-SEV,2025/2026,40,43,3,Hospitalizations,State,Rivers,7234973,0.75,19
PACE-FLU-SEV,2025/2026,40,43,3,Hospitalizations,State,Rivers,7234973,0.9,28
PACE-FLU-SEV,2025/2026,40,43,3,Hospitalizations,State,Rivers,7234973,0.95,34
PACE-FLU-SEV,2025/2026,40,43,3,Hospitalizations,State,Sokoto,6163187,0.05,2
PACE-FLU-SEV,2025/2026,40,43,3,Hospitalizations,State,Sokoto,6163187,0.1,3
PACE-FLU-SEV,2025/2026,40,43,3,Hospitalizations,State,Sokoto,6163187,0.25,6
PACE-FLU-SEV,2025/2026,40,43,3,Hospitalizations,State,Sokoto,6163187,0.5,10
PACE-FLU-SEV,2025/2026,40,43,3,Hospitalizations,State,Sokoto,6163187,0.75,16
PACE-FLU-SEV,2025/2026,40,43,3,Hospitalizations,State,Sokoto,6163187,0.9,24.63333333333344
PACE-FLU-SEV,2025/2026,40,43,3,Hospitalizations,State,Sokoto,6163187,0.95,30.65000000000009
PACE-FLU-SEV,2025/2026,40,43,3,Hospitalizations,State,Taraba,4331885,0.05,1
PACE-FLU-SEV,2025/2026,40,43,3,Hospitalizations,State,Taraba,4331885,0.1,1
PACE-FLU-SEV,2025/2026,40,43,3,Hospitalizations,State,Taraba,4331885,0.25,3
PACE-FLU-SEV,2025/2026,40,43,3,Hospitalizations,State,Taraba,4331885,0.5,6
PACE-FLU-SEV,2025/2026,40,43,3,Hospitalizations,State,Taraba,4331885,0.75,9
PACE-FLU-SEV,2025/2026,40,43,3,Hospitalizations,State,Taraba,4331885,0.9,14
PACE-FLU-SEV,2025/2026,40,43,3,Hospitalizations,State,Taraba,4331885,0.95,18
PACE-FLU-SEV,2025/2026,40,43,3,Hospitalizations,State,Yobe,4350401,0.05,1
PACE-FLU-SEV,2025/2026,40,43,3,Hospitalizations,State,Yobe,4350401,0.1,2
PACE-FLU-SEV,2025/2026,40,43,3,Hospitalizations,State,Yobe,4350401,0.25,5
PACE-FLU-SEV,2025/2026,40,43,3,Hospitalizations,State,Yobe,4350401,0.5,8
PACE-FLU-SEV,2025/2026,40,43,3,Hospitalizations,State,Yobe,4350401,0.75,13
PACE-FLU-SEV,2025/2026,40,43,3,Hospitalizations,State,Yobe,4350401,0.9,19
PACE-FLU-SEV,2025/2026,40,43,3,Hospitalizations,State,Yobe,4350401,0.95,23
PACE-FLU-SEV,2025/2026,40,43,3,Hospitalizations,State,Zamfara,5517793,0.05,1
PACE-FLU-SEV,2025/2026,40,43,3,Hospitalizations,State,Zamfara,5517793,0.1,2
PACE-FLU-SEV,2025/2026,40,43,3,Hospitalizations,State,Zamfara,5517793,0.25,5
PACE-FLU-SEV,2025/2026,40,43,3,Hospitalizations,State,Zamfara,5517793,0.5,8
PACE-FLU-SEV,2025/2026,40,43,3,Hospitalizations,State,Zamfara,5517793,0.75,13
PACE-FLU-SEV,2025/2026,40,43,3,Hospitalizations,State,Zamfara,5517793,0.9,19
PACE-FLU-SEV,2025/2026,40,43,3,Hospitalizations,State,Zamfara,5517793,0.95,25
PACE-FLU-SEV,2025/2026,40,43,3,Hospitalizations,Zone,NC,36557326,0.05,39
PACE-FLU-SEV,2025/2026,40,43,3,Hospitalizations,Zone,NC,36557326,0.1,44
PACE-FLU-SEV,2025/2026,40,43,3,Hospitalizations,Zone,NC,36557326,0.25,53
PACE-FLU-SEV,2025/2026,40,43,3,Hospitalizations,Zone,NC,36557326,0.5,67
PACE-FLU-SEV,2025/2026,40,43,3,Hospitalizations,Zone,NC,36557326,0.75,84
PACE-FLU-SEV,2025/2026,40,43,3,Hospitalizations,Zone,NC,36557326,0.9,101
PACE-FLU-SEV,2025/2026,40,43,3,Hospitalizations,Zone,NC,36557326,0.95,113.65000000000009
PACE-FLU-SEV,2025/2026,40,43,3,Hospitalizations,Zone,NE,32734949,0.05,35
PACE-FLU-SEV,2025/2026,40,43,3,Hospitalizations,Zone,NE,32734949,0.1,39.3666666666667
PACE-FLU-SEV,2025/2026,40,43,3,Hospitalizations,Zone,NE,32734949,0.25,49
PACE-FLU-SEV,2025/2026,40,43,3,Hospitalizations,Zone,NE,32734949,0.5,62
PACE-FLU-SEV,2025/2026,40,43,3,Hospitalizations,Zone,NE,32734949,0.75,76
PACE-FLU-SEV,2025/2026,40,43,3,Hospitalizations,Zone,NE,32734949,0.9,93
PACE-FLU-SEV,2025/2026,40,43,3,Hospitalizations,Zone,NE,32734949,0.95,103
PACE-FLU-SEV,2025/2026,40,43,3,Hospitalizations,Zone,NW,58539886,0.05,70
PACE-FLU-SEV,2025/2026,40,43,3,Hospitalizations,Zone,NW,58539886,0.1,79
PACE-FLU-SEV,2025/2026,40,43,3,Hospitalizations,Zone,NW,58539886,0.25,97
PACE-FLU-SEV,2025/2026,40,43,3,Hospitalizations,Zone,NW,58539886,0.5,120
PACE-FLU-SEV,2025/2026,40,43,3,Hospitalizations,Zone,NW,58539886,0.75,150
PACE-FLU-SEV,2025/2026,40,43,3,Hospitalizations,Zone,NW,58539886,0.9,185
PACE-FLU-SEV,2025/2026,40,43,3,Hospitalizations,Zone,NW,58539886,0.95,209
PACE-FLU-SEV,2025/2026,40,43,3,Hospitalizations,Zone,SE,27612828,0.05,26
PACE-FLU-SEV,2025/2026,40,43,3,Hospitalizations,Zone,SE,27612828,0.1,32
PACE-FLU-SEV,2025/2026,40,43,3,Hospitalizations,Zone,SE,27612828,0.25,40
PACE-FLU-SEV,2025/2026,40,43,3,Hospitalizations,Zone,SE,27612828,0.5,53
PACE-FLU-SEV,2025/2026,40,43,3,Hospitalizations,Zone,SE,27612828,0.75,67.58333333333326
PACE-FLU-SEV,2025/2026,40,43,3,Hospitalizations,Zone,SE,27612828,0.9,84
PACE-FLU-SEV,2025/2026,40,43,3,Hospitalizations,Zone,SE,27612828,0.95,96
PACE-FLU-SEV,2025/2026,40,43,3,Hospitalizations,Zone,SS,31220652,0.05,32
PACE-FLU-SEV,2025/2026,40,43,3,Hospitalizations,Zone,SS,31220652,0.1,37
PACE-FLU-SEV,2025/2026,40,43,3,Hospitalizations,Zone,SS,31220652,0.25,46
PACE-FLU-SEV,2025/2026,40,43,3,Hospitalizations,Zone,SS,31220652,0.5,58
PACE-FLU-SEV,2025/2026,40,43,3,Hospitalizations,Zone,SS,31220652,0.75,74
PACE-FLU-SEV,2025/2026,40,43,3,Hospitalizations,Zone,SS,31220652,0.9,91.63333333333344
PACE-FLU-SEV,2025/2026,40,43,3,Hospitalizations,Zone,SS,31220652,0.95,105
PACE-FLU-SEV,2025/2026,40,43,3,Hospitalizations,Zone,SW,42836294,0.05,45
PACE-FLU-SEV,2025/2026,40,43,3,Hospitalizations,Zone,SW,42836294,0.1,53
PACE-FLU-SEV,2025/2026,40,43,3,Hospitalizations,Zone,SW,42836294,0.25,66
PACE-FLU-SEV,2025/2026,40,43,3,Hospitalizations,Zone,SW,42836294,0.5,85
PACE-FLU-SEV,2025/2026,40,43,3,Hospitalizations,Zone,SW,42836294,0.75,110
PACE-FLU-SEV,2025/2026,40,43,3,Hospitalizations,Zone,SW,42836294,0.9,138
PACE-FLU-SEV,2025/2026,40,43,3,Hospitalizations,Zone,SW,42836294,0.95,156.6500000000001
PACE-FLU-SEV,2025/2026,40,44,4,Hospitalizations,Macro,North,127832161,0.05,174
PACE-FLU-SEV,2025/2026,40,44,4,Hospitalizations,Macro,North,127832161,0.1,193
PACE-FLU-SEV,2025/2026,40,44,4,Hospitalizations,Macro,North,127832161,0.25,223
PACE-FLU-SEV,2025/2026,40,44,4,Hospitalizations,Macro,North,127832161,0.5,263
PACE-FLU-SEV,2025/2026,40,44,4,Hospitalizations,Macro,North,127832161,0.75,307
PACE-FLU-SEV,2025/2026,40,44,4,Hospitalizations,Macro,North,127832161,0.9,361
PACE-FLU-SEV,2025/2026,40,44,4,Hospitalizations,Macro,North,127832161,0.95,398.6500000000001
PACE-FLU-SEV,2025/2026,40,44,4,Hospitalizations,Macro,South,101669774,0.05,134
PACE-FLU-SEV,2025/2026,40,44,4,Hospitalizations,Macro,South,101669774,0.1,150.3666666666667
PACE-FLU-SEV,2025/2026,40,44,4,Hospitalizations,Macro,South,101669774,0.25,179
PACE-FLU-SEV,2025/2026,40,44,4,Hospitalizations,Macro,South,101669774,0.5,219
PACE-FLU-SEV,2025/2026,40,44,4,Hospitalizations,Macro,South,101669774,0.75,273
PACE-FLU-SEV,2025/2026,40,44,4,Hospitalizations,Macro,South,101669774,0.9,323.63333333333344
PACE-FLU-SEV,2025/2026,40,44,4,Hospitalizations,Macro,South,101669774,0.95,365
PACE-FLU-SEV,2025/2026,40,44,4,Hospitalizations,National,Nigeria,229501935,0.05,338
PACE-FLU-SEV,2025/2026,40,44,4,Hospitalizations,National,Nigeria,229501935,0.1,370
PACE-FLU-SEV,2025/2026,40,44,4,Hospitalizations,National,Nigeria,229501935,0.25,418.4166666666667
PACE-FLU-SEV,2025/2026,40,44,4,Hospitalizations,National,Nigeria,229501935,0.5,488
PACE-FLU-SEV,2025/2026,40,44,4,Hospitalizations,National,Nigeria,229501935,0.75,568
PACE-FLU-SEV,2025/2026,40,44,4,Hospitalizations,National,Nigeria,229501935,0.9,655.6333333333334
PACE-FLU-SEV,2025/2026,40,44,4,Hospitalizations,National,Nigeria,229501935,0.95,717
PACE-FLU-SEV,2025/2026,40,44,4,Hospitalizations,State,Abia,4841943,0.05,2
PACE-FLU-SEV,2025/2026,40,44,4,Hospitalizations,State,Abia,4841943,0.1,3
PACE-FLU-SEV,2025/2026,40,44,4,Hospitalizations,State,Abia,4841943,0.25,5
PACE-FLU-SEV,2025/2026,40,44,4,Hospitalizations,State,Abia,4841943,0.5,9
PACE-FLU-SEV,2025/2026,40,44,4,Hospitalizations,State,Abia,4841943,0.75,15
PACE-FLU-SEV,2025/2026,40,44,4,Hospitalizations,State,Abia,4841943,0.9,22
PACE-FLU-SEV,2025/2026,40,44,4,Hospitalizations,State,Abia,4841943,0.95,27.65000000000009
PACE-FLU-SEV,2025/2026,40,44,4,Hospitalizations,State,Adamawa,5236948,0.05,2
PACE-FLU-SEV,2025/2026,40,44,4,Hospitalizations,State,Adamawa,5236948,0.1,3
PACE-FLU-SEV,2025/2026,40,44,4,Hospitalizations,State,Adamawa,5236948,0.25,5
PACE-FLU-SEV,2025/2026,40,44,4,Hospitalizations,State,Adamawa,5236948,0.5,9
PACE-FLU-SEV,2025/2026,40,44,4,Hospitalizations,State,Adamawa,5236948,0.75,14
PACE-FLU-SEV,2025/2026,40,44,4,Hospitalizations,State,Adamawa,5236948,0.9,21
PACE-FLU-SEV,2025/2026,40,44,4,Hospitalizations,State,Adamawa,5236948,0.95,27
PACE-FLU-SEV,2025/2026,40,44,4,Hospitalizations,State,Akwa Ibom,5780581,0.05,2
PACE-FLU-SEV,2025/2026,40,44,4,Hospitalizations,State,Akwa Ibom,5780581,0.1,3
PACE-FLU-SEV,2025/2026,40,44,4,Hospitalizations,State,Akwa Ibom,5780581,0.25,6
PACE-FLU-SEV,2025/2026,40,44,4,Hospitalizations,State,Akwa Ibom,5780581,0.5,10
PACE-FLU-SEV,2025/2026,40,44,4,Hospitalizations,State,Akwa Ibom,5780581,0.75,17
PACE-FLU-SEV,2025/2026,40,44,4,Hospitalizations,State,Akwa Ibom,5780581,0.9,25
PACE-FLU-SEV,2025/2026,40,44,4,Hospitalizations,State,Akwa Ibom,5780581,0.95,32
PACE-FLU-SEV,2025/2026,40,44,4,Hospitalizations,State,Anambra,7299910,0.05,3
PACE-FLU-SEV,2025/2026,40,44,4,Hospitalizations,State,Anambra,7299910,0.1,4
PACE-FLU-SEV,2025/2026,40,44,4,Hospitalizations,State,Anambra,7299910,0.25,8
PACE-FLU-SEV,2025/2026,40,44,4,Hospitalizations,State,Anambra,7299910,0.5,13
PACE-FLU-SEV,2025/2026,40,44,4,Hospitalizations,State,Anambra,7299910,0.75,21
PACE-FLU-SEV,2025/2026,40,44,4,Hospitalizations,State,Anambra,7299910,0.9,33
PACE-FLU-SEV,2025/2026,40,44,4,Hospitalizations,State,Anambra,7299910,0.95,41
PACE-FLU-SEV,2025/2026,40,44,4,Hospitalizations,State,Bauchi,7540663,0.05,3
PACE-FLU-SEV,2025/2026,40,44,4,Hospitalizations,State,Bauchi,7540663,0.1,5
PACE-FLU-SEV,2025/2026,40,44,4,Hospitalizations,State,Bauchi,7540663,0.25,8
PACE-FLU-SEV,2025/2026,40,44,4,Hospitalizations,State,Bauchi,7540663,0.5,13
PACE-FLU-SEV,2025/2026,40,44,4,Hospitalizations,State,Bauchi,7540663,0.75,22
PACE-FLU-SEV,2025/2026,40,44,4,Hospitalizations,State,Bauchi,7540663,0.9,32.63333333333344
PACE-FLU-SEV,2025/2026,40,44,4,Hospitalizations,State,Bauchi,7540663,0.95,42
PACE-FLU-SEV,2025/2026,40,44,4,Hospitalizations,State,Bayelsa,2394725,0.05,0
PACE-FLU-SEV,2025/2026,40,44,4,Hospitalizations,State,Bayelsa,2394725,0.1,1
PACE-FLU-SEV,2025/2026,40,44,4,Hospitalizations,State,Bayelsa,2394725,0.25,2
PACE-FLU-SEV,2025/2026,40,44,4,Hospitalizations,State,Bayelsa,2394725,0.5,4
PACE-FLU-SEV,2025/2026,40,44,4,Hospitalizations,State,Bayelsa,2394725,0.75,7
PACE-FLU-SEV,2025/2026,40,44,4,Hospitalizations,State,Bayelsa,2394725,0.9,11
PACE-FLU-SEV,2025/2026,40,44,4,Hospitalizations,State,Bayelsa,2394725,0.95,14
PACE-FLU-SEV,2025/2026,40,44,4,Hospitalizations,State,Benue,6687706,0.05,3
PACE-FLU-SEV,2025/2026,40,44,4,Hospitalizations,State,Benue,6687706,0.1,4
PACE-FLU-SEV,2025/2026,40,44,4,Hospitalizations,State,Benue,6687706,0.25,7
PACE-FLU-SEV,2025/2026,40,44,4,Hospitalizations,State,Benue,6687706,0.5,12
PACE-FLU-SEV,2025/2026,40,44,4,Hospitalizations,State,Benue,6687706,0.75,20
PACE-FLU-SEV,2025/2026,40,44,4,Hospitalizations,State,Benue,6687706,0.9,29
PACE-FLU-SEV,2025/2026,40,44,4,Hospitalizations,State,Benue,6687706,0.95,36
PACE-FLU-SEV,2025/2026,40,44,4,Hospitalizations,State,Borno,6651590,0.05,3
PACE-FLU-SEV,2025/2026,40,44,4,Hospitalizations,State,Borno,6651590,0.1,4
PACE-FLU-SEV,2025/2026,40,44,4,Hospitalizations,State,Borno,6651590,0.25,7
PACE-FLU-SEV,2025/2026,40,44,4,Hospitalizations,State,Borno,6651590,0.5,11
PACE-FLU-SEV,2025/2026,40,44,4,Hospitalizations,State,Borno,6651590,0.75,18
PACE-FLU-SEV,2025/2026,40,44,4,Hospitalizations,State,Borno,6651590,0.9,27
PACE-FLU-SEV,2025/2026,40,44,4,Hospitalizations,State,Borno,6651590,0.95,33
PACE-FLU-SEV,2025/2026,40,44,4,Hospitalizations,State,Cross River,4175020,0.05,1
PACE-FLU-SEV,2025/2026,40,44,4,Hospitalizations,State,Cross River,4175020,0.1,2
PACE-FLU-SEV,2025/2026,40,44,4,Hospitalizations,State,Cross River,4175020,0.25,4
PACE-FLU-SEV,2025/2026,40,44,4,Hospitalizations,State,Cross River,4175020,0.5,7
PACE-FLU-SEV,2025/2026,40,44,4,Hospitalizations,State,Cross River,4175020,0.75,12
PACE-FLU-SEV,2025/2026,40,44,4,Hospitalizations,State,Cross River,4175020,0.9,18
PACE-FLU-SEV,2025/2026,40,44,4,Hospitalizations,State,Cross River,4175020,0.95,22
PACE-FLU-SEV,2025/2026,40,44,4,Hospitalizations,State,Delta,6107543,0.05,2
PACE-FLU-SEV,2025/2026,40,44,4,Hospitalizations,State,Delta,6107543,0.1,4
PACE-FLU-SEV,2025/2026,40,44,4,Hospitalizations,State,Delta,6107543,0.25,7
PACE-FLU-SEV,2025/2026,40,44,4,Hospitalizations,State,Delta,6107543,0.5,11
PACE-FLU-SEV,2025/2026,40,44,4,Hospitalizations,State,Delta,6107543,0.75,18
PACE-FLU-SEV,2025/2026,40,44,4,Hospitalizations,State,Delta,6107543,0.9,28
PACE-FLU-SEV,2025/2026,40,44,4,Hospitalizations,State,Delta,6107543,0.95,35
PACE-FLU-SEV,2025/2026,40,44,4,Hospitalizations,State,Ebonyi,4007155,0.05,1
PACE-FLU-SEV,2025/2026,40,44,4,Hospitalizations,State,Ebonyi,4007155,0.1,2
PACE-FLU-SEV,2025/2026,40,44,4,Hospitalizations,State,Ebonyi,4007155,0.25,4
PACE-FLU-SEV,2025/2026,40,44,4,Hospitalizations,State,Ebonyi,4007155,0.5,7
PACE-FLU-SEV,2025/2026,40,44,4,Hospitalizations,State,Ebonyi,4007155,0.75,11
PACE-FLU-SEV,2025/2026,40,44,4,Hospitalizations,State,Ebonyi,4007155,0.9,17
PACE-FLU-SEV,2025/2026,40,44,4,Hospitalizations,State,Ebonyi,4007155,0.95,21
PACE-FLU-SEV,2025/2026,40,44,4,Hospitalizations,State,Edo,5527810,0.05,2
PACE-FLU-SEV,2025/2026,40,44,4,Hospitalizations,State,Edo,5527810,0.1,3
PACE-FLU-SEV,2025/2026,40,44,4,Hospitalizations,State,Edo,5527810,0.25,6
PACE-FLU-SEV,2025/2026,40,44,4,Hospitalizations,State,Edo,5527810,0.5,10
PACE-FLU-SEV,2025/2026,40,44,4,Hospitalizations,State,Edo,5527810,0.75,16
PACE-FLU-SEV,2025/2026,40,44,4,Hospitalizations,State,Edo,5527810,0.9,24
PACE-FLU-SEV,2025/2026,40,44,4,Hospitalizations,State,Edo,5527810,0.95,30
PACE-FLU-SEV,2025/2026,40,44,4,Hospitalizations,State,Ekiti,3398177,0.05,1
PACE-FLU-SEV,2025/2026,40,44,4,Hospitalizations,State,Ekiti,3398177,0.1,2
PACE-FLU-SEV,2025/2026,40,44,4,Hospitalizations,State,Ekiti,3398177,0.25,3
PACE-FLU-SEV,2025/2026,40,44,4,Hospitalizations,State,Ekiti,3398177,0.5,6
PACE-FLU-SEV,2025/2026,40,44,4,Hospitalizations,State,Ekiti,3398177,0.75,10
PACE-FLU-SEV,2025/2026,40,44,4,Hospitalizations,State,Ekiti,3398177,0.9,15
PACE-FLU-SEV,2025/2026,40,44,4,Hospitalizations,State,Ekiti,3398177,0.95,20
PACE-FLU-SEV,2025/2026,40,44,4,Hospitalizations,State,Enugu,5396098,0.05,2
PACE-FLU-SEV,2025/2026,40,44,4,Hospitalizations,State,Enugu,5396098,0.1,3
PACE-FLU-SEV,2025/2026,40,44,4,Hospitalizations,State,Enugu,5396098,0.25,6
PACE-FLU-SEV,2025/2026,40,44,4,Hospitalizations,State,Enugu,5396098,0.5,10
PACE-FLU-SEV,2025/2026,40,44,4,Hospitalizations,State,Enugu,5396098,0.75,16
PACE-FLU-SEV,2025/2026,40,44,4,Hospitalizations,State,Enugu,5396098,0.9,24
PACE-FLU-SEV,2025/2026,40,44,4,Hospitalizations,State,Enugu,5396098,0.95,30
PACE-FLU-SEV,2025/2026,40,44,4,Hospitalizations,State,FCT,4802443,0.05,2
PACE-FLU-SEV,2025/2026,40,44,4,Hospitalizations,State,FCT,4802443,0.1,4
PACE-FLU-SEV,2025/2026,40,44,4,Hospitalizations,State,FCT,4802443,0.25,7
PACE-FLU-SEV,2025/2026,40,44,4,Hospitalizations,State,FCT,4802443,0.5,11
PACE-FLU-SEV,2025/2026,40,44,4,Hospitalizations,State,FCT,4802443,0.75,18
PACE-FLU-SEV,2025/2026,40,44,4,Hospitalizations,State,FCT,4802443,0.9,26
PACE-FLU-SEV,2025/2026,40,44,4,Hospitalizations,State,FCT,4802443,0.95,34
PACE-FLU-SEV,2025/2026,40,44,4,Hospitalizations,State,Gombe,4623462,0.05,2
PACE-FLU-SEV,2025/2026,40,44,4,Hospitalizations,State,Gombe,4623462,0.1,2
PACE-FLU-SEV,2025/2026,40,44,4,Hospitalizations,State,Gombe,4623462,0.25,5
PACE-FLU-SEV,2025/2026,40,44,4,Hospitalizations,State,Gombe,4623462,0.5,8
PACE-FLU-SEV,2025/2026,40,44,4,Hospitalizations,State,Gombe,4623462,0.75,13
PACE-FLU-SEV,2025/2026,40,44,4,Hospitalizations,State,Gombe,4623462,0.9,20
PACE-FLU-SEV,2025/2026,40,44,4,Hospitalizations,State,Gombe,4623462,0.95,25
PACE-FLU-SEV,2025/2026,40,44,4,Hospitalizations,State,Imo,6067722,0.05,2
PACE-FLU-SEV,2025/2026,40,44,4,Hospitalizations,State,Imo,6067722,0.1,3
PACE-FLU-SEV,2025/2026,40,44,4,Hospitalizations,State,Imo,6067722,0.25,6
PACE-FLU-SEV,2025/2026,40,44,4,Hospitalizations,State,Imo,6067722,0.5,11
PACE-FLU-SEV,2025/2026,40,44,4,Hospitalizations,State,Imo,6067722,0.75,18
PACE-FLU-SEV,2025/2026,40,44,4,Hospitalizations,State,Imo,6067722,0.9,28
PACE-FLU-SEV,2025/2026,40,44,4,Hospitalizations,State,Imo,6067722,0.95,35
PACE-FLU-SEV,2025/2026,40,44,4,Hospitalizations,State,Jigawa,6979080,0.05,3
PACE-FLU-SEV,2025/2026,40,44,4,Hospitalizations,State,Jigawa,6979080,0.1,4
PACE-FLU-SEV,2025/2026,40,44,4,Hospitalizations,State,Jigawa,6979080,0.25,7
PACE-FLU-SEV,2025/2026,40,44,4,Hospitalizations,State,Jigawa,6979080,0.5,12
PACE-FLU-SEV,2025/2026,40,44,4,Hospitalizations,State,Jigawa,6979080,0.75,19
PACE-FLU-SEV,2025/2026,40,44,4,Hospitalizations,State,Jigawa,6979080,0.9,28
PACE-FLU-SEV,2025/2026,40,44,4,Hospitalizations,State,Jigawa,6979080,0.95,33.65000000000009
PACE-FLU-SEV,2025/2026,40,44,4,Hospitalizations,State,Kaduna,8324285,0.05,4
PACE-FLU-SEV,2025/2026,40,44,4,Hospitalizations,State,Kaduna,8324285,0.1,5
PACE-FLU-SEV,2025/2026,40,44,4,Hospitalizations,State,Kaduna,8324285,0.25,9
PACE-FLU-SEV,2025/2026,40,44,4,Hospitalizations,State,Kaduna,8324285,0.5,15
PACE-FLU-SEV,2025/2026,40,44,4,Hospitalizations,State,Kaduna,8324285,0.75,25
PACE-FLU-SEV,2025/2026,40,44,4,Hospitalizations,State,Kaduna,8324285,0.9,36
PACE-FLU-SEV,2025/2026,40,44,4,Hospitalizations,State,Kaduna,8324285,0.95,45
PACE-FLU-SEV,2025/2026,40,44,4,Hospitalizations,State,Kano,16253549,0.05,8
PACE-FLU-SEV,2025/2026,40,44,4,Hospitalizations,State,Kano,16253549,0.1,11
PACE-FLU-SEV,2025/2026,40,44,4,Hospitalizations,State,Kano,16253549,0.25,19
PACE-FLU-SEV,2025/2026,40,44,4,Hospitalizations,State,Kano,16253549,0.5,30
PACE-FLU-SEV,2025/2026,40,44,4,Hospitalizations,State,Kano,16253549,0.75,48
PACE-FLU-SEV,2025/2026,40,44,4,Hospitalizations,State,Kano,16253549,0.9,71
PACE-FLU-SEV,2025/2026,40,44,4,Hospitalizations,State,Kano,16253549,0.95,86
PACE-FLU-SEV,2025/2026,40,44,4,Hospitalizations,State,Katsina,9300382,0.05,3
PACE-FLU-SEV,2025/2026,40,44,4,Hospitalizations,State,Katsina,9300382,0.1,5
PACE-FLU-SEV,2025/2026,40,44,4,Hospitalizations,State,Katsina,9300382,0.25,9
PACE-FLU-SEV,2025/2026,40,44,4,Hospitalizations,State,Katsina,9300382,0.5,15
PACE-FLU-SEV,2025/2026,40,44,4,Hospitalizations,State,Katsina,9300382,0.75,23
PACE-FLU-SEV,2025/2026,40,44,4,Hospitalizations,State,Katsina,9300382,0.9,34
PACE-FLU-SEV,2025/2026,40,44,4,Hospitalizations,State,Katsina,9300382,0.95,41
PACE-FLU-SEV,2025/2026,40,44,4,Hospitalizations,State,Kebbi,6001610,0.05,2
PACE-FLU-SEV,2025/2026,40,44,4,Hospitalizations,State,Kebbi,6001610,0.1,3
PACE-FLU-SEV,2025/2026,40,44,4,Hospitalizations,State,Kebbi,6001610,0.25,5
PACE-FLU-SEV,2025/2026,40,44,4,Hospitalizations,State,Kebbi,6001610,0.5,9
PACE-FLU-SEV,2025/2026,40,44,4,Hospitalizations,State,Kebbi,6001610,0.75,15
PACE-FLU-SEV,2025/2026,40,44,4,Hospitalizations,State,Kebbi,6001610,0.9,22
PACE-FLU-SEV,2025/2026,40,44,4,Hospitalizations,State,Kebbi,6001610,0.95,27
PACE-FLU-SEV,2025/2026,40,44,4,Hospitalizations,State,Kogi,5053734,0.05,2
PACE-FLU-SEV,2025/2026,40,44,4,Hospitalizations,State,Kogi,5053734,0.1,3
PACE-FLU-SEV,2025/2026,40,44,4,Hospitalizations,State,Kogi,5053734,0.25,6
PACE-FLU-SEV,2025/2026,40,44,4,Hospitalizations,State,Kogi,5053734,0.5,10
PACE-FLU-SEV,2025/2026,40,44,4,Hospitalizations,State,Kogi,5053734,0.75,16
PACE-FLU-SEV,2025/2026,40,44,4,Hospitalizations,State,Kogi,5053734,0.9,23
PACE-FLU-SEV,2025/2026,40,44,4,Hospitalizations,State,Kogi,5053734,0.95,30
PACE-FLU-SEV,2025/2026,40,44,4,Hospitalizations,State,Kwara,4259613,0.05,1
PACE-FLU-SEV,2025/2026,40,44,4,Hospitalizations,State,Kwara,4259613,0.1,2
PACE-FLU-SEV,2025/2026,40,44,4,Hospitalizations,State,Kwara,4259613,0.25,4
PACE-FLU-SEV,2025/2026,40,44,4,Hospitalizations,State,Kwara,4259613,0.5,7
PACE-FLU-SEV,2025/2026,40,44,4,Hospitalizations,State,Kwara,4259613,0.75,12
PACE-FLU-SEV,2025/2026,40,44,4,Hospitalizations,State,Kwara,4259613,0.9,17
PACE-FLU-SEV,2025/2026,40,44,4,Hospitalizations,State,Kwara,4259613,0.95,21
PACE-FLU-SEV,2025/2026,40,44,4,Hospitalizations,State,Lagos,15772884,0.05,9
PACE-FLU-SEV,2025/2026,40,44,4,Hospitalizations,State,Lagos,15772884,0.1,13
PACE-FLU-SEV,2025/2026,40,44,4,Hospitalizations,State,Lagos,15772884,0.25,20
PACE-FLU-SEV,2025/2026,40,44,4,Hospitalizations,State,Lagos,15772884,0.5,33
PACE-FLU-SEV,2025/2026,40,44,4,Hospitalizations,State,Lagos,15772884,0.75,51
PACE-FLU-SEV,2025/2026,40,44,4,Hospitalizations,State,Lagos,15772884,0.9,76
PACE-FLU-SEV,2025/2026,40,44,4,Hospitalizations,State,Lagos,15772884,0.95,93
PACE-FLU-SEV,2025/2026,40,44,4,Hospitalizations,State,Nasarawa,3632239,0.05,1
PACE-FLU-SEV,2025/2026,40,44,4,Hospitalizations,State,Nasarawa,3632239,0.1,2
PACE-FLU-SEV,2025/2026,40,44,4,Hospitalizations,State,Nasarawa,3632239,0.25,4
PACE-FLU-SEV,2025/2026,40,44,4,Hospitalizations,State,Nasarawa,3632239,0.5,7
PACE-FLU-SEV,2025/2026,40,44,4,Hospitalizations,State,Nasarawa,3632239,0.75,11
PACE-FLU-SEV,2025/2026,40,44,4,Hospitalizations,State,Nasarawa,3632239,0.9,17
PACE-FLU-SEV,2025/2026,40,44,4,Hospitalizations,State,Nasarawa,3632239,0.95,21
PACE-FLU-SEV,2025/2026,40,44,4,Hospitalizations,State,Niger,6720617,0.05,3
PACE-FLU-SEV,2025/2026,40,44,4,Hospitalizations,State,Niger,6720617,0.1,4
PACE-FLU-SEV,2025/2026,40,44,4,Hospitalizations,State,Niger,6720617,0.25,7
PACE-FLU-SEV,2025/2026,40,44,4,Hospitalizations,State,Niger,6720617,0.5,12
PACE-FLU-SEV,2025/2026,40,44,4,Hospitalizations,State,Niger,6720617,0.75,19
PACE-FLU-SEV,2025/2026,40,44,4,Hospitalizations,State,Niger,6720617,0.9,28
PACE-FLU-SEV,2025/2026,40,44,4,Hospitalizations,State,Niger,6720617,0.95,34.65000000000009
PACE-FLU-SEV,2025/2026,40,44,4,Hospitalizations,State,Ogun,6445275,0.05,3
PACE-FLU-SEV,2025/2026,40,44,4,Hospitalizations,State,Ogun,6445275,0.1,4
PACE-FLU-SEV,2025/2026,40,44,4,Hospitalizations,State,Ogun,6445275,0.25,7
PACE-FLU-SEV,2025/2026,40,44,4,Hospitalizations,State,Ogun,6445275,0.5,12
PACE-FLU-SEV,2025/2026,40,44,4,Hospitalizations,State,Ogun,6445275,0.75,19
PACE-FLU-SEV,2025/2026,40,44,4,Hospitalizations,State,Ogun,6445275,0.9,28
PACE-FLU-SEV,2025/2026,40,44,4,Hospitalizations,State,Ogun,6445275,0.95,35
PACE-FLU-SEV,2025/2026,40,44,4,Hospitalizations,State,Ondo,5469707,0.05,2
PACE-FLU-SEV,2025/2026,40,44,4,Hospitalizations,State,Ondo,5469707,0.1,3
PACE-FLU-SEV,2025/2026,40,44,4,Hospitalizations,State,Ondo,5469707,0.25,5
PACE-FLU-SEV,2025/2026,40,44,4,Hospitalizations,State,Ondo,5469707,0.5,10
PACE-FLU-SEV,2025/2026,40,44,4,Hospitalizations,State,Ondo,5469707,0.75,16
PACE-FLU-SEV,2025/2026,40,44,4,Hospitalizations,State,Ondo,5469707,0.9,24
PACE-FLU-SEV,2025/2026,40,44,4,Hospitalizations,State,Ondo,5469707,0.95,30
PACE-FLU-SEV,2025/2026,40,44,4,Hospitalizations,State,Osun,4237396,0.05,1
PACE-FLU-SEV,2025/2026,40,44,4,Hospitalizations,State,Osun,4237396,0.1,2
PACE-FLU-SEV,2025/2026,40,44,4,Hospitalizations,State,Osun,4237396,0.25,4
PACE-FLU-SEV,2025/2026,40,44,4,Hospitalizations,State,Osun,4237396,0.5,7
PACE-FLU-SEV,2025/2026,40,44,4,Hospitalizations,State,Osun,4237396,0.75,12
PACE-FLU-SEV,2025/2026,40,44,4,Hospitalizations,State,Osun,4237396,0.9,18
PACE-FLU-SEV,2025/2026,40,44,4,Hospitalizations,State,Osun,4237396,0.95,23
PACE-FLU-SEV,2025/2026,40,44,4,Hospitalizations,State,Oyo,7512855,0.05,3
PACE-FLU-SEV,2025/2026,40,44,4,Hospitalizations,State,Oyo,7512855,0.1,5
PACE-FLU-SEV,2025/2026,40,44,4,Hospitalizations,State,Oyo,7512855,0.25,8
PACE-FLU-SEV,2025/2026,40,44,4,Hospitalizations,State,Oyo,7512855,0.5,14
PACE-FLU-SEV,2025/2026,40,44,4,Hospitalizations,State,Oyo,7512855,0.75,22
PACE-FLU-SEV,2025/2026,40,44,4,Hospitalizations,State,Oyo,7512855,0.9,34
PACE-FLU-SEV,2025/2026,40,44,4,Hospitalizations,State,Oyo,7512855,0.95,43
PACE-FLU-SEV,2025/2026,40,44,4,Hospitalizations,State,Plateau,5400974,0.05,2
PACE-FLU-SEV,2025/2026,40,44,4,Hospitalizations,State,Plateau,5400974,0.1,3
PACE-FLU-SEV,2025/2026,40,44,4,Hospitalizations,State,Plateau,5400974,0.25,5
PACE-FLU-SEV,2025/2026,40,44,4,Hospitalizations,State,Plateau,5400974,0.5,9
PACE-FLU-SEV,2025/2026,40,44,4,Hospitalizations,State,Plateau,5400974,0.75,15
PACE-FLU-SEV,2025/2026,40,44,4,Hospitalizations,State,Plateau,5400974,0.9,23
PACE-FLU-SEV,2025/2026,40,44,4,Hospitalizations,State,Plateau,5400974,0.95,29
PACE-FLU-SEV,2025/2026,40,44,4,Hospitalizations,State,Rivers,7234973,0.05,3
PACE-FLU-SEV,2025/2026,40,44,4,Hospitalizations,State,Rivers,7234973,0.1,5
PACE-FLU-SEV,2025/2026,40,44,4,Hospitalizations,State,Rivers,7234973,0.25,8
PACE-FLU-SEV,2025/2026,40,44,4,Hospitalizations,State,Rivers,7234973,0.5,13
PACE-FLU-SEV,2025/2026,40,44,4,Hospitalizations,State,Rivers,7234973,0.75,21
PACE-FLU-SEV,2025/2026,40,44,4,Hospitalizations,State,Rivers,7234973,0.9,31
PACE-FLU-SEV,2025/2026,40,44,4,Hospitalizations,State,Rivers,7234973,0.95,39
PACE-FLU-SEV,2025/2026,40,44,4,Hospitalizations,State,Sokoto,6163187,0.05,2
PACE-FLU-SEV,2025/2026,40,44,4,Hospitalizations,State,Sokoto,6163187,0.1,3
PACE-FLU-SEV,2025/2026,40,44,4,Hospitalizations,State,Sokoto,6163187,0.25,5
PACE-FLU-SEV,2025/2026,40,44,4,Hospitalizations,State,Sokoto,6163187,0.5,9
PACE-FLU-SEV,2025/2026,40,44,4,Hospitalizations,State,Sokoto,6163187,0.75,15
PACE-FLU-SEV,2025/2026,40,44,4,Hospitalizations,State,Sokoto,6163187,0.9,23
PACE-FLU-SEV,2025/2026,40,44,4,Hospitalizations,State,Sokoto,6163187,0.95,29
PACE-FLU-SEV,2025/2026,40,44,4,Hospitalizations,State,Taraba,4331885,0.05,1
PACE-FLU-SEV,2025/2026,40,44,4,Hospitalizations,State,Taraba,4331885,0.1,2
PACE-FLU-SEV,2025/2026,40,44,4,Hospitalizations,State,Taraba,4331885,0.25,3
PACE-FLU-SEV,2025/2026,40,44,4,Hospitalizations,State,Taraba,4331885,0.5,6
PACE-FLU-SEV,2025/2026,40,44,4,Hospitalizations,State,Taraba,4331885,0.75,10
PACE-FLU-SEV,2025/2026,40,44,4,Hospitalizations,State,Taraba,4331885,0.9,15
PACE-FLU-SEV,2025/2026,40,44,4,Hospitalizations,State,Taraba,4331885,0.95,20
PACE-FLU-SEV,2025/2026,40,44,4,Hospitalizations,State,Yobe,4350401,0.05,1
PACE-FLU-SEV,2025/2026,40,44,4,Hospitalizations,State,Yobe,4350401,0.1,2
PACE-FLU-SEV,2025/2026,40,44,4,Hospitalizations,State,Yobe,4350401,0.25,4
PACE-FLU-SEV,2025/2026,40,44,4,Hospitalizations,State,Yobe,4350401,0.5,7
PACE-FLU-SEV,2025/2026,40,44,4,Hospitalizations,State,Yobe,4350401,0.75,11
PACE-FLU-SEV,2025/2026,40,44,4,Hospitalizations,State,Yobe,4350401,0.9,17
PACE-FLU-SEV,2025/2026,40,44,4,Hospitalizations,State,Yobe,4350401,0.95,22
PACE-FLU-SEV,2025/2026,40,44,4,Hospitalizations,State,Zamfara,5517793,0.05,2
PACE-FLU-SEV,2025/2026,40,44,4,Hospitalizations,State,Zamfara,5517793,0.1,3
PACE-FLU-SEV,2025/2026,40,44,4,Hospitalizations,State,Zamfara,5517793,0.25,5
PACE-FLU-SEV,2025/2026,40,44,4,Hospitalizations,State,Zamfara,5517793,0.5,8
PACE-FLU-SEV,2025/2026,40,44,4,Hospitalizations,State,Zamfara,5517793,0.75,13
PACE-FLU-SEV,2025/2026,40,44,4,Hospitalizations,State,Zamfara,5517793,0.9,20
PACE-FLU-SEV,2025/2026,40,44,4,Hospitalizations,State,Zamfara,5517793,0.95,25
PACE-FLU-SEV,2025/2026,40,44,4,Hospitalizations,Zone,NC,36557326,0.05,44
PACE-FLU-SEV,2025/2026,40,44,4,Hospitalizations,Zone,NC,36557326,0.1,50
PACE-FLU-SEV,2025/2026,40,44,4,Hospitalizations,Zone,NC,36557326,0.25,62
PACE-FLU-SEV,2025/2026,40,44,4,Hospitalizations,Zone,NC,36557326,0.5,79
PACE-FLU-SEV,2025/2026,40,44,4,Hospitalizations,Zone,NC,36557326,0.75,100
PACE-FLU-SEV,2025/2026,40,44,4,Hospitalizations,Zone,NC,36557326,0.9,123
PACE-FLU-SEV,2025/2026,40,44,4,Hospitalizations,Zone,NC,36557326,0.95,142
PACE-FLU-SEV,2025/2026,40,44,4,Hospitalizations,Zone,NE,32734949,0.05,34
PACE-FLU-SEV,2025/2026,40,44,4,Hospitalizations,Zone,NE,32734949,0.1,39
PACE-FLU-SEV,2025/2026,40,44,4,Hospitalizations,Zone,NE,32734949,0.25,50
PACE-FLU-SEV,2025/2026,40,44,4,Hospitalizations,Zone,NE,32734949,0.5,64
PACE-FLU-SEV,2025/2026,40,44,4,Hospitalizations,Zone,NE,32734949,0.75,80
PACE-FLU-SEV,2025/2026,40,44,4,Hospitalizations,Zone,NE,32734949,0.9,98
PACE-FLU-SEV,2025/2026,40,44,4,Hospitalizations,Zone,NE,32734949,0.95,112.65000000000009
PACE-FLU-SEV,2025/2026,40,44,4,Hospitalizations,Zone,NW,58539886,0.05,65
PACE-FLU-SEV,2025/2026,40,44,4,Hospitalizations,Zone,NW,58539886,0.1,73
PACE-FLU-SEV,2025/2026,40,44,4,Hospitalizations,Zone,NW,58539886,0.25,91
PACE-FLU-SEV,2025/2026,40,44,4,Hospitalizations,Zone,NW,58539886,0.5,114
PACE-FLU-SEV,2025/2026,40,44,4,Hospitalizations,Zone,NW,58539886,0.75,143
PACE-FLU-SEV,2025/2026,40,44,4,Hospitalizations,Zone,NW,58539886,0.9,174
PACE-FLU-SEV,2025/2026,40,44,4,Hospitalizations,Zone,NW,58539886,0.95,194
PACE-FLU-SEV,2025/2026,40,44,4,Hospitalizations,Zone,SE,27612828,0.05,28
PACE-FLU-SEV,2025/2026,40,44,4,Hospitalizations,Zone,SE,27612828,0.1,33
PACE-FLU-SEV,2025/2026,40,44,4,Hospitalizations,Zone,SE,27612828,0.25,42
PACE-FLU-SEV,2025/2026,40,44,4,Hospitalizations,Zone,SE,27612828,0.5,57
PACE-FLU-SEV,2025/2026,40,44,4,Hospitalizations,Zone,SE,27612828,0.75,75
PACE-FLU-SEV,2025/2026,40,44,4,Hospitalizations,Zone,SE,27612828,0.9,97
PACE-FLU-SEV,2025/2026,40,44,4,Hospitalizations,Zone,SE,27612828,0.95,111
PACE-FLU-SEV,2025/2026,40,44,4,Hospitalizations,Zone,SS,31220652,0.05,34
PACE-FLU-SEV,2025/2026,40,44,4,Hospitalizations,Zone,SS,31220652,0.1,39.3666666666667
PACE-FLU-SEV,2025/2026,40,44,4,Hospitalizations,Zone,SS,31220652,0.25,49
PACE-FLU-SEV,2025/2026,40,44,4,Hospitalizations,Zone,SS,31220652,0.5,64
PACE-FLU-SEV,2025/2026,40,44,4,Hospitalizations,Zone,SS,31220652,0.75,84
PACE-FLU-SEV,2025/2026,40,44,4,Hospitalizations,Zone,SS,31220652,0.9,107
PACE-FLU-SEV,2025/2026,40,44,4,Hospitalizations,Zone,SS,31220652,0.95,120.65000000000009
PACE-FLU-SEV,2025/2026,40,44,4,Hospitalizations,Zone,SW,42836294,0.05,49
PACE-FLU-SEV,2025/2026,40,44,4,Hospitalizations,Zone,SW,42836294,0.1,57
PACE-FLU-SEV,2025/2026,40,44,4,Hospitalizations,Zone,SW,42836294,0.25,71
PACE-FLU-SEV,2025/2026,40,44,4,Hospitalizations,Zone,SW,42836294,0.5,93
PACE-FLU-SEV,2025/2026,40,44,4,Hospitalizations,Zone,SW,42836294,0.75,121
PACE-FLU-SEV,2025/2026,40,44,4,Hospitalizations,Zone,SW,42836294,0.9,153
PACE-FLU-SEV,2025/2026,40,44,4,Hospitalizations,Zone,SW,42836294,0.95,179
PACE-FLU-SEV,2025/2026,40,45,5,Hospitalizations,Macro,North,127832161,0.05,183
PACE-FLU-SEV,2025/2026,40,45,5,Hospitalizations,Macro,North,127832161,0.1,201.3666666666667
PACE-FLU-SEV,2025/2026,40,45,5,Hospitalizations,Macro,North,127832161,0.25,235
PACE-FLU-SEV,2025/2026,40,45,5,Hospitalizations,Macro,North,127832161,0.5,282.5000000000001
PACE-FLU-SEV,2025/2026,40,45,5,Hospitalizations,Macro,North,127832161,0.75,340
PACE-FLU-SEV,2025/2026,40,45,5,Hospitalizations,Macro,North,127832161,0.9,401
PACE-FLU-SEV,2025/2026,40,45,5,Hospitalizations,Macro,North,127832161,0.95,445.3000000000002
PACE-FLU-SEV,2025/2026,40,45,5,Hospitalizations,Macro,South,101669774,0.05,144
PACE-FLU-SEV,2025/2026,40,45,5,Hospitalizations,Macro,South,101669774,0.1,160
PACE-FLU-SEV,2025/2026,40,45,5,Hospitalizations,Macro,South,101669774,0.25,194
PACE-FLU-SEV,2025/2026,40,45,5,Hospitalizations,Macro,South,101669774,0.5,243
PACE-FLU-SEV,2025/2026,40,45,5,Hospitalizations,Macro,South,101669774,0.75,307
PACE-FLU-SEV,2025/2026,40,45,5,Hospitalizations,Macro,South,101669774,0.9,374
PACE-FLU-SEV,2025/2026,40,45,5,Hospitalizations,Macro,South,101669774,0.95,420.6500000000001
PACE-FLU-SEV,2025/2026,40,45,5,Hospitalizations,National,Nigeria,229501935,0.05,355
PACE-FLU-SEV,2025/2026,40,45,5,Hospitalizations,National,Nigeria,229501935,0.1,387.3666666666667
PACE-FLU-SEV,2025/2026,40,45,5,Hospitalizations,National,Nigeria,229501935,0.25,446
PACE-FLU-SEV,2025/2026,40,45,5,Hospitalizations,National,Nigeria,229501935,0.5,532
PACE-FLU-SEV,2025/2026,40,45,5,Hospitalizations,National,Nigeria,229501935,0.75,634
PACE-FLU-SEV,2025/2026,40,45,5,Hospitalizations,National,Nigeria,229501935,0.9,740
PACE-FLU-SEV,2025/2026,40,45,5,Hospitalizations,National,Nigeria,229501935,0.95,804
PACE-FLU-SEV,2025/2026,40,45,5,Hospitalizations,State,Abia,4841943,0.05,2
PACE-FLU-SEV,2025/2026,40,45,5,Hospitalizations,State,Abia,4841943,0.1,3
PACE-FLU-SEV,2025/2026,40,45,5,Hospitalizations,State,Abia,4841943,0.25,5
PACE-FLU-SEV,2025/2026,40,45,5,Hospitalizations,State,Abia,4841943,0.5,10
PACE-FLU-SEV,2025/2026,40,45,5,Hospitalizations,State,Abia,4841943,0.75,16
PACE-FLU-SEV,2025/2026,40,45,5,Hospitalizations,State,Abia,4841943,0.9,25
PACE-FLU-SEV,2025/2026,40,45,5,Hospitalizations,State,Abia,4841943,0.95,32
PACE-FLU-SEV,2025/2026,40,45,5,Hospitalizations,State,Adamawa,5236948,0.05,2
PACE-FLU-SEV,2025/2026,40,45,5,Hospitalizations,State,Adamawa,5236948,0.1,3
PACE-FLU-SEV,2025/2026,40,45,5,Hospitalizations,State,Adamawa,5236948,0.25,5
PACE-FLU-SEV,2025/2026,40,45,5,Hospitalizations,State,Adamawa,5236948,0.5,9
PACE-FLU-SEV,2025/2026,40,45,5,Hospitalizations,State,Adamawa,5236948,0.75,15
PACE-FLU-SEV,2025/2026,40,45,5,Hospitalizations,State,Adamawa,5236948,0.9,23
PACE-FLU-SEV,2025/2026,40,45,5,Hospitalizations,State,Adamawa,5236948,0.95,29
PACE-FLU-SEV,2025/2026,40,45,5,Hospitalizations,State,Akwa Ibom,5780581,0.05,2
PACE-FLU-SEV,2025/2026,40,45,5,Hospitalizations,State,Akwa Ibom,5780581,0.1,4
PACE-FLU-SEV,2025/2026,40,45,5,Hospitalizations,State,Akwa Ibom,5780581,0.25,7
PACE-FLU-SEV,2025/2026,40,45,5,Hospitalizations,State,Akwa Ibom,5780581,0.5,11
PACE-FLU-SEV,2025/2026,40,45,5,Hospitalizations,State,Akwa Ibom,5780581,0.75,19
PACE-FLU-SEV,2025/2026,40,45,5,Hospitalizations,State,Akwa Ibom,5780581,0.9,28
PACE-FLU-SEV,2025/2026,40,45,5,Hospitalizations,State,Akwa Ibom,5780581,0.95,36
PACE-FLU-SEV,2025/2026,40,45,5,Hospitalizations,State,Anambra,7299910,0.05,3
PACE-FLU-SEV,2025/2026,40,45,5,Hospitalizations,State,Anambra,7299910,0.1,5
PACE-FLU-SEV,2025/2026,40,45,5,Hospitalizations,State,Anambra,7299910,0.25,8
PACE-FLU-SEV,2025/2026,40,45,5,Hospitalizations,State,Anambra,7299910,0.5,14
PACE-FLU-SEV,2025/2026,40,45,5,Hospitalizations,State,Anambra,7299910,0.75,23
PACE-FLU-SEV,2025/2026,40,45,5,Hospitalizations,State,Anambra,7299910,0.9,34
PACE-FLU-SEV,2025/2026,40,45,5,Hospitalizations,State,Anambra,7299910,0.95,43
PACE-FLU-SEV,2025/2026,40,45,5,Hospitalizations,State,Bauchi,7540663,0.05,3
PACE-FLU-SEV,2025/2026,40,45,5,Hospitalizations,State,Bauchi,7540663,0.1,5
PACE-FLU-SEV,2025/2026,40,45,5,Hospitalizations,State,Bauchi,7540663,0.25,8
PACE-FLU-SEV,2025/2026,40,45,5,Hospitalizations,State,Bauchi,7540663,0.5,14
PACE-FLU-SEV,2025/2026,40,45,5,Hospitalizations,State,Bauchi,7540663,0.75,23
PACE-FLU-SEV,2025/2026,40,45,5,Hospitalizations,State,Bauchi,7540663,0.9,33
PACE-FLU-SEV,2025/2026,40,45,5,Hospitalizations,State,Bauchi,7540663,0.95,42
PACE-FLU-SEV,2025/2026,40,45,5,Hospitalizations,State,Bayelsa,2394725,0.05,1
PACE-FLU-SEV,2025/2026,40,45,5,Hospitalizations,State,Bayelsa,2394725,0.1,1
PACE-FLU-SEV,2025/2026,40,45,5,Hospitalizations,State,Bayelsa,2394725,0.25,3
PACE-FLU-SEV,2025/2026,40,45,5,Hospitalizations,State,Bayelsa,2394725,0.5,5
PACE-FLU-SEV,2025/2026,40,45,5,Hospitalizations,State,Bayelsa,2394725,0.75,8
PACE-FLU-SEV,2025/2026,40,45,5,Hospitalizations,State,Bayelsa,2394725,0.9,13
PACE-FLU-SEV,2025/2026,40,45,5,Hospitalizations,State,Bayelsa,2394725,0.95,16
PACE-FLU-SEV,2025/2026,40,45,5,Hospitalizations,State,Benue,6687706,0.05,3
PACE-FLU-SEV,2025/2026,40,45,5,Hospitalizations,State,Benue,6687706,0.1,5
PACE-FLU-SEV,2025/2026,40,45,5,Hospitalizations,State,Benue,6687706,0.25,8
PACE-FLU-SEV,2025/2026,40,45,5,Hospitalizations,State,Benue,6687706,0.5,14
PACE-FLU-SEV,2025/2026,40,45,5,Hospitalizations,State,Benue,6687706,0.75,23.583333333333258
PACE-FLU-SEV,2025/2026,40,45,5,Hospitalizations,State,Benue,6687706,0.9,36
PACE-FLU-SEV,2025/2026,40,45,5,Hospitalizations,State,Benue,6687706,0.95,45
PACE-FLU-SEV,2025/2026,40,45,5,Hospitalizations,State,Borno,6651590,0.05,2
PACE-FLU-SEV,2025/2026,40,45,5,Hospitalizations,State,Borno,6651590,0.1,3
PACE-FLU-SEV,2025/2026,40,45,5,Hospitalizations,State,Borno,6651590,0.25,6
PACE-FLU-SEV,2025/2026,40,45,5,Hospitalizations,State,Borno,6651590,0.5,11
PACE-FLU-SEV,2025/2026,40,45,5,Hospitalizations,State,Borno,6651590,0.75,18
PACE-FLU-SEV,2025/2026,40,45,5,Hospitalizations,State,Borno,6651590,0.9,26
PACE-FLU-SEV,2025/2026,40,45,5,Hospitalizations,State,Borno,6651590,0.95,33
PACE-FLU-SEV,2025/2026,40,45,5,Hospitalizations,State,Cross River,4175020,0.05,2
PACE-FLU-SEV,2025/2026,40,45,5,Hospitalizations,State,Cross River,4175020,0.1,3
PACE-FLU-SEV,2025/2026,40,45,5,Hospitalizations,State,Cross River,4175020,0.25,5
PACE-FLU-SEV,2025/2026,40,45,5,Hospitalizations,State,Cross River,4175020,0.5,8
PACE-FLU-SEV,2025/2026,40,45,5,Hospitalizations,State,Cross River,4175020,0.75,14
PACE-FLU-SEV,2025/2026,40,45,5,Hospitalizations,State,Cross River,4175020,0.9,22
PACE-FLU-SEV,2025/2026,40,45,5,Hospitalizations,State,Cross River,4175020,0.95,28
PACE-FLU-SEV,2025/2026,40,45,5,Hospitalizations,State,Delta,6107543,0.05,3
PACE-FLU-SEV,2025/2026,40,45,5,Hospitalizations,State,Delta,6107543,0.1,4
PACE-FLU-SEV,2025/2026,40,45,5,Hospitalizations,State,Delta,6107543,0.25,7
PACE-FLU-SEV,2025/2026,40,45,5,Hospitalizations,State,Delta,6107543,0.5,12
PACE-FLU-SEV,2025/2026,40,45,5,Hospitalizations,State,Delta,6107543,0.75,20
PACE-FLU-SEV,2025/2026,40,45,5,Hospitalizations,State,Delta,6107543,0.9,30
PACE-FLU-SEV,2025/2026,40,45,5,Hospitalizations,State,Delta,6107543,0.95,39
PACE-FLU-SEV,2025/2026,40,45,5,Hospitalizations,State,Ebonyi,4007155,0.05,1
PACE-FLU-SEV,2025/2026,40,45,5,Hospitalizations,State,Ebonyi,4007155,0.1,2
PACE-FLU-SEV,2025/2026,40,45,5,Hospitalizations,State,Ebonyi,4007155,0.25,4
PACE-FLU-SEV,2025/2026,40,45,5,Hospitalizations,State,Ebonyi,4007155,0.5,7
PACE-FLU-SEV,2025/2026,40,45,5,Hospitalizations,State,Ebonyi,4007155,0.75,12
PACE-FLU-SEV,2025/2026,40,45,5,Hospitalizations,State,Ebonyi,4007155,0.9,19
PACE-FLU-SEV,2025/2026,40,45,5,Hospitalizations,State,Ebonyi,4007155,0.95,23.65000000000009
PACE-FLU-SEV,2025/2026,40,45,5,Hospitalizations,State,Edo,5527810,0.05,2
PACE-FLU-SEV,2025/2026,40,45,5,Hospitalizations,State,Edo,5527810,0.1,3
PACE-FLU-SEV,2025/2026,40,45,5,Hospitalizations,State,Edo,5527810,0.25,6
PACE-FLU-SEV,2025/2026,40,45,5,Hospitalizations,State,Edo,5527810,0.5,11
PACE-FLU-SEV,2025/2026,40,45,5,Hospitalizations,State,Edo,5527810,0.75,17
PACE-FLU-SEV,2025/2026,40,45,5,Hospitalizations,State,Edo,5527810,0.9,27
PACE-FLU-SEV,2025/2026,40,45,5,Hospitalizations,State,Edo,5527810,0.95,34
PACE-FLU-SEV,2025/2026,40,45,5,Hospitalizations,State,Ekiti,3398177,0.05,1
PACE-FLU-SEV,2025/2026,40,45,5,Hospitalizations,State,Ekiti,3398177,0.1,2
PACE-FLU-SEV,2025/2026,40,45,5,Hospitalizations,State,Ekiti,3398177,0.25,4
PACE-FLU-SEV,2025/2026,40,45,5,Hospitalizations,State,Ekiti,3398177,0.5,7
PACE-FLU-SEV,2025/2026,40,45,5,Hospitalizations,State,Ekiti,3398177,0.75,11
PACE-FLU-SEV,2025/2026,40,45,5,Hospitalizations,State,Ekiti,3398177,0.9,16
PACE-FLU-SEV,2025/2026,40,45,5,Hospitalizations,State,Ekiti,3398177,0.95,20
PACE-FLU-SEV,2025/2026,40,45,5,Hospitalizations,State,Enugu,5396098,0.05,2
PACE-FLU-SEV,2025/2026,40,45,5,Hospitalizations,State,Enugu,5396098,0.1,3
PACE-FLU-SEV,2025/2026,40,45,5,Hospitalizations,State,Enugu,5396098,0.25,6
PACE-FLU-SEV,2025/2026,40,45,5,Hospitalizations,State,Enugu,5396098,0.5,10
PACE-FLU-SEV,2025/2026,40,45,5,Hospitalizations,State,Enugu,5396098,0.75,17
PACE-FLU-SEV,2025/2026,40,45,5,Hospitalizations,State,Enugu,5396098,0.9,26
PACE-FLU-SEV,2025/2026,40,45,5,Hospitalizations,State,Enugu,5396098,0.95,31
PACE-FLU-SEV,2025/2026,40,45,5,Hospitalizations,State,FCT,4802443,0.05,3
PACE-FLU-SEV,2025/2026,40,45,5,Hospitalizations,State,FCT,4802443,0.1,4
PACE-FLU-SEV,2025/2026,40,45,5,Hospitalizations,State,FCT,4802443,0.25,7
PACE-FLU-SEV,2025/2026,40,45,5,Hospitalizations,State,FCT,4802443,0.5,13
PACE-FLU-SEV,2025/2026,40,45,5,Hospitalizations,State,FCT,4802443,0.75,21
PACE-FLU-SEV,2025/2026,40,45,5,Hospitalizations,State,FCT,4802443,0.9,32
PACE-FLU-SEV,2025/2026,40,45,5,Hospitalizations,State,FCT,4802443,0.95,39.65000000000009
PACE-FLU-SEV,2025/2026,40,45,5,Hospitalizations,State,Gombe,4623462,0.05,1
PACE-FLU-SEV,2025/2026,40,45,5,Hospitalizations,State,Gombe,4623462,0.1,3
PACE-FLU-SEV,2025/2026,40,45,5,Hospitalizations,State,Gombe,4623462,0.25,5
PACE-FLU-SEV,2025/2026,40,45,5,Hospitalizations,State,Gombe,4623462,0.5,8
PACE-FLU-SEV,2025/2026,40,45,5,Hospitalizations,State,Gombe,4623462,0.75,14
PACE-FLU-SEV,2025/2026,40,45,5,Hospitalizations,State,Gombe,4623462,0.9,20
PACE-FLU-SEV,2025/2026,40,45,5,Hospitalizations,State,Gombe,4623462,0.95,25
PACE-FLU-SEV,2025/2026,40,45,5,Hospitalizations,State,Imo,6067722,0.05,3
PACE-FLU-SEV,2025/2026,40,45,5,Hospitalizations,State,Imo,6067722,0.1,4
PACE-FLU-SEV,2025/2026,40,45,5,Hospitalizations,State,Imo,6067722,0.25,7
PACE-FLU-SEV,2025/2026,40,45,5,Hospitalizations,State,Imo,6067722,0.5,12
PACE-FLU-SEV,2025/2026,40,45,5,Hospitalizations,State,Imo,6067722,0.75,20
PACE-FLU-SEV,2025/2026,40,45,5,Hospitalizations,State,Imo,6067722,0.9,30.63333333333344
PACE-FLU-SEV,2025/2026,40,45,5,Hospitalizations,State,Imo,6067722,0.95,38
PACE-FLU-SEV,2025/2026,40,45,5,Hospitalizations,State,Jigawa,6979080,0.05,2
PACE-FLU-SEV,2025/2026,40,45,5,Hospitalizations,State,Jigawa,6979080,0.1,4
PACE-FLU-SEV,2025/2026,40,45,5,Hospitalizations,State,Jigawa,6979080,0.25,7
PACE-FLU-SEV,2025/2026,40,45,5,Hospitalizations,State,Jigawa,6979080,0.5,12
PACE-FLU-SEV,2025/2026,40,45,5,Hospitalizations,State,Jigawa,6979080,0.75,18
PACE-FLU-SEV,2025/2026,40,45,5,Hospitalizations,State,Jigawa,6979080,0.9,28
PACE-FLU-SEV,2025/2026,40,45,5,Hospitalizations,State,Jigawa,6979080,0.95,34
PACE-FLU-SEV,2025/2026,40,45,5,Hospitalizations,State,Kaduna,8324285,0.05,4
PACE-FLU-SEV,2025/2026,40,45,5,Hospitalizations,State,Kaduna,8324285,0.1,5
PACE-FLU-SEV,2025/2026,40,45,5,Hospitalizations,State,Kaduna,8324285,0.25,9
PACE-FLU-SEV,2025/2026,40,45,5,Hospitalizations,State,Kaduna,8324285,0.5,17
PACE-FLU-SEV,2025/2026,40,45,5,Hospitalizations,State,Kaduna,8324285,0.75,26
PACE-FLU-SEV,2025/2026,40,45,5,Hospitalizations,State,Kaduna,8324285,0.9,40
PACE-FLU-SEV,2025/2026,40,45,5,Hospitalizations,State,Kaduna,8324285,0.95,49.65000000000009
PACE-FLU-SEV,2025/2026,40,45,5,Hospitalizations,State,Kano,16253549,0.05,9
PACE-FLU-SEV,2025/2026,40,45,5,Hospitalizations,State,Kano,16253549,0.1,12
PACE-FLU-SEV,2025/2026,40,45,5,Hospitalizations,State,Kano,16253549,0.25,19
PACE-FLU-SEV,2025/2026,40,45,5,Hospitalizations,State,Kano,16253549,0.5,31
PACE-FLU-SEV,2025/2026,40,45,5,Hospitalizations,State,Kano,16253549,0.75,51
PACE-FLU-SEV,2025/2026,40,45,5,Hospitalizations,State,Kano,16253549,0.9,74
PACE-FLU-SEV,2025/2026,40,45,5,Hospitalizations,State,Kano,16253549,0.95,92
PACE-FLU-SEV,2025/2026,40,45,5,Hospitalizations,State,Katsina,9300382,0.05,4
PACE-FLU-SEV,2025/2026,40,45,5,Hospitalizations,State,Katsina,9300382,0.1,5
PACE-FLU-SEV,2025/2026,40,45,5,Hospitalizations,State,Katsina,9300382,0.25,9
PACE-FLU-SEV,2025/2026,40,45,5,Hospitalizations,State,Katsina,9300382,0.5,15
PACE-FLU-SEV,2025/2026,40,45,5,Hospitalizations,State,Katsina,9300382,0.75,24
PACE-FLU-SEV,2025/2026,40,45,5,Hospitalizations,State,Katsina,9300382,0.9,37
PACE-FLU-SEV,2025/2026,40,45,5,Hospitalizations,State,Katsina,9300382,0.95,47
PACE-FLU-SEV,2025/2026,40,45,5,Hospitalizations,State,Kebbi,6001610,0.05,2
PACE-FLU-SEV,2025/2026,40,45,5,Hospitalizations,State,Kebbi,6001610,0.1,3
PACE-FLU-SEV,2025/2026,40,45,5,Hospitalizations,State,Kebbi,6001610,0.25,6
PACE-FLU-SEV,2025/2026,40,45,5,Hospitalizations,State,Kebbi,6001610,0.5,10
PACE-FLU-SEV,2025/2026,40,45,5,Hospitalizations,State,Kebbi,6001610,0.75,16
PACE-FLU-SEV,2025/2026,40,45,5,Hospitalizations,State,Kebbi,6001610,0.9,24
PACE-FLU-SEV,2025/2026,40,45,5,Hospitalizations,State,Kebbi,6001610,0.95,28
PACE-FLU-SEV,2025/2026,40,45,5,Hospitalizations,State,Kogi,5053734,0.05,2
PACE-FLU-SEV,2025/2026,40,45,5,Hospitalizations,State,Kogi,5053734,0.1,3
PACE-FLU-SEV,2025/2026,40,45,5,Hospitalizations,State,Kogi,5053734,0.25,6
PACE-FLU-SEV,2025/2026,40,45,5,Hospitalizations,State,Kogi,5053734,0.5,11
PACE-FLU-SEV,2025/2026,40,45,5,Hospitalizations,State,Kogi,5053734,0.75,17
PACE-FLU-SEV,2025/2026,40,45,5,Hospitalizations,State,Kogi,5053734,0.9,26
PACE-FLU-SEV,2025/2026,40,45,5,Hospitalizations,State,Kogi,5053734,0.95,32
PACE-FLU-SEV,2025/2026,40,45,5,Hospitalizations,State,Kwara,4259613,0.05,2
PACE-FLU-SEV,2025/2026,40,45,5,Hospitalizations,State,Kwara,4259613,0.1,3
PACE-FLU-SEV,2025/2026,40,45,5,Hospitalizations,State,Kwara,4259613,0.25,5
PACE-FLU-SEV,2025/2026,40,45,5,Hospitalizations,State,Kwara,4259613,0.5,9
PACE-FLU-SEV,2025/2026,40,45,5,Hospitalizations,State,Kwara,4259613,0.75,14
PACE-FLU-SEV,2025/2026,40,45,5,Hospitalizations,State,Kwara,4259613,0.9,22
PACE-FLU-SEV,2025/2026,40,45,5,Hospitalizations,State,Kwara,4259613,0.95,28
PACE-FLU-SEV,2025/2026,40,45,5,Hospitalizations,State,Lagos,15772884,0.05,9
PACE-FLU-SEV,2025/2026,40,45,5,Hospitalizations,State,Lagos,15772884,0.1,13
PACE-FLU-SEV,2025/2026,40,45,5,Hospitalizations,State,Lagos,15772884,0.25,22
PACE-FLU-SEV,2025/2026,40,45,5,Hospitalizations,State,Lagos,15772884,0.5,35
PACE-FLU-SEV,2025/2026,40,45,5,Hospitalizations,State,Lagos,15772884,0.75,57
PACE-FLU-SEV,2025/2026,40,45,5,Hospitalizations,State,Lagos,15772884,0.9,85
PACE-FLU-SEV,2025/2026,40,45,5,Hospitalizations,State,Lagos,15772884,0.95,113
PACE-FLU-SEV,2025/2026,40,45,5,Hospitalizations,State,Nasarawa,3632239,0.05,1
PACE-FLU-SEV,2025/2026,40,45,5,Hospitalizations,State,Nasarawa,3632239,0.1,2
PACE-FLU-SEV,2025/2026,40,45,5,Hospitalizations,State,Nasarawa,3632239,0.25,4
PACE-FLU-SEV,2025/2026,40,45,5,Hospitalizations,State,Nasarawa,3632239,0.5,7
PACE-FLU-SEV,2025/2026,40,45,5,Hospitalizations,State,Nasarawa,3632239,0.75,11
PACE-FLU-SEV,2025/2026,40,45,5,Hospitalizations,State,Nasarawa,3632239,0.9,17
PACE-FLU-SEV,2025/2026,40,45,5,Hospitalizations,State,Nasarawa,3632239,0.95,21.65000000000009
PACE-FLU-SEV,2025/2026,40,45,5,Hospitalizations,State,Niger,6720617,0.05,3
PACE-FLU-SEV,2025/2026,40,45,5,Hospitalizations,State,Niger,6720617,0.1,4
PACE-FLU-SEV,2025/2026,40,45,5,Hospitalizations,State,Niger,6720617,0.25,8
PACE-FLU-SEV,2025/2026,40,45,5,Hospitalizations,State,Niger,6720617,0.5,13
PACE-FLU-SEV,2025/2026,40,45,5,Hospitalizations,State,Niger,6720617,0.75,22
PACE-FLU-SEV,2025/2026,40,45,5,Hospitalizations,State,Niger,6720617,0.9,33
PACE-FLU-SEV,2025/2026,40,45,5,Hospitalizations,State,Niger,6720617,0.95,41.65000000000009
PACE-FLU-SEV,2025/2026,40,45,5,Hospitalizations,State,Ogun,6445275,0.05,3
PACE-FLU-SEV,2025/2026,40,45,5,Hospitalizations,State,Ogun,6445275,0.1,4
PACE-FLU-SEV,2025/2026,40,45,5,Hospitalizations,State,Ogun,6445275,0.25,8
PACE-FLU-SEV,2025/2026,40,45,5,Hospitalizations,State,Ogun,6445275,0.5,13
PACE-FLU-SEV,2025/2026,40,45,5,Hospitalizations,State,Ogun,6445275,0.75,21
PACE-FLU-SEV,2025/2026,40,45,5,Hospitalizations,State,Ogun,6445275,0.9,32.63333333333344
PACE-FLU-SEV,2025/2026,40,45,5,Hospitalizations,State,Ogun,6445275,0.95,42
PACE-FLU-SEV,2025/2026,40,45,5,Hospitalizations,State,Ondo,5469707,0.05,2
PACE-FLU-SEV,2025/2026,40,45,5,Hospitalizations,State,Ondo,5469707,0.1,4
PACE-FLU-SEV,2025/2026,40,45,5,Hospitalizations,State,Ondo,5469707,0.25,7
PACE-FLU-SEV,2025/2026,40,45,5,Hospitalizations,State,Ondo,5469707,0.5,11
PACE-FLU-SEV,2025/2026,40,45,5,Hospitalizations,State,Ondo,5469707,0.75,18
PACE-FLU-SEV,2025/2026,40,45,5,Hospitalizations,State,Ondo,5469707,0.9,27
PACE-FLU-SEV,2025/2026,40,45,5,Hospitalizations,State,Ondo,5469707,0.95,33
PACE-FLU-SEV,2025/2026,40,45,5,Hospitalizations,State,Osun,4237396,0.05,2
PACE-FLU-SEV,2025/2026,40,45,5,Hospitalizations,State,Osun,4237396,0.1,3
PACE-FLU-SEV,2025/2026,40,45,5,Hospitalizations,State,Osun,4237396,0.25,5
PACE-FLU-SEV,2025/2026,40,45,5,Hospitalizations,State,Osun,4237396,0.5,8
PACE-FLU-SEV,2025/2026,40,45,5,Hospitalizations,State,Osun,4237396,0.75,14
PACE-FLU-SEV,2025/2026,40,45,5,Hospitalizations,State,Osun,4237396,0.9,21
PACE-FLU-SEV,2025/2026,40,45,5,Hospitalizations,State,Osun,4237396,0.95,27
PACE-FLU-SEV,2025/2026,40,45,5,Hospitalizations,State,Oyo,7512855,0.05,3
PACE-FLU-SEV,2025/2026,40,45,5,Hospitalizations,State,Oyo,7512855,0.1,5
PACE-FLU-SEV,2025/2026,40,45,5,Hospitalizations,State,Oyo,7512855,0.25,9
PACE-FLU-SEV,2025/2026,40,45,5,Hospitalizations,State,Oyo,7512855,0.5,15.500000000000114
PACE-FLU-SEV,2025/2026,40,45,5,Hospitalizations,State,Oyo,7512855,0.75,25
PACE-FLU-SEV,2025/2026,40,45,5,Hospitalizations,State,Oyo,7512855,0.9,39
PACE-FLU-SEV,2025/2026,40,45,5,Hospitalizations,State,Oyo,7512855,0.95,48
PACE-FLU-SEV,2025/2026,40,45,5,Hospitalizations,State,Plateau,5400974,0.05,2
PACE-FLU-SEV,2025/2026,40,45,5,Hospitalizations,State,Plateau,5400974,0.1,3
PACE-FLU-SEV,2025/2026,40,45,5,Hospitalizations,State,Plateau,5400974,0.25,6
PACE-FLU-SEV,2025/2026,40,45,5,Hospitalizations,State,Plateau,5400974,0.5,10
PACE-FLU-SEV,2025/2026,40,45,5,Hospitalizations,State,Plateau,5400974,0.75,16
PACE-FLU-SEV,2025/2026,40,45,5,Hospitalizations,State,Plateau,5400974,0.9,24
PACE-FLU-SEV,2025/2026,40,45,5,Hospitalizations,State,Plateau,5400974,0.95,30
PACE-FLU-SEV,2025/2026,40,45,5,Hospitalizations,State,Rivers,7234973,0.05,3
PACE-FLU-SEV,2025/2026,40,45,5,Hospitalizations,State,Rivers,7234973,0.1,5
PACE-FLU-SEV,2025/2026,40,45,5,Hospitalizations,State,Rivers,7234973,0.25,9
PACE-FLU-SEV,2025/2026,40,45,5,Hospitalizations,State,Rivers,7234973,0.5,14
PACE-FLU-SEV,2025/2026,40,45,5,Hospitalizations,State,Rivers,7234973,0.75,24
PACE-FLU-SEV,2025/2026,40,45,5,Hospitalizations,State,Rivers,7234973,0.9,35
PACE-FLU-SEV,2025/2026,40,45,5,Hospitalizations,State,Rivers,7234973,0.95,43
PACE-FLU-SEV,2025/2026,40,45,5,Hospitalizations,State,Sokoto,6163187,0.05,2
PACE-FLU-SEV,2025/2026,40,45,5,Hospitalizations,State,Sokoto,6163187,0.1,3
PACE-FLU-SEV,2025/2026,40,45,5,Hospitalizations,State,Sokoto,6163187,0.25,6
PACE-FLU-SEV,2025/2026,40,45,5,Hospitalizations,State,Sokoto,6163187,0.5,11
PACE-FLU-SEV,2025/2026,40,45,5,Hospitalizations,State,Sokoto,6163187,0.75,18
PACE-FLU-SEV,2025/2026,40,45,5,Hospitalizations,State,Sokoto,6163187,0.9,27
PACE-FLU-SEV,2025/2026,40,45,5,Hospitalizations,State,Sokoto,6163187,0.95,33
PACE-FLU-SEV,2025/2026,40,45,5,Hospitalizations,State,Taraba,4331885,0.05,1
PACE-FLU-SEV,2025/2026,40,45,5,Hospitalizations,State,Taraba,4331885,0.1,2
PACE-FLU-SEV,2025/2026,40,45,5,Hospitalizations,State,Taraba,4331885,0.25,4
PACE-FLU-SEV,2025/2026,40,45,5,Hospitalizations,State,Taraba,4331885,0.5,8
PACE-FLU-SEV,2025/2026,40,45,5,Hospitalizations,State,Taraba,4331885,0.75,12
PACE-FLU-SEV,2025/2026,40,45,5,Hospitalizations,State,Taraba,4331885,0.9,18
PACE-FLU-SEV,2025/2026,40,45,5,Hospitalizations,State,Taraba,4331885,0.95,23
PACE-FLU-SEV,2025/2026,40,45,5,Hospitalizations,State,Yobe,4350401,0.05,1
PACE-FLU-SEV,2025/2026,40,45,5,Hospitalizations,State,Yobe,4350401,0.1,2
PACE-FLU-SEV,2025/2026,40,45,5,Hospitalizations,State,Yobe,4350401,0.25,4
PACE-FLU-SEV,2025/2026,40,45,5,Hospitalizations,State,Yobe,4350401,0.5,7
PACE-FLU-SEV,2025/2026,40,45,5,Hospitalizations,State,Yobe,4350401,0.75,11
PACE-FLU-SEV,2025/2026,40,45,5,Hospitalizations,State,Yobe,4350401,0.9,17
PACE-FLU-SEV,2025/2026,40,45,5,Hospitalizations,State,Yobe,4350401,0.95,21
PACE-FLU-SEV,2025/2026,40,45,5,Hospitalizations,State,Zamfara,5517793,0.05,2
PACE-FLU-SEV,2025/2026,40,45,5,Hospitalizations,State,Zamfara,5517793,0.1,3
PACE-FLU-SEV,2025/2026,40,45,5,Hospitalizations,State,Zamfara,5517793,0.25,5
PACE-FLU-SEV,2025/2026,40,45,5,Hospitalizations,State,Zamfara,5517793,0.5,9
PACE-FLU-SEV,2025/2026,40,45,5,Hospitalizations,State,Zamfara,5517793,0.75,15
PACE-FLU-SEV,2025/2026,40,45,5,Hospitalizations,State,Zamfara,5517793,0.9,22
PACE-FLU-SEV,2025/2026,40,45,5,Hospitalizations,State,Zamfara,5517793,0.95,28
PACE-FLU-SEV,2025/2026,40,45,5,Hospitalizations,Zone,NC,36557326,0.05,46
PACE-FLU-SEV,2025/2026,40,45,5,Hospitalizations,Zone,NC,36557326,0.1,54
PACE-FLU-SEV,2025/2026,40,45,5,Hospitalizations,Zone,NC,36557326,0.25,69
PACE-FLU-SEV,2025/2026,40,45,5,Hospitalizations,Zone,NC,36557326,0.5,89
PACE-FLU-SEV,2025/2026,40,45,5,Hospitalizations,Zone,NC,36557326,0.75,114
PACE-FLU-SEV,2025/2026,40,45,5,Hospitalizations,Zone,NC,36557326,0.9,142
PACE-FLU-SEV,2025/2026,40,45,5,Hospitalizations,Zone,NC,36557326,0.95,164
PACE-FLU-SEV,2025/2026,40,45,5,Hospitalizations,Zone,NE,32734949,0.05,35
PACE-FLU-SEV,2025/2026,40,45,5,Hospitalizations,Zone,NE,32734949,0.1,41
PACE-FLU-SEV,2025/2026,40,45,5,Hospitalizations,Zone,NE,32734949,0.25,51
PACE-FLU-SEV,2025/2026,40,45,5,Hospitalizations,Zone,NE,32734949,0.5,66
PACE-FLU-SEV,2025/2026,40,45,5,Hospitalizations,Zone,NE,32734949,0.75,84.58333333333326
PACE-FLU-SEV,2025/2026,40,45,5,Hospitalizations,Zone,NE,32734949,0.9,103
PACE-FLU-SEV,2025/2026,40,45,5,Hospitalizations,Zone,NE,32734949,0.95,118
PACE-FLU-SEV,2025/2026,40,45,5,Hospitalizations,Zone,NW,58539886,0.05,65.35000000000001
PACE-FLU-SEV,2025/2026,40,45,5,Hospitalizations,Zone,NW,58539886,0.1,76
PACE-FLU-SEV,2025/2026,40,45,5,Hospitalizations,Zone,NW,58539886,0.25,95
PACE-FLU-SEV,2025/2026,40,45,5,Hospitalizations,Zone,NW,58539886,0.5,121
PACE-FLU-SEV,2025/2026,40,45,5,Hospitalizations,Zone,NW,58539886,0.75,154
PACE-FLU-SEV,2025/2026,40,45,5,Hospitalizations,Zone,NW,58539886,0.9,190.63333333333344
PACE-FLU-SEV,2025/2026,40,45,5,Hospitalizations,Zone,NW,58539886,0.95,216.6500000000001
PACE-FLU-SEV,2025/2026,40,45,5,Hospitalizations,Zone,SE,27612828,0.05,30
PACE-FLU-SEV,2025/2026,40,45,5,Hospitalizations,Zone,SE,27612828,0.1,36
PACE-FLU-SEV,2025/2026,40,45,5,Hospitalizations,Zone,SE,27612828,0.25,46
PACE-FLU-SEV,2025/2026,40,45,5,Hospitalizations,Zone,SE,27612828,0.5,61
PACE-FLU-SEV,2025/2026,40,45,5,Hospitalizations,Zone,SE,27612828,0.75,82
PACE-FLU-SEV,2025/2026,40,45,5,Hospitalizations,Zone,SE,27612828,0.9,107
PACE-FLU-SEV,2025/2026,40,45,5,Hospitalizations,Zone,SE,27612828,0.95,123.65000000000009
PACE-FLU-SEV,2025/2026,40,45,5,Hospitalizations,Zone,SS,31220652,0.05,37
PACE-FLU-SEV,2025/2026,40,45,5,Hospitalizations,Zone,SS,31220652,0.1,42
PACE-FLU-SEV,2025/2026,40,45,5,Hospitalizations,Zone,SS,31220652,0.25,55
PACE-FLU-SEV,2025/2026,40,45,5,Hospitalizations,Zone,SS,31220652,0.5,73
PACE-FLU-SEV,2025/2026,40,45,5,Hospitalizations,Zone,SS,31220652,0.75,94
PACE-FLU-SEV,2025/2026,40,45,5,Hospitalizations,Zone,SS,31220652,0.9,119
PACE-FLU-SEV,2025/2026,40,45,5,Hospitalizations,Zone,SS,31220652,0.95,140
PACE-FLU-SEV,2025/2026,40,45,5,Hospitalizations,Zone,SW,42836294,0.05,53
PACE-FLU-SEV,2025/2026,40,45,5,Hospitalizations,Zone,SW,42836294,0.1,61
PACE-FLU-SEV,2025/2026,40,45,5,Hospitalizations,Zone,SW,42836294,0.25,78
PACE-FLU-SEV,2025/2026,40,45,5,Hospitalizations,Zone,SW,42836294,0.5,102
PACE-FLU-SEV,2025/2026,40,45,5,Hospitalizations,Zone,SW,42836294,0.75,138
PACE-FLU-SEV,2025/2026,40,45,5,Hospitalizations,Zone,SW,42836294,0.9,179
PACE-FLU-SEV,2025/2026,40,45,5,Hospitalizations,Zone,SW,42836294,0.95,200.6500000000001
PACE-FLU-SEV,2025/2026,40,46,6,Hospitalizations,Macro,North,127832161,0.05,187
PACE-FLU-SEV,2025/2026,40,46,6,Hospitalizations,Macro,North,127832161,0.1,211
PACE-FLU-SEV,2025/2026,40,46,6,Hospitalizations,Macro,North,127832161,0.25,250.41666666666669
PACE-FLU-SEV,2025/2026,40,46,6,Hospitalizations,Macro,North,127832161,0.5,310
PACE-FLU-SEV,2025/2026,40,46,6,Hospitalizations,Macro,North,127832161,0.75,382
PACE-FLU-SEV,2025/2026,40,46,6,Hospitalizations,Macro,North,127832161,0.9,458
PACE-FLU-SEV,2025/2026,40,46,6,Hospitalizations,Macro,North,127832161,0.95,513.3000000000002
PACE-FLU-SEV,2025/2026,40,46,6,Hospitalizations,Macro,South,101669774,0.05,153
PACE-FLU-SEV,2025/2026,40,46,6,Hospitalizations,Macro,South,101669774,0.1,169.3666666666667
PACE-FLU-SEV,2025/2026,40,46,6,Hospitalizations,Macro,South,101669774,0.25,211
PACE-FLU-SEV,2025/2026,40,46,6,Hospitalizations,Macro,South,101669774,0.5,264
PACE-FLU-SEV,2025/2026,40,46,6,Hospitalizations,Macro,South,101669774,0.75,334
PACE-FLU-SEV,2025/2026,40,46,6,Hospitalizations,Macro,South,101669774,0.9,415
PACE-FLU-SEV,2025/2026,40,46,6,Hospitalizations,Macro,South,101669774,0.95,471
PACE-FLU-SEV,2025/2026,40,46,6,Hospitalizations,National,Nigeria,229501935,0.05,377
PACE-FLU-SEV,2025/2026,40,46,6,Hospitalizations,National,Nigeria,229501935,0.1,411.3666666666667
PACE-FLU-SEV,2025/2026,40,46,6,Hospitalizations,National,Nigeria,229501935,0.25,480
PACE-FLU-SEV,2025/2026,40,46,6,Hospitalizations,National,Nigeria,229501935,0.5,584
PACE-FLU-SEV,2025/2026,40,46,6,Hospitalizations,National,Nigeria,229501935,0.75,700.5833333333333
PACE-FLU-SEV,2025/2026,40,46,6,Hospitalizations,National,Nigeria,229501935,0.9,834
PACE-FLU-SEV,2025/2026,40,46,6,Hospitalizations,National,Nigeria,229501935,0.95,938
PACE-FLU-SEV,2025/2026,40,46,6,Hospitalizations,State,Abia,4841943,0.05,2
PACE-FLU-SEV,2025/2026,40,46,6,Hospitalizations,State,Abia,4841943,0.1,3
PACE-FLU-SEV,2025/2026,40,46,6,Hospitalizations,State,Abia,4841943,0.25,6
PACE-FLU-SEV,2025/2026,40,46,6,Hospitalizations,State,Abia,4841943,0.5,11
PACE-FLU-SEV,2025/2026,40,46,6,Hospitalizations,State,Abia,4841943,0.75,17
PACE-FLU-SEV,2025/2026,40,46,6,Hospitalizations,State,Abia,4841943,0.9,26
PACE-FLU-SEV,2025/2026,40,46,6,Hospitalizations,State,Abia,4841943,0.95,32
PACE-FLU-SEV,2025/2026,40,46,6,Hospitalizations,State,Adamawa,5236948,0.05,2
PACE-FLU-SEV,2025/2026,40,46,6,Hospitalizations,State,Adamawa,5236948,0.1,3
PACE-FLU-SEV,2025/2026,40,46,6,Hospitalizations,State,Adamawa,5236948,0.25,6
PACE-FLU-SEV,2025/2026,40,46,6,Hospitalizations,State,Adamawa,5236948,0.5,10
PACE-FLU-SEV,2025/2026,40,46,6,Hospitalizations,State,Adamawa,5236948,0.75,17
PACE-FLU-SEV,2025/2026,40,46,6,Hospitalizations,State,Adamawa,5236948,0.9,25
PACE-FLU-SEV,2025/2026,40,46,6,Hospitalizations,State,Adamawa,5236948,0.95,32
PACE-FLU-SEV,2025/2026,40,46,6,Hospitalizations,State,Akwa Ibom,5780581,0.05,3
PACE-FLU-SEV,2025/2026,40,46,6,Hospitalizations,State,Akwa Ibom,5780581,0.1,4
PACE-FLU-SEV,2025/2026,40,46,6,Hospitalizations,State,Akwa Ibom,5780581,0.25,7
PACE-FLU-SEV,2025/2026,40,46,6,Hospitalizations,State,Akwa Ibom,5780581,0.5,12
PACE-FLU-SEV,2025/2026,40,46,6,Hospitalizations,State,Akwa Ibom,5780581,0.75,19
PACE-FLU-SEV,2025/2026,40,46,6,Hospitalizations,State,Akwa Ibom,5780581,0.9,29
PACE-FLU-SEV,2025/2026,40,46,6,Hospitalizations,State,Akwa Ibom,5780581,0.95,37
PACE-FLU-SEV,2025/2026,40,46,6,Hospitalizations,State,Anambra,7299910,0.05,4
PACE-FLU-SEV,2025/2026,40,46,6,Hospitalizations,State,Anambra,7299910,0.1,5
PACE-FLU-SEV,2025/2026,40,46,6,Hospitalizations,State,Anambra,7299910,0.25,9
PACE-FLU-SEV,2025/2026,40,46,6,Hospitalizations,State,Anambra,7299910,0.5,16
PACE-FLU-SEV,2025/2026,40,46,6,Hospitalizations,State,Anambra,7299910,0.75,24.583333333333258
PACE-FLU-SEV,2025/2026,40,46,6,Hospitalizations,State,Anambra,7299910,0.9,37
PACE-FLU-SEV,2025/2026,40,46,6,Hospitalizations,State,Anambra,7299910,0.95,48.65000000000009
PACE-FLU-SEV,2025/2026,40,46,6,Hospitalizations,State,Bauchi,7540663,0.05,3
PACE-FLU-SEV,2025/2026,40,46,6,Hospitalizations,State,Bauchi,7540663,0.1,5
PACE-FLU-SEV,2025/2026,40,46,6,Hospitalizations,State,Bauchi,7540663,0.25,9
PACE-FLU-SEV,2025/2026,40,46,6,Hospitalizations,State,Bauchi,7540663,0.5,14
PACE-FLU-SEV,2025/2026,40,46,6,Hospitalizations,State,Bauchi,7540663,0.75,23
PACE-FLU-SEV,2025/2026,40,46,6,Hospitalizations,State,Bauchi,7540663,0.9,36
PACE-FLU-SEV,2025/2026,40,46,6,Hospitalizations,State,Bauchi,7540663,0.95,46
PACE-FLU-SEV,2025/2026,40,46,6,Hospitalizations,State,Bayelsa,2394725,0.05,1
PACE-FLU-SEV,2025/2026,40,46,6,Hospitalizations,State,Bayelsa,2394725,0.1,1
PACE-FLU-SEV,2025/2026,40,46,6,Hospitalizations,State,Bayelsa,2394725,0.25,3
PACE-FLU-SEV,2025/2026,40,46,6,Hospitalizations,State,Bayelsa,2394725,0.5,5
PACE-FLU-SEV,2025/2026,40,46,6,Hospitalizations,State,Bayelsa,2394725,0.75,9
PACE-FLU-SEV,2025/2026,40,46,6,Hospitalizations,State,Bayelsa,2394725,0.9,13
PACE-FLU-SEV,2025/2026,40,46,6,Hospitalizations,State,Bayelsa,2394725,0.95,17
PACE-FLU-SEV,2025/2026,40,46,6,Hospitalizations,State,Benue,6687706,0.05,3
PACE-FLU-SEV,2025/2026,40,46,6,Hospitalizations,State,Benue,6687706,0.1,5
PACE-FLU-SEV,2025/2026,40,46,6,Hospitalizations,State,Benue,6687706,0.25,9
PACE-FLU-SEV,2025/2026,40,46,6,Hospitalizations,State,Benue,6687706,0.5,15
PACE-FLU-SEV,2025/2026,40,46,6,Hospitalizations,State,Benue,6687706,0.75,25
PACE-FLU-SEV,2025/2026,40,46,6,Hospitalizations,State,Benue,6687706,0.9,38
PACE-FLU-SEV,2025/2026,40,46,6,Hospitalizations,State,Benue,6687706,0.95,48
PACE-FLU-SEV,2025/2026,40,46,6,Hospitalizations,State,Borno,6651590,0.05,2
PACE-FLU-SEV,2025/2026,40,46,6,Hospitalizations,State,Borno,6651590,0.1,3
PACE-FLU-SEV,2025/2026,40,46,6,Hospitalizations,State,Borno,6651590,0.25,6
PACE-FLU-SEV,2025/2026,40,46,6,Hospitalizations,State,Borno,6651590,0.5,12
PACE-FLU-SEV,2025/2026,40,46,6,Hospitalizations,State,Borno,6651590,0.75,19
PACE-FLU-SEV,2025/2026,40,46,6,Hospitalizations,State,Borno,6651590,0.9,28
PACE-FLU-SEV,2025/2026,40,46,6,Hospitalizations,State,Borno,6651590,0.95,36
PACE-FLU-SEV,2025/2026,40,46,6,Hospitalizations,State,Cross River,4175020,0.05,2
PACE-FLU-SEV,2025/2026,40,46,6,Hospitalizations,State,Cross River,4175020,0.1,3
PACE-FLU-SEV,2025/2026,40,46,6,Hospitalizations,State,Cross River,4175020,0.25,5
PACE-FLU-SEV,2025/2026,40,46,6,Hospitalizations,State,Cross River,4175020,0.5,9
PACE-FLU-SEV,2025/2026,40,46,6,Hospitalizations,State,Cross River,4175020,0.75,15
PACE-FLU-SEV,2025/2026,40,46,6,Hospitalizations,State,Cross River,4175020,0.9,24
PACE-FLU-SEV,2025/2026,40,46,6,Hospitalizations,State,Cross River,4175020,0.95,30
PACE-FLU-SEV,2025/2026,40,46,6,Hospitalizations,State,Delta,6107543,0.05,3
PACE-FLU-SEV,2025/2026,40,46,6,Hospitalizations,State,Delta,6107543,0.1,5
PACE-FLU-SEV,2025/2026,40,46,6,Hospitalizations,State,Delta,6107543,0.25,8
PACE-FLU-SEV,2025/2026,40,46,6,Hospitalizations,State,Delta,6107543,0.5,13
PACE-FLU-SEV,2025/2026,40,46,6,Hospitalizations,State,Delta,6107543,0.75,22
PACE-FLU-SEV,2025/2026,40,46,6,Hospitalizations,State,Delta,6107543,0.9,33
PACE-FLU-SEV,2025/2026,40,46,6,Hospitalizations,State,Delta,6107543,0.95,44
PACE-FLU-SEV,2025/2026,40,46,6,Hospitalizations,State,Ebonyi,4007155,0.05,1
PACE-FLU-SEV,2025/2026,40,46,6,Hospitalizations,State,Ebonyi,4007155,0.1,2
PACE-FLU-SEV,2025/2026,40,46,6,Hospitalizations,State,Ebonyi,4007155,0.25,4
PACE-FLU-SEV,2025/2026,40,46,6,Hospitalizations,State,Ebonyi,4007155,0.5,8
PACE-FLU-SEV,2025/2026,40,46,6,Hospitalizations,State,Ebonyi,4007155,0.75,13
PACE-FLU-SEV,2025/2026,40,46,6,Hospitalizations,State,Ebonyi,4007155,0.9,21
PACE-FLU-SEV,2025/2026,40,46,6,Hospitalizations,State,Ebonyi,4007155,0.95,26
PACE-FLU-SEV,2025/2026,40,46,6,Hospitalizations,State,Edo,5527810,0.05,3
PACE-FLU-SEV,2025/2026,40,46,6,Hospitalizations,State,Edo,5527810,0.1,4
PACE-FLU-SEV,2025/2026,40,46,6,Hospitalizations,State,Edo,5527810,0.25,7
PACE-FLU-SEV,2025/2026,40,46,6,Hospitalizations,State,Edo,5527810,0.5,12
PACE-FLU-SEV,2025/2026,40,46,6,Hospitalizations,State,Edo,5527810,0.75,19
PACE-FLU-SEV,2025/2026,40,46,6,Hospitalizations,State,Edo,5527810,0.9,30
PACE-FLU-SEV,2025/2026,40,46,6,Hospitalizations,State,Edo,5527810,0.95,38
PACE-FLU-SEV,2025/2026,40,46,6,Hospitalizations,State,Ekiti,3398177,0.05,1
PACE-FLU-SEV,2025/2026,40,46,6,Hospitalizations,State,Ekiti,3398177,0.1,2
PACE-FLU-SEV,2025/2026,40,46,6,Hospitalizations,State,Ekiti,3398177,0.25,4
PACE-FLU-SEV,2025/2026,40,46,6,Hospitalizations,State,Ekiti,3398177,0.5,7
PACE-FLU-SEV,2025/2026,40,46,6,Hospitalizations,State,Ekiti,3398177,0.75,12
PACE-FLU-SEV,2025/2026,40,46,6,Hospitalizations,State,Ekiti,3398177,0.9,18
PACE-FLU-SEV,2025/2026,40,46,6,Hospitalizations,State,Ekiti,3398177,0.95,23
PACE-FLU-SEV,2025/2026,40,46,6,Hospitalizations,State,Enugu,5396098,0.05,2
PACE-FLU-SEV,2025/2026,40,46,6,Hospitalizations,State,Enugu,5396098,0.1,3
PACE-FLU-SEV,2025/2026,40,46,6,Hospitalizations,State,Enugu,5396098,0.25,7
PACE-FLU-SEV,2025/2026,40,46,6,Hospitalizations,State,Enugu,5396098,0.5,11
PACE-FLU-SEV,2025/2026,40,46,6,Hospitalizations,State,Enugu,5396098,0.75,19
PACE-FLU-SEV,2025/2026,40,46,6,Hospitalizations,State,Enugu,5396098,0.9,28
PACE-FLU-SEV,2025/2026,40,46,6,Hospitalizations,State,Enugu,5396098,0.95,35
PACE-FLU-SEV,2025/2026,40,46,6,Hospitalizations,State,FCT,4802443,0.05,3
PACE-FLU-SEV,2025/2026,40,46,6,Hospitalizations,State,FCT,4802443,0.1,5
PACE-FLU-SEV,2025/2026,40,46,6,Hospitalizations,State,FCT,4802443,0.25,8
PACE-FLU-SEV,2025/2026,40,46,6,Hospitalizations,State,FCT,4802443,0.5,14
PACE-FLU-SEV,2025/2026,40,46,6,Hospitalizations,State,FCT,4802443,0.75,23
PACE-FLU-SEV,2025/2026,40,46,6,Hospitalizations,State,FCT,4802443,0.9,35
PACE-FLU-SEV,2025/2026,40,46,6,Hospitalizations,State,FCT,4802443,0.95,45
PACE-FLU-SEV,2025/2026,40,46,6,Hospitalizations,State,Gombe,4623462,0.05,2
PACE-FLU-SEV,2025/2026,40,46,6,Hospitalizations,State,Gombe,4623462,0.1,3
PACE-FLU-SEV,2025/2026,40,46,6,Hospitalizations,State,Gombe,4623462,0.25,5
PACE-FLU-SEV,2025/2026,40,46,6,Hospitalizations,State,Gombe,4623462,0.5,9
PACE-FLU-SEV,2025/2026,40,46,6,Hospitalizations,State,Gombe,4623462,0.75,15
PACE-FLU-SEV,2025/2026,40,46,6,Hospitalizations,State,Gombe,4623462,0.9,21
PACE-FLU-SEV,2025/2026,40,46,6,Hospitalizations,State,Gombe,4623462,0.95,27
PACE-FLU-SEV,2025/2026,40,46,6,Hospitalizations,State,Imo,6067722,0.05,3
PACE-FLU-SEV,2025/2026,40,46,6,Hospitalizations,State,Imo,6067722,0.1,4
PACE-FLU-SEV,2025/2026,40,46,6,Hospitalizations,State,Imo,6067722,0.25,7
PACE-FLU-SEV,2025/2026,40,46,6,Hospitalizations,State,Imo,6067722,0.5,13
PACE-FLU-SEV,2025/2026,40,46,6,Hospitalizations,State,Imo,6067722,0.75,21
PACE-FLU-SEV,2025/2026,40,46,6,Hospitalizations,State,Imo,6067722,0.9,33
PACE-FLU-SEV,2025/2026,40,46,6,Hospitalizations,State,Imo,6067722,0.95,42
PACE-FLU-SEV,2025/2026,40,46,6,Hospitalizations,State,Jigawa,6979080,0.05,2
PACE-FLU-SEV,2025/2026,40,46,6,Hospitalizations,State,Jigawa,6979080,0.1,4
PACE-FLU-SEV,2025/2026,40,46,6,Hospitalizations,State,Jigawa,6979080,0.25,7
PACE-FLU-SEV,2025/2026,40,46,6,Hospitalizations,State,Jigawa,6979080,0.5,12
PACE-FLU-SEV,2025/2026,40,46,6,Hospitalizations,State,Jigawa,6979080,0.75,20
PACE-FLU-SEV,2025/2026,40,46,6,Hospitalizations,State,Jigawa,6979080,0.9,31
PACE-FLU-SEV,2025/2026,40,46,6,Hospitalizations,State,Jigawa,6979080,0.95,39
PACE-FLU-SEV,2025/2026,40,46,6,Hospitalizations,State,Kaduna,8324285,0.05,4
PACE-FLU-SEV,2025/2026,40,46,6,Hospitalizations,State,Kaduna,8324285,0.1,6
PACE-FLU-SEV,2025/2026,40,46,6,Hospitalizations,State,Kaduna,8324285,0.25,11
PACE-FLU-SEV,2025/2026,40,46,6,Hospitalizations,State,Kaduna,8324285,0.5,18
PACE-FLU-SEV,2025/2026,40,46,6,Hospitalizations,State,Kaduna,8324285,0.75,29
PACE-FLU-SEV,2025/2026,40,46,6,Hospitalizations,State,Kaduna,8324285,0.9,44
PACE-FLU-SEV,2025/2026,40,46,6,Hospitalizations,State,Kaduna,8324285,0.95,56
PACE-FLU-SEV,2025/2026,40,46,6,Hospitalizations,State,Kano,16253549,0.05,9
PACE-FLU-SEV,2025/2026,40,46,6,Hospitalizations,State,Kano,16253549,0.1,13
PACE-FLU-SEV,2025/2026,40,46,6,Hospitalizations,State,Kano,16253549,0.25,21
PACE-FLU-SEV,2025/2026,40,46,6,Hospitalizations,State,Kano,16253549,0.5,34
PACE-FLU-SEV,2025/2026,40,46,6,Hospitalizations,State,Kano,16253549,0.75,55
PACE-FLU-SEV,2025/2026,40,46,6,Hospitalizations,State,Kano,16253549,0.9,84
PACE-FLU-SEV,2025/2026,40,46,6,Hospitalizations,State,Kano,16253549,0.95,106
PACE-FLU-SEV,2025/2026,40,46,6,Hospitalizations,State,Katsina,9300382,0.05,4
PACE-FLU-SEV,2025/2026,40,46,6,Hospitalizations,State,Katsina,9300382,0.1,5
PACE-FLU-SEV,2025/2026,40,46,6,Hospitalizations,State,Katsina,9300382,0.25,9
PACE-FLU-SEV,2025/2026,40,46,6,Hospitalizations,State,Katsina,9300382,0.5,16
PACE-FLU-SEV,2025/2026,40,46,6,Hospitalizations,State,Katsina,9300382,0.75,27
PACE-FLU-SEV,2025/2026,40,46,6,Hospitalizations,State,Katsina,9300382,0.9,39.63333333333344
PACE-FLU-SEV,2025/2026,40,46,6,Hospitalizations,State,Katsina,9300382,0.95,50
PACE-FLU-SEV,2025/2026,40,46,6,Hospitalizations,State,Kebbi,6001610,0.05,2
PACE-FLU-SEV,2025/2026,40,46,6,Hospitalizations,State,Kebbi,6001610,0.1,4
PACE-FLU-SEV,2025/2026,40,46,6,Hospitalizations,State,Kebbi,6001610,0.25,6
PACE-FLU-SEV,2025/2026,40,46,6,Hospitalizations,State,Kebbi,6001610,0.5,11
PACE-FLU-SEV,2025/2026,40,46,6,Hospitalizations,State,Kebbi,6001610,0.75,17
PACE-FLU-SEV,2025/2026,40,46,6,Hospitalizations,State,Kebbi,6001610,0.9,26
PACE-FLU-SEV,2025/2026,40,46,6,Hospitalizations,State,Kebbi,6001610,0.95,34
PACE-FLU-SEV,2025/2026,40,46,6,Hospitalizations,State,Kogi,5053734,0.05,3
PACE-FLU-SEV,2025/2026,40,46,6,Hospitalizations,State,Kogi,5053734,0.1,4
PACE-FLU-SEV,2025/2026,40,46,6,Hospitalizations,State,Kogi,5053734,0.25,7
PACE-FLU-SEV,2025/2026,40,46,6,Hospitalizations,State,Kogi,5053734,0.5,11
PACE-FLU-SEV,2025/2026,40,46,6,Hospitalizations,State,Kogi,5053734,0.75,19
PACE-FLU-SEV,2025/2026,40,46,6,Hospitalizations,State,Kogi,5053734,0.9,29
PACE-FLU-SEV,2025/2026,40,46,6,Hospitalizations,State,Kogi,5053734,0.95,37
PACE-FLU-SEV,2025/2026,40,46,6,Hospitalizations,State,Kwara,4259613,0.05,2
PACE-FLU-SEV,2025/2026,40,46,6,Hospitalizations,State,Kwara,4259613,0.1,3
PACE-FLU-SEV,2025/2026,40,46,6,Hospitalizations,State,Kwara,4259613,0.25,5
PACE-FLU-SEV,2025/2026,40,46,6,Hospitalizations,State,Kwara,4259613,0.5,9
PACE-FLU-SEV,2025/2026,40,46,6,Hospitalizations,State,Kwara,4259613,0.75,15
PACE-FLU-SEV,2025/2026,40,46,6,Hospitalizations,State,Kwara,4259613,0.9,23
PACE-FLU-SEV,2025/2026,40,46,6,Hospitalizations,State,Kwara,4259613,0.95,28
PACE-FLU-SEV,2025/2026,40,46,6,Hospitalizations,State,Lagos,15772884,0.05,11
PACE-FLU-SEV,2025/2026,40,46,6,Hospitalizations,State,Lagos,15772884,0.1,15
PACE-FLU-SEV,2025/2026,40,46,6,Hospitalizations,State,Lagos,15772884,0.25,24
PACE-FLU-SEV,2025/2026,40,46,6,Hospitalizations,State,Lagos,15772884,0.5,39
PACE-FLU-SEV,2025/2026,40,46,6,Hospitalizations,State,Lagos,15772884,0.75,65
PACE-FLU-SEV,2025/2026,40,46,6,Hospitalizations,State,Lagos,15772884,0.9,96
PACE-FLU-SEV,2025/2026,40,46,6,Hospitalizations,State,Lagos,15772884,0.95,127.65000000000009
PACE-FLU-SEV,2025/2026,40,46,6,Hospitalizations,State,Nasarawa,3632239,0.05,2
PACE-FLU-SEV,2025/2026,40,46,6,Hospitalizations,State,Nasarawa,3632239,0.1,2
PACE-FLU-SEV,2025/2026,40,46,6,Hospitalizations,State,Nasarawa,3632239,0.25,4
PACE-FLU-SEV,2025/2026,40,46,6,Hospitalizations,State,Nasarawa,3632239,0.5,8
PACE-FLU-SEV,2025/2026,40,46,6,Hospitalizations,State,Nasarawa,3632239,0.75,13
PACE-FLU-SEV,2025/2026,40,46,6,Hospitalizations,State,Nasarawa,3632239,0.9,20
PACE-FLU-SEV,2025/2026,40,46,6,Hospitalizations,State,Nasarawa,3632239,0.95,24
PACE-FLU-SEV,2025/2026,40,46,6,Hospitalizations,State,Niger,6720617,0.05,3
PACE-FLU-SEV,2025/2026,40,46,6,Hospitalizations,State,Niger,6720617,0.1,5
PACE-FLU-SEV,2025/2026,40,46,6,Hospitalizations,State,Niger,6720617,0.25,8
PACE-FLU-SEV,2025/2026,40,46,6,Hospitalizations,State,Niger,6720617,0.5,14
PACE-FLU-SEV,2025/2026,40,46,6,Hospitalizations,State,Niger,6720617,0.75,24
PACE-FLU-SEV,2025/2026,40,46,6,Hospitalizations,State,Niger,6720617,0.9,37
PACE-FLU-SEV,2025/2026,40,46,6,Hospitalizations,State,Niger,6720617,0.95,46
PACE-FLU-SEV,2025/2026,40,46,6,Hospitalizations,State,Ogun,6445275,0.05,3
PACE-FLU-SEV,2025/2026,40,46,6,Hospitalizations,State,Ogun,6445275,0.1,5
PACE-FLU-SEV,2025/2026,40,46,6,Hospitalizations,State,Ogun,6445275,0.25,8
PACE-FLU-SEV,2025/2026,40,46,6,Hospitalizations,State,Ogun,6445275,0.5,14
PACE-FLU-SEV,2025/2026,40,46,6,Hospitalizations,State,Ogun,6445275,0.75,23
PACE-FLU-SEV,2025/2026,40,46,6,Hospitalizations,State,Ogun,6445275,0.9,35
PACE-FLU-SEV,2025/2026,40,46,6,Hospitalizations,State,Ogun,6445275,0.95,45
PACE-FLU-SEV,2025/2026,40,46,6,Hospitalizations,State,Ondo,5469707,0.05,3
PACE-FLU-SEV,2025/2026,40,46,6,Hospitalizations,State,Ondo,5469707,0.1,4
PACE-FLU-SEV,2025/2026,40,46,6,Hospitalizations,State,Ondo,5469707,0.25,7
PACE-FLU-SEV,2025/2026,40,46,6,Hospitalizations,State,Ondo,5469707,0.5,12
PACE-FLU-SEV,2025/2026,40,46,6,Hospitalizations,State,Ondo,5469707,0.75,20
PACE-FLU-SEV,2025/2026,40,46,6,Hospitalizations,State,Ondo,5469707,0.9,30
PACE-FLU-SEV,2025/2026,40,46,6,Hospitalizations,State,Ondo,5469707,0.95,40
PACE-FLU-SEV,2025/2026,40,46,6,Hospitalizations,State,Osun,4237396,0.05,2
PACE-FLU-SEV,2025/2026,40,46,6,Hospitalizations,State,Osun,4237396,0.1,3
PACE-FLU-SEV,2025/2026,40,46,6,Hospitalizations,State,Osun,4237396,0.25,5
PACE-FLU-SEV,2025/2026,40,46,6,Hospitalizations,State,Osun,4237396,0.5,9
PACE-FLU-SEV,2025/2026,40,46,6,Hospitalizations,State,Osun,4237396,0.75,15
PACE-FLU-SEV,2025/2026,40,46,6,Hospitalizations,State,Osun,4237396,0.9,23
PACE-FLU-SEV,2025/2026,40,46,6,Hospitalizations,State,Osun,4237396,0.95,29
PACE-FLU-SEV,2025/2026,40,46,6,Hospitalizations,State,Oyo,7512855,0.05,4
PACE-FLU-SEV,2025/2026,40,46,6,Hospitalizations,State,Oyo,7512855,0.1,6
PACE-FLU-SEV,2025/2026,40,46,6,Hospitalizations,State,Oyo,7512855,0.25,10
PACE-FLU-SEV,2025/2026,40,46,6,Hospitalizations,State,Oyo,7512855,0.5,17
PACE-FLU-SEV,2025/2026,40,46,6,Hospitalizations,State,Oyo,7512855,0.75,27
PACE-FLU-SEV,2025/2026,40,46,6,Hospitalizations,State,Oyo,7512855,0.9,42
PACE-FLU-SEV,2025/2026,40,46,6,Hospitalizations,State,Oyo,7512855,0.95,53
PACE-FLU-SEV,2025/2026,40,46,6,Hospitalizations,State,Plateau,5400974,0.05,2
PACE-FLU-SEV,2025/2026,40,46,6,Hospitalizations,State,Plateau,5400974,0.1,4
PACE-FLU-SEV,2025/2026,40,46,6,Hospitalizations,State,Plateau,5400974,0.25,6
PACE-FLU-SEV,2025/2026,40,46,6,Hospitalizations,State,Plateau,5400974,0.5,11
PACE-FLU-SEV,2025/2026,40,46,6,Hospitalizations,State,Plateau,5400974,0.75,18
PACE-FLU-SEV,2025/2026,40,46,6,Hospitalizations,State,Plateau,5400974,0.9,28
PACE-FLU-SEV,2025/2026,40,46,6,Hospitalizations,State,Plateau,5400974,0.95,36
PACE-FLU-SEV,2025/2026,40,46,6,Hospitalizations,State,Rivers,7234973,0.05,4
PACE-FLU-SEV,2025/2026,40,46,6,Hospitalizations,State,Rivers,7234973,0.1,6
PACE-FLU-SEV,2025/2026,40,46,6,Hospitalizations,State,Rivers,7234973,0.25,9
PACE-FLU-SEV,2025/2026,40,46,6,Hospitalizations,State,Rivers,7234973,0.5,16
PACE-FLU-SEV,2025/2026,40,46,6,Hospitalizations,State,Rivers,7234973,0.75,26
PACE-FLU-SEV,2025/2026,40,46,6,Hospitalizations,State,Rivers,7234973,0.9,38
PACE-FLU-SEV,2025/2026,40,46,6,Hospitalizations,State,Rivers,7234973,0.95,48
PACE-FLU-SEV,2025/2026,40,46,6,Hospitalizations,State,Sokoto,6163187,0.05,3
PACE-FLU-SEV,2025/2026,40,46,6,Hospitalizations,State,Sokoto,6163187,0.1,4
PACE-FLU-SEV,2025/2026,40,46,6,Hospitalizations,State,Sokoto,6163187,0.25,7
PACE-FLU-SEV,2025/2026,40,46,6,Hospitalizations,State,Sokoto,6163187,0.5,12
PACE-FLU-SEV,2025/2026,40,46,6,Hospitalizations,State,Sokoto,6163187,0.75,20
PACE-FLU-SEV,2025/2026,40,46,6,Hospitalizations,State,Sokoto,6163187,0.9,30
PACE-FLU-SEV,2025/2026,40,46,6,Hospitalizations,State,Sokoto,6163187,0.95,39
PACE-FLU-SEV,2025/2026,40,46,6,Hospitalizations,State,Taraba,4331885,0.05,2
PACE-FLU-SEV,2025/2026,40,46,6,Hospitalizations,State,Taraba,4331885,0.1,2
PACE-FLU-SEV,2025/2026,40,46,6,Hospitalizations,State,Taraba,4331885,0.25,5
PACE-FLU-SEV,2025/2026,40,46,6,Hospitalizations,State,Taraba,4331885,0.5,9
PACE-FLU-SEV,2025/2026,40,46,6,Hospitalizations,State,Taraba,4331885,0.75,14
PACE-FLU-SEV,2025/2026,40,46,6,Hospitalizations,State,Taraba,4331885,0.9,22
PACE-FLU-SEV,2025/2026,40,46,6,Hospitalizations,State,Taraba,4331885,0.95,28
PACE-FLU-SEV,2025/2026,40,46,6,Hospitalizations,State,Yobe,4350401,0.05,1
PACE-FLU-SEV,2025/2026,40,46,6,Hospitalizations,State,Yobe,4350401,0.1,2
PACE-FLU-SEV,2025/2026,40,46,6,Hospitalizations,State,Yobe,4350401,0.25,4
PACE-FLU-SEV,2025/2026,40,46,6,Hospitalizations,State,Yobe,4350401,0.5,7
PACE-FLU-SEV,2025/2026,40,46,6,Hospitalizations,State,Yobe,4350401,0.75,12
PACE-FLU-SEV,2025/2026,40,46,6,Hospitalizations,State,Yobe,4350401,0.9,19
PACE-FLU-SEV,2025/2026,40,46,6,Hospitalizations,State,Yobe,4350401,0.95,24
PACE-FLU-SEV,2025/2026,40,46,6,Hospitalizations,State,Zamfara,5517793,0.05,2
PACE-FLU-SEV,2025/2026,40,46,6,Hospitalizations,State,Zamfara,5517793,0.1,3
PACE-FLU-SEV,2025/2026,40,46,6,Hospitalizations,State,Zamfara,5517793,0.25,6
PACE-FLU-SEV,2025/2026,40,46,6,Hospitalizations,State,Zamfara,5517793,0.5,10
PACE-FLU-SEV,2025/2026,40,46,6,Hospitalizations,State,Zamfara,5517793,0.75,17
PACE-FLU-SEV,2025/2026,40,46,6,Hospitalizations,State,Zamfara,5517793,0.9,26
PACE-FLU-SEV,2025/2026,40,46,6,Hospitalizations,State,Zamfara,5517793,0.95,33
PACE-FLU-SEV,2025/2026,40,46,6,Hospitalizations,Zone,NC,36557326,0.05,51
PACE-FLU-SEV,2025/2026,40,46,6,Hospitalizations,Zone,NC,36557326,0.1,58
PACE-FLU-SEV,2025/2026,40,46,6,Hospitalizations,Zone,NC,36557326,0.25,75
PACE-FLU-SEV,2025/2026,40,46,6,Hospitalizations,Zone,NC,36557326,0.5,97
PACE-FLU-SEV,2025/2026,40,46,6,Hospitalizations,Zone,NC,36557326,0.75,127
PACE-FLU-SEV,2025/2026,40,46,6,Hospitalizations,Zone,NC,36557326,0.9,162
PACE-FLU-SEV,2025/2026,40,46,6,Hospitalizations,Zone,NC,36557326,0.95,184
PACE-FLU-SEV,2025/2026,40,46,6,Hospitalizations,Zone,NE,32734949,0.05,35
PACE-FLU-SEV,2025/2026,40,46,6,Hospitalizations,Zone,NE,32734949,0.1,42
PACE-FLU-SEV,2025/2026,40,46,6,Hospitalizations,Zone,NE,32734949,0.25,54
PACE-FLU-SEV,2025/2026,40,46,6,Hospitalizations,Zone,NE,32734949,0.5,72
PACE-FLU-SEV,2025/2026,40,46,6,Hospitalizations,Zone,NE,32734949,0.75,93
PACE-FLU-SEV,2025/2026,40,46,6,Hospitalizations,Zone,NE,32734949,0.9,117
PACE-FLU-SEV,2025/2026,40,46,6,Hospitalizations,Zone,NE,32734949,0.95,134
PACE-FLU-SEV,2025/2026,40,46,6,Hospitalizations,Zone,NW,58539886,0.05,68
PACE-FLU-SEV,2025/2026,40,46,6,Hospitalizations,Zone,NW,58539886,0.1,79.3666666666667
PACE-FLU-SEV,2025/2026,40,46,6,Hospitalizations,Zone,NW,58539886,0.25,102
PACE-FLU-SEV,2025/2026,40,46,6,Hospitalizations,Zone,NW,58539886,0.5,133
PACE-FLU-SEV,2025/2026,40,46,6,Hospitalizations,Zone,NW,58539886,0.75,172
PACE-FLU-SEV,2025/2026,40,46,6,Hospitalizations,Zone,NW,58539886,0.9,221.63333333333344
PACE-FLU-SEV,2025/2026,40,46,6,Hospitalizations,Zone,NW,58539886,0.95,255.6500000000001
PACE-FLU-SEV,2025/2026,40,46,6,Hospitalizations,Zone,SE,27612828,0.05,32
PACE-FLU-SEV,2025/2026,40,46,6,Hospitalizations,Zone,SE,27612828,0.1,38
PACE-FLU-SEV,2025/2026,40,46,6,Hospitalizations,Zone,SE,27612828,0.25,51
PACE-FLU-SEV,2025/2026,40,46,6,Hospitalizations,Zone,SE,27612828,0.5,66
PACE-FLU-SEV,2025/2026,40,46,6,Hospitalizations,Zone,SE,27612828,0.75,90
PACE-FLU-SEV,2025/2026,40,46,6,Hospitalizations,Zone,SE,27612828,0.9,114
PACE-FLU-SEV,2025/2026,40,46,6,Hospitalizations,Zone,SE,27612828,0.95,135
PACE-FLU-SEV,2025/2026,40,46,6,Hospitalizations,Zone,SS,31220652,0.05,39
PACE-FLU-SEV,2025/2026,40,46,6,Hospitalizations,Zone,SS,31220652,0.1,45.3666666666667
PACE-FLU-SEV,2025/2026,40,46,6,Hospitalizations,Zone,SS,31220652,0.25,58
PACE-FLU-SEV,2025/2026,40,46,6,Hospitalizations,Zone,SS,31220652,0.5,79
PACE-FLU-SEV,2025/2026,40,46,6,Hospitalizations,Zone,SS,31220652,0.75,102
PACE-FLU-SEV,2025/2026,40,46,6,Hospitalizations,Zone,SS,31220652,0.9,131
PACE-FLU-SEV,2025/2026,40,46,6,Hospitalizations,Zone,SS,31220652,0.95,151
PACE-FLU-SEV,2025/2026,40,46,6,Hospitalizations,Zone,SW,42836294,0.05,56
PACE-FLU-SEV,2025/2026,40,46,6,Hospitalizations,Zone,SW,42836294,0.1,65
PACE-FLU-SEV,2025/2026,40,46,6,Hospitalizations,Zone,SW,42836294,0.25,84
PACE-FLU-SEV,2025/2026,40,46,6,Hospitalizations,Zone,SW,42836294,0.5,113
PACE-FLU-SEV,2025/2026,40,46,6,Hospitalizations,Zone,SW,42836294,0.75,151
PACE-FLU-SEV,2025/2026,40,46,6,Hospitalizations,Zone,SW,42836294,0.9,197
PACE-FLU-SEV,2025/2026,40,46,6,Hospitalizations,Zone,SW,42836294,0.95,235
PACE-FLU-SEV,2025/2026,40,47,7,Hospitalizations,Macro,North,127832161,0.05,206
PACE-FLU-SEV,2025/2026,40,47,7,Hospitalizations,Macro,North,127832161,0.1,230.3666666666667
PACE-FLU-SEV,2025/2026,40,47,7,Hospitalizations,Macro,North,127832161,0.25,274
PACE-FLU-SEV,2025/2026,40,47,7,Hospitalizations,Macro,North,127832161,0.5,339
PACE-FLU-SEV,2025/2026,40,47,7,Hospitalizations,Macro,North,127832161,0.75,420
PACE-FLU-SEV,2025/2026,40,47,7,Hospitalizations,Macro,North,127832161,0.9,509
PACE-FLU-SEV,2025/2026,40,47,7,Hospitalizations,Macro,North,127832161,0.95,577.6500000000001
PACE-FLU-SEV,2025/2026,40,47,7,Hospitalizations,Macro,South,101669774,0.05,156.35000000000002
PACE-FLU-SEV,2025/2026,40,47,7,Hospitalizations,Macro,South,101669774,0.1,180.3666666666667
PACE-FLU-SEV,2025/2026,40,47,7,Hospitalizations,Macro,South,101669774,0.25,220.41666666666669
PACE-FLU-SEV,2025/2026,40,47,7,Hospitalizations,Macro,South,101669774,0.5,280
PACE-FLU-SEV,2025/2026,40,47,7,Hospitalizations,Macro,South,101669774,0.75,362
PACE-FLU-SEV,2025/2026,40,47,7,Hospitalizations,Macro,South,101669774,0.9,464
PACE-FLU-SEV,2025/2026,40,47,7,Hospitalizations,Macro,South,101669774,0.95,535
PACE-FLU-SEV,2025/2026,40,47,7,Hospitalizations,National,Nigeria,229501935,0.05,398
PACE-FLU-SEV,2025/2026,40,47,7,Hospitalizations,National,Nigeria,229501935,0.1,439
PACE-FLU-SEV,2025/2026,40,47,7,Hospitalizations,National,Nigeria,229501935,0.25,518
PACE-FLU-SEV,2025/2026,40,47,7,Hospitalizations,National,Nigeria,229501935,0.5,624
PACE-FLU-SEV,2025/2026,40,47,7,Hospitalizations,National,Nigeria,229501935,0.75,765
PACE-FLU-SEV,2025/2026,40,47,7,Hospitalizations,National,Nigeria,229501935,0.9,938
PACE-FLU-SEV,2025/2026,40,47,7,Hospitalizations,National,Nigeria,229501935,0.95,1048.3000000000002
PACE-FLU-SEV,2025/2026,40,47,7,Hospitalizations,State,Abia,4841943,0.05,2
PACE-FLU-SEV,2025/2026,40,47,7,Hospitalizations,State,Abia,4841943,0.1,4
PACE-FLU-SEV,2025/2026,40,47,7,Hospitalizations,State,Abia,4841943,0.25,6
PACE-FLU-SEV,2025/2026,40,47,7,Hospitalizations,State,Abia,4841943,0.5,11
PACE-FLU-SEV,2025/2026,40,47,7,Hospitalizations,State,Abia,4841943,0.75,19
PACE-FLU-SEV,2025/2026,40,47,7,Hospitalizations,State,Abia,4841943,0.9,28
PACE-FLU-SEV,2025/2026,40,47,7,Hospitalizations,State,Abia,4841943,0.95,36
PACE-FLU-SEV,2025/2026,40,47,7,Hospitalizations,State,Adamawa,5236948,0.05,2
PACE-FLU-SEV,2025/2026,40,47,7,Hospitalizations,State,Adamawa,5236948,0.1,3.3666666666667027
PACE-FLU-SEV,2025/2026,40,47,7,Hospitalizations,State,Adamawa,5236948,0.25,6
PACE-FLU-SEV,2025/2026,40,47,7,Hospitalizations,State,Adamawa,5236948,0.5,11
PACE-FLU-SEV,2025/2026,40,47,7,Hospitalizations,State,Adamawa,5236948,0.75,19
PACE-FLU-SEV,2025/2026,40,47,7,Hospitalizations,State,Adamawa,5236948,0.9,28
PACE-FLU-SEV,2025/2026,40,47,7,Hospitalizations,State,Adamawa,5236948,0.95,36
PACE-FLU-SEV,2025/2026,40,47,7,Hospitalizations,State,Akwa Ibom,5780581,0.05,3
PACE-FLU-SEV,2025/2026,40,47,7,Hospitalizations,State,Akwa Ibom,5780581,0.1,4
PACE-FLU-SEV,2025/2026,40,47,7,Hospitalizations,State,Akwa Ibom,5780581,0.25,8
PACE-FLU-SEV,2025/2026,40,47,7,Hospitalizations,State,Akwa Ibom,5780581,0.5,13
PACE-FLU-SEV,2025/2026,40,47,7,Hospitalizations,State,Akwa Ibom,5780581,0.75,21
PACE-FLU-SEV,2025/2026,40,47,7,Hospitalizations,State,Akwa Ibom,5780581,0.9,32
PACE-FLU-SEV,2025/2026,40,47,7,Hospitalizations,State,Akwa Ibom,5780581,0.95,43.65000000000009
PACE-FLU-SEV,2025/2026,40,47,7,Hospitalizations,State,Anambra,7299910,0.05,3
PACE-FLU-SEV,2025/2026,40,47,7,Hospitalizations,State,Anambra,7299910,0.1,5
PACE-FLU-SEV,2025/2026,40,47,7,Hospitalizations,State,Anambra,7299910,0.25,9
PACE-FLU-SEV,2025/2026,40,47,7,Hospitalizations,State,Anambra,7299910,0.5,16
PACE-FLU-SEV,2025/2026,40,47,7,Hospitalizations,State,Anambra,7299910,0.75,27
PACE-FLU-SEV,2025/2026,40,47,7,Hospitalizations,State,Anambra,7299910,0.9,41
PACE-FLU-SEV,2025/2026,40,47,7,Hospitalizations,State,Anambra,7299910,0.95,53
PACE-FLU-SEV,2025/2026,40,47,7,Hospitalizations,State,Bauchi,7540663,0.05,4
PACE-FLU-SEV,2025/2026,40,47,7,Hospitalizations,State,Bauchi,7540663,0.1,5
PACE-FLU-SEV,2025/2026,40,47,7,Hospitalizations,State,Bauchi,7540663,0.25,9
PACE-FLU-SEV,2025/2026,40,47,7,Hospitalizations,State,Bauchi,7540663,0.5,16
PACE-FLU-SEV,2025/2026,40,47,7,Hospitalizations,State,Bauchi,7540663,0.75,26
PACE-FLU-SEV,2025/2026,40,47,7,Hospitalizations,State,Bauchi,7540663,0.9,38
PACE-FLU-SEV,2025/2026,40,47,7,Hospitalizations,State,Bauchi,7540663,0.95,47
PACE-FLU-SEV,2025/2026,40,47,7,Hospitalizations,State,Bayelsa,2394725,0.05,1
PACE-FLU-SEV,2025/2026,40,47,7,Hospitalizations,State,Bayelsa,2394725,0.1,1
PACE-FLU-SEV,2025/2026,40,47,7,Hospitalizations,State,Bayelsa,2394725,0.25,3
PACE-FLU-SEV,2025/2026,40,47,7,Hospitalizations,State,Bayelsa,2394725,0.5,5
PACE-FLU-SEV,2025/2026,40,47,7,Hospitalizations,State,Bayelsa,2394725,0.75,9
PACE-FLU-SEV,2025/2026,40,47,7,Hospitalizations,State,Bayelsa,2394725,0.9,14
PACE-FLU-SEV,2025/2026,40,47,7,Hospitalizations,State,Bayelsa,2394725,0.95,18
PACE-FLU-SEV,2025/2026,40,47,7,Hospitalizations,State,Benue,6687706,0.05,4
PACE-FLU-SEV,2025/2026,40,47,7,Hospitalizations,State,Benue,6687706,0.1,6
PACE-FLU-SEV,2025/2026,40,47,7,Hospitalizations,State,Benue,6687706,0.25,10
PACE-FLU-SEV,2025/2026,40,47,7,Hospitalizations,State,Benue,6687706,0.5,16
PACE-FLU-SEV,2025/2026,40,47,7,Hospitalizations,State,Benue,6687706,0.75,26
PACE-FLU-SEV,2025/2026,40,47,7,Hospitalizations,State,Benue,6687706,0.9,40
PACE-FLU-SEV,2025/2026,40,47,7,Hospitalizations,State,Benue,6687706,0.95,49
PACE-FLU-SEV,2025/2026,40,47,7,Hospitalizations,State,Borno,6651590,0.05,3
PACE-FLU-SEV,2025/2026,40,47,7,Hospitalizations,State,Borno,6651590,0.1,4
PACE-FLU-SEV,2025/2026,40,47,7,Hospitalizations,State,Borno,6651590,0.25,8
PACE-FLU-SEV,2025/2026,40,47,7,Hospitalizations,State,Borno,6651590,0.5,13
PACE-FLU-SEV,2025/2026,40,47,7,Hospitalizations,State,Borno,6651590,0.75,21
PACE-FLU-SEV,2025/2026,40,47,7,Hospitalizations,State,Borno,6651590,0.9,33
PACE-FLU-SEV,2025/2026,40,47,7,Hospitalizations,State,Borno,6651590,0.95,41
PACE-FLU-SEV,2025/2026,40,47,7,Hospitalizations,State,Cross River,4175020,0.05,2
PACE-FLU-SEV,2025/2026,40,47,7,Hospitalizations,State,Cross River,4175020,0.1,3
PACE-FLU-SEV,2025/2026,40,47,7,Hospitalizations,State,Cross River,4175020,0.25,5
PACE-FLU-SEV,2025/2026,40,47,7,Hospitalizations,State,Cross River,4175020,0.5,10
PACE-FLU-SEV,2025/2026,40,47,7,Hospitalizations,State,Cross River,4175020,0.75,16
PACE-FLU-SEV,2025/2026,40,47,7,Hospitalizations,State,Cross River,4175020,0.9,25
PACE-FLU-SEV,2025/2026,40,47,7,Hospitalizations,State,Cross River,4175020,0.95,30.65000000000009
PACE-FLU-SEV,2025/2026,40,47,7,Hospitalizations,State,Delta,6107543,0.05,3
PACE-FLU-SEV,2025/2026,40,47,7,Hospitalizations,State,Delta,6107543,0.1,5
PACE-FLU-SEV,2025/2026,40,47,7,Hospitalizations,State,Delta,6107543,0.25,9
PACE-FLU-SEV,2025/2026,40,47,7,Hospitalizations,State,Delta,6107543,0.5,14
PACE-FLU-SEV,2025/2026,40,47,7,Hospitalizations,State,Delta,6107543,0.75,24
PACE-FLU-SEV,2025/2026,40,47,7,Hospitalizations,State,Delta,6107543,0.9,37
PACE-FLU-SEV,2025/2026,40,47,7,Hospitalizations,State,Delta,6107543,0.95,47
PACE-FLU-SEV,2025/2026,40,47,7,Hospitalizations,State,Ebonyi,4007155,0.05,2
PACE-FLU-SEV,2025/2026,40,47,7,Hospitalizations,State,Ebonyi,4007155,0.1,2
PACE-FLU-SEV,2025/2026,40,47,7,Hospitalizations,State,Ebonyi,4007155,0.25,5
PACE-FLU-SEV,2025/2026,40,47,7,Hospitalizations,State,Ebonyi,4007155,0.5,8
PACE-FLU-SEV,2025/2026,40,47,7,Hospitalizations,State,Ebonyi,4007155,0.75,14
PACE-FLU-SEV,2025/2026,40,47,7,Hospitalizations,State,Ebonyi,4007155,0.9,22
PACE-FLU-SEV,2025/2026,40,47,7,Hospitalizations,State,Ebonyi,4007155,0.95,28
PACE-FLU-SEV,2025/2026,40,47,7,Hospitalizations,State,Edo,5527810,0.05,3
PACE-FLU-SEV,2025/2026,40,47,7,Hospitalizations,State,Edo,5527810,0.1,4
PACE-FLU-SEV,2025/2026,40,47,7,Hospitalizations,State,Edo,5527810,0.25,7
PACE-FLU-SEV,2025/2026,40,47,7,Hospitalizations,State,Edo,5527810,0.5,13
PACE-FLU-SEV,2025/2026,40,47,7,Hospitalizations,State,Edo,5527810,0.75,21
PACE-FLU-SEV,2025/2026,40,47,7,Hospitalizations,State,Edo,5527810,0.9,32
PACE-FLU-SEV,2025/2026,40,47,7,Hospitalizations,State,Edo,5527810,0.95,42
PACE-FLU-SEV,2025/2026,40,47,7,Hospitalizations,State,Ekiti,3398177,0.05,1
PACE-FLU-SEV,2025/2026,40,47,7,Hospitalizations,State,Ekiti,3398177,0.1,2
PACE-FLU-SEV,2025/2026,40,47,7,Hospitalizations,State,Ekiti,3398177,0.25,4
PACE-FLU-SEV,2025/2026,40,47,7,Hospitalizations,State,Ekiti,3398177,0.5,8
PACE-FLU-SEV,2025/2026,40,47,7,Hospitalizations,State,Ekiti,3398177,0.75,13
PACE-FLU-SEV,2025/2026,40,47,7,Hospitalizations,State,Ekiti,3398177,0.9,19.63333333333344
PACE-FLU-SEV,2025/2026,40,47,7,Hospitalizations,State,Ekiti,3398177,0.95,25
PACE-FLU-SEV,2025/2026,40,47,7,Hospitalizations,State,Enugu,5396098,0.05,2
PACE-FLU-SEV,2025/2026,40,47,7,Hospitalizations,State,Enugu,5396098,0.1,4
PACE-FLU-SEV,2025/2026,40,47,7,Hospitalizations,State,Enugu,5396098,0.25,7
PACE-FLU-SEV,2025/2026,40,47,7,Hospitalizations,State,Enugu,5396098,0.5,12
PACE-FLU-SEV,2025/2026,40,47,7,Hospitalizations,State,Enugu,5396098,0.75,20
PACE-FLU-SEV,2025/2026,40,47,7,Hospitalizations,State,Enugu,5396098,0.9,31
PACE-FLU-SEV,2025/2026,40,47,7,Hospitalizations,State,Enugu,5396098,0.95,39
PACE-FLU-SEV,2025/2026,40,47,7,Hospitalizations,State,FCT,4802443,0.05,4
PACE-FLU-SEV,2025/2026,40,47,7,Hospitalizations,State,FCT,4802443,0.1,5
PACE-FLU-SEV,2025/2026,40,47,7,Hospitalizations,State,FCT,4802443,0.25,9
PACE-FLU-SEV,2025/2026,40,47,7,Hospitalizations,State,FCT,4802443,0.5,15
PACE-FLU-SEV,2025/2026,40,47,7,Hospitalizations,State,FCT,4802443,0.75,24
PACE-FLU-SEV,2025/2026,40,47,7,Hospitalizations,State,FCT,4802443,0.9,38
PACE-FLU-SEV,2025/2026,40,47,7,Hospitalizations,State,FCT,4802443,0.95,48
PACE-FLU-SEV,2025/2026,40,47,7,Hospitalizations,State,Gombe,4623462,0.05,2
PACE-FLU-SEV,2025/2026,40,47,7,Hospitalizations,State,Gombe,4623462,0.1,3
PACE-FLU-SEV,2025/2026,40,47,7,Hospitalizations,State,Gombe,4623462,0.25,6
PACE-FLU-SEV,2025/2026,40,47,7,Hospitalizations,State,Gombe,4623462,0.5,10
PACE-FLU-SEV,2025/2026,40,47,7,Hospitalizations,State,Gombe,4623462,0.75,17
PACE-FLU-SEV,2025/2026,40,47,7,Hospitalizations,State,Gombe,4623462,0.9,25.63333333333344
PACE-FLU-SEV,2025/2026,40,47,7,Hospitalizations,State,Gombe,4623462,0.95,31.65000000000009
PACE-FLU-SEV,2025/2026,40,47,7,Hospitalizations,State,Imo,6067722,0.05,3
PACE-FLU-SEV,2025/2026,40,47,7,Hospitalizations,State,Imo,6067722,0.1,5
PACE-FLU-SEV,2025/2026,40,47,7,Hospitalizations,State,Imo,6067722,0.25,8
PACE-FLU-SEV,2025/2026,40,47,7,Hospitalizations,State,Imo,6067722,0.5,14
PACE-FLU-SEV,2025/2026,40,47,7,Hospitalizations,State,Imo,6067722,0.75,23
PACE-FLU-SEV,2025/2026,40,47,7,Hospitalizations,State,Imo,6067722,0.9,33
PACE-FLU-SEV,2025/2026,40,47,7,Hospitalizations,State,Imo,6067722,0.95,45
PACE-FLU-SEV,2025/2026,40,47,7,Hospitalizations,State,Jigawa,6979080,0.05,3
PACE-FLU-SEV,2025/2026,40,47,7,Hospitalizations,State,Jigawa,6979080,0.1,4
PACE-FLU-SEV,2025/2026,40,47,7,Hospitalizations,State,Jigawa,6979080,0.25,8
PACE-FLU-SEV,2025/2026,40,47,7,Hospitalizations,State,Jigawa,6979080,0.5,13
PACE-FLU-SEV,2025/2026,40,47,7,Hospitalizations,State,Jigawa,6979080,0.75,22
PACE-FLU-SEV,2025/2026,40,47,7,Hospitalizations,State,Jigawa,6979080,0.9,34
PACE-FLU-SEV,2025/2026,40,47,7,Hospitalizations,State,Jigawa,6979080,0.95,43
PACE-FLU-SEV,2025/2026,40,47,7,Hospitalizations,State,Kaduna,8324285,0.05,5
PACE-FLU-SEV,2025/2026,40,47,7,Hospitalizations,State,Kaduna,8324285,0.1,7
PACE-FLU-SEV,2025/2026,40,47,7,Hospitalizations,State,Kaduna,8324285,0.25,12
PACE-FLU-SEV,2025/2026,40,47,7,Hospitalizations,State,Kaduna,8324285,0.5,20
PACE-FLU-SEV,2025/2026,40,47,7,Hospitalizations,State,Kaduna,8324285,0.75,34
PACE-FLU-SEV,2025/2026,40,47,7,Hospitalizations,State,Kaduna,8324285,0.9,52
PACE-FLU-SEV,2025/2026,40,47,7,Hospitalizations,State,Kaduna,8324285,0.95,67
PACE-FLU-SEV,2025/2026,40,47,7,Hospitalizations,State,Kano,16253549,0.05,10
PACE-FLU-SEV,2025/2026,40,47,7,Hospitalizations,State,Kano,16253549,0.1,14
PACE-FLU-SEV,2025/2026,40,47,7,Hospitalizations,State,Kano,16253549,0.25,24
PACE-FLU-SEV,2025/2026,40,47,7,Hospitalizations,State,Kano,16253549,0.5,38
PACE-FLU-SEV,2025/2026,40,47,7,Hospitalizations,State,Kano,16253549,0.75,62
PACE-FLU-SEV,2025/2026,40,47,7,Hospitalizations,State,Kano,16253549,0.9,95
PACE-FLU-SEV,2025/2026,40,47,7,Hospitalizations,State,Kano,16253549,0.95,124
PACE-FLU-SEV,2025/2026,40,47,7,Hospitalizations,State,Katsina,9300382,0.05,4
PACE-FLU-SEV,2025/2026,40,47,7,Hospitalizations,State,Katsina,9300382,0.1,6
PACE-FLU-SEV,2025/2026,40,47,7,Hospitalizations,State,Katsina,9300382,0.25,11
PACE-FLU-SEV,2025/2026,40,47,7,Hospitalizations,State,Katsina,9300382,0.5,18
PACE-FLU-SEV,2025/2026,40,47,7,Hospitalizations,State,Katsina,9300382,0.75,29
PACE-FLU-SEV,2025/2026,40,47,7,Hospitalizations,State,Katsina,9300382,0.9,46
PACE-FLU-SEV,2025/2026,40,47,7,Hospitalizations,State,Katsina,9300382,0.95,59
PACE-FLU-SEV,2025/2026,40,47,7,Hospitalizations,State,Kebbi,6001610,0.05,3
PACE-FLU-SEV,2025/2026,40,47,7,Hospitalizations,State,Kebbi,6001610,0.1,4
PACE-FLU-SEV,2025/2026,40,47,7,Hospitalizations,State,Kebbi,6001610,0.25,7
PACE-FLU-SEV,2025/2026,40,47,7,Hospitalizations,State,Kebbi,6001610,0.5,11
PACE-FLU-SEV,2025/2026,40,47,7,Hospitalizations,State,Kebbi,6001610,0.75,19
PACE-FLU-SEV,2025/2026,40,47,7,Hospitalizations,State,Kebbi,6001610,0.9,29
PACE-FLU-SEV,2025/2026,40,47,7,Hospitalizations,State,Kebbi,6001610,0.95,38
PACE-FLU-SEV,2025/2026,40,47,7,Hospitalizations,State,Kogi,5053734,0.05,3
PACE-FLU-SEV,2025/2026,40,47,7,Hospitalizations,State,Kogi,5053734,0.1,4
PACE-FLU-SEV,2025/2026,40,47,7,Hospitalizations,State,Kogi,5053734,0.25,7
PACE-FLU-SEV,2025/2026,40,47,7,Hospitalizations,State,Kogi,5053734,0.5,12
PACE-FLU-SEV,2025/2026,40,47,7,Hospitalizations,State,Kogi,5053734,0.75,20
PACE-FLU-SEV,2025/2026,40,47,7,Hospitalizations,State,Kogi,5053734,0.9,31
PACE-FLU-SEV,2025/2026,40,47,7,Hospitalizations,State,Kogi,5053734,0.95,41
PACE-FLU-SEV,2025/2026,40,47,7,Hospitalizations,State,Kwara,4259613,0.05,2
PACE-FLU-SEV,2025/2026,40,47,7,Hospitalizations,State,Kwara,4259613,0.1,3
PACE-FLU-SEV,2025/2026,40,47,7,Hospitalizations,State,Kwara,4259613,0.25,5
PACE-FLU-SEV,2025/2026,40,47,7,Hospitalizations,State,Kwara,4259613,0.5,9
PACE-FLU-SEV,2025/2026,40,47,7,Hospitalizations,State,Kwara,4259613,0.75,16
PACE-FLU-SEV,2025/2026,40,47,7,Hospitalizations,State,Kwara,4259613,0.9,24
PACE-FLU-SEV,2025/2026,40,47,7,Hospitalizations,State,Kwara,4259613,0.95,30
PACE-FLU-SEV,2025/2026,40,47,7,Hospitalizations,State,Lagos,15772884,0.05,12
PACE-FLU-SEV,2025/2026,40,47,7,Hospitalizations,State,Lagos,15772884,0.1,16
PACE-FLU-SEV,2025/2026,40,47,7,Hospitalizations,State,Lagos,15772884,0.25,25
PACE-FLU-SEV,2025/2026,40,47,7,Hospitalizations,State,Lagos,15772884,0.5,43
PACE-FLU-SEV,2025/2026,40,47,7,Hospitalizations,State,Lagos,15772884,0.75,69
PACE-FLU-SEV,2025/2026,40,47,7,Hospitalizations,State,Lagos,15772884,0.9,107
PACE-FLU-SEV,2025/2026,40,47,7,Hospitalizations,State,Lagos,15772884,0.95,143.30000000000018
PACE-FLU-SEV,2025/2026,40,47,7,Hospitalizations,State,Nasarawa,3632239,0.05,2
PACE-FLU-SEV,2025/2026,40,47,7,Hospitalizations,State,Nasarawa,3632239,0.1,3
PACE-FLU-SEV,2025/2026,40,47,7,Hospitalizations,State,Nasarawa,3632239,0.25,5
PACE-FLU-SEV,2025/2026,40,47,7,Hospitalizations,State,Nasarawa,3632239,0.5,9
PACE-FLU-SEV,2025/2026,40,47,7,Hospitalizations,State,Nasarawa,3632239,0.75,15
PACE-FLU-SEV,2025/2026,40,47,7,Hospitalizations,State,Nasarawa,3632239,0.9,23
PACE-FLU-SEV,2025/2026,40,47,7,Hospitalizations,State,Nasarawa,3632239,0.95,29
PACE-FLU-SEV,2025/2026,40,47,7,Hospitalizations,State,Niger,6720617,0.05,3
PACE-FLU-SEV,2025/2026,40,47,7,Hospitalizations,State,Niger,6720617,0.1,5
PACE-FLU-SEV,2025/2026,40,47,7,Hospitalizations,State,Niger,6720617,0.25,9
PACE-FLU-SEV,2025/2026,40,47,7,Hospitalizations,State,Niger,6720617,0.5,15
PACE-FLU-SEV,2025/2026,40,47,7,Hospitalizations,State,Niger,6720617,0.75,24
PACE-FLU-SEV,2025/2026,40,47,7,Hospitalizations,State,Niger,6720617,0.9,37
PACE-FLU-SEV,2025/2026,40,47,7,Hospitalizations,State,Niger,6720617,0.95,50
PACE-FLU-SEV,2025/2026,40,47,7,Hospitalizations,State,Ogun,6445275,0.05,3
PACE-FLU-SEV,2025/2026,40,47,7,Hospitalizations,State,Ogun,6445275,0.1,5
PACE-FLU-SEV,2025/2026,40,47,7,Hospitalizations,State,Ogun,6445275,0.25,9
PACE-FLU-SEV,2025/2026,40,47,7,Hospitalizations,State,Ogun,6445275,0.5,15
PACE-FLU-SEV,2025/2026,40,47,7,Hospitalizations,State,Ogun,6445275,0.75,24.583333333333258
PACE-FLU-SEV,2025/2026,40,47,7,Hospitalizations,State,Ogun,6445275,0.9,39
PACE-FLU-SEV,2025/2026,40,47,7,Hospitalizations,State,Ogun,6445275,0.95,48
PACE-FLU-SEV,2025/2026,40,47,7,Hospitalizations,State,Ondo,5469707,0.05,3
PACE-FLU-SEV,2025/2026,40,47,7,Hospitalizations,State,Ondo,5469707,0.1,4
PACE-FLU-SEV,2025/2026,40,47,7,Hospitalizations,State,Ondo,5469707,0.25,8
PACE-FLU-SEV,2025/2026,40,47,7,Hospitalizations,State,Ondo,5469707,0.5,13
PACE-FLU-SEV,2025/2026,40,47,7,Hospitalizations,State,Ondo,5469707,0.75,21
PACE-FLU-SEV,2025/2026,40,47,7,Hospitalizations,State,Ondo,5469707,0.9,33
PACE-FLU-SEV,2025/2026,40,47,7,Hospitalizations,State,Ondo,5469707,0.95,42
PACE-FLU-SEV,2025/2026,40,47,7,Hospitalizations,State,Osun,4237396,0.05,2
PACE-FLU-SEV,2025/2026,40,47,7,Hospitalizations,State,Osun,4237396,0.1,3
PACE-FLU-SEV,2025/2026,40,47,7,Hospitalizations,State,Osun,4237396,0.25,5
PACE-FLU-SEV,2025/2026,40,47,7,Hospitalizations,State,Osun,4237396,0.5,10
PACE-FLU-SEV,2025/2026,40,47,7,Hospitalizations,State,Osun,4237396,0.75,15
PACE-FLU-SEV,2025/2026,40,47,7,Hospitalizations,State,Osun,4237396,0.9,24
PACE-FLU-SEV,2025/2026,40,47,7,Hospitalizations,State,Osun,4237396,0.95,30
PACE-FLU-SEV,2025/2026,40,47,7,Hospitalizations,State,Oyo,7512855,0.05,5
PACE-FLU-SEV,2025/2026,40,47,7,Hospitalizations,State,Oyo,7512855,0.1,7
PACE-FLU-SEV,2025/2026,40,47,7,Hospitalizations,State,Oyo,7512855,0.25,11
PACE-FLU-SEV,2025/2026,40,47,7,Hospitalizations,State,Oyo,7512855,0.5,18
PACE-FLU-SEV,2025/2026,40,47,7,Hospitalizations,State,Oyo,7512855,0.75,30
PACE-FLU-SEV,2025/2026,40,47,7,Hospitalizations,State,Oyo,7512855,0.9,46
PACE-FLU-SEV,2025/2026,40,47,7,Hospitalizations,State,Oyo,7512855,0.95,58
PACE-FLU-SEV,2025/2026,40,47,7,Hospitalizations,State,Plateau,5400974,0.05,3
PACE-FLU-SEV,2025/2026,40,47,7,Hospitalizations,State,Plateau,5400974,0.1,4
PACE-FLU-SEV,2025/2026,40,47,7,Hospitalizations,State,Plateau,5400974,0.25,7
PACE-FLU-SEV,2025/2026,40,47,7,Hospitalizations,State,Plateau,5400974,0.5,12
PACE-FLU-SEV,2025/2026,40,47,7,Hospitalizations,State,Plateau,5400974,0.75,20
PACE-FLU-SEV,2025/2026,40,47,7,Hospitalizations,State,Plateau,5400974,0.9,31
PACE-FLU-SEV,2025/2026,40,47,7,Hospitalizations,State,Plateau,5400974,0.95,40
PACE-FLU-SEV,2025/2026,40,47,7,Hospitalizations,State,Rivers,7234973,0.05,4
PACE-FLU-SEV,2025/2026,40,47,7,Hospitalizations,State,Rivers,7234973,0.1,5.366666666666703
PACE-FLU-SEV,2025/2026,40,47,7,Hospitalizations,State,Rivers,7234973,0.25,10
PACE-FLU-SEV,2025/2026,40,47,7,Hospitalizations,State,Rivers,7234973,0.5,17
PACE-FLU-SEV,2025/2026,40,47,7,Hospitalizations,State,Rivers,7234973,0.75,28
PACE-FLU-SEV,2025/2026,40,47,7,Hospitalizations,State,Rivers,7234973,0.9,42
PACE-FLU-SEV,2025/2026,40,47,7,Hospitalizations,State,Rivers,7234973,0.95,52
PACE-FLU-SEV,2025/2026,40,47,7,Hospitalizations,State,Sokoto,6163187,0.05,3
PACE-FLU-SEV,2025/2026,40,47,7,Hospitalizations,State,Sokoto,6163187,0.1,4
PACE-FLU-SEV,2025/2026,40,47,7,Hospitalizations,State,Sokoto,6163187,0.25,7.416666666666686
PACE-FLU-SEV,2025/2026,40,47,7,Hospitalizations,State,Sokoto,6163187,0.5,13
PACE-FLU-SEV,2025/2026,40,47,7,Hospitalizations,State,Sokoto,6163187,0.75,22
PACE-FLU-SEV,2025/2026,40,47,7,Hospitalizations,State,Sokoto,6163187,0.9,32
PACE-FLU-SEV,2025/2026,40,47,7,Hospitalizations,State,Sokoto,6163187,0.95,42
PACE-FLU-SEV,2025/2026,40,47,7,Hospitalizations,State,Taraba,4331885,0.05,2
PACE-FLU-SEV,2025/2026,40,47,7,Hospitalizations,State,Taraba,4331885,0.1,3
PACE-FLU-SEV,2025/2026,40,47,7,Hospitalizations,State,Taraba,4331885,0.25,5
PACE-FLU-SEV,2025/2026,40,47,7,Hospitalizations,State,Taraba,4331885,0.5,9
PACE-FLU-SEV,2025/2026,40,47,7,Hospitalizations,State,Taraba,4331885,0.75,15
PACE-FLU-SEV,2025/2026,40,47,7,Hospitalizations,State,Taraba,4331885,0.9,23
PACE-FLU-SEV,2025/2026,40,47,7,Hospitalizations,State,Taraba,4331885,0.95,30
PACE-FLU-SEV,2025/2026,40,47,7,Hospitalizations,State,Yobe,4350401,0.05,2
PACE-FLU-SEV,2025/2026,40,47,7,Hospitalizations,State,Yobe,4350401,0.1,3
PACE-FLU-SEV,2025/2026,40,47,7,Hospitalizations,State,Yobe,4350401,0.25,5
PACE-FLU-SEV,2025/2026,40,47,7,Hospitalizations,State,Yobe,4350401,0.5,8
PACE-FLU-SEV,2025/2026,40,47,7,Hospitalizations,State,Yobe,4350401,0.75,14
PACE-FLU-SEV,2025/2026,40,47,7,Hospitalizations,State,Yobe,4350401,0.9,21
PACE-FLU-SEV,2025/2026,40,47,7,Hospitalizations,State,Yobe,4350401,0.95,26
PACE-FLU-SEV,2025/2026,40,47,7,Hospitalizations,State,Zamfara,5517793,0.05,2
PACE-FLU-SEV,2025/2026,40,47,7,Hospitalizations,State,Zamfara,5517793,0.1,3
PACE-FLU-SEV,2025/2026,40,47,7,Hospitalizations,State,Zamfara,5517793,0.25,6
PACE-FLU-SEV,2025/2026,40,47,7,Hospitalizations,State,Zamfara,5517793,0.5,11
PACE-FLU-SEV,2025/2026,40,47,7,Hospitalizations,State,Zamfara,5517793,0.75,18
PACE-FLU-SEV,2025/2026,40,47,7,Hospitalizations,State,Zamfara,5517793,0.9,28
PACE-FLU-SEV,2025/2026,40,47,7,Hospitalizations,State,Zamfara,5517793,0.95,36
PACE-FLU-SEV,2025/2026,40,47,7,Hospitalizations,Zone,NC,36557326,0.05,54
PACE-FLU-SEV,2025/2026,40,47,7,Hospitalizations,Zone,NC,36557326,0.1,61
PACE-FLU-SEV,2025/2026,40,47,7,Hospitalizations,Zone,NC,36557326,0.25,78
PACE-FLU-SEV,2025/2026,40,47,7,Hospitalizations,Zone,NC,36557326,0.5,103
PACE-FLU-SEV,2025/2026,40,47,7,Hospitalizations,Zone,NC,36557326,0.75,136
PACE-FLU-SEV,2025/2026,40,47,7,Hospitalizations,Zone,NC,36557326,0.9,178.63333333333344
PACE-FLU-SEV,2025/2026,40,47,7,Hospitalizations,Zone,NC,36557326,0.95,206
PACE-FLU-SEV,2025/2026,40,47,7,Hospitalizations,Zone,NE,32734949,0.05,41
PACE-FLU-SEV,2025/2026,40,47,7,Hospitalizations,Zone,NE,32734949,0.1,48
PACE-FLU-SEV,2025/2026,40,47,7,Hospitalizations,Zone,NE,32734949,0.25,60
PACE-FLU-SEV,2025/2026,40,47,7,Hospitalizations,Zone,NE,32734949,0.5,79
PACE-FLU-SEV,2025/2026,40,47,7,Hospitalizations,Zone,NE,32734949,0.75,103
PACE-FLU-SEV,2025/2026,40,47,7,Hospitalizations,Zone,NE,32734949,0.9,134
PACE-FLU-SEV,2025/2026,40,47,7,Hospitalizations,Zone,NE,32734949,0.95,149
PACE-FLU-SEV,2025/2026,40,47,7,Hospitalizations,Zone,NW,58539886,0.05,78
PACE-FLU-SEV,2025/2026,40,47,7,Hospitalizations,Zone,NW,58539886,0.1,90
PACE-FLU-SEV,2025/2026,40,47,7,Hospitalizations,Zone,NW,58539886,0.25,113
PACE-FLU-SEV,2025/2026,40,47,7,Hospitalizations,Zone,NW,58539886,0.5,146
PACE-FLU-SEV,2025/2026,40,47,7,Hospitalizations,Zone,NW,58539886,0.75,193
PACE-FLU-SEV,2025/2026,40,47,7,Hospitalizations,Zone,NW,58539886,0.9,245
PACE-FLU-SEV,2025/2026,40,47,7,Hospitalizations,Zone,NW,58539886,0.95,285
PACE-FLU-SEV,2025/2026,40,47,7,Hospitalizations,Zone,SE,27612828,0.05,34
PACE-FLU-SEV,2025/2026,40,47,7,Hospitalizations,Zone,SE,27612828,0.1,40
PACE-FLU-SEV,2025/2026,40,47,7,Hospitalizations,Zone,SE,27612828,0.25,53
PACE-FLU-SEV,2025/2026,40,47,7,Hospitalizations,Zone,SE,27612828,0.5,71
PACE-FLU-SEV,2025/2026,40,47,7,Hospitalizations,Zone,SE,27612828,0.75,97
PACE-FLU-SEV,2025/2026,40,47,7,Hospitalizations,Zone,SE,27612828,0.9,129
PACE-FLU-SEV,2025/2026,40,47,7,Hospitalizations,Zone,SE,27612828,0.95,149
PACE-FLU-SEV,2025/2026,40,47,7,Hospitalizations,Zone,SS,31220652,0.05,40
PACE-FLU-SEV,2025/2026,40,47,7,Hospitalizations,Zone,SS,31220652,0.1,47
PACE-FLU-SEV,2025/2026,40,47,7,Hospitalizations,Zone,SS,31220652,0.25,61
PACE-FLU-SEV,2025/2026,40,47,7,Hospitalizations,Zone,SS,31220652,0.5,82
PACE-FLU-SEV,2025/2026,40,47,7,Hospitalizations,Zone,SS,31220652,0.75,110
PACE-FLU-SEV,2025/2026,40,47,7,Hospitalizations,Zone,SS,31220652,0.9,146
PACE-FLU-SEV,2025/2026,40,47,7,Hospitalizations,Zone,SS,31220652,0.95,168.6500000000001
PACE-FLU-SEV,2025/2026,40,47,7,Hospitalizations,Zone,SW,42836294,0.05,57
PACE-FLU-SEV,2025/2026,40,47,7,Hospitalizations,Zone,SW,42836294,0.1,68
PACE-FLU-SEV,2025/2026,40,47,7,Hospitalizations,Zone,SW,42836294,0.25,90
PACE-FLU-SEV,2025/2026,40,47,7,Hospitalizations,Zone,SW,42836294,0.5,120
PACE-FLU-SEV,2025/2026,40,47,7,Hospitalizations,Zone,SW,42836294,0.75,161.58333333333326
PACE-FLU-SEV,2025/2026,40,47,7,Hospitalizations,Zone,SW,42836294,0.9,222.63333333333344
PACE-FLU-SEV,2025/2026,40,47,7,Hospitalizations,Zone,SW,42836294,0.95,269.6500000000001
PACE-FLU-SEV,2025/2026,40,48,8,Hospitalizations,Macro,North,127832161,0.05,213
PACE-FLU-SEV,2025/2026,40,48,8,Hospitalizations,Macro,North,127832161,0.1,239
PACE-FLU-SEV,2025/2026,40,48,8,Hospitalizations,Macro,North,127832161,0.25,287
PACE-FLU-SEV,2025/2026,40,48,8,Hospitalizations,Macro,North,127832161,0.5,358
PACE-FLU-SEV,2025/2026,40,48,8,Hospitalizations,Macro,North,127832161,0.75,452
PACE-FLU-SEV,2025/2026,40,48,8,Hospitalizations,Macro,North,127832161,0.9,564.6333333333334
PACE-FLU-SEV,2025/2026,40,48,8,Hospitalizations,Macro,North,127832161,0.95,646.3000000000002
PACE-FLU-SEV,2025/2026,40,48,8,Hospitalizations,Macro,South,101669774,0.05,162
PACE-FLU-SEV,2025/2026,40,48,8,Hospitalizations,Macro,South,101669774,0.1,184.3666666666667
PACE-FLU-SEV,2025/2026,40,48,8,Hospitalizations,Macro,South,101669774,0.25,229
PACE-FLU-SEV,2025/2026,40,48,8,Hospitalizations,Macro,South,101669774,0.5,297
PACE-FLU-SEV,2025/2026,40,48,8,Hospitalizations,Macro,South,101669774,0.75,386
PACE-FLU-SEV,2025/2026,40,48,8,Hospitalizations,Macro,South,101669774,0.9,481.2666666666669
PACE-FLU-SEV,2025/2026,40,48,8,Hospitalizations,Macro,South,101669774,0.95,567.6500000000001
PACE-FLU-SEV,2025/2026,40,48,8,Hospitalizations,National,Nigeria,229501935,0.05,401
PACE-FLU-SEV,2025/2026,40,48,8,Hospitalizations,National,Nigeria,229501935,0.1,450
PACE-FLU-SEV,2025/2026,40,48,8,Hospitalizations,National,Nigeria,229501935,0.25,541
PACE-FLU-SEV,2025/2026,40,48,8,Hospitalizations,National,Nigeria,229501935,0.5,660
PACE-FLU-SEV,2025/2026,40,48,8,Hospitalizations,National,Nigeria,229501935,0.75,817.5833333333333
PACE-FLU-SEV,2025/2026,40,48,8,Hospitalizations,National,Nigeria,229501935,0.9,1023
PACE-FLU-SEV,2025/2026,40,48,8,Hospitalizations,National,Nigeria,229501935,0.95,1164.9000000000005
PACE-FLU-SEV,2025/2026,40,48,8,Hospitalizations,State,Abia,4841943,0.05,2
PACE-FLU-SEV,2025/2026,40,48,8,Hospitalizations,State,Abia,4841943,0.1,3
PACE-FLU-SEV,2025/2026,40,48,8,Hospitalizations,State,Abia,4841943,0.25,7
PACE-FLU-SEV,2025/2026,40,48,8,Hospitalizations,State,Abia,4841943,0.5,12
PACE-FLU-SEV,2025/2026,40,48,8,Hospitalizations,State,Abia,4841943,0.75,20
PACE-FLU-SEV,2025/2026,40,48,8,Hospitalizations,State,Abia,4841943,0.9,30
PACE-FLU-SEV,2025/2026,40,48,8,Hospitalizations,State,Abia,4841943,0.95,39
PACE-FLU-SEV,2025/2026,40,48,8,Hospitalizations,State,Adamawa,5236948,0.05,2
PACE-FLU-SEV,2025/2026,40,48,8,Hospitalizations,State,Adamawa,5236948,0.1,4
PACE-FLU-SEV,2025/2026,40,48,8,Hospitalizations,State,Adamawa,5236948,0.25,7
PACE-FLU-SEV,2025/2026,40,48,8,Hospitalizations,State,Adamawa,5236948,0.5,12
PACE-FLU-SEV,2025/2026,40,48,8,Hospitalizations,State,Adamawa,5236948,0.75,19
PACE-FLU-SEV,2025/2026,40,48,8,Hospitalizations,State,Adamawa,5236948,0.9,30
PACE-FLU-SEV,2025/2026,40,48,8,Hospitalizations,State,Adamawa,5236948,0.95,38
PACE-FLU-SEV,2025/2026,40,48,8,Hospitalizations,State,Akwa Ibom,5780581,0.05,3
PACE-FLU-SEV,2025/2026,40,48,8,Hospitalizations,State,Akwa Ibom,5780581,0.1,4
PACE-FLU-SEV,2025/2026,40,48,8,Hospitalizations,State,Akwa Ibom,5780581,0.25,8
PACE-FLU-SEV,2025/2026,40,48,8,Hospitalizations,State,Akwa Ibom,5780581,0.5,13
PACE-FLU-SEV,2025/2026,40,48,8,Hospitalizations,State,Akwa Ibom,5780581,0.75,23
PACE-FLU-SEV,2025/2026,40,48,8,Hospitalizations,State,Akwa Ibom,5780581,0.9,36
PACE-FLU-SEV,2025/2026,40,48,8,Hospitalizations,State,Akwa Ibom,5780581,0.95,47
PACE-FLU-SEV,2025/2026,40,48,8,Hospitalizations,State,Anambra,7299910,0.05,4
PACE-FLU-SEV,2025/2026,40,48,8,Hospitalizations,State,Anambra,7299910,0.1,6
PACE-FLU-SEV,2025/2026,40,48,8,Hospitalizations,State,Anambra,7299910,0.25,10
PACE-FLU-SEV,2025/2026,40,48,8,Hospitalizations,State,Anambra,7299910,0.5,17
PACE-FLU-SEV,2025/2026,40,48,8,Hospitalizations,State,Anambra,7299910,0.75,28
PACE-FLU-SEV,2025/2026,40,48,8,Hospitalizations,State,Anambra,7299910,0.9,44
PACE-FLU-SEV,2025/2026,40,48,8,Hospitalizations,State,Anambra,7299910,0.95,59
PACE-FLU-SEV,2025/2026,40,48,8,Hospitalizations,State,Bauchi,7540663,0.05,4
PACE-FLU-SEV,2025/2026,40,48,8,Hospitalizations,State,Bauchi,7540663,0.1,6
PACE-FLU-SEV,2025/2026,40,48,8,Hospitalizations,State,Bauchi,7540663,0.25,10
PACE-FLU-SEV,2025/2026,40,48,8,Hospitalizations,State,Bauchi,7540663,0.5,16
PACE-FLU-SEV,2025/2026,40,48,8,Hospitalizations,State,Bauchi,7540663,0.75,27
PACE-FLU-SEV,2025/2026,40,48,8,Hospitalizations,State,Bauchi,7540663,0.9,41
PACE-FLU-SEV,2025/2026,40,48,8,Hospitalizations,State,Bauchi,7540663,0.95,52.65000000000009
PACE-FLU-SEV,2025/2026,40,48,8,Hospitalizations,State,Bayelsa,2394725,0.05,1
PACE-FLU-SEV,2025/2026,40,48,8,Hospitalizations,State,Bayelsa,2394725,0.1,1
PACE-FLU-SEV,2025/2026,40,48,8,Hospitalizations,State,Bayelsa,2394725,0.25,3
PACE-FLU-SEV,2025/2026,40,48,8,Hospitalizations,State,Bayelsa,2394725,0.5,6
PACE-FLU-SEV,2025/2026,40,48,8,Hospitalizations,State,Bayelsa,2394725,0.75,10
PACE-FLU-SEV,2025/2026,40,48,8,Hospitalizations,State,Bayelsa,2394725,0.9,15
PACE-FLU-SEV,2025/2026,40,48,8,Hospitalizations,State,Bayelsa,2394725,0.95,20
PACE-FLU-SEV,2025/2026,40,48,8,Hospitalizations,State,Benue,6687706,0.05,4
PACE-FLU-SEV,2025/2026,40,48,8,Hospitalizations,State,Benue,6687706,0.1,6
PACE-FLU-SEV,2025/2026,40,48,8,Hospitalizations,State,Benue,6687706,0.25,10
PACE-FLU-SEV,2025/2026,40,48,8,Hospitalizations,State,Benue,6687706,0.5,17
PACE-FLU-SEV,2025/2026,40,48,8,Hospitalizations,State,Benue,6687706,0.75,28
PACE-FLU-SEV,2025/2026,40,48,8,Hospitalizations,State,Benue,6687706,0.9,43
PACE-FLU-SEV,2025/2026,40,48,8,Hospitalizations,State,Benue,6687706,0.95,53
PACE-FLU-SEV,2025/2026,40,48,8,Hospitalizations,State,Borno,6651590,0.05,3
PACE-FLU-SEV,2025/2026,40,48,8,Hospitalizations,State,Borno,6651590,0.1,5
PACE-FLU-SEV,2025/2026,40,48,8,Hospitalizations,State,Borno,6651590,0.25,8
PACE-FLU-SEV,2025/2026,40,48,8,Hospitalizations,State,Borno,6651590,0.5,14
PACE-FLU-SEV,2025/2026,40,48,8,Hospitalizations,State,Borno,6651590,0.75,24
PACE-FLU-SEV,2025/2026,40,48,8,Hospitalizations,State,Borno,6651590,0.9,36
PACE-FLU-SEV,2025/2026,40,48,8,Hospitalizations,State,Borno,6651590,0.95,46
PACE-FLU-SEV,2025/2026,40,48,8,Hospitalizations,State,Cross River,4175020,0.05,2
PACE-FLU-SEV,2025/2026,40,48,8,Hospitalizations,State,Cross River,4175020,0.1,3
PACE-FLU-SEV,2025/2026,40,48,8,Hospitalizations,State,Cross River,4175020,0.25,5
PACE-FLU-SEV,2025/2026,40,48,8,Hospitalizations,State,Cross River,4175020,0.5,10
PACE-FLU-SEV,2025/2026,40,48,8,Hospitalizations,State,Cross River,4175020,0.75,16
PACE-FLU-SEV,2025/2026,40,48,8,Hospitalizations,State,Cross River,4175020,0.9,25
PACE-FLU-SEV,2025/2026,40,48,8,Hospitalizations,State,Cross River,4175020,0.95,33
PACE-FLU-SEV,2025/2026,40,48,8,Hospitalizations,State,Delta,6107543,0.05,3
PACE-FLU-SEV,2025/2026,40,48,8,Hospitalizations,State,Delta,6107543,0.1,5
PACE-FLU-SEV,2025/2026,40,48,8,Hospitalizations,State,Delta,6107543,0.25,9
PACE-FLU-SEV,2025/2026,40,48,8,Hospitalizations,State,Delta,6107543,0.5,15
PACE-FLU-SEV,2025/2026,40,48,8,Hospitalizations,State,Delta,6107543,0.75,24
PACE-FLU-SEV,2025/2026,40,48,8,Hospitalizations,State,Delta,6107543,0.9,40
PACE-FLU-SEV,2025/2026,40,48,8,Hospitalizations,State,Delta,6107543,0.95,51
PACE-FLU-SEV,2025/2026,40,48,8,Hospitalizations,State,Ebonyi,4007155,0.05,2
PACE-FLU-SEV,2025/2026,40,48,8,Hospitalizations,State,Ebonyi,4007155,0.1,3
PACE-FLU-SEV,2025/2026,40,48,8,Hospitalizations,State,Ebonyi,4007155,0.25,5
PACE-FLU-SEV,2025/2026,40,48,8,Hospitalizations,State,Ebonyi,4007155,0.5,9
PACE-FLU-SEV,2025/2026,40,48,8,Hospitalizations,State,Ebonyi,4007155,0.75,15
PACE-FLU-SEV,2025/2026,40,48,8,Hospitalizations,State,Ebonyi,4007155,0.9,23
PACE-FLU-SEV,2025/2026,40,48,8,Hospitalizations,State,Ebonyi,4007155,0.95,30
PACE-FLU-SEV,2025/2026,40,48,8,Hospitalizations,State,Edo,5527810,0.05,3
PACE-FLU-SEV,2025/2026,40,48,8,Hospitalizations,State,Edo,5527810,0.1,4
PACE-FLU-SEV,2025/2026,40,48,8,Hospitalizations,State,Edo,5527810,0.25,8
PACE-FLU-SEV,2025/2026,40,48,8,Hospitalizations,State,Edo,5527810,0.5,13.500000000000114
PACE-FLU-SEV,2025/2026,40,48,8,Hospitalizations,State,Edo,5527810,0.75,22
PACE-FLU-SEV,2025/2026,40,48,8,Hospitalizations,State,Edo,5527810,0.9,33.63333333333344
PACE-FLU-SEV,2025/2026,40,48,8,Hospitalizations,State,Edo,5527810,0.95,43
PACE-FLU-SEV,2025/2026,40,48,8,Hospitalizations,State,Ekiti,3398177,0.05,1
PACE-FLU-SEV,2025/2026,40,48,8,Hospitalizations,State,Ekiti,3398177,0.1,2
PACE-FLU-SEV,2025/2026,40,48,8,Hospitalizations,State,Ekiti,3398177,0.25,4
PACE-FLU-SEV,2025/2026,40,48,8,Hospitalizations,State,Ekiti,3398177,0.5,8
PACE-FLU-SEV,2025/2026,40,48,8,Hospitalizations,State,Ekiti,3398177,0.75,13
PACE-FLU-SEV,2025/2026,40,48,8,Hospitalizations,State,Ekiti,3398177,0.9,21
PACE-FLU-SEV,2025/2026,40,48,8,Hospitalizations,State,Ekiti,3398177,0.95,27
PACE-FLU-SEV,2025/2026,40,48,8,Hospitalizations,State,Enugu,5396098,0.05,3
PACE-FLU-SEV,2025/2026,40,48,8,Hospitalizations,State,Enugu,5396098,0.1,4
PACE-FLU-SEV,2025/2026,40,48,8,Hospitalizations,State,Enugu,5396098,0.25,7
PACE-FLU-SEV,2025/2026,40,48,8,Hospitalizations,State,Enugu,5396098,0.5,13
PACE-FLU-SEV,2025/2026,40,48,8,Hospitalizations,State,Enugu,5396098,0.75,21
PACE-FLU-SEV,2025/2026,40,48,8,Hospitalizations,State,Enugu,5396098,0.9,33
PACE-FLU-SEV,2025/2026,40,48,8,Hospitalizations,State,Enugu,5396098,0.95,41.65000000000009
PACE-FLU-SEV,2025/2026,40,48,8,Hospitalizations,State,FCT,4802443,0.05,4
PACE-FLU-SEV,2025/2026,40,48,8,Hospitalizations,State,FCT,4802443,0.1,5
PACE-FLU-SEV,2025/2026,40,48,8,Hospitalizations,State,FCT,4802443,0.25,9
PACE-FLU-SEV,2025/2026,40,48,8,Hospitalizations,State,FCT,4802443,0.5,16
PACE-FLU-SEV,2025/2026,40,48,8,Hospitalizations,State,FCT,4802443,0.75,25
PACE-FLU-SEV,2025/2026,40,48,8,Hospitalizations,State,FCT,4802443,0.9,39
PACE-FLU-SEV,2025/2026,40,48,8,Hospitalizations,State,FCT,4802443,0.95,49
PACE-FLU-SEV,2025/2026,40,48,8,Hospitalizations,State,Gombe,4623462,0.05,2
PACE-FLU-SEV,2025/2026,40,48,8,Hospitalizations,State,Gombe,4623462,0.1,3
PACE-FLU-SEV,2025/2026,40,48,8,Hospitalizations,State,Gombe,4623462,0.25,6
PACE-FLU-SEV,2025/2026,40,48,8,Hospitalizations,State,Gombe,4623462,0.5,11
PACE-FLU-SEV,2025/2026,40,48,8,Hospitalizations,State,Gombe,4623462,0.75,19
PACE-FLU-SEV,2025/2026,40,48,8,Hospitalizations,State,Gombe,4623462,0.9,28
PACE-FLU-SEV,2025/2026,40,48,8,Hospitalizations,State,Gombe,4623462,0.95,36
PACE-FLU-SEV,2025/2026,40,48,8,Hospitalizations,State,Imo,6067722,0.05,3
PACE-FLU-SEV,2025/2026,40,48,8,Hospitalizations,State,Imo,6067722,0.1,4
PACE-FLU-SEV,2025/2026,40,48,8,Hospitalizations,State,Imo,6067722,0.25,8
PACE-FLU-SEV,2025/2026,40,48,8,Hospitalizations,State,Imo,6067722,0.5,15
PACE-FLU-SEV,2025/2026,40,48,8,Hospitalizations,State,Imo,6067722,0.75,24
PACE-FLU-SEV,2025/2026,40,48,8,Hospitalizations,State,Imo,6067722,0.9,37
PACE-FLU-SEV,2025/2026,40,48,8,Hospitalizations,State,Imo,6067722,0.95,47
PACE-FLU-SEV,2025/2026,40,48,8,Hospitalizations,State,Jigawa,6979080,0.05,3
PACE-FLU-SEV,2025/2026,40,48,8,Hospitalizations,State,Jigawa,6979080,0.1,5
PACE-FLU-SEV,2025/2026,40,48,8,Hospitalizations,State,Jigawa,6979080,0.25,8
PACE-FLU-SEV,2025/2026,40,48,8,Hospitalizations,State,Jigawa,6979080,0.5,15
PACE-FLU-SEV,2025/2026,40,48,8,Hospitalizations,State,Jigawa,6979080,0.75,24
PACE-FLU-SEV,2025/2026,40,48,8,Hospitalizations,State,Jigawa,6979080,0.9,37
PACE-FLU-SEV,2025/2026,40,48,8,Hospitalizations,State,Jigawa,6979080,0.95,48
PACE-FLU-SEV,2025/2026,40,48,8,Hospitalizations,State,Kaduna,8324285,0.05,5
PACE-FLU-SEV,2025/2026,40,48,8,Hospitalizations,State,Kaduna,8324285,0.1,7
PACE-FLU-SEV,2025/2026,40,48,8,Hospitalizations,State,Kaduna,8324285,0.25,12
PACE-FLU-SEV,2025/2026,40,48,8,Hospitalizations,State,Kaduna,8324285,0.5,21
PACE-FLU-SEV,2025/2026,40,48,8,Hospitalizations,State,Kaduna,8324285,0.75,36
PACE-FLU-SEV,2025/2026,40,48,8,Hospitalizations,State,Kaduna,8324285,0.9,55
PACE-FLU-SEV,2025/2026,40,48,8,Hospitalizations,State,Kaduna,8324285,0.95,69
PACE-FLU-SEV,2025/2026,40,48,8,Hospitalizations,State,Kano,16253549,0.05,11
PACE-FLU-SEV,2025/2026,40,48,8,Hospitalizations,State,Kano,16253549,0.1,15
PACE-FLU-SEV,2025/2026,40,48,8,Hospitalizations,State,Kano,16253549,0.25,24
PACE-FLU-SEV,2025/2026,40,48,8,Hospitalizations,State,Kano,16253549,0.5,40
PACE-FLU-SEV,2025/2026,40,48,8,Hospitalizations,State,Kano,16253549,0.75,67
PACE-FLU-SEV,2025/2026,40,48,8,Hospitalizations,State,Kano,16253549,0.9,106
PACE-FLU-SEV,2025/2026,40,48,8,Hospitalizations,State,Kano,16253549,0.95,134.6500000000001
PACE-FLU-SEV,2025/2026,40,48,8,Hospitalizations,State,Katsina,9300382,0.05,5
PACE-FLU-SEV,2025/2026,40,48,8,Hospitalizations,State,Katsina,9300382,0.1,6
PACE-FLU-SEV,2025/2026,40,48,8,Hospitalizations,State,Katsina,9300382,0.25,11
PACE-FLU-SEV,2025/2026,40,48,8,Hospitalizations,State,Katsina,9300382,0.5,20
PACE-FLU-SEV,2025/2026,40,48,8,Hospitalizations,State,Katsina,9300382,0.75,33
PACE-FLU-SEV,2025/2026,40,48,8,Hospitalizations,State,Katsina,9300382,0.9,49
PACE-FLU-SEV,2025/2026,40,48,8,Hospitalizations,State,Katsina,9300382,0.95,63
PACE-FLU-SEV,2025/2026,40,48,8,Hospitalizations,State,Kebbi,6001610,0.05,3
PACE-FLU-SEV,2025/2026,40,48,8,Hospitalizations,State,Kebbi,6001610,0.1,4
PACE-FLU-SEV,2025/2026,40,48,8,Hospitalizations,State,Kebbi,6001610,0.25,7
PACE-FLU-SEV,2025/2026,40,48,8,Hospitalizations,State,Kebbi,6001610,0.5,13
PACE-FLU-SEV,2025/2026,40,48,8,Hospitalizations,State,Kebbi,6001610,0.75,21
PACE-FLU-SEV,2025/2026,40,48,8,Hospitalizations,State,Kebbi,6001610,0.9,32
PACE-FLU-SEV,2025/2026,40,48,8,Hospitalizations,State,Kebbi,6001610,0.95,41
PACE-FLU-SEV,2025/2026,40,48,8,Hospitalizations,State,Kogi,5053734,0.05,3
PACE-FLU-SEV,2025/2026,40,48,8,Hospitalizations,State,Kogi,5053734,0.1,4
PACE-FLU-SEV,2025/2026,40,48,8,Hospitalizations,State,Kogi,5053734,0.25,7
PACE-FLU-SEV,2025/2026,40,48,8,Hospitalizations,State,Kogi,5053734,0.5,13
PACE-FLU-SEV,2025/2026,40,48,8,Hospitalizations,State,Kogi,5053734,0.75,21
PACE-FLU-SEV,2025/2026,40,48,8,Hospitalizations,State,Kogi,5053734,0.9,32
PACE-FLU-SEV,2025/2026,40,48,8,Hospitalizations,State,Kogi,5053734,0.95,42
PACE-FLU-SEV,2025/2026,40,48,8,Hospitalizations,State,Kwara,4259613,0.05,2
PACE-FLU-SEV,2025/2026,40,48,8,Hospitalizations,State,Kwara,4259613,0.1,3
PACE-FLU-SEV,2025/2026,40,48,8,Hospitalizations,State,Kwara,4259613,0.25,5
PACE-FLU-SEV,2025/2026,40,48,8,Hospitalizations,State,Kwara,4259613,0.5,10
PACE-FLU-SEV,2025/2026,40,48,8,Hospitalizations,State,Kwara,4259613,0.75,16
PACE-FLU-SEV,2025/2026,40,48,8,Hospitalizations,State,Kwara,4259613,0.9,25
PACE-FLU-SEV,2025/2026,40,48,8,Hospitalizations,State,Kwara,4259613,0.95,32
PACE-FLU-SEV,2025/2026,40,48,8,Hospitalizations,State,Lagos,15772884,0.05,12
PACE-FLU-SEV,2025/2026,40,48,8,Hospitalizations,State,Lagos,15772884,0.1,17
PACE-FLU-SEV,2025/2026,40,48,8,Hospitalizations,State,Lagos,15772884,0.25,26
PACE-FLU-SEV,2025/2026,40,48,8,Hospitalizations,State,Lagos,15772884,0.5,44
PACE-FLU-SEV,2025/2026,40,48,8,Hospitalizations,State,Lagos,15772884,0.75,74
PACE-FLU-SEV,2025/2026,40,48,8,Hospitalizations,State,Lagos,15772884,0.9,111
PACE-FLU-SEV,2025/2026,40,48,8,Hospitalizations,State,Lagos,15772884,0.95,144
PACE-FLU-SEV,2025/2026,40,48,8,Hospitalizations,State,Nasarawa,3632239,0.05,2
PACE-FLU-SEV,2025/2026,40,48,8,Hospitalizations,State,Nasarawa,3632239,0.1,3
PACE-FLU-SEV,2025/2026,40,48,8,Hospitalizations,State,Nasarawa,3632239,0.25,5
PACE-FLU-SEV,2025/2026,40,48,8,Hospitalizations,State,Nasarawa,3632239,0.5,9
PACE-FLU-SEV,2025/2026,40,48,8,Hospitalizations,State,Nasarawa,3632239,0.75,15.583333333333258
PACE-FLU-SEV,2025/2026,40,48,8,Hospitalizations,State,Nasarawa,3632239,0.9,24
PACE-FLU-SEV,2025/2026,40,48,8,Hospitalizations,State,Nasarawa,3632239,0.95,31
PACE-FLU-SEV,2025/2026,40,48,8,Hospitalizations,State,Niger,6720617,0.05,3.3500000000000085
PACE-FLU-SEV,2025/2026,40,48,8,Hospitalizations,State,Niger,6720617,0.1,5
PACE-FLU-SEV,2025/2026,40,48,8,Hospitalizations,State,Niger,6720617,0.25,9
PACE-FLU-SEV,2025/2026,40,48,8,Hospitalizations,State,Niger,6720617,0.5,16
PACE-FLU-SEV,2025/2026,40,48,8,Hospitalizations,State,Niger,6720617,0.75,27
PACE-FLU-SEV,2025/2026,40,48,8,Hospitalizations,State,Niger,6720617,0.9,44
PACE-FLU-SEV,2025/2026,40,48,8,Hospitalizations,State,Niger,6720617,0.95,56
PACE-FLU-SEV,2025/2026,40,48,8,Hospitalizations,State,Ogun,6445275,0.05,4
PACE-FLU-SEV,2025/2026,40,48,8,Hospitalizations,State,Ogun,6445275,0.1,5
PACE-FLU-SEV,2025/2026,40,48,8,Hospitalizations,State,Ogun,6445275,0.25,9
PACE-FLU-SEV,2025/2026,40,48,8,Hospitalizations,State,Ogun,6445275,0.5,16
PACE-FLU-SEV,2025/2026,40,48,8,Hospitalizations,State,Ogun,6445275,0.75,27
PACE-FLU-SEV,2025/2026,40,48,8,Hospitalizations,State,Ogun,6445275,0.9,40.63333333333344
PACE-FLU-SEV,2025/2026,40,48,8,Hospitalizations,State,Ogun,6445275,0.95,52.65000000000009
PACE-FLU-SEV,2025/2026,40,48,8,Hospitalizations,State,Ondo,5469707,0.05,3
PACE-FLU-SEV,2025/2026,40,48,8,Hospitalizations,State,Ondo,5469707,0.1,4
PACE-FLU-SEV,2025/2026,40,48,8,Hospitalizations,State,Ondo,5469707,0.25,8
PACE-FLU-SEV,2025/2026,40,48,8,Hospitalizations,State,Ondo,5469707,0.5,13
PACE-FLU-SEV,2025/2026,40,48,8,Hospitalizations,State,Ondo,5469707,0.75,22.583333333333258
PACE-FLU-SEV,2025/2026,40,48,8,Hospitalizations,State,Ondo,5469707,0.9,34
PACE-FLU-SEV,2025/2026,40,48,8,Hospitalizations,State,Ondo,5469707,0.95,43
PACE-FLU-SEV,2025/2026,40,48,8,Hospitalizations,State,Osun,4237396,0.05,2
PACE-FLU-SEV,2025/2026,40,48,8,Hospitalizations,State,Osun,4237396,0.1,3
PACE-FLU-SEV,2025/2026,40,48,8,Hospitalizations,State,Osun,4237396,0.25,6
PACE-FLU-SEV,2025/2026,40,48,8,Hospitalizations,State,Osun,4237396,0.5,10
PACE-FLU-SEV,2025/2026,40,48,8,Hospitalizations,State,Osun,4237396,0.75,16
PACE-FLU-SEV,2025/2026,40,48,8,Hospitalizations,State,Osun,4237396,0.9,26
PACE-FLU-SEV,2025/2026,40,48,8,Hospitalizations,State,Osun,4237396,0.95,33
PACE-FLU-SEV,2025/2026,40,48,8,Hospitalizations,State,Oyo,7512855,0.05,5
PACE-FLU-SEV,2025/2026,40,48,8,Hospitalizations,State,Oyo,7512855,0.1,6
PACE-FLU-SEV,2025/2026,40,48,8,Hospitalizations,State,Oyo,7512855,0.25,11
PACE-FLU-SEV,2025/2026,40,48,8,Hospitalizations,State,Oyo,7512855,0.5,19
PACE-FLU-SEV,2025/2026,40,48,8,Hospitalizations,State,Oyo,7512855,0.75,31
PACE-FLU-SEV,2025/2026,40,48,8,Hospitalizations,State,Oyo,7512855,0.9,48
PACE-FLU-SEV,2025/2026,40,48,8,Hospitalizations,State,Oyo,7512855,0.95,63
PACE-FLU-SEV,2025/2026,40,48,8,Hospitalizations,State,Plateau,5400974,0.05,2
PACE-FLU-SEV,2025/2026,40,48,8,Hospitalizations,State,Plateau,5400974,0.1,4
PACE-FLU-SEV,2025/2026,40,48,8,Hospitalizations,State,Plateau,5400974,0.25,7
PACE-FLU-SEV,2025/2026,40,48,8,Hospitalizations,State,Plateau,5400974,0.5,12
PACE-FLU-SEV,2025/2026,40,48,8,Hospitalizations,State,Plateau,5400974,0.75,21
PACE-FLU-SEV,2025/2026,40,48,8,Hospitalizations,State,Plateau,5400974,0.9,31
PACE-FLU-SEV,2025/2026,40,48,8,Hospitalizations,State,Plateau,5400974,0.95,40
PACE-FLU-SEV,2025/2026,40,48,8,Hospitalizations,State,Rivers,7234973,0.05,4
PACE-FLU-SEV,2025/2026,40,48,8,Hospitalizations,State,Rivers,7234973,0.1,6
PACE-FLU-SEV,2025/2026,40,48,8,Hospitalizations,State,Rivers,7234973,0.25,10
PACE-FLU-SEV,2025/2026,40,48,8,Hospitalizations,State,Rivers,7234973,0.5,17
PACE-FLU-SEV,2025/2026,40,48,8,Hospitalizations,State,Rivers,7234973,0.75,28
PACE-FLU-SEV,2025/2026,40,48,8,Hospitalizations,State,Rivers,7234973,0.9,44
PACE-FLU-SEV,2025/2026,40,48,8,Hospitalizations,State,Rivers,7234973,0.95,56
PACE-FLU-SEV,2025/2026,40,48,8,Hospitalizations,State,Sokoto,6163187,0.05,3
PACE-FLU-SEV,2025/2026,40,48,8,Hospitalizations,State,Sokoto,6163187,0.1,5
PACE-FLU-SEV,2025/2026,40,48,8,Hospitalizations,State,Sokoto,6163187,0.25,8
PACE-FLU-SEV,2025/2026,40,48,8,Hospitalizations,State,Sokoto,6163187,0.5,14
PACE-FLU-SEV,2025/2026,40,48,8,Hospitalizations,State,Sokoto,6163187,0.75,23
PACE-FLU-SEV,2025/2026,40,48,8,Hospitalizations,State,Sokoto,6163187,0.9,37
PACE-FLU-SEV,2025/2026,40,48,8,Hospitalizations,State,Sokoto,6163187,0.95,48
PACE-FLU-SEV,2025/2026,40,48,8,Hospitalizations,State,Taraba,4331885,0.05,2
PACE-FLU-SEV,2025/2026,40,48,8,Hospitalizations,State,Taraba,4331885,0.1,3
PACE-FLU-SEV,2025/2026,40,48,8,Hospitalizations,State,Taraba,4331885,0.25,5
PACE-FLU-SEV,2025/2026,40,48,8,Hospitalizations,State,Taraba,4331885,0.5,9
PACE-FLU-SEV,2025/2026,40,48,8,Hospitalizations,State,Taraba,4331885,0.75,16
PACE-FLU-SEV,2025/2026,40,48,8,Hospitalizations,State,Taraba,4331885,0.9,25
PACE-FLU-SEV,2025/2026,40,48,8,Hospitalizations,State,Taraba,4331885,0.95,32
PACE-FLU-SEV,2025/2026,40,48,8,Hospitalizations,State,Yobe,4350401,0.05,2
PACE-FLU-SEV,2025/2026,40,48,8,Hospitalizations,State,Yobe,4350401,0.1,3
PACE-FLU-SEV,2025/2026,40,48,8,Hospitalizations,State,Yobe,4350401,0.25,5
PACE-FLU-SEV,2025/2026,40,48,8,Hospitalizations,State,Yobe,4350401,0.5,9
PACE-FLU-SEV,2025/2026,40,48,8,Hospitalizations,State,Yobe,4350401,0.75,15
PACE-FLU-SEV,2025/2026,40,48,8,Hospitalizations,State,Yobe,4350401,0.9,23
PACE-FLU-SEV,2025/2026,40,48,8,Hospitalizations,State,Yobe,4350401,0.95,30
PACE-FLU-SEV,2025/2026,40,48,8,Hospitalizations,State,Zamfara,5517793,0.05,2
PACE-FLU-SEV,2025/2026,40,48,8,Hospitalizations,State,Zamfara,5517793,0.1,4
PACE-FLU-SEV,2025/2026,40,48,8,Hospitalizations,State,Zamfara,5517793,0.25,7
PACE-FLU-SEV,2025/2026,40,48,8,Hospitalizations,State,Zamfara,5517793,0.5,12
PACE-FLU-SEV,2025/2026,40,48,8,Hospitalizations,State,Zamfara,5517793,0.75,20
PACE-FLU-SEV,2025/2026,40,48,8,Hospitalizations,State,Zamfara,5517793,0.9,30
PACE-FLU-SEV,2025/2026,40,48,8,Hospitalizations,State,Zamfara,5517793,0.95,39
PACE-FLU-SEV,2025/2026,40,48,8,Hospitalizations,Zone,NC,36557326,0.05,54
PACE-FLU-SEV,2025/2026,40,48,8,Hospitalizations,Zone,NC,36557326,0.1,64
PACE-FLU-SEV,2025/2026,40,48,8,Hospitalizations,Zone,NC,36557326,0.25,81
PACE-FLU-SEV,2025/2026,40,48,8,Hospitalizations,Zone,NC,36557326,0.5,108
PACE-FLU-SEV,2025/2026,40,48,8,Hospitalizations,Zone,NC,36557326,0.75,146
PACE-FLU-SEV,2025/2026,40,48,8,Hospitalizations,Zone,NC,36557326,0.9,189
PACE-FLU-SEV,2025/2026,40,48,8,Hospitalizations,Zone,NC,36557326,0.95,220.30000000000018
PACE-FLU-SEV,2025/2026,40,48,8,Hospitalizations,Zone,NE,32734949,0.05,42
PACE-FLU-SEV,2025/2026,40,48,8,Hospitalizations,Zone,NE,32734949,0.1,50
PACE-FLU-SEV,2025/2026,40,48,8,Hospitalizations,Zone,NE,32734949,0.25,64
PACE-FLU-SEV,2025/2026,40,48,8,Hospitalizations,Zone,NE,32734949,0.5,85
PACE-FLU-SEV,2025/2026,40,48,8,Hospitalizations,Zone,NE,32734949,0.75,110.58333333333326
PACE-FLU-SEV,2025/2026,40,48,8,Hospitalizations,Zone,NE,32734949,0.9,140
PACE-FLU-SEV,2025/2026,40,48,8,Hospitalizations,Zone,NE,32734949,0.95,163.6500000000001
PACE-FLU-SEV,2025/2026,40,48,8,Hospitalizations,Zone,NW,58539886,0.05,82
PACE-FLU-SEV,2025/2026,40,48,8,Hospitalizations,Zone,NW,58539886,0.1,93
PACE-FLU-SEV,2025/2026,40,48,8,Hospitalizations,Zone,NW,58539886,0.25,121
PACE-FLU-SEV,2025/2026,40,48,8,Hospitalizations,Zone,NW,58539886,0.5,158
PACE-FLU-SEV,2025/2026,40,48,8,Hospitalizations,Zone,NW,58539886,0.75,208
PACE-FLU-SEV,2025/2026,40,48,8,Hospitalizations,Zone,NW,58539886,0.9,273.63333333333344
PACE-FLU-SEV,2025/2026,40,48,8,Hospitalizations,Zone,NW,58539886,0.95,321
PACE-FLU-SEV,2025/2026,40,48,8,Hospitalizations,Zone,SE,27612828,0.05,35
PACE-FLU-SEV,2025/2026,40,48,8,Hospitalizations,Zone,SE,27612828,0.1,43
PACE-FLU-SEV,2025/2026,40,48,8,Hospitalizations,Zone,SE,27612828,0.25,55
PACE-FLU-SEV,2025/2026,40,48,8,Hospitalizations,Zone,SE,27612828,0.5,75
PACE-FLU-SEV,2025/2026,40,48,8,Hospitalizations,Zone,SE,27612828,0.75,102
PACE-FLU-SEV,2025/2026,40,48,8,Hospitalizations,Zone,SE,27612828,0.9,136.63333333333344
PACE-FLU-SEV,2025/2026,40,48,8,Hospitalizations,Zone,SE,27612828,0.95,161.30000000000018
PACE-FLU-SEV,2025/2026,40,48,8,Hospitalizations,Zone,SS,31220652,0.05,41
PACE-FLU-SEV,2025/2026,40,48,8,Hospitalizations,Zone,SS,31220652,0.1,48
PACE-FLU-SEV,2025/2026,40,48,8,Hospitalizations,Zone,SS,31220652,0.25,64
PACE-FLU-SEV,2025/2026,40,48,8,Hospitalizations,Zone,SS,31220652,0.5,87
PACE-FLU-SEV,2025/2026,40,48,8,Hospitalizations,Zone,SS,31220652,0.75,117
PACE-FLU-SEV,2025/2026,40,48,8,Hospitalizations,Zone,SS,31220652,0.9,152.63333333333344
PACE-FLU-SEV,2025/2026,40,48,8,Hospitalizations,Zone,SS,31220652,0.95,184.6500000000001
PACE-FLU-SEV,2025/2026,40,48,8,Hospitalizations,Zone,SW,42836294,0.05,59
PACE-FLU-SEV,2025/2026,40,48,8,Hospitalizations,Zone,SW,42836294,0.1,70
PACE-FLU-SEV,2025/2026,40,48,8,Hospitalizations,Zone,SW,42836294,0.25,92.41666666666669
PACE-FLU-SEV,2025/2026,40,48,8,Hospitalizations,Zone,SW,42836294,0.5,129
PACE-FLU-SEV,2025/2026,40,48,8,Hospitalizations,Zone,SW,42836294,0.75,175
PACE-FLU-SEV,2025/2026,40,48,8,Hospitalizations,Zone,SW,42836294,0.9,232.63333333333344
PACE-FLU-SEV,2025/2026,40,48,8,Hospitalizations,Zone,SW,42836294,0.95,270.6500000000001
PACE-FLU-SEV,2025/2026,40,49,9,Hospitalizations,Macro,North,127832161,0.05,227
PACE-FLU-SEV,2025/2026,40,49,9,Hospitalizations,Macro,North,127832161,0.1,252
PACE-FLU-SEV,2025/2026,40,49,9,Hospitalizations,Macro,North,127832161,0.25,299
PACE-FLU-SEV,2025/2026,40,49,9,Hospitalizations,Macro,North,127832161,0.5,375
PACE-FLU-SEV,2025/2026,40,49,9,Hospitalizations,Macro,North,127832161,0.75,472
PACE-FLU-SEV,2025/2026,40,49,9,Hospitalizations,Macro,North,127832161,0.9,599
PACE-FLU-SEV,2025/2026,40,49,9,Hospitalizations,Macro,North,127832161,0.95,688.6000000000004
PACE-FLU-SEV,2025/2026,40,49,9,Hospitalizations,Macro,South,101669774,0.05,168
PACE-FLU-SEV,2025/2026,40,49,9,Hospitalizations,Macro,South,101669774,0.1,193
PACE-FLU-SEV,2025/2026,40,49,9,Hospitalizations,Macro,South,101669774,0.25,240
PACE-FLU-SEV,2025/2026,40,49,9,Hospitalizations,Macro,South,101669774,0.5,310
PACE-FLU-SEV,2025/2026,40,49,9,Hospitalizations,Macro,South,101669774,0.75,400.58333333333326
PACE-FLU-SEV,2025/2026,40,49,9,Hospitalizations,Macro,South,101669774,0.9,515
PACE-FLU-SEV,2025/2026,40,49,9,Hospitalizations,Macro,South,101669774,0.95,603
PACE-FLU-SEV,2025/2026,40,49,9,Hospitalizations,National,Nigeria,229501935,0.05,423
PACE-FLU-SEV,2025/2026,40,49,9,Hospitalizations,National,Nigeria,229501935,0.1,473
PACE-FLU-SEV,2025/2026,40,49,9,Hospitalizations,National,Nigeria,229501935,0.25,565
PACE-FLU-SEV,2025/2026,40,49,9,Hospitalizations,National,Nigeria,229501935,0.5,701
PACE-FLU-SEV,2025/2026,40,49,9,Hospitalizations,National,Nigeria,229501935,0.75,865
PACE-FLU-SEV,2025/2026,40,49,9,Hospitalizations,National,Nigeria,229501935,0.9,1075.6333333333334
PACE-FLU-SEV,2025/2026,40,49,9,Hospitalizations,National,Nigeria,229501935,0.95,1250.6000000000004
PACE-FLU-SEV,2025/2026,40,49,9,Hospitalizations,State,Abia,4841943,0.05,3
PACE-FLU-SEV,2025/2026,40,49,9,Hospitalizations,State,Abia,4841943,0.1,4
PACE-FLU-SEV,2025/2026,40,49,9,Hospitalizations,State,Abia,4841943,0.25,7
PACE-FLU-SEV,2025/2026,40,49,9,Hospitalizations,State,Abia,4841943,0.5,12
PACE-FLU-SEV,2025/2026,40,49,9,Hospitalizations,State,Abia,4841943,0.75,20
PACE-FLU-SEV,2025/2026,40,49,9,Hospitalizations,State,Abia,4841943,0.9,31
PACE-FLU-SEV,2025/2026,40,49,9,Hospitalizations,State,Abia,4841943,0.95,41
PACE-FLU-SEV,2025/2026,40,49,9,Hospitalizations,State,Adamawa,5236948,0.05,3
PACE-FLU-SEV,2025/2026,40,49,9,Hospitalizations,State,Adamawa,5236948,0.1,4
PACE-FLU-SEV,2025/2026,40,49,9,Hospitalizations,State,Adamawa,5236948,0.25,7
PACE-FLU-SEV,2025/2026,40,49,9,Hospitalizations,State,Adamawa,5236948,0.5,12
PACE-FLU-SEV,2025/2026,40,49,9,Hospitalizations,State,Adamawa,5236948,0.75,20
PACE-FLU-SEV,2025/2026,40,49,9,Hospitalizations,State,Adamawa,5236948,0.9,32
PACE-FLU-SEV,2025/2026,40,49,9,Hospitalizations,State,Adamawa,5236948,0.95,42
PACE-FLU-SEV,2025/2026,40,49,9,Hospitalizations,State,Akwa Ibom,5780581,0.05,3
PACE-FLU-SEV,2025/2026,40,49,9,Hospitalizations,State,Akwa Ibom,5780581,0.1,4
PACE-FLU-SEV,2025/2026,40,49,9,Hospitalizations,State,Akwa Ibom,5780581,0.25,8
PACE-FLU-SEV,2025/2026,40,49,9,Hospitalizations,State,Akwa Ibom,5780581,0.5,14
PACE-FLU-SEV,2025/2026,40,49,9,Hospitalizations,State,Akwa Ibom,5780581,0.75,24
PACE-FLU-SEV,2025/2026,40,49,9,Hospitalizations,State,Akwa Ibom,5780581,0.9,36
PACE-FLU-SEV,2025/2026,40,49,9,Hospitalizations,State,Akwa Ibom,5780581,0.95,48.65000000000009
PACE-FLU-SEV,2025/2026,40,49,9,Hospitalizations,State,Anambra,7299910,0.05,4
PACE-FLU-SEV,2025/2026,40,49,9,Hospitalizations,State,Anambra,7299910,0.1,6
PACE-FLU-SEV,2025/2026,40,49,9,Hospitalizations,State,Anambra,7299910,0.25,11
PACE-FLU-SEV,2025/2026,40,49,9,Hospitalizations,State,Anambra,7299910,0.5,18
PACE-FLU-SEV,2025/2026,40,49,9,Hospitalizations,State,Anambra,7299910,0.75,31
PACE-FLU-SEV,2025/2026,40,49,9,Hospitalizations,State,Anambra,7299910,0.9,47
PACE-FLU-SEV,2025/2026,40,49,9,Hospitalizations,State,Anambra,7299910,0.95,62
PACE-FLU-SEV,2025/2026,40,49,9,Hospitalizations,State,Bauchi,7540663,0.05,4
PACE-FLU-SEV,2025/2026,40,49,9,Hospitalizations,State,Bauchi,7540663,0.1,6
PACE-FLU-SEV,2025/2026,40,49,9,Hospitalizations,State,Bauchi,7540663,0.25,10.416666666666686
PACE-FLU-SEV,2025/2026,40,49,9,Hospitalizations,State,Bauchi,7540663,0.5,18
PACE-FLU-SEV,2025/2026,40,49,9,Hospitalizations,State,Bauchi,7540663,0.75,30
PACE-FLU-SEV,2025/2026,40,49,9,Hospitalizations,State,Bauchi,7540663,0.9,49
PACE-FLU-SEV,2025/2026,40,49,9,Hospitalizations,State,Bauchi,7540663,0.95,63
PACE-FLU-SEV,2025/2026,40,49,9,Hospitalizations,State,Bayelsa,2394725,0.05,1
PACE-FLU-SEV,2025/2026,40,49,9,Hospitalizations,State,Bayelsa,2394725,0.1,1
PACE-FLU-SEV,2025/2026,40,49,9,Hospitalizations,State,Bayelsa,2394725,0.25,3
PACE-FLU-SEV,2025/2026,40,49,9,Hospitalizations,State,Bayelsa,2394725,0.5,6
PACE-FLU-SEV,2025/2026,40,49,9,Hospitalizations,State,Bayelsa,2394725,0.75,10
PACE-FLU-SEV,2025/2026,40,49,9,Hospitalizations,State,Bayelsa,2394725,0.9,15
PACE-FLU-SEV,2025/2026,40,49,9,Hospitalizations,State,Bayelsa,2394725,0.95,20.65000000000009
PACE-FLU-SEV,2025/2026,40,49,9,Hospitalizations,State,Benue,6687706,0.05,4
PACE-FLU-SEV,2025/2026,40,49,9,Hospitalizations,State,Benue,6687706,0.1,6
PACE-FLU-SEV,2025/2026,40,49,9,Hospitalizations,State,Benue,6687706,0.25,10
PACE-FLU-SEV,2025/2026,40,49,9,Hospitalizations,State,Benue,6687706,0.5,17
PACE-FLU-SEV,2025/2026,40,49,9,Hospitalizations,State,Benue,6687706,0.75,29
PACE-FLU-SEV,2025/2026,40,49,9,Hospitalizations,State,Benue,6687706,0.9,45
PACE-FLU-SEV,2025/2026,40,49,9,Hospitalizations,State,Benue,6687706,0.95,61.65000000000009
PACE-FLU-SEV,2025/2026,40,49,9,Hospitalizations,State,Borno,6651590,0.05,3
PACE-FLU-SEV,2025/2026,40,49,9,Hospitalizations,State,Borno,6651590,0.1,5
PACE-FLU-SEV,2025/2026,40,49,9,Hospitalizations,State,Borno,6651590,0.25,8
PACE-FLU-SEV,2025/2026,40,49,9,Hospitalizations,State,Borno,6651590,0.5,15
PACE-FLU-SEV,2025/2026,40,49,9,Hospitalizations,State,Borno,6651590,0.75,25
PACE-FLU-SEV,2025/2026,40,49,9,Hospitalizations,State,Borno,6651590,0.9,39
PACE-FLU-SEV,2025/2026,40,49,9,Hospitalizations,State,Borno,6651590,0.95,51
PACE-FLU-SEV,2025/2026,40,49,9,Hospitalizations,State,Cross River,4175020,0.05,2
PACE-FLU-SEV,2025/2026,40,49,9,Hospitalizations,State,Cross River,4175020,0.1,3
PACE-FLU-SEV,2025/2026,40,49,9,Hospitalizations,State,Cross River,4175020,0.25,6
PACE-FLU-SEV,2025/2026,40,49,9,Hospitalizations,State,Cross River,4175020,0.5,10
PACE-FLU-SEV,2025/2026,40,49,9,Hospitalizations,State,Cross River,4175020,0.75,17
PACE-FLU-SEV,2025/2026,40,49,9,Hospitalizations,State,Cross River,4175020,0.9,26
PACE-FLU-SEV,2025/2026,40,49,9,Hospitalizations,State,Cross River,4175020,0.95,34
PACE-FLU-SEV,2025/2026,40,49,9,Hospitalizations,State,Delta,6107543,0.05,4
PACE-FLU-SEV,2025/2026,40,49,9,Hospitalizations,State,Delta,6107543,0.1,5
PACE-FLU-SEV,2025/2026,40,49,9,Hospitalizations,State,Delta,6107543,0.25,9
PACE-FLU-SEV,2025/2026,40,49,9,Hospitalizations,State,Delta,6107543,0.5,16
PACE-FLU-SEV,2025/2026,40,49,9,Hospitalizations,State,Delta,6107543,0.75,26
PACE-FLU-SEV,2025/2026,40,49,9,Hospitalizations,State,Delta,6107543,0.9,40.63333333333344
PACE-FLU-SEV,2025/2026,40,49,9,Hospitalizations,State,Delta,6107543,0.95,53
PACE-FLU-SEV,2025/2026,40,49,9,Hospitalizations,State,Ebonyi,4007155,0.05,2
PACE-FLU-SEV,2025/2026,40,49,9,Hospitalizations,State,Ebonyi,4007155,0.1,3
PACE-FLU-SEV,2025/2026,40,49,9,Hospitalizations,State,Ebonyi,4007155,0.25,5
PACE-FLU-SEV,2025/2026,40,49,9,Hospitalizations,State,Ebonyi,4007155,0.5,10
PACE-FLU-SEV,2025/2026,40,49,9,Hospitalizations,State,Ebonyi,4007155,0.75,16
PACE-FLU-SEV,2025/2026,40,49,9,Hospitalizations,State,Ebonyi,4007155,0.9,25
PACE-FLU-SEV,2025/2026,40,49,9,Hospitalizations,State,Ebonyi,4007155,0.95,32
PACE-FLU-SEV,2025/2026,40,49,9,Hospitalizations,State,Edo,5527810,0.05,3
PACE-FLU-SEV,2025/2026,40,49,9,Hospitalizations,State,Edo,5527810,0.1,4
PACE-FLU-SEV,2025/2026,40,49,9,Hospitalizations,State,Edo,5527810,0.25,8
PACE-FLU-SEV,2025/2026,40,49,9,Hospitalizations,State,Edo,5527810,0.5,14
PACE-FLU-SEV,2025/2026,40,49,9,Hospitalizations,State,Edo,5527810,0.75,23
PACE-FLU-SEV,2025/2026,40,49,9,Hospitalizations,State,Edo,5527810,0.9,38
PACE-FLU-SEV,2025/2026,40,49,9,Hospitalizations,State,Edo,5527810,0.95,47
PACE-FLU-SEV,2025/2026,40,49,9,Hospitalizations,State,Ekiti,3398177,0.05,1
PACE-FLU-SEV,2025/2026,40,49,9,Hospitalizations,State,Ekiti,3398177,0.1,2
PACE-FLU-SEV,2025/2026,40,49,9,Hospitalizations,State,Ekiti,3398177,0.25,5
PACE-FLU-SEV,2025/2026,40,49,9,Hospitalizations,State,Ekiti,3398177,0.5,8
PACE-FLU-SEV,2025/2026,40,49,9,Hospitalizations,State,Ekiti,3398177,0.75,14
PACE-FLU-SEV,2025/2026,40,49,9,Hospitalizations,State,Ekiti,3398177,0.9,22
PACE-FLU-SEV,2025/2026,40,49,9,Hospitalizations,State,Ekiti,3398177,0.95,29.65000000000009
PACE-FLU-SEV,2025/2026,40,49,9,Hospitalizations,State,Enugu,5396098,0.05,3
PACE-FLU-SEV,2025/2026,40,49,9,Hospitalizations,State,Enugu,5396098,0.1,5
PACE-FLU-SEV,2025/2026,40,49,9,Hospitalizations,State,Enugu,5396098,0.25,8
PACE-FLU-SEV,2025/2026,40,49,9,Hospitalizations,State,Enugu,5396098,0.5,13
PACE-FLU-SEV,2025/2026,40,49,9,Hospitalizations,State,Enugu,5396098,0.75,22
PACE-FLU-SEV,2025/2026,40,49,9,Hospitalizations,State,Enugu,5396098,0.9,34
PACE-FLU-SEV,2025/2026,40,49,9,Hospitalizations,State,Enugu,5396098,0.95,45
PACE-FLU-SEV,2025/2026,40,49,9,Hospitalizations,State,FCT,4802443,0.05,4
PACE-FLU-SEV,2025/2026,40,49,9,Hospitalizations,State,FCT,4802443,0.1,6
PACE-FLU-SEV,2025/2026,40,49,9,Hospitalizations,State,FCT,4802443,0.25,9
PACE-FLU-SEV,2025/2026,40,49,9,Hospitalizations,State,FCT,4802443,0.5,16
PACE-FLU-SEV,2025/2026,40,49,9,Hospitalizations,State,FCT,4802443,0.75,27
PACE-FLU-SEV,2025/2026,40,49,9,Hospitalizations,State,FCT,4802443,0.9,41.63333333333344
PACE-FLU-SEV,2025/2026,40,49,9,Hospitalizations,State,FCT,4802443,0.95,55
PACE-FLU-SEV,2025/2026,40,49,9,Hospitalizations,State,Gombe,4623462,0.05,2
PACE-FLU-SEV,2025/2026,40,49,9,Hospitalizations,State,Gombe,4623462,0.1,4
PACE-FLU-SEV,2025/2026,40,49,9,Hospitalizations,State,Gombe,4623462,0.25,6
PACE-FLU-SEV,2025/2026,40,49,9,Hospitalizations,State,Gombe,4623462,0.5,11
PACE-FLU-SEV,2025/2026,40,49,9,Hospitalizations,State,Gombe,4623462,0.75,19
PACE-FLU-SEV,2025/2026,40,49,9,Hospitalizations,State,Gombe,4623462,0.9,30
PACE-FLU-SEV,2025/2026,40,49,9,Hospitalizations,State,Gombe,4623462,0.95,40
PACE-FLU-SEV,2025/2026,40,49,9,Hospitalizations,State,Imo,6067722,0.05,3
PACE-FLU-SEV,2025/2026,40,49,9,Hospitalizations,State,Imo,6067722,0.1,5
PACE-FLU-SEV,2025/2026,40,49,9,Hospitalizations,State,Imo,6067722,0.25,9
PACE-FLU-SEV,2025/2026,40,49,9,Hospitalizations,State,Imo,6067722,0.5,15
PACE-FLU-SEV,2025/2026,40,49,9,Hospitalizations,State,Imo,6067722,0.75,25
PACE-FLU-SEV,2025/2026,40,49,9,Hospitalizations,State,Imo,6067722,0.9,39
PACE-FLU-SEV,2025/2026,40,49,9,Hospitalizations,State,Imo,6067722,0.95,49
PACE-FLU-SEV,2025/2026,40,49,9,Hospitalizations,State,Jigawa,6979080,0.05,4
PACE-FLU-SEV,2025/2026,40,49,9,Hospitalizations,State,Jigawa,6979080,0.1,5
PACE-FLU-SEV,2025/2026,40,49,9,Hospitalizations,State,Jigawa,6979080,0.25,9
PACE-FLU-SEV,2025/2026,40,49,9,Hospitalizations,State,Jigawa,6979080,0.5,15
PACE-FLU-SEV,2025/2026,40,49,9,Hospitalizations,State,Jigawa,6979080,0.75,26
PACE-FLU-SEV,2025/2026,40,49,9,Hospitalizations,State,Jigawa,6979080,0.9,40
PACE-FLU-SEV,2025/2026,40,49,9,Hospitalizations,State,Jigawa,6979080,0.95,54
PACE-FLU-SEV,2025/2026,40,49,9,Hospitalizations,State,Kaduna,8324285,0.05,5
PACE-FLU-SEV,2025/2026,40,49,9,Hospitalizations,State,Kaduna,8324285,0.1,7
PACE-FLU-SEV,2025/2026,40,49,9,Hospitalizations,State,Kaduna,8324285,0.25,13
PACE-FLU-SEV,2025/2026,40,49,9,Hospitalizations,State,Kaduna,8324285,0.5,22
PACE-FLU-SEV,2025/2026,40,49,9,Hospitalizations,State,Kaduna,8324285,0.75,38
PACE-FLU-SEV,2025/2026,40,49,9,Hospitalizations,State,Kaduna,8324285,0.9,58
PACE-FLU-SEV,2025/2026,40,49,9,Hospitalizations,State,Kaduna,8324285,0.95,73
PACE-FLU-SEV,2025/2026,40,49,9,Hospitalizations,State,Kano,16253549,0.05,12
PACE-FLU-SEV,2025/2026,40,49,9,Hospitalizations,State,Kano,16253549,0.1,16
PACE-FLU-SEV,2025/2026,40,49,9,Hospitalizations,State,Kano,16253549,0.25,26
PACE-FLU-SEV,2025/2026,40,49,9,Hospitalizations,State,Kano,16253549,0.5,43
PACE-FLU-SEV,2025/2026,40,49,9,Hospitalizations,State,Kano,16253549,0.75,68
PACE-FLU-SEV,2025/2026,40,49,9,Hospitalizations,State,Kano,16253549,0.9,104
PACE-FLU-SEV,2025/2026,40,49,9,Hospitalizations,State,Kano,16253549,0.95,140
PACE-FLU-SEV,2025/2026,40,49,9,Hospitalizations,State,Katsina,9300382,0.05,5
PACE-FLU-SEV,2025/2026,40,49,9,Hospitalizations,State,Katsina,9300382,0.1,7
PACE-FLU-SEV,2025/2026,40,49,9,Hospitalizations,State,Katsina,9300382,0.25,12
PACE-FLU-SEV,2025/2026,40,49,9,Hospitalizations,State,Katsina,9300382,0.5,21
PACE-FLU-SEV,2025/2026,40,49,9,Hospitalizations,State,Katsina,9300382,0.75,34
PACE-FLU-SEV,2025/2026,40,49,9,Hospitalizations,State,Katsina,9300382,0.9,50.63333333333344
PACE-FLU-SEV,2025/2026,40,49,9,Hospitalizations,State,Katsina,9300382,0.95,68.65000000000009
PACE-FLU-SEV,2025/2026,40,49,9,Hospitalizations,State,Kebbi,6001610,0.05,3
PACE-FLU-SEV,2025/2026,40,49,9,Hospitalizations,State,Kebbi,6001610,0.1,5
PACE-FLU-SEV,2025/2026,40,49,9,Hospitalizations,State,Kebbi,6001610,0.25,8
PACE-FLU-SEV,2025/2026,40,49,9,Hospitalizations,State,Kebbi,6001610,0.5,13
PACE-FLU-SEV,2025/2026,40,49,9,Hospitalizations,State,Kebbi,6001610,0.75,22
PACE-FLU-SEV,2025/2026,40,49,9,Hospitalizations,State,Kebbi,6001610,0.9,35
PACE-FLU-SEV,2025/2026,40,49,9,Hospitalizations,State,Kebbi,6001610,0.95,45
PACE-FLU-SEV,2025/2026,40,49,9,Hospitalizations,State,Kogi,5053734,0.05,3
PACE-FLU-SEV,2025/2026,40,49,9,Hospitalizations,State,Kogi,5053734,0.1,4
PACE-FLU-SEV,2025/2026,40,49,9,Hospitalizations,State,Kogi,5053734,0.25,8
PACE-FLU-SEV,2025/2026,40,49,9,Hospitalizations,State,Kogi,5053734,0.5,13
PACE-FLU-SEV,2025/2026,40,49,9,Hospitalizations,State,Kogi,5053734,0.75,23
PACE-FLU-SEV,2025/2026,40,49,9,Hospitalizations,State,Kogi,5053734,0.9,34.63333333333344
PACE-FLU-SEV,2025/2026,40,49,9,Hospitalizations,State,Kogi,5053734,0.95,44
PACE-FLU-SEV,2025/2026,40,49,9,Hospitalizations,State,Kwara,4259613,0.05,2
PACE-FLU-SEV,2025/2026,40,49,9,Hospitalizations,State,Kwara,4259613,0.1,3
PACE-FLU-SEV,2025/2026,40,49,9,Hospitalizations,State,Kwara,4259613,0.25,6
PACE-FLU-SEV,2025/2026,40,49,9,Hospitalizations,State,Kwara,4259613,0.5,11
PACE-FLU-SEV,2025/2026,40,49,9,Hospitalizations,State,Kwara,4259613,0.75,18
PACE-FLU-SEV,2025/2026,40,49,9,Hospitalizations,State,Kwara,4259613,0.9,27
PACE-FLU-SEV,2025/2026,40,49,9,Hospitalizations,State,Kwara,4259613,0.95,36
PACE-FLU-SEV,2025/2026,40,49,9,Hospitalizations,State,Lagos,15772884,0.05,12.350000000000009
PACE-FLU-SEV,2025/2026,40,49,9,Hospitalizations,State,Lagos,15772884,0.1,17
PACE-FLU-SEV,2025/2026,40,49,9,Hospitalizations,State,Lagos,15772884,0.25,28
PACE-FLU-SEV,2025/2026,40,49,9,Hospitalizations,State,Lagos,15772884,0.5,47
PACE-FLU-SEV,2025/2026,40,49,9,Hospitalizations,State,Lagos,15772884,0.75,74
PACE-FLU-SEV,2025/2026,40,49,9,Hospitalizations,State,Lagos,15772884,0.9,115
PACE-FLU-SEV,2025/2026,40,49,9,Hospitalizations,State,Lagos,15772884,0.95,157
PACE-FLU-SEV,2025/2026,40,49,9,Hospitalizations,State,Nasarawa,3632239,0.05,2
PACE-FLU-SEV,2025/2026,40,49,9,Hospitalizations,State,Nasarawa,3632239,0.1,3
PACE-FLU-SEV,2025/2026,40,49,9,Hospitalizations,State,Nasarawa,3632239,0.25,6
PACE-FLU-SEV,2025/2026,40,49,9,Hospitalizations,State,Nasarawa,3632239,0.5,9
PACE-FLU-SEV,2025/2026,40,49,9,Hospitalizations,State,Nasarawa,3632239,0.75,16
PACE-FLU-SEV,2025/2026,40,49,9,Hospitalizations,State,Nasarawa,3632239,0.9,24
PACE-FLU-SEV,2025/2026,40,49,9,Hospitalizations,State,Nasarawa,3632239,0.95,31.65000000000009
PACE-FLU-SEV,2025/2026,40,49,9,Hospitalizations,State,Niger,6720617,0.05,4
PACE-FLU-SEV,2025/2026,40,49,9,Hospitalizations,State,Niger,6720617,0.1,6
PACE-FLU-SEV,2025/2026,40,49,9,Hospitalizations,State,Niger,6720617,0.25,10
PACE-FLU-SEV,2025/2026,40,49,9,Hospitalizations,State,Niger,6720617,0.5,17
PACE-FLU-SEV,2025/2026,40,49,9,Hospitalizations,State,Niger,6720617,0.75,28
PACE-FLU-SEV,2025/2026,40,49,9,Hospitalizations,State,Niger,6720617,0.9,44
PACE-FLU-SEV,2025/2026,40,49,9,Hospitalizations,State,Niger,6720617,0.95,56
PACE-FLU-SEV,2025/2026,40,49,9,Hospitalizations,State,Ogun,6445275,0.05,4
PACE-FLU-SEV,2025/2026,40,49,9,Hospitalizations,State,Ogun,6445275,0.1,6
PACE-FLU-SEV,2025/2026,40,49,9,Hospitalizations,State,Ogun,6445275,0.25,10
PACE-FLU-SEV,2025/2026,40,49,9,Hospitalizations,State,Ogun,6445275,0.5,17
PACE-FLU-SEV,2025/2026,40,49,9,Hospitalizations,State,Ogun,6445275,0.75,27
PACE-FLU-SEV,2025/2026,40,49,9,Hospitalizations,State,Ogun,6445275,0.9,42
PACE-FLU-SEV,2025/2026,40,49,9,Hospitalizations,State,Ogun,6445275,0.95,54
PACE-FLU-SEV,2025/2026,40,49,9,Hospitalizations,State,Ondo,5469707,0.05,3
PACE-FLU-SEV,2025/2026,40,49,9,Hospitalizations,State,Ondo,5469707,0.1,4
PACE-FLU-SEV,2025/2026,40,49,9,Hospitalizations,State,Ondo,5469707,0.25,8
PACE-FLU-SEV,2025/2026,40,49,9,Hospitalizations,State,Ondo,5469707,0.5,14
PACE-FLU-SEV,2025/2026,40,49,9,Hospitalizations,State,Ondo,5469707,0.75,23
PACE-FLU-SEV,2025/2026,40,49,9,Hospitalizations,State,Ondo,5469707,0.9,37
PACE-FLU-SEV,2025/2026,40,49,9,Hospitalizations,State,Ondo,5469707,0.95,47
PACE-FLU-SEV,2025/2026,40,49,9,Hospitalizations,State,Osun,4237396,0.05,2
PACE-FLU-SEV,2025/2026,40,49,9,Hospitalizations,State,Osun,4237396,0.1,3
PACE-FLU-SEV,2025/2026,40,49,9,Hospitalizations,State,Osun,4237396,0.25,6
PACE-FLU-SEV,2025/2026,40,49,9,Hospitalizations,State,Osun,4237396,0.5,10
PACE-FLU-SEV,2025/2026,40,49,9,Hospitalizations,State,Osun,4237396,0.75,17
PACE-FLU-SEV,2025/2026,40,49,9,Hospitalizations,State,Osun,4237396,0.9,28
PACE-FLU-SEV,2025/2026,40,49,9,Hospitalizations,State,Osun,4237396,0.95,36
PACE-FLU-SEV,2025/2026,40,49,9,Hospitalizations,State,Oyo,7512855,0.05,5
PACE-FLU-SEV,2025/2026,40,49,9,Hospitalizations,State,Oyo,7512855,0.1,7
PACE-FLU-SEV,2025/2026,40,49,9,Hospitalizations,State,Oyo,7512855,0.25,12
PACE-FLU-SEV,2025/2026,40,49,9,Hospitalizations,State,Oyo,7512855,0.5,20
PACE-FLU-SEV,2025/2026,40,49,9,Hospitalizations,State,Oyo,7512855,0.75,33
PACE-FLU-SEV,2025/2026,40,49,9,Hospitalizations,State,Oyo,7512855,0.9,50
PACE-FLU-SEV,2025/2026,40,49,9,Hospitalizations,State,Oyo,7512855,0.95,65
PACE-FLU-SEV,2025/2026,40,49,9,Hospitalizations,State,Plateau,5400974,0.05,3
PACE-FLU-SEV,2025/2026,40,49,9,Hospitalizations,State,Plateau,5400974,0.1,4
PACE-FLU-SEV,2025/2026,40,49,9,Hospitalizations,State,Plateau,5400974,0.25,7
PACE-FLU-SEV,2025/2026,40,49,9,Hospitalizations,State,Plateau,5400974,0.5,13
PACE-FLU-SEV,2025/2026,40,49,9,Hospitalizations,State,Plateau,5400974,0.75,22
PACE-FLU-SEV,2025/2026,40,49,9,Hospitalizations,State,Plateau,5400974,0.9,32
PACE-FLU-SEV,2025/2026,40,49,9,Hospitalizations,State,Plateau,5400974,0.95,42
PACE-FLU-SEV,2025/2026,40,49,9,Hospitalizations,State,Rivers,7234973,0.05,4
PACE-FLU-SEV,2025/2026,40,49,9,Hospitalizations,State,Rivers,7234973,0.1,6
PACE-FLU-SEV,2025/2026,40,49,9,Hospitalizations,State,Rivers,7234973,0.25,10
PACE-FLU-SEV,2025/2026,40,49,9,Hospitalizations,State,Rivers,7234973,0.5,18
PACE-FLU-SEV,2025/2026,40,49,9,Hospitalizations,State,Rivers,7234973,0.75,31
PACE-FLU-SEV,2025/2026,40,49,9,Hospitalizations,State,Rivers,7234973,0.9,49
PACE-FLU-SEV,2025/2026,40,49,9,Hospitalizations,State,Rivers,7234973,0.95,63
PACE-FLU-SEV,2025/2026,40,49,9,Hospitalizations,State,Sokoto,6163187,0.05,3
PACE-FLU-SEV,2025/2026,40,49,9,Hospitalizations,State,Sokoto,6163187,0.1,5
PACE-FLU-SEV,2025/2026,40,49,9,Hospitalizations,State,Sokoto,6163187,0.25,9
PACE-FLU-SEV,2025/2026,40,49,9,Hospitalizations,State,Sokoto,6163187,0.5,15
PACE-FLU-SEV,2025/2026,40,49,9,Hospitalizations,State,Sokoto,6163187,0.75,24.583333333333258
PACE-FLU-SEV,2025/2026,40,49,9,Hospitalizations,State,Sokoto,6163187,0.9,38
PACE-FLU-SEV,2025/2026,40,49,9,Hospitalizations,State,Sokoto,6163187,0.95,46
PACE-FLU-SEV,2025/2026,40,49,9,Hospitalizations,State,Taraba,4331885,0.05,2
PACE-FLU-SEV,2025/2026,40,49,9,Hospitalizations,State,Taraba,4331885,0.1,3
PACE-FLU-SEV,2025/2026,40,49,9,Hospitalizations,State,Taraba,4331885,0.25,5
PACE-FLU-SEV,2025/2026,40,49,9,Hospitalizations,State,Taraba,4331885,0.5,10
PACE-FLU-SEV,2025/2026,40,49,9,Hospitalizations,State,Taraba,4331885,0.75,17
PACE-FLU-SEV,2025/2026,40,49,9,Hospitalizations,State,Taraba,4331885,0.9,25
PACE-FLU-SEV,2025/2026,40,49,9,Hospitalizations,State,Taraba,4331885,0.95,33
PACE-FLU-SEV,2025/2026,40,49,9,Hospitalizations,State,Yobe,4350401,0.05,2
PACE-FLU-SEV,2025/2026,40,49,9,Hospitalizations,State,Yobe,4350401,0.1,3
PACE-FLU-SEV,2025/2026,40,49,9,Hospitalizations,State,Yobe,4350401,0.25,5
PACE-FLU-SEV,2025/2026,40,49,9,Hospitalizations,State,Yobe,4350401,0.5,9
PACE-FLU-SEV,2025/2026,40,49,9,Hospitalizations,State,Yobe,4350401,0.75,16
PACE-FLU-SEV,2025/2026,40,49,9,Hospitalizations,State,Yobe,4350401,0.9,25
PACE-FLU-SEV,2025/2026,40,49,9,Hospitalizations,State,Yobe,4350401,0.95,32.65000000000009
PACE-FLU-SEV,2025/2026,40,49,9,Hospitalizations,State,Zamfara,5517793,0.05,2
PACE-FLU-SEV,2025/2026,40,49,9,Hospitalizations,State,Zamfara,5517793,0.1,4
PACE-FLU-SEV,2025/2026,40,49,9,Hospitalizations,State,Zamfara,5517793,0.25,7
PACE-FLU-SEV,2025/2026,40,49,9,Hospitalizations,State,Zamfara,5517793,0.5,12
PACE-FLU-SEV,2025/2026,40,49,9,Hospitalizations,State,Zamfara,5517793,0.75,21
PACE-FLU-SEV,2025/2026,40,49,9,Hospitalizations,State,Zamfara,5517793,0.9,32
PACE-FLU-SEV,2025/2026,40,49,9,Hospitalizations,State,Zamfara,5517793,0.95,42
PACE-FLU-SEV,2025/2026,40,49,9,Hospitalizations,Zone,NC,36557326,0.05,57
PACE-FLU-SEV,2025/2026,40,49,9,Hospitalizations,Zone,NC,36557326,0.1,65
PACE-FLU-SEV,2025/2026,40,49,9,Hospitalizations,Zone,NC,36557326,0.25,86
PACE-FLU-SEV,2025/2026,40,49,9,Hospitalizations,Zone,NC,36557326,0.5,112
PACE-FLU-SEV,2025/2026,40,49,9,Hospitalizations,Zone,NC,36557326,0.75,150
PACE-FLU-SEV,2025/2026,40,49,9,Hospitalizations,Zone,NC,36557326,0.9,197.63333333333344
PACE-FLU-SEV,2025/2026,40,49,9,Hospitalizations,Zone,NC,36557326,0.95,232
PACE-FLU-SEV,2025/2026,40,49,9,Hospitalizations,Zone,NE,32734949,0.05,43
PACE-FLU-SEV,2025/2026,40,49,9,Hospitalizations,Zone,NE,32734949,0.1,50.3666666666667
PACE-FLU-SEV,2025/2026,40,49,9,Hospitalizations,Zone,NE,32734949,0.25,68
PACE-FLU-SEV,2025/2026,40,49,9,Hospitalizations,Zone,NE,32734949,0.5,89
PACE-FLU-SEV,2025/2026,40,49,9,Hospitalizations,Zone,NE,32734949,0.75,119
PACE-FLU-SEV,2025/2026,40,49,9,Hospitalizations,Zone,NE,32734949,0.9,158
PACE-FLU-SEV,2025/2026,40,49,9,Hospitalizations,Zone,NE,32734949,0.95,184
PACE-FLU-SEV,2025/2026,40,49,9,Hospitalizations,Zone,NW,58539886,0.05,84
PACE-FLU-SEV,2025/2026,40,49,9,Hospitalizations,Zone,NW,58539886,0.1,97.3666666666667
PACE-FLU-SEV,2025/2026,40,49,9,Hospitalizations,Zone,NW,58539886,0.25,123
PACE-FLU-SEV,2025/2026,40,49,9,Hospitalizations,Zone,NW,58539886,0.5,165.5000000000001
PACE-FLU-SEV,2025/2026,40,49,9,Hospitalizations,Zone,NW,58539886,0.75,217
PACE-FLU-SEV,2025/2026,40,49,9,Hospitalizations,Zone,NW,58539886,0.9,286
PACE-FLU-SEV,2025/2026,40,49,9,Hospitalizations,Zone,NW,58539886,0.95,341.6500000000001
PACE-FLU-SEV,2025/2026,40,49,9,Hospitalizations,Zone,SE,27612828,0.05,37
PACE-FLU-SEV,2025/2026,40,49,9,Hospitalizations,Zone,SE,27612828,0.1,44
PACE-FLU-SEV,2025/2026,40,49,9,Hospitalizations,Zone,SE,27612828,0.25,58
PACE-FLU-SEV,2025/2026,40,49,9,Hospitalizations,Zone,SE,27612828,0.5,79
PACE-FLU-SEV,2025/2026,40,49,9,Hospitalizations,Zone,SE,27612828,0.75,107
PACE-FLU-SEV,2025/2026,40,49,9,Hospitalizations,Zone,SE,27612828,0.9,144.63333333333344
PACE-FLU-SEV,2025/2026,40,49,9,Hospitalizations,Zone,SE,27612828,0.95,168
PACE-FLU-SEV,2025/2026,40,49,9,Hospitalizations,Zone,SS,31220652,0.05,43
PACE-FLU-SEV,2025/2026,40,49,9,Hospitalizations,Zone,SS,31220652,0.1,51
PACE-FLU-SEV,2025/2026,40,49,9,Hospitalizations,Zone,SS,31220652,0.25,67
PACE-FLU-SEV,2025/2026,40,49,9,Hospitalizations,Zone,SS,31220652,0.5,91
PACE-FLU-SEV,2025/2026,40,49,9,Hospitalizations,Zone,SS,31220652,0.75,122
PACE-FLU-SEV,2025/2026,40,49,9,Hospitalizations,Zone,SS,31220652,0.9,162
PACE-FLU-SEV,2025/2026,40,49,9,Hospitalizations,Zone,SS,31220652,0.95,196
PACE-FLU-SEV,2025/2026,40,49,9,Hospitalizations,Zone,SW,42836294,0.05,63
PACE-FLU-SEV,2025/2026,40,49,9,Hospitalizations,Zone,SW,42836294,0.1,74
PACE-FLU-SEV,2025/2026,40,49,9,Hospitalizations,Zone,SW,42836294,0.25,98
PACE-FLU-SEV,2025/2026,40,49,9,Hospitalizations,Zone,SW,42836294,0.5,132
PACE-FLU-SEV,2025/2026,40,49,9,Hospitalizations,Zone,SW,42836294,0.75,180
PACE-FLU-SEV,2025/2026,40,49,9,Hospitalizations,Zone,SW,42836294,0.9,240
PACE-FLU-SEV,2025/2026,40,49,9,Hospitalizations,Zone,SW,42836294,0.95,296
PACE-FLU-SEV,2025/2026,40,50,10,Hospitalizations,Macro,North,127832161,0.05,227.35000000000002
PACE-FLU-SEV,2025/2026,40,50,10,Hospitalizations,Macro,North,127832161,0.1,256
PACE-FLU-SEV,2025/2026,40,50,10,Hospitalizations,Macro,North,127832161,0.25,309
PACE-FLU-SEV,2025/2026,40,50,10,Hospitalizations,Macro,North,127832161,0.5,387
PACE-FLU-SEV,2025/2026,40,50,10,Hospitalizations,Macro,North,127832161,0.75,495.58333333333326
PACE-FLU-SEV,2025/2026,40,50,10,Hospitalizations,Macro,North,127832161,0.9,622.2666666666669
PACE-FLU-SEV,2025/2026,40,50,10,Hospitalizations,Macro,North,127832161,0.95,709.6000000000004
PACE-FLU-SEV,2025/2026,40,50,10,Hospitalizations,Macro,South,101669774,0.05,171
PACE-FLU-SEV,2025/2026,40,50,10,Hospitalizations,Macro,South,101669774,0.1,197
PACE-FLU-SEV,2025/2026,40,50,10,Hospitalizations,Macro,South,101669774,0.25,249
PACE-FLU-SEV,2025/2026,40,50,10,Hospitalizations,Macro,South,101669774,0.5,323
PACE-FLU-SEV,2025/2026,40,50,10,Hospitalizations,Macro,South,101669774,0.75,417
PACE-FLU-SEV,2025/2026,40,50,10,Hospitalizations,Macro,South,101669774,0.9,539.2666666666669
PACE-FLU-SEV,2025/2026,40,50,10,Hospitalizations,Macro,South,101669774,0.95,627.6500000000001
PACE-FLU-SEV,2025/2026,40,50,10,Hospitalizations,National,Nigeria,229501935,0.05,429.35
PACE-FLU-SEV,2025/2026,40,50,10,Hospitalizations,National,Nigeria,229501935,0.1,479.3666666666667
PACE-FLU-SEV,2025/2026,40,50,10,Hospitalizations,National,Nigeria,229501935,0.25,583.4166666666667
PACE-FLU-SEV,2025/2026,40,50,10,Hospitalizations,National,Nigeria,229501935,0.5,721
PACE-FLU-SEV,2025/2026,40,50,10,Hospitalizations,National,Nigeria,229501935,0.75,904.5833333333333
PACE-FLU-SEV,2025/2026,40,50,10,Hospitalizations,National,Nigeria,229501935,0.9,1110.2666666666669
PACE-FLU-SEV,2025/2026,40,50,10,Hospitalizations,National,Nigeria,229501935,0.95,1272.3000000000002
PACE-FLU-SEV,2025/2026,40,50,10,Hospitalizations,State,Abia,4841943,0.05,2.3500000000000085
PACE-FLU-SEV,2025/2026,40,50,10,Hospitalizations,State,Abia,4841943,0.1,4
PACE-FLU-SEV,2025/2026,40,50,10,Hospitalizations,State,Abia,4841943,0.25,7
PACE-FLU-SEV,2025/2026,40,50,10,Hospitalizations,State,Abia,4841943,0.5,13
PACE-FLU-SEV,2025/2026,40,50,10,Hospitalizations,State,Abia,4841943,0.75,21
PACE-FLU-SEV,2025/2026,40,50,10,Hospitalizations,State,Abia,4841943,0.9,32.63333333333344
PACE-FLU-SEV,2025/2026,40,50,10,Hospitalizations,State,Abia,4841943,0.95,41.65000000000009
PACE-FLU-SEV,2025/2026,40,50,10,Hospitalizations,State,Adamawa,5236948,0.05,3
PACE-FLU-SEV,2025/2026,40,50,10,Hospitalizations,State,Adamawa,5236948,0.1,4
PACE-FLU-SEV,2025/2026,40,50,10,Hospitalizations,State,Adamawa,5236948,0.25,7
PACE-FLU-SEV,2025/2026,40,50,10,Hospitalizations,State,Adamawa,5236948,0.5,13
PACE-FLU-SEV,2025/2026,40,50,10,Hospitalizations,State,Adamawa,5236948,0.75,21
PACE-FLU-SEV,2025/2026,40,50,10,Hospitalizations,State,Adamawa,5236948,0.9,32
PACE-FLU-SEV,2025/2026,40,50,10,Hospitalizations,State,Adamawa,5236948,0.95,41
PACE-FLU-SEV,2025/2026,40,50,10,Hospitalizations,State,Akwa Ibom,5780581,0.05,3
PACE-FLU-SEV,2025/2026,40,50,10,Hospitalizations,State,Akwa Ibom,5780581,0.1,5
PACE-FLU-SEV,2025/2026,40,50,10,Hospitalizations,State,Akwa Ibom,5780581,0.25,8
PACE-FLU-SEV,2025/2026,40,50,10,Hospitalizations,State,Akwa Ibom,5780581,0.5,14
PACE-FLU-SEV,2025/2026,40,50,10,Hospitalizations,State,Akwa Ibom,5780581,0.75,24
PACE-FLU-SEV,2025/2026,40,50,10,Hospitalizations,State,Akwa Ibom,5780581,0.9,38
PACE-FLU-SEV,2025/2026,40,50,10,Hospitalizations,State,Akwa Ibom,5780581,0.95,48
PACE-FLU-SEV,2025/2026,40,50,10,Hospitalizations,State,Anambra,7299910,0.05,4
PACE-FLU-SEV,2025/2026,40,50,10,Hospitalizations,State,Anambra,7299910,0.1,6
PACE-FLU-SEV,2025/2026,40,50,10,Hospitalizations,State,Anambra,7299910,0.25,11
PACE-FLU-SEV,2025/2026,40,50,10,Hospitalizations,State,Anambra,7299910,0.5,20
PACE-FLU-SEV,2025/2026,40,50,10,Hospitalizations,State,Anambra,7299910,0.75,33
PACE-FLU-SEV,2025/2026,40,50,10,Hospitalizations,State,Anambra,7299910,0.9,49
PACE-FLU-SEV,2025/2026,40,50,10,Hospitalizations,State,Anambra,7299910,0.95,63
PACE-FLU-SEV,2025/2026,40,50,10,Hospitalizations,State,Bauchi,7540663,0.05,4
PACE-FLU-SEV,2025/2026,40,50,10,Hospitalizations,State,Bauchi,7540663,0.1,6
PACE-FLU-SEV,2025/2026,40,50,10,Hospitalizations,State,Bauchi,7540663,0.25,11
PACE-FLU-SEV,2025/2026,40,50,10,Hospitalizations,State,Bauchi,7540663,0.5,19
PACE-FLU-SEV,2025/2026,40,50,10,Hospitalizations,State,Bauchi,7540663,0.75,32
PACE-FLU-SEV,2025/2026,40,50,10,Hospitalizations,State,Bauchi,7540663,0.9,49
PACE-FLU-SEV,2025/2026,40,50,10,Hospitalizations,State,Bauchi,7540663,0.95,62.65000000000009
PACE-FLU-SEV,2025/2026,40,50,10,Hospitalizations,State,Bayelsa,2394725,0.05,1
PACE-FLU-SEV,2025/2026,40,50,10,Hospitalizations,State,Bayelsa,2394725,0.1,2
PACE-FLU-SEV,2025/2026,40,50,10,Hospitalizations,State,Bayelsa,2394725,0.25,3
PACE-FLU-SEV,2025/2026,40,50,10,Hospitalizations,State,Bayelsa,2394725,0.5,6
PACE-FLU-SEV,2025/2026,40,50,10,Hospitalizations,State,Bayelsa,2394725,0.75,10
PACE-FLU-SEV,2025/2026,40,50,10,Hospitalizations,State,Bayelsa,2394725,0.9,17
PACE-FLU-SEV,2025/2026,40,50,10,Hospitalizations,State,Bayelsa,2394725,0.95,22
PACE-FLU-SEV,2025/2026,40,50,10,Hospitalizations,State,Benue,6687706,0.05,4
PACE-FLU-SEV,2025/2026,40,50,10,Hospitalizations,State,Benue,6687706,0.1,6
PACE-FLU-SEV,2025/2026,40,50,10,Hospitalizations,State,Benue,6687706,0.25,10
PACE-FLU-SEV,2025/2026,40,50,10,Hospitalizations,State,Benue,6687706,0.5,17
PACE-FLU-SEV,2025/2026,40,50,10,Hospitalizations,State,Benue,6687706,0.75,30
PACE-FLU-SEV,2025/2026,40,50,10,Hospitalizations,State,Benue,6687706,0.9,45
PACE-FLU-SEV,2025/2026,40,50,10,Hospitalizations,State,Benue,6687706,0.95,60
PACE-FLU-SEV,2025/2026,40,50,10,Hospitalizations,State,Borno,6651590,0.05,3
PACE-FLU-SEV,2025/2026,40,50,10,Hospitalizations,State,Borno,6651590,0.1,5
PACE-FLU-SEV,2025/2026,40,50,10,Hospitalizations,State,Borno,6651590,0.25,8
PACE-FLU-SEV,2025/2026,40,50,10,Hospitalizations,State,Borno,6651590,0.5,15
PACE-FLU-SEV,2025/2026,40,50,10,Hospitalizations,State,Borno,6651590,0.75,25
PACE-FLU-SEV,2025/2026,40,50,10,Hospitalizations,State,Borno,6651590,0.9,40
PACE-FLU-SEV,2025/2026,40,50,10,Hospitalizations,State,Borno,6651590,0.95,51
PACE-FLU-SEV,2025/2026,40,50,10,Hospitalizations,State,Cross River,4175020,0.05,2
PACE-FLU-SEV,2025/2026,40,50,10,Hospitalizations,State,Cross River,4175020,0.1,3
PACE-FLU-SEV,2025/2026,40,50,10,Hospitalizations,State,Cross River,4175020,0.25,6
PACE-FLU-SEV,2025/2026,40,50,10,Hospitalizations,State,Cross River,4175020,0.5,11
PACE-FLU-SEV,2025/2026,40,50,10,Hospitalizations,State,Cross River,4175020,0.75,19
PACE-FLU-SEV,2025/2026,40,50,10,Hospitalizations,State,Cross River,4175020,0.9,28.63333333333344
PACE-FLU-SEV,2025/2026,40,50,10,Hospitalizations,State,Cross River,4175020,0.95,38
PACE-FLU-SEV,2025/2026,40,50,10,Hospitalizations,State,Delta,6107543,0.05,3
PACE-FLU-SEV,2025/2026,40,50,10,Hospitalizations,State,Delta,6107543,0.1,5
PACE-FLU-SEV,2025/2026,40,50,10,Hospitalizations,State,Delta,6107543,0.25,9
PACE-FLU-SEV,2025/2026,40,50,10,Hospitalizations,State,Delta,6107543,0.5,16
PACE-FLU-SEV,2025/2026,40,50,10,Hospitalizations,State,Delta,6107543,0.75,27
PACE-FLU-SEV,2025/2026,40,50,10,Hospitalizations,State,Delta,6107543,0.9,43
PACE-FLU-SEV,2025/2026,40,50,10,Hospitalizations,State,Delta,6107543,0.95,55
PACE-FLU-SEV,2025/2026,40,50,10,Hospitalizations,State,Ebonyi,4007155,0.05,2
PACE-FLU-SEV,2025/2026,40,50,10,Hospitalizations,State,Ebonyi,4007155,0.1,3
PACE-FLU-SEV,2025/2026,40,50,10,Hospitalizations,State,Ebonyi,4007155,0.25,6
PACE-FLU-SEV,2025/2026,40,50,10,Hospitalizations,State,Ebonyi,4007155,0.5,10
PACE-FLU-SEV,2025/2026,40,50,10,Hospitalizations,State,Ebonyi,4007155,0.75,17
PACE-FLU-SEV,2025/2026,40,50,10,Hospitalizations,State,Ebonyi,4007155,0.9,27
PACE-FLU-SEV,2025/2026,40,50,10,Hospitalizations,State,Ebonyi,4007155,0.95,34
PACE-FLU-SEV,2025/2026,40,50,10,Hospitalizations,State,Edo,5527810,0.05,3
PACE-FLU-SEV,2025/2026,40,50,10,Hospitalizations,State,Edo,5527810,0.1,4
PACE-FLU-SEV,2025/2026,40,50,10,Hospitalizations,State,Edo,5527810,0.25,8
PACE-FLU-SEV,2025/2026,40,50,10,Hospitalizations,State,Edo,5527810,0.5,14
PACE-FLU-SEV,2025/2026,40,50,10,Hospitalizations,State,Edo,5527810,0.75,24
PACE-FLU-SEV,2025/2026,40,50,10,Hospitalizations,State,Edo,5527810,0.9,37
PACE-FLU-SEV,2025/2026,40,50,10,Hospitalizations,State,Edo,5527810,0.95,50
PACE-FLU-SEV,2025/2026,40,50,10,Hospitalizations,State,Ekiti,3398177,0.05,1
PACE-FLU-SEV,2025/2026,40,50,10,Hospitalizations,State,Ekiti,3398177,0.1,2
PACE-FLU-SEV,2025/2026,40,50,10,Hospitalizations,State,Ekiti,3398177,0.25,5
PACE-FLU-SEV,2025/2026,40,50,10,Hospitalizations,State,Ekiti,3398177,0.5,8
PACE-FLU-SEV,2025/2026,40,50,10,Hospitalizations,State,Ekiti,3398177,0.75,14
PACE-FLU-SEV,2025/2026,40,50,10,Hospitalizations,State,Ekiti,3398177,0.9,23
PACE-FLU-SEV,2025/2026,40,50,10,Hospitalizations,State,Ekiti,3398177,0.95,30
PACE-FLU-SEV,2025/2026,40,50,10,Hospitalizations,State,Enugu,5396098,0.05,3
PACE-FLU-SEV,2025/2026,40,50,10,Hospitalizations,State,Enugu,5396098,0.1,4
PACE-FLU-SEV,2025/2026,40,50,10,Hospitalizations,State,Enugu,5396098,0.25,8
PACE-FLU-SEV,2025/2026,40,50,10,Hospitalizations,State,Enugu,5396098,0.5,14
PACE-FLU-SEV,2025/2026,40,50,10,Hospitalizations,State,Enugu,5396098,0.75,23
PACE-FLU-SEV,2025/2026,40,50,10,Hospitalizations,State,Enugu,5396098,0.9,36.63333333333344
PACE-FLU-SEV,2025/2026,40,50,10,Hospitalizations,State,Enugu,5396098,0.95,48
PACE-FLU-SEV,2025/2026,40,50,10,Hospitalizations,State,FCT,4802443,0.05,3
PACE-FLU-SEV,2025/2026,40,50,10,Hospitalizations,State,FCT,4802443,0.1,5
PACE-FLU-SEV,2025/2026,40,50,10,Hospitalizations,State,FCT,4802443,0.25,9
PACE-FLU-SEV,2025/2026,40,50,10,Hospitalizations,State,FCT,4802443,0.5,16
PACE-FLU-SEV,2025/2026,40,50,10,Hospitalizations,State,FCT,4802443,0.75,27
PACE-FLU-SEV,2025/2026,40,50,10,Hospitalizations,State,FCT,4802443,0.9,44
PACE-FLU-SEV,2025/2026,40,50,10,Hospitalizations,State,FCT,4802443,0.95,57
PACE-FLU-SEV,2025/2026,40,50,10,Hospitalizations,State,Gombe,4623462,0.05,2
PACE-FLU-SEV,2025/2026,40,50,10,Hospitalizations,State,Gombe,4623462,0.1,4
PACE-FLU-SEV,2025/2026,40,50,10,Hospitalizations,State,Gombe,4623462,0.25,7
PACE-FLU-SEV,2025/2026,40,50,10,Hospitalizations,State,Gombe,4623462,0.5,12
PACE-FLU-SEV,2025/2026,40,50,10,Hospitalizations,State,Gombe,4623462,0.75,20
PACE-FLU-SEV,2025/2026,40,50,10,Hospitalizations,State,Gombe,4623462,0.9,30
PACE-FLU-SEV,2025/2026,40,50,10,Hospitalizations,State,Gombe,4623462,0.95,41
PACE-FLU-SEV,2025/2026,40,50,10,Hospitalizations,State,Imo,6067722,0.05,4
PACE-FLU-SEV,2025/2026,40,50,10,Hospitalizations,State,Imo,6067722,0.1,5
PACE-FLU-SEV,2025/2026,40,50,10,Hospitalizations,State,Imo,6067722,0.25,9
PACE-FLU-SEV,2025/2026,40,50,10,Hospitalizations,State,Imo,6067722,0.5,16
PACE-FLU-SEV,2025/2026,40,50,10,Hospitalizations,State,Imo,6067722,0.75,26
PACE-FLU-SEV,2025/2026,40,50,10,Hospitalizations,State,Imo,6067722,0.9,42
PACE-FLU-SEV,2025/2026,40,50,10,Hospitalizations,State,Imo,6067722,0.95,55
PACE-FLU-SEV,2025/2026,40,50,10,Hospitalizations,State,Jigawa,6979080,0.05,4
PACE-FLU-SEV,2025/2026,40,50,10,Hospitalizations,State,Jigawa,6979080,0.1,5
PACE-FLU-SEV,2025/2026,40,50,10,Hospitalizations,State,Jigawa,6979080,0.25,9
PACE-FLU-SEV,2025/2026,40,50,10,Hospitalizations,State,Jigawa,6979080,0.5,16
PACE-FLU-SEV,2025/2026,40,50,10,Hospitalizations,State,Jigawa,6979080,0.75,27
PACE-FLU-SEV,2025/2026,40,50,10,Hospitalizations,State,Jigawa,6979080,0.9,43
PACE-FLU-SEV,2025/2026,40,50,10,Hospitalizations,State,Jigawa,6979080,0.95,54
PACE-FLU-SEV,2025/2026,40,50,10,Hospitalizations,State,Kaduna,8324285,0.05,5
PACE-FLU-SEV,2025/2026,40,50,10,Hospitalizations,State,Kaduna,8324285,0.1,7
PACE-FLU-SEV,2025/2026,40,50,10,Hospitalizations,State,Kaduna,8324285,0.25,13
PACE-FLU-SEV,2025/2026,40,50,10,Hospitalizations,State,Kaduna,8324285,0.5,23
PACE-FLU-SEV,2025/2026,40,50,10,Hospitalizations,State,Kaduna,8324285,0.75,38.58333333333326
PACE-FLU-SEV,2025/2026,40,50,10,Hospitalizations,State,Kaduna,8324285,0.9,61
PACE-FLU-SEV,2025/2026,40,50,10,Hospitalizations,State,Kaduna,8324285,0.95,78
PACE-FLU-SEV,2025/2026,40,50,10,Hospitalizations,State,Kano,16253549,0.05,12
PACE-FLU-SEV,2025/2026,40,50,10,Hospitalizations,State,Kano,16253549,0.1,16
PACE-FLU-SEV,2025/2026,40,50,10,Hospitalizations,State,Kano,16253549,0.25,26
PACE-FLU-SEV,2025/2026,40,50,10,Hospitalizations,State,Kano,16253549,0.5,45
PACE-FLU-SEV,2025/2026,40,50,10,Hospitalizations,State,Kano,16253549,0.75,74
PACE-FLU-SEV,2025/2026,40,50,10,Hospitalizations,State,Kano,16253549,0.9,118.63333333333344
PACE-FLU-SEV,2025/2026,40,50,10,Hospitalizations,State,Kano,16253549,0.95,151
PACE-FLU-SEV,2025/2026,40,50,10,Hospitalizations,State,Katsina,9300382,0.05,5
PACE-FLU-SEV,2025/2026,40,50,10,Hospitalizations,State,Katsina,9300382,0.1,7
PACE-FLU-SEV,2025/2026,40,50,10,Hospitalizations,State,Katsina,9300382,0.25,12
PACE-FLU-SEV,2025/2026,40,50,10,Hospitalizations,State,Katsina,9300382,0.5,21
PACE-FLU-SEV,2025/2026,40,50,10,Hospitalizations,State,Katsina,9300382,0.75,35
PACE-FLU-SEV,2025/2026,40,50,10,Hospitalizations,State,Katsina,9300382,0.9,55
PACE-FLU-SEV,2025/2026,40,50,10,Hospitalizations,State,Katsina,9300382,0.95,70
PACE-FLU-SEV,2025/2026,40,50,10,Hospitalizations,State,Kebbi,6001610,0.05,3
PACE-FLU-SEV,2025/2026,40,50,10,Hospitalizations,State,Kebbi,6001610,0.1,4
PACE-FLU-SEV,2025/2026,40,50,10,Hospitalizations,State,Kebbi,6001610,0.25,8
PACE-FLU-SEV,2025/2026,40,50,10,Hospitalizations,State,Kebbi,6001610,0.5,14
PACE-FLU-SEV,2025/2026,40,50,10,Hospitalizations,State,Kebbi,6001610,0.75,23
PACE-FLU-SEV,2025/2026,40,50,10,Hospitalizations,State,Kebbi,6001610,0.9,36
PACE-FLU-SEV,2025/2026,40,50,10,Hospitalizations,State,Kebbi,6001610,0.95,46
PACE-FLU-SEV,2025/2026,40,50,10,Hospitalizations,State,Kogi,5053734,0.05,3
PACE-FLU-SEV,2025/2026,40,50,10,Hospitalizations,State,Kogi,5053734,0.1,4
PACE-FLU-SEV,2025/2026,40,50,10,Hospitalizations,State,Kogi,5053734,0.25,8
PACE-FLU-SEV,2025/2026,40,50,10,Hospitalizations,State,Kogi,5053734,0.5,14
PACE-FLU-SEV,2025/2026,40,50,10,Hospitalizations,State,Kogi,5053734,0.75,23
PACE-FLU-SEV,2025/2026,40,50,10,Hospitalizations,State,Kogi,5053734,0.9,36
PACE-FLU-SEV,2025/2026,40,50,10,Hospitalizations,State,Kogi,5053734,0.95,44.65000000000009
PACE-FLU-SEV,2025/2026,40,50,10,Hospitalizations,State,Kwara,4259613,0.05,2
PACE-FLU-SEV,2025/2026,40,50,10,Hospitalizations,State,Kwara,4259613,0.1,3
PACE-FLU-SEV,2025/2026,40,50,10,Hospitalizations,State,Kwara,4259613,0.25,6
PACE-FLU-SEV,2025/2026,40,50,10,Hospitalizations,State,Kwara,4259613,0.5,11
PACE-FLU-SEV,2025/2026,40,50,10,Hospitalizations,State,Kwara,4259613,0.75,19
PACE-FLU-SEV,2025/2026,40,50,10,Hospitalizations,State,Kwara,4259613,0.9,29
PACE-FLU-SEV,2025/2026,40,50,10,Hospitalizations,State,Kwara,4259613,0.95,38
PACE-FLU-SEV,2025/2026,40,50,10,Hospitalizations,State,Lagos,15772884,0.05,12
PACE-FLU-SEV,2025/2026,40,50,10,Hospitalizations,State,Lagos,15772884,0.1,17
PACE-FLU-SEV,2025/2026,40,50,10,Hospitalizations,State,Lagos,15772884,0.25,28
PACE-FLU-SEV,2025/2026,40,50,10,Hospitalizations,State,Lagos,15772884,0.5,47
PACE-FLU-SEV,2025/2026,40,50,10,Hospitalizations,State,Lagos,15772884,0.75,76
PACE-FLU-SEV,2025/2026,40,50,10,Hospitalizations,State,Lagos,15772884,0.9,123
PACE-FLU-SEV,2025/2026,40,50,10,Hospitalizations,State,Lagos,15772884,0.95,161
PACE-FLU-SEV,2025/2026,40,50,10,Hospitalizations,State,Nasarawa,3632239,0.05,2
PACE-FLU-SEV,2025/2026,40,50,10,Hospitalizations,State,Nasarawa,3632239,0.1,3
PACE-FLU-SEV,2025/2026,40,50,10,Hospitalizations,State,Nasarawa,3632239,0.25,5
PACE-FLU-SEV,2025/2026,40,50,10,Hospitalizations,State,Nasarawa,3632239,0.5,9
PACE-FLU-SEV,2025/2026,40,50,10,Hospitalizations,State,Nasarawa,3632239,0.75,16
PACE-FLU-SEV,2025/2026,40,50,10,Hospitalizations,State,Nasarawa,3632239,0.9,25
PACE-FLU-SEV,2025/2026,40,50,10,Hospitalizations,State,Nasarawa,3632239,0.95,31
PACE-FLU-SEV,2025/2026,40,50,10,Hospitalizations,State,Niger,6720617,0.05,4
PACE-FLU-SEV,2025/2026,40,50,10,Hospitalizations,State,Niger,6720617,0.1,6
PACE-FLU-SEV,2025/2026,40,50,10,Hospitalizations,State,Niger,6720617,0.25,10
PACE-FLU-SEV,2025/2026,40,50,10,Hospitalizations,State,Niger,6720617,0.5,17
PACE-FLU-SEV,2025/2026,40,50,10,Hospitalizations,State,Niger,6720617,0.75,28
PACE-FLU-SEV,2025/2026,40,50,10,Hospitalizations,State,Niger,6720617,0.9,46
PACE-FLU-SEV,2025/2026,40,50,10,Hospitalizations,State,Niger,6720617,0.95,58
PACE-FLU-SEV,2025/2026,40,50,10,Hospitalizations,State,Ogun,6445275,0.05,4
PACE-FLU-SEV,2025/2026,40,50,10,Hospitalizations,State,Ogun,6445275,0.1,6
PACE-FLU-SEV,2025/2026,40,50,10,Hospitalizations,State,Ogun,6445275,0.25,10
PACE-FLU-SEV,2025/2026,40,50,10,Hospitalizations,State,Ogun,6445275,0.5,17
PACE-FLU-SEV,2025/2026,40,50,10,Hospitalizations,State,Ogun,6445275,0.75,28
PACE-FLU-SEV,2025/2026,40,50,10,Hospitalizations,State,Ogun,6445275,0.9,44
PACE-FLU-SEV,2025/2026,40,50,10,Hospitalizations,State,Ogun,6445275,0.95,58
PACE-FLU-SEV,2025/2026,40,50,10,Hospitalizations,State,Ondo,5469707,0.05,3
PACE-FLU-SEV,2025/2026,40,50,10,Hospitalizations,State,Ondo,5469707,0.1,5
PACE-FLU-SEV,2025/2026,40,50,10,Hospitalizations,State,Ondo,5469707,0.25,8
PACE-FLU-SEV,2025/2026,40,50,10,Hospitalizations,State,Ondo,5469707,0.5,14
PACE-FLU-SEV,2025/2026,40,50,10,Hospitalizations,State,Ondo,5469707,0.75,24
PACE-FLU-SEV,2025/2026,40,50,10,Hospitalizations,State,Ondo,5469707,0.9,37
PACE-FLU-SEV,2025/2026,40,50,10,Hospitalizations,State,Ondo,5469707,0.95,49.65000000000009
PACE-FLU-SEV,2025/2026,40,50,10,Hospitalizations,State,Osun,4237396,0.05,2
PACE-FLU-SEV,2025/2026,40,50,10,Hospitalizations,State,Osun,4237396,0.1,3
PACE-FLU-SEV,2025/2026,40,50,10,Hospitalizations,State,Osun,4237396,0.25,6
PACE-FLU-SEV,2025/2026,40,50,10,Hospitalizations,State,Osun,4237396,0.5,11
PACE-FLU-SEV,2025/2026,40,50,10,Hospitalizations,State,Osun,4237396,0.75,18
PACE-FLU-SEV,2025/2026,40,50,10,Hospitalizations,State,Osun,4237396,0.9,28
PACE-FLU-SEV,2025/2026,40,50,10,Hospitalizations,State,Osun,4237396,0.95,36
PACE-FLU-SEV,2025/2026,40,50,10,Hospitalizations,State,Oyo,7512855,0.05,5
PACE-FLU-SEV,2025/2026,40,50,10,Hospitalizations,State,Oyo,7512855,0.1,7
PACE-FLU-SEV,2025/2026,40,50,10,Hospitalizations,State,Oyo,7512855,0.25,12
PACE-FLU-SEV,2025/2026,40,50,10,Hospitalizations,State,Oyo,7512855,0.5,21
PACE-FLU-SEV,2025/2026,40,50,10,Hospitalizations,State,Oyo,7512855,0.75,34
PACE-FLU-SEV,2025/2026,40,50,10,Hospitalizations,State,Oyo,7512855,0.9,55
PACE-FLU-SEV,2025/2026,40,50,10,Hospitalizations,State,Oyo,7512855,0.95,68
PACE-FLU-SEV,2025/2026,40,50,10,Hospitalizations,State,Plateau,5400974,0.05,3
PACE-FLU-SEV,2025/2026,40,50,10,Hospitalizations,State,Plateau,5400974,0.1,4
PACE-FLU-SEV,2025/2026,40,50,10,Hospitalizations,State,Plateau,5400974,0.25,8
PACE-FLU-SEV,2025/2026,40,50,10,Hospitalizations,State,Plateau,5400974,0.5,14
PACE-FLU-SEV,2025/2026,40,50,10,Hospitalizations,State,Plateau,5400974,0.75,22
PACE-FLU-SEV,2025/2026,40,50,10,Hospitalizations,State,Plateau,5400974,0.9,35
PACE-FLU-SEV,2025/2026,40,50,10,Hospitalizations,State,Plateau,5400974,0.95,46
PACE-FLU-SEV,2025/2026,40,50,10,Hospitalizations,State,Rivers,7234973,0.05,4
PACE-FLU-SEV,2025/2026,40,50,10,Hospitalizations,State,Rivers,7234973,0.1,6
PACE-FLU-SEV,2025/2026,40,50,10,Hospitalizations,State,Rivers,7234973,0.25,11
PACE-FLU-SEV,2025/2026,40,50,10,Hospitalizations,State,Rivers,7234973,0.5,19
PACE-FLU-SEV,2025/2026,40,50,10,Hospitalizations,State,Rivers,7234973,0.75,32
PACE-FLU-SEV,2025/2026,40,50,10,Hospitalizations,State,Rivers,7234973,0.9,49
PACE-FLU-SEV,2025/2026,40,50,10,Hospitalizations,State,Rivers,7234973,0.95,63
PACE-FLU-SEV,2025/2026,40,50,10,Hospitalizations,State,Sokoto,6163187,0.05,3
PACE-FLU-SEV,2025/2026,40,50,10,Hospitalizations,State,Sokoto,6163187,0.1,5
PACE-FLU-SEV,2025/2026,40,50,10,Hospitalizations,State,Sokoto,6163187,0.25,9
PACE-FLU-SEV,2025/2026,40,50,10,Hospitalizations,State,Sokoto,6163187,0.5,16
PACE-FLU-SEV,2025/2026,40,50,10,Hospitalizations,State,Sokoto,6163187,0.75,25
PACE-FLU-SEV,2025/2026,40,50,10,Hospitalizations,State,Sokoto,6163187,0.9,39
PACE-FLU-SEV,2025/2026,40,50,10,Hospitalizations,State,Sokoto,6163187,0.95,49
PACE-FLU-SEV,2025/2026,40,50,10,Hospitalizations,State,Taraba,4331885,0.05,2
PACE-FLU-SEV,2025/2026,40,50,10,Hospitalizations,State,Taraba,4331885,0.1,3
PACE-FLU-SEV,2025/2026,40,50,10,Hospitalizations,State,Taraba,4331885,0.25,6
PACE-FLU-SEV,2025/2026,40,50,10,Hospitalizations,State,Taraba,4331885,0.5,10
PACE-FLU-SEV,2025/2026,40,50,10,Hospitalizations,State,Taraba,4331885,0.75,17
PACE-FLU-SEV,2025/2026,40,50,10,Hospitalizations,State,Taraba,4331885,0.9,25
PACE-FLU-SEV,2025/2026,40,50,10,Hospitalizations,State,Taraba,4331885,0.95,32
PACE-FLU-SEV,2025/2026,40,50,10,Hospitalizations,State,Yobe,4350401,0.05,2
PACE-FLU-SEV,2025/2026,40,50,10,Hospitalizations,State,Yobe,4350401,0.1,3
PACE-FLU-SEV,2025/2026,40,50,10,Hospitalizations,State,Yobe,4350401,0.25,5.416666666666686
PACE-FLU-SEV,2025/2026,40,50,10,Hospitalizations,State,Yobe,4350401,0.5,10
PACE-FLU-SEV,2025/2026,40,50,10,Hospitalizations,State,Yobe,4350401,0.75,16
PACE-FLU-SEV,2025/2026,40,50,10,Hospitalizations,State,Yobe,4350401,0.9,26
PACE-FLU-SEV,2025/2026,40,50,10,Hospitalizations,State,Yobe,4350401,0.95,34
PACE-FLU-SEV,2025/2026,40,50,10,Hospitalizations,State,Zamfara,5517793,0.05,3
PACE-FLU-SEV,2025/2026,40,50,10,Hospitalizations,State,Zamfara,5517793,0.1,4
PACE-FLU-SEV,2025/2026,40,50,10,Hospitalizations,State,Zamfara,5517793,0.25,7
PACE-FLU-SEV,2025/2026,40,50,10,Hospitalizations,State,Zamfara,5517793,0.5,12
PACE-FLU-SEV,2025/2026,40,50,10,Hospitalizations,State,Zamfara,5517793,0.75,21
PACE-FLU-SEV,2025/2026,40,50,10,Hospitalizations,State,Zamfara,5517793,0.9,34
PACE-FLU-SEV,2025/2026,40,50,10,Hospitalizations,State,Zamfara,5517793,0.95,43
PACE-FLU-SEV,2025/2026,40,50,10,Hospitalizations,Zone,NC,36557326,0.05,57
PACE-FLU-SEV,2025/2026,40,50,10,Hospitalizations,Zone,NC,36557326,0.1,66
PACE-FLU-SEV,2025/2026,40,50,10,Hospitalizations,Zone,NC,36557326,0.25,87
PACE-FLU-SEV,2025/2026,40,50,10,Hospitalizations,Zone,NC,36557326,0.5,116
PACE-FLU-SEV,2025/2026,40,50,10,Hospitalizations,Zone,NC,36557326,0.75,155
PACE-FLU-SEV,2025/2026,40,50,10,Hospitalizations,Zone,NC,36557326,0.9,205.63333333333344
PACE-FLU-SEV,2025/2026,40,50,10,Hospitalizations,Zone,NC,36557326,0.95,237
PACE-FLU-SEV,2025/2026,40,50,10,Hospitalizations,Zone,NE,32734949,0.05,45
PACE-FLU-SEV,2025/2026,40,50,10,Hospitalizations,Zone,NE,32734949,0.1,53
PACE-FLU-SEV,2025/2026,40,50,10,Hospitalizations,Zone,NE,32734949,0.25,68
PACE-FLU-SEV,2025/2026,40,50,10,Hospitalizations,Zone,NE,32734949,0.5,90
PACE-FLU-SEV,2025/2026,40,50,10,Hospitalizations,Zone,NE,32734949,0.75,122
PACE-FLU-SEV,2025/2026,40,50,10,Hospitalizations,Zone,NE,32734949,0.9,160.63333333333344
PACE-FLU-SEV,2025/2026,40,50,10,Hospitalizations,Zone,NE,32734949,0.95,190
PACE-FLU-SEV,2025/2026,40,50,10,Hospitalizations,Zone,NW,58539886,0.05,86.35000000000001
PACE-FLU-SEV,2025/2026,40,50,10,Hospitalizations,Zone,NW,58539886,0.1,101
PACE-FLU-SEV,2025/2026,40,50,10,Hospitalizations,Zone,NW,58539886,0.25,130
PACE-FLU-SEV,2025/2026,40,50,10,Hospitalizations,Zone,NW,58539886,0.5,172
PACE-FLU-SEV,2025/2026,40,50,10,Hospitalizations,Zone,NW,58539886,0.75,226
PACE-FLU-SEV,2025/2026,40,50,10,Hospitalizations,Zone,NW,58539886,0.9,306
PACE-FLU-SEV,2025/2026,40,50,10,Hospitalizations,Zone,NW,58539886,0.95,355
PACE-FLU-SEV,2025/2026,40,50,10,Hospitalizations,Zone,SE,27612828,0.05,37
PACE-FLU-SEV,2025/2026,40,50,10,Hospitalizations,Zone,SE,27612828,0.1,45
PACE-FLU-SEV,2025/2026,40,50,10,Hospitalizations,Zone,SE,27612828,0.25,61
PACE-FLU-SEV,2025/2026,40,50,10,Hospitalizations,Zone,SE,27612828,0.5,84
PACE-FLU-SEV,2025/2026,40,50,10,Hospitalizations,Zone,SE,27612828,0.75,115
PACE-FLU-SEV,2025/2026,40,50,10,Hospitalizations,Zone,SE,27612828,0.9,152
PACE-FLU-SEV,2025/2026,40,50,10,Hospitalizations,Zone,SE,27612828,0.95,178.6500000000001
PACE-FLU-SEV,2025/2026,40,50,10,Hospitalizations,Zone,SS,31220652,0.05,45
PACE-FLU-SEV,2025/2026,40,50,10,Hospitalizations,Zone,SS,31220652,0.1,52
PACE-FLU-SEV,2025/2026,40,50,10,Hospitalizations,Zone,SS,31220652,0.25,68
PACE-FLU-SEV,2025/2026,40,50,10,Hospitalizations,Zone,SS,31220652,0.5,95
PACE-FLU-SEV,2025/2026,40,50,10,Hospitalizations,Zone,SS,31220652,0.75,130
PACE-FLU-SEV,2025/2026,40,50,10,Hospitalizations,Zone,SS,31220652,0.9,171
PACE-FLU-SEV,2025/2026,40,50,10,Hospitalizations,Zone,SS,31220652,0.95,200.6500000000001
PACE-FLU-SEV,2025/2026,40,50,10,Hospitalizations,Zone,SW,42836294,0.05,65.35000000000001
PACE-FLU-SEV,2025/2026,40,50,10,Hospitalizations,Zone,SW,42836294,0.1,75
PACE-FLU-SEV,2025/2026,40,50,10,Hospitalizations,Zone,SW,42836294,0.25,99
PACE-FLU-SEV,2025/2026,40,50,10,Hospitalizations,Zone,SW,42836294,0.5,134
PACE-FLU-SEV,2025/2026,40,50,10,Hospitalizations,Zone,SW,42836294,0.75,189
PACE-FLU-SEV,2025/2026,40,50,10,Hospitalizations,Zone,SW,42836294,0.9,253
PACE-FLU-SEV,2025/2026,40,50,10,Hospitalizations,Zone,SW,42836294,0.95,312.6500000000001
PACE-FLU-SEV,2025/2026,40,51,11,Hospitalizations,Macro,North,127832161,0.05,231
PACE-FLU-SEV,2025/2026,40,51,11,Hospitalizations,Macro,North,127832161,0.1,259
PACE-FLU-SEV,2025/2026,40,51,11,Hospitalizations,Macro,North,127832161,0.25,312
PACE-FLU-SEV,2025/2026,40,51,11,Hospitalizations,Macro,North,127832161,0.5,396
PACE-FLU-SEV,2025/2026,40,51,11,Hospitalizations,Macro,North,127832161,0.75,498
PACE-FLU-SEV,2025/2026,40,51,11,Hospitalizations,Macro,North,127832161,0.9,633.2666666666669
PACE-FLU-SEV,2025/2026,40,51,11,Hospitalizations,Macro,North,127832161,0.95,726.9500000000003
PACE-FLU-SEV,2025/2026,40,51,11,Hospitalizations,Macro,South,101669774,0.05,177
PACE-FLU-SEV,2025/2026,40,51,11,Hospitalizations,Macro,South,101669774,0.1,200
PACE-FLU-SEV,2025/2026,40,51,11,Hospitalizations,Macro,South,101669774,0.25,251
PACE-FLU-SEV,2025/2026,40,51,11,Hospitalizations,Macro,South,101669774,0.5,330.5000000000001
PACE-FLU-SEV,2025/2026,40,51,11,Hospitalizations,Macro,South,101669774,0.75,441
PACE-FLU-SEV,2025/2026,40,51,11,Hospitalizations,Macro,South,101669774,0.9,571.6333333333334
PACE-FLU-SEV,2025/2026,40,51,11,Hospitalizations,Macro,South,101669774,0.95,673
PACE-FLU-SEV,2025/2026,40,51,11,Hospitalizations,National,Nigeria,229501935,0.05,437
PACE-FLU-SEV,2025/2026,40,51,11,Hospitalizations,National,Nigeria,229501935,0.1,491
PACE-FLU-SEV,2025/2026,40,51,11,Hospitalizations,National,Nigeria,229501935,0.25,589
PACE-FLU-SEV,2025/2026,40,51,11,Hospitalizations,National,Nigeria,229501935,0.5,737
PACE-FLU-SEV,2025/2026,40,51,11,Hospitalizations,National,Nigeria,229501935,0.75,940.5833333333333
PACE-FLU-SEV,2025/2026,40,51,11,Hospitalizations,National,Nigeria,229501935,0.9,1139.6333333333334
PACE-FLU-SEV,2025/2026,40,51,11,Hospitalizations,National,Nigeria,229501935,0.95,1313.65
PACE-FLU-SEV,2025/2026,40,51,11,Hospitalizations,State,Abia,4841943,0.05,3
PACE-FLU-SEV,2025/2026,40,51,11,Hospitalizations,State,Abia,4841943,0.1,4
PACE-FLU-SEV,2025/2026,40,51,11,Hospitalizations,State,Abia,4841943,0.25,7
PACE-FLU-SEV,2025/2026,40,51,11,Hospitalizations,State,Abia,4841943,0.5,13
PACE-FLU-SEV,2025/2026,40,51,11,Hospitalizations,State,Abia,4841943,0.75,22
PACE-FLU-SEV,2025/2026,40,51,11,Hospitalizations,State,Abia,4841943,0.9,34
PACE-FLU-SEV,2025/2026,40,51,11,Hospitalizations,State,Abia,4841943,0.95,44
PACE-FLU-SEV,2025/2026,40,51,11,Hospitalizations,State,Adamawa,5236948,0.05,3
PACE-FLU-SEV,2025/2026,40,51,11,Hospitalizations,State,Adamawa,5236948,0.1,4
PACE-FLU-SEV,2025/2026,40,51,11,Hospitalizations,State,Adamawa,5236948,0.25,7
PACE-FLU-SEV,2025/2026,40,51,11,Hospitalizations,State,Adamawa,5236948,0.5,13
PACE-FLU-SEV,2025/2026,40,51,11,Hospitalizations,State,Adamawa,5236948,0.75,22
PACE-FLU-SEV,2025/2026,40,51,11,Hospitalizations,State,Adamawa,5236948,0.9,33
PACE-FLU-SEV,2025/2026,40,51,11,Hospitalizations,State,Adamawa,5236948,0.95,44
PACE-FLU-SEV,2025/2026,40,51,11,Hospitalizations,State,Akwa Ibom,5780581,0.05,3
PACE-FLU-SEV,2025/2026,40,51,11,Hospitalizations,State,Akwa Ibom,5780581,0.1,5
PACE-FLU-SEV,2025/2026,40,51,11,Hospitalizations,State,Akwa Ibom,5780581,0.25,8
PACE-FLU-SEV,2025/2026,40,51,11,Hospitalizations,State,Akwa Ibom,5780581,0.5,14
PACE-FLU-SEV,2025/2026,40,51,11,Hospitalizations,State,Akwa Ibom,5780581,0.75,24
PACE-FLU-SEV,2025/2026,40,51,11,Hospitalizations,State,Akwa Ibom,5780581,0.9,38
PACE-FLU-SEV,2025/2026,40,51,11,Hospitalizations,State,Akwa Ibom,5780581,0.95,52
PACE-FLU-SEV,2025/2026,40,51,11,Hospitalizations,State,Anambra,7299910,0.05,4
PACE-FLU-SEV,2025/2026,40,51,11,Hospitalizations,State,Anambra,7299910,0.1,6.366666666666703
PACE-FLU-SEV,2025/2026,40,51,11,Hospitalizations,State,Anambra,7299910,0.25,11
PACE-FLU-SEV,2025/2026,40,51,11,Hospitalizations,State,Anambra,7299910,0.5,20
PACE-FLU-SEV,2025/2026,40,51,11,Hospitalizations,State,Anambra,7299910,0.75,32
PACE-FLU-SEV,2025/2026,40,51,11,Hospitalizations,State,Anambra,7299910,0.9,50
PACE-FLU-SEV,2025/2026,40,51,11,Hospitalizations,State,Anambra,7299910,0.95,67
PACE-FLU-SEV,2025/2026,40,51,11,Hospitalizations,State,Bauchi,7540663,0.05,4
PACE-FLU-SEV,2025/2026,40,51,11,Hospitalizations,State,Bauchi,7540663,0.1,6
PACE-FLU-SEV,2025/2026,40,51,11,Hospitalizations,State,Bauchi,7540663,0.25,11
PACE-FLU-SEV,2025/2026,40,51,11,Hospitalizations,State,Bauchi,7540663,0.5,19
PACE-FLU-SEV,2025/2026,40,51,11,Hospitalizations,State,Bauchi,7540663,0.75,31
PACE-FLU-SEV,2025/2026,40,51,11,Hospitalizations,State,Bauchi,7540663,0.9,47.63333333333344
PACE-FLU-SEV,2025/2026,40,51,11,Hospitalizations,State,Bauchi,7540663,0.95,61
PACE-FLU-SEV,2025/2026,40,51,11,Hospitalizations,State,Bayelsa,2394725,0.05,1
PACE-FLU-SEV,2025/2026,40,51,11,Hospitalizations,State,Bayelsa,2394725,0.1,2
PACE-FLU-SEV,2025/2026,40,51,11,Hospitalizations,State,Bayelsa,2394725,0.25,3
PACE-FLU-SEV,2025/2026,40,51,11,Hospitalizations,State,Bayelsa,2394725,0.5,6
PACE-FLU-SEV,2025/2026,40,51,11,Hospitalizations,State,Bayelsa,2394725,0.75,11
PACE-FLU-SEV,2025/2026,40,51,11,Hospitalizations,State,Bayelsa,2394725,0.9,17
PACE-FLU-SEV,2025/2026,40,51,11,Hospitalizations,State,Bayelsa,2394725,0.95,21
PACE-FLU-SEV,2025/2026,40,51,11,Hospitalizations,State,Benue,6687706,0.05,4
PACE-FLU-SEV,2025/2026,40,51,11,Hospitalizations,State,Benue,6687706,0.1,6
PACE-FLU-SEV,2025/2026,40,51,11,Hospitalizations,State,Benue,6687706,0.25,11
PACE-FLU-SEV,2025/2026,40,51,11,Hospitalizations,State,Benue,6687706,0.5,18
PACE-FLU-SEV,2025/2026,40,51,11,Hospitalizations,State,Benue,6687706,0.75,31
PACE-FLU-SEV,2025/2026,40,51,11,Hospitalizations,State,Benue,6687706,0.9,48
PACE-FLU-SEV,2025/2026,40,51,11,Hospitalizations,State,Benue,6687706,0.95,63
PACE-FLU-SEV,2025/2026,40,51,11,Hospitalizations,State,Borno,6651590,0.05,3
PACE-FLU-SEV,2025/2026,40,51,11,Hospitalizations,State,Borno,6651590,0.1,5
PACE-FLU-SEV,2025/2026,40,51,11,Hospitalizations,State,Borno,6651590,0.25,9
PACE-FLU-SEV,2025/2026,40,51,11,Hospitalizations,State,Borno,6651590,0.5,16
PACE-FLU-SEV,2025/2026,40,51,11,Hospitalizations,State,Borno,6651590,0.75,26
PACE-FLU-SEV,2025/2026,40,51,11,Hospitalizations,State,Borno,6651590,0.9,38
PACE-FLU-SEV,2025/2026,40,51,11,Hospitalizations,State,Borno,6651590,0.95,49.65000000000009
PACE-FLU-SEV,2025/2026,40,51,11,Hospitalizations,State,Cross River,4175020,0.05,2
PACE-FLU-SEV,2025/2026,40,51,11,Hospitalizations,State,Cross River,4175020,0.1,3
PACE-FLU-SEV,2025/2026,40,51,11,Hospitalizations,State,Cross River,4175020,0.25,6
PACE-FLU-SEV,2025/2026,40,51,11,Hospitalizations,State,Cross River,4175020,0.5,11
PACE-FLU-SEV,2025/2026,40,51,11,Hospitalizations,State,Cross River,4175020,0.75,19
PACE-FLU-SEV,2025/2026,40,51,11,Hospitalizations,State,Cross River,4175020,0.9,29
PACE-FLU-SEV,2025/2026,40,51,11,Hospitalizations,State,Cross River,4175020,0.95,38
PACE-FLU-SEV,2025/2026,40,51,11,Hospitalizations,State,Delta,6107543,0.05,4
PACE-FLU-SEV,2025/2026,40,51,11,Hospitalizations,State,Delta,6107543,0.1,6
PACE-FLU-SEV,2025/2026,40,51,11,Hospitalizations,State,Delta,6107543,0.25,10
PACE-FLU-SEV,2025/2026,40,51,11,Hospitalizations,State,Delta,6107543,0.5,17
PACE-FLU-SEV,2025/2026,40,51,11,Hospitalizations,State,Delta,6107543,0.75,28
PACE-FLU-SEV,2025/2026,40,51,11,Hospitalizations,State,Delta,6107543,0.9,43.63333333333344
PACE-FLU-SEV,2025/2026,40,51,11,Hospitalizations,State,Delta,6107543,0.95,57
PACE-FLU-SEV,2025/2026,40,51,11,Hospitalizations,State,Ebonyi,4007155,0.05,2
PACE-FLU-SEV,2025/2026,40,51,11,Hospitalizations,State,Ebonyi,4007155,0.1,3
PACE-FLU-SEV,2025/2026,40,51,11,Hospitalizations,State,Ebonyi,4007155,0.25,6
PACE-FLU-SEV,2025/2026,40,51,11,Hospitalizations,State,Ebonyi,4007155,0.5,10
PACE-FLU-SEV,2025/2026,40,51,11,Hospitalizations,State,Ebonyi,4007155,0.75,18
PACE-FLU-SEV,2025/2026,40,51,11,Hospitalizations,State,Ebonyi,4007155,0.9,28
PACE-FLU-SEV,2025/2026,40,51,11,Hospitalizations,State,Ebonyi,4007155,0.95,36
PACE-FLU-SEV,2025/2026,40,51,11,Hospitalizations,State,Edo,5527810,0.05,3
PACE-FLU-SEV,2025/2026,40,51,11,Hospitalizations,State,Edo,5527810,0.1,5
PACE-FLU-SEV,2025/2026,40,51,11,Hospitalizations,State,Edo,5527810,0.25,8
PACE-FLU-SEV,2025/2026,40,51,11,Hospitalizations,State,Edo,5527810,0.5,14
PACE-FLU-SEV,2025/2026,40,51,11,Hospitalizations,State,Edo,5527810,0.75,24
PACE-FLU-SEV,2025/2026,40,51,11,Hospitalizations,State,Edo,5527810,0.9,37
PACE-FLU-SEV,2025/2026,40,51,11,Hospitalizations,State,Edo,5527810,0.95,49
PACE-FLU-SEV,2025/2026,40,51,11,Hospitalizations,State,Ekiti,3398177,0.05,2
PACE-FLU-SEV,2025/2026,40,51,11,Hospitalizations,State,Ekiti,3398177,0.1,3
PACE-FLU-SEV,2025/2026,40,51,11,Hospitalizations,State,Ekiti,3398177,0.25,5
PACE-FLU-SEV,2025/2026,40,51,11,Hospitalizations,State,Ekiti,3398177,0.5,9
PACE-FLU-SEV,2025/2026,40,51,11,Hospitalizations,State,Ekiti,3398177,0.75,15
PACE-FLU-SEV,2025/2026,40,51,11,Hospitalizations,State,Ekiti,3398177,0.9,23
PACE-FLU-SEV,2025/2026,40,51,11,Hospitalizations,State,Ekiti,3398177,0.95,30
PACE-FLU-SEV,2025/2026,40,51,11,Hospitalizations,State,Enugu,5396098,0.05,3
PACE-FLU-SEV,2025/2026,40,51,11,Hospitalizations,State,Enugu,5396098,0.1,5
PACE-FLU-SEV,2025/2026,40,51,11,Hospitalizations,State,Enugu,5396098,0.25,8
PACE-FLU-SEV,2025/2026,40,51,11,Hospitalizations,State,Enugu,5396098,0.5,14
PACE-FLU-SEV,2025/2026,40,51,11,Hospitalizations,State,Enugu,5396098,0.75,24
PACE-FLU-SEV,2025/2026,40,51,11,Hospitalizations,State,Enugu,5396098,0.9,37
PACE-FLU-SEV,2025/2026,40,51,11,Hospitalizations,State,Enugu,5396098,0.95,48
PACE-FLU-SEV,2025/2026,40,51,11,Hospitalizations,State,FCT,4802443,0.05,4
PACE-FLU-SEV,2025/2026,40,51,11,Hospitalizations,State,FCT,4802443,0.1,5
PACE-FLU-SEV,2025/2026,40,51,11,Hospitalizations,State,FCT,4802443,0.25,10
PACE-FLU-SEV,2025/2026,40,51,11,Hospitalizations,State,FCT,4802443,0.5,16
PACE-FLU-SEV,2025/2026,40,51,11,Hospitalizations,State,FCT,4802443,0.75,28
PACE-FLU-SEV,2025/2026,40,51,11,Hospitalizations,State,FCT,4802443,0.9,44
PACE-FLU-SEV,2025/2026,40,51,11,Hospitalizations,State,FCT,4802443,0.95,55.65000000000009
PACE-FLU-SEV,2025/2026,40,51,11,Hospitalizations,State,Gombe,4623462,0.05,3
PACE-FLU-SEV,2025/2026,40,51,11,Hospitalizations,State,Gombe,4623462,0.1,4
PACE-FLU-SEV,2025/2026,40,51,11,Hospitalizations,State,Gombe,4623462,0.25,7
PACE-FLU-SEV,2025/2026,40,51,11,Hospitalizations,State,Gombe,4623462,0.5,12
PACE-FLU-SEV,2025/2026,40,51,11,Hospitalizations,State,Gombe,4623462,0.75,20
PACE-FLU-SEV,2025/2026,40,51,11,Hospitalizations,State,Gombe,4623462,0.9,31.63333333333344
PACE-FLU-SEV,2025/2026,40,51,11,Hospitalizations,State,Gombe,4623462,0.95,40.65000000000009
PACE-FLU-SEV,2025/2026,40,51,11,Hospitalizations,State,Imo,6067722,0.05,3
PACE-FLU-SEV,2025/2026,40,51,11,Hospitalizations,State,Imo,6067722,0.1,5
PACE-FLU-SEV,2025/2026,40,51,11,Hospitalizations,State,Imo,6067722,0.25,9
PACE-FLU-SEV,2025/2026,40,51,11,Hospitalizations,State,Imo,6067722,0.5,16
PACE-FLU-SEV,2025/2026,40,51,11,Hospitalizations,State,Imo,6067722,0.75,27
PACE-FLU-SEV,2025/2026,40,51,11,Hospitalizations,State,Imo,6067722,0.9,43
PACE-FLU-SEV,2025/2026,40,51,11,Hospitalizations,State,Imo,6067722,0.95,56
PACE-FLU-SEV,2025/2026,40,51,11,Hospitalizations,State,Jigawa,6979080,0.05,4
PACE-FLU-SEV,2025/2026,40,51,11,Hospitalizations,State,Jigawa,6979080,0.1,5
PACE-FLU-SEV,2025/2026,40,51,11,Hospitalizations,State,Jigawa,6979080,0.25,9
PACE-FLU-SEV,2025/2026,40,51,11,Hospitalizations,State,Jigawa,6979080,0.5,16
PACE-FLU-SEV,2025/2026,40,51,11,Hospitalizations,State,Jigawa,6979080,0.75,28
PACE-FLU-SEV,2025/2026,40,51,11,Hospitalizations,State,Jigawa,6979080,0.9,44
PACE-FLU-SEV,2025/2026,40,51,11,Hospitalizations,State,Jigawa,6979080,0.95,56
PACE-FLU-SEV,2025/2026,40,51,11,Hospitalizations,State,Kaduna,8324285,0.05,6
PACE-FLU-SEV,2025/2026,40,51,11,Hospitalizations,State,Kaduna,8324285,0.1,8
PACE-FLU-SEV,2025/2026,40,51,11,Hospitalizations,State,Kaduna,8324285,0.25,14
PACE-FLU-SEV,2025/2026,40,51,11,Hospitalizations,State,Kaduna,8324285,0.5,23
PACE-FLU-SEV,2025/2026,40,51,11,Hospitalizations,State,Kaduna,8324285,0.75,39
PACE-FLU-SEV,2025/2026,40,51,11,Hospitalizations,State,Kaduna,8324285,0.9,59
PACE-FLU-SEV,2025/2026,40,51,11,Hospitalizations,State,Kaduna,8324285,0.95,80
PACE-FLU-SEV,2025/2026,40,51,11,Hospitalizations,State,Kano,16253549,0.05,12
PACE-FLU-SEV,2025/2026,40,51,11,Hospitalizations,State,Kano,16253549,0.1,16
PACE-FLU-SEV,2025/2026,40,51,11,Hospitalizations,State,Kano,16253549,0.25,26
PACE-FLU-SEV,2025/2026,40,51,11,Hospitalizations,State,Kano,16253549,0.5,44
PACE-FLU-SEV,2025/2026,40,51,11,Hospitalizations,State,Kano,16253549,0.75,74
PACE-FLU-SEV,2025/2026,40,51,11,Hospitalizations,State,Kano,16253549,0.9,116
PACE-FLU-SEV,2025/2026,40,51,11,Hospitalizations,State,Kano,16253549,0.95,143
PACE-FLU-SEV,2025/2026,40,51,11,Hospitalizations,State,Katsina,9300382,0.05,5
PACE-FLU-SEV,2025/2026,40,51,11,Hospitalizations,State,Katsina,9300382,0.1,7
PACE-FLU-SEV,2025/2026,40,51,11,Hospitalizations,State,Katsina,9300382,0.25,12
PACE-FLU-SEV,2025/2026,40,51,11,Hospitalizations,State,Katsina,9300382,0.5,21
PACE-FLU-SEV,2025/2026,40,51,11,Hospitalizations,State,Katsina,9300382,0.75,35
PACE-FLU-SEV,2025/2026,40,51,11,Hospitalizations,State,Katsina,9300382,0.9,55
PACE-FLU-SEV,2025/2026,40,51,11,Hospitalizations,State,Katsina,9300382,0.95,68
PACE-FLU-SEV,2025/2026,40,51,11,Hospitalizations,State,Kebbi,6001610,0.05,3
PACE-FLU-SEV,2025/2026,40,51,11,Hospitalizations,State,Kebbi,6001610,0.1,4.366666666666703
PACE-FLU-SEV,2025/2026,40,51,11,Hospitalizations,State,Kebbi,6001610,0.25,8
PACE-FLU-SEV,2025/2026,40,51,11,Hospitalizations,State,Kebbi,6001610,0.5,13.500000000000114
PACE-FLU-SEV,2025/2026,40,51,11,Hospitalizations,State,Kebbi,6001610,0.75,24
PACE-FLU-SEV,2025/2026,40,51,11,Hospitalizations,State,Kebbi,6001610,0.9,36
PACE-FLU-SEV,2025/2026,40,51,11,Hospitalizations,State,Kebbi,6001610,0.95,48
PACE-FLU-SEV,2025/2026,40,51,11,Hospitalizations,State,Kogi,5053734,0.05,3
PACE-FLU-SEV,2025/2026,40,51,11,Hospitalizations,State,Kogi,5053734,0.1,4
PACE-FLU-SEV,2025/2026,40,51,11,Hospitalizations,State,Kogi,5053734,0.25,8
PACE-FLU-SEV,2025/2026,40,51,11,Hospitalizations,State,Kogi,5053734,0.5,14
PACE-FLU-SEV,2025/2026,40,51,11,Hospitalizations,State,Kogi,5053734,0.75,23
PACE-FLU-SEV,2025/2026,40,51,11,Hospitalizations,State,Kogi,5053734,0.9,35.63333333333344
PACE-FLU-SEV,2025/2026,40,51,11,Hospitalizations,State,Kogi,5053734,0.95,47
PACE-FLU-SEV,2025/2026,40,51,11,Hospitalizations,State,Kwara,4259613,0.05,2
PACE-FLU-SEV,2025/2026,40,51,11,Hospitalizations,State,Kwara,4259613,0.1,3
PACE-FLU-SEV,2025/2026,40,51,11,Hospitalizations,State,Kwara,4259613,0.25,6
PACE-FLU-SEV,2025/2026,40,51,11,Hospitalizations,State,Kwara,4259613,0.5,11
PACE-FLU-SEV,2025/2026,40,51,11,Hospitalizations,State,Kwara,4259613,0.75,19
PACE-FLU-SEV,2025/2026,40,51,11,Hospitalizations,State,Kwara,4259613,0.9,30
PACE-FLU-SEV,2025/2026,40,51,11,Hospitalizations,State,Kwara,4259613,0.95,39
PACE-FLU-SEV,2025/2026,40,51,11,Hospitalizations,State,Lagos,15772884,0.05,12
PACE-FLU-SEV,2025/2026,40,51,11,Hospitalizations,State,Lagos,15772884,0.1,18
PACE-FLU-SEV,2025/2026,40,51,11,Hospitalizations,State,Lagos,15772884,0.25,29
PACE-FLU-SEV,2025/2026,40,51,11,Hospitalizations,State,Lagos,15772884,0.5,49
PACE-FLU-SEV,2025/2026,40,51,11,Hospitalizations,State,Lagos,15772884,0.75,81
PACE-FLU-SEV,2025/2026,40,51,11,Hospitalizations,State,Lagos,15772884,0.9,129
PACE-FLU-SEV,2025/2026,40,51,11,Hospitalizations,State,Lagos,15772884,0.95,166
PACE-FLU-SEV,2025/2026,40,51,11,Hospitalizations,State,Nasarawa,3632239,0.05,2
PACE-FLU-SEV,2025/2026,40,51,11,Hospitalizations,State,Nasarawa,3632239,0.1,3
PACE-FLU-SEV,2025/2026,40,51,11,Hospitalizations,State,Nasarawa,3632239,0.25,6
PACE-FLU-SEV,2025/2026,40,51,11,Hospitalizations,State,Nasarawa,3632239,0.5,10
PACE-FLU-SEV,2025/2026,40,51,11,Hospitalizations,State,Nasarawa,3632239,0.75,17
PACE-FLU-SEV,2025/2026,40,51,11,Hospitalizations,State,Nasarawa,3632239,0.9,27
PACE-FLU-SEV,2025/2026,40,51,11,Hospitalizations,State,Nasarawa,3632239,0.95,33.65000000000009
PACE-FLU-SEV,2025/2026,40,51,11,Hospitalizations,State,Niger,6720617,0.05,4
PACE-FLU-SEV,2025/2026,40,51,11,Hospitalizations,State,Niger,6720617,0.1,6
PACE-FLU-SEV,2025/2026,40,51,11,Hospitalizations,State,Niger,6720617,0.25,10
PACE-FLU-SEV,2025/2026,40,51,11,Hospitalizations,State,Niger,6720617,0.5,18
PACE-FLU-SEV,2025/2026,40,51,11,Hospitalizations,State,Niger,6720617,0.75,31
PACE-FLU-SEV,2025/2026,40,51,11,Hospitalizations,State,Niger,6720617,0.9,48
PACE-FLU-SEV,2025/2026,40,51,11,Hospitalizations,State,Niger,6720617,0.95,63
PACE-FLU-SEV,2025/2026,40,51,11,Hospitalizations,State,Ogun,6445275,0.05,4
PACE-FLU-SEV,2025/2026,40,51,11,Hospitalizations,State,Ogun,6445275,0.1,6
PACE-FLU-SEV,2025/2026,40,51,11,Hospitalizations,State,Ogun,6445275,0.25,10
PACE-FLU-SEV,2025/2026,40,51,11,Hospitalizations,State,Ogun,6445275,0.5,17
PACE-FLU-SEV,2025/2026,40,51,11,Hospitalizations,State,Ogun,6445275,0.75,29.583333333333258
PACE-FLU-SEV,2025/2026,40,51,11,Hospitalizations,State,Ogun,6445275,0.9,47
PACE-FLU-SEV,2025/2026,40,51,11,Hospitalizations,State,Ogun,6445275,0.95,63
PACE-FLU-SEV,2025/2026,40,51,11,Hospitalizations,State,Ondo,5469707,0.05,3
PACE-FLU-SEV,2025/2026,40,51,11,Hospitalizations,State,Ondo,5469707,0.1,5
PACE-FLU-SEV,2025/2026,40,51,11,Hospitalizations,State,Ondo,5469707,0.25,8
PACE-FLU-SEV,2025/2026,40,51,11,Hospitalizations,State,Ondo,5469707,0.5,15
PACE-FLU-SEV,2025/2026,40,51,11,Hospitalizations,State,Ondo,5469707,0.75,24
PACE-FLU-SEV,2025/2026,40,51,11,Hospitalizations,State,Ondo,5469707,0.9,39.63333333333344
PACE-FLU-SEV,2025/2026,40,51,11,Hospitalizations,State,Ondo,5469707,0.95,50
PACE-FLU-SEV,2025/2026,40,51,11,Hospitalizations,State,Osun,4237396,0.05,2
PACE-FLU-SEV,2025/2026,40,51,11,Hospitalizations,State,Osun,4237396,0.1,3
PACE-FLU-SEV,2025/2026,40,51,11,Hospitalizations,State,Osun,4237396,0.25,6
PACE-FLU-SEV,2025/2026,40,51,11,Hospitalizations,State,Osun,4237396,0.5,11
PACE-FLU-SEV,2025/2026,40,51,11,Hospitalizations,State,Osun,4237396,0.75,19
PACE-FLU-SEV,2025/2026,40,51,11,Hospitalizations,State,Osun,4237396,0.9,30
PACE-FLU-SEV,2025/2026,40,51,11,Hospitalizations,State,Osun,4237396,0.95,38
PACE-FLU-SEV,2025/2026,40,51,11,Hospitalizations,State,Oyo,7512855,0.05,5
PACE-FLU-SEV,2025/2026,40,51,11,Hospitalizations,State,Oyo,7512855,0.1,7
PACE-FLU-SEV,2025/2026,40,51,11,Hospitalizations,State,Oyo,7512855,0.25,13
PACE-FLU-SEV,2025/2026,40,51,11,Hospitalizations,State,Oyo,7512855,0.5,21
PACE-FLU-SEV,2025/2026,40,51,11,Hospitalizations,State,Oyo,7512855,0.75,35
PACE-FLU-SEV,2025/2026,40,51,11,Hospitalizations,State,Oyo,7512855,0.9,55
PACE-FLU-SEV,2025/2026,40,51,11,Hospitalizations,State,Oyo,7512855,0.95,71
PACE-FLU-SEV,2025/2026,40,51,11,Hospitalizations,State,Plateau,5400974,0.05,3
PACE-FLU-SEV,2025/2026,40,51,11,Hospitalizations,State,Plateau,5400974,0.1,4
PACE-FLU-SEV,2025/2026,40,51,11,Hospitalizations,State,Plateau,5400974,0.25,8
PACE-FLU-SEV,2025/2026,40,51,11,Hospitalizations,State,Plateau,5400974,0.5,14
PACE-FLU-SEV,2025/2026,40,51,11,Hospitalizations,State,Plateau,5400974,0.75,23
PACE-FLU-SEV,2025/2026,40,51,11,Hospitalizations,State,Plateau,5400974,0.9,38
PACE-FLU-SEV,2025/2026,40,51,11,Hospitalizations,State,Plateau,5400974,0.95,50.65000000000009
PACE-FLU-SEV,2025/2026,40,51,11,Hospitalizations,State,Rivers,7234973,0.05,5
PACE-FLU-SEV,2025/2026,40,51,11,Hospitalizations,State,Rivers,7234973,0.1,7
PACE-FLU-SEV,2025/2026,40,51,11,Hospitalizations,State,Rivers,7234973,0.25,12
PACE-FLU-SEV,2025/2026,40,51,11,Hospitalizations,State,Rivers,7234973,0.5,20
PACE-FLU-SEV,2025/2026,40,51,11,Hospitalizations,State,Rivers,7234973,0.75,34
PACE-FLU-SEV,2025/2026,40,51,11,Hospitalizations,State,Rivers,7234973,0.9,53
PACE-FLU-SEV,2025/2026,40,51,11,Hospitalizations,State,Rivers,7234973,0.95,66.65000000000009
PACE-FLU-SEV,2025/2026,40,51,11,Hospitalizations,State,Sokoto,6163187,0.05,4
PACE-FLU-SEV,2025/2026,40,51,11,Hospitalizations,State,Sokoto,6163187,0.1,5
PACE-FLU-SEV,2025/2026,40,51,11,Hospitalizations,State,Sokoto,6163187,0.25,9
PACE-FLU-SEV,2025/2026,40,51,11,Hospitalizations,State,Sokoto,6163187,0.5,16
PACE-FLU-SEV,2025/2026,40,51,11,Hospitalizations,State,Sokoto,6163187,0.75,27
PACE-FLU-SEV,2025/2026,40,51,11,Hospitalizations,State,Sokoto,6163187,0.9,41
PACE-FLU-SEV,2025/2026,40,51,11,Hospitalizations,State,Sokoto,6163187,0.95,52
PACE-FLU-SEV,2025/2026,40,51,11,Hospitalizations,State,Taraba,4331885,0.05,2
PACE-FLU-SEV,2025/2026,40,51,11,Hospitalizations,State,Taraba,4331885,0.1,3
PACE-FLU-SEV,2025/2026,40,51,11,Hospitalizations,State,Taraba,4331885,0.25,6
PACE-FLU-SEV,2025/2026,40,51,11,Hospitalizations,State,Taraba,4331885,0.5,10
PACE-FLU-SEV,2025/2026,40,51,11,Hospitalizations,State,Taraba,4331885,0.75,18
PACE-FLU-SEV,2025/2026,40,51,11,Hospitalizations,State,Taraba,4331885,0.9,27
PACE-FLU-SEV,2025/2026,40,51,11,Hospitalizations,State,Taraba,4331885,0.95,36
PACE-FLU-SEV,2025/2026,40,51,11,Hospitalizations,State,Yobe,4350401,0.05,2
PACE-FLU-SEV,2025/2026,40,51,11,Hospitalizations,State,Yobe,4350401,0.1,3
PACE-FLU-SEV,2025/2026,40,51,11,Hospitalizations,State,Yobe,4350401,0.25,5
PACE-FLU-SEV,2025/2026,40,51,11,Hospitalizations,State,Yobe,4350401,0.5,10
PACE-FLU-SEV,2025/2026,40,51,11,Hospitalizations,State,Yobe,4350401,0.75,17
PACE-FLU-SEV,2025/2026,40,51,11,Hospitalizations,State,Yobe,4350401,0.9,27
PACE-FLU-SEV,2025/2026,40,51,11,Hospitalizations,State,Yobe,4350401,0.95,35
PACE-FLU-SEV,2025/2026,40,51,11,Hospitalizations,State,Zamfara,5517793,0.05,3
PACE-FLU-SEV,2025/2026,40,51,11,Hospitalizations,State,Zamfara,5517793,0.1,4
PACE-FLU-SEV,2025/2026,40,51,11,Hospitalizations,State,Zamfara,5517793,0.25,8
PACE-FLU-SEV,2025/2026,40,51,11,Hospitalizations,State,Zamfara,5517793,0.5,13
PACE-FLU-SEV,2025/2026,40,51,11,Hospitalizations,State,Zamfara,5517793,0.75,22
PACE-FLU-SEV,2025/2026,40,51,11,Hospitalizations,State,Zamfara,5517793,0.9,34
PACE-FLU-SEV,2025/2026,40,51,11,Hospitalizations,State,Zamfara,5517793,0.95,43
PACE-FLU-SEV,2025/2026,40,51,11,Hospitalizations,Zone,NC,36557326,0.05,59
PACE-FLU-SEV,2025/2026,40,51,11,Hospitalizations,Zone,NC,36557326,0.1,69
PACE-FLU-SEV,2025/2026,40,51,11,Hospitalizations,Zone,NC,36557326,0.25,89
PACE-FLU-SEV,2025/2026,40,51,11,Hospitalizations,Zone,NC,36557326,0.5,119.50000000000011
PACE-FLU-SEV,2025/2026,40,51,11,Hospitalizations,Zone,NC,36557326,0.75,159
PACE-FLU-SEV,2025/2026,40,51,11,Hospitalizations,Zone,NC,36557326,0.9,213
PACE-FLU-SEV,2025/2026,40,51,11,Hospitalizations,Zone,NC,36557326,0.95,253
PACE-FLU-SEV,2025/2026,40,51,11,Hospitalizations,Zone,NE,32734949,0.05,46
PACE-FLU-SEV,2025/2026,40,51,11,Hospitalizations,Zone,NE,32734949,0.1,54
PACE-FLU-SEV,2025/2026,40,51,11,Hospitalizations,Zone,NE,32734949,0.25,69
PACE-FLU-SEV,2025/2026,40,51,11,Hospitalizations,Zone,NE,32734949,0.5,92
PACE-FLU-SEV,2025/2026,40,51,11,Hospitalizations,Zone,NE,32734949,0.75,126
PACE-FLU-SEV,2025/2026,40,51,11,Hospitalizations,Zone,NE,32734949,0.9,161
PACE-FLU-SEV,2025/2026,40,51,11,Hospitalizations,Zone,NE,32734949,0.95,189
PACE-FLU-SEV,2025/2026,40,51,11,Hospitalizations,Zone,NW,58539886,0.05,87
PACE-FLU-SEV,2025/2026,40,51,11,Hospitalizations,Zone,NW,58539886,0.1,101
PACE-FLU-SEV,2025/2026,40,51,11,Hospitalizations,Zone,NW,58539886,0.25,131
PACE-FLU-SEV,2025/2026,40,51,11,Hospitalizations,Zone,NW,58539886,0.5,172
PACE-FLU-SEV,2025/2026,40,51,11,Hospitalizations,Zone,NW,58539886,0.75,233
PACE-FLU-SEV,2025/2026,40,51,11,Hospitalizations,Zone,NW,58539886,0.9,306
PACE-FLU-SEV,2025/2026,40,51,11,Hospitalizations,Zone,NW,58539886,0.95,370
PACE-FLU-SEV,2025/2026,40,51,11,Hospitalizations,Zone,SE,27612828,0.05,39
PACE-FLU-SEV,2025/2026,40,51,11,Hospitalizations,Zone,SE,27612828,0.1,46
PACE-FLU-SEV,2025/2026,40,51,11,Hospitalizations,Zone,SE,27612828,0.25,61
PACE-FLU-SEV,2025/2026,40,51,11,Hospitalizations,Zone,SE,27612828,0.5,84.50000000000011
PACE-FLU-SEV,2025/2026,40,51,11,Hospitalizations,Zone,SE,27612828,0.75,118
PACE-FLU-SEV,2025/2026,40,51,11,Hospitalizations,Zone,SE,27612828,0.9,161
PACE-FLU-SEV,2025/2026,40,51,11,Hospitalizations,Zone,SE,27612828,0.95,191
PACE-FLU-SEV,2025/2026,40,51,11,Hospitalizations,Zone,SS,31220652,0.05,44
PACE-FLU-SEV,2025/2026,40,51,11,Hospitalizations,Zone,SS,31220652,0.1,52
PACE-FLU-SEV,2025/2026,40,51,11,Hospitalizations,Zone,SS,31220652,0.25,70
PACE-FLU-SEV,2025/2026,40,51,11,Hospitalizations,Zone,SS,31220652,0.5,97
PACE-FLU-SEV,2025/2026,40,51,11,Hospitalizations,Zone,SS,31220652,0.75,133
PACE-FLU-SEV,2025/2026,40,51,11,Hospitalizations,Zone,SS,31220652,0.9,176
PACE-FLU-SEV,2025/2026,40,51,11,Hospitalizations,Zone,SS,31220652,0.95,212
PACE-FLU-SEV,2025/2026,40,51,11,Hospitalizations,Zone,SW,42836294,0.05,65
PACE-FLU-SEV,2025/2026,40,51,11,Hospitalizations,Zone,SW,42836294,0.1,77
PACE-FLU-SEV,2025/2026,40,51,11,Hospitalizations,Zone,SW,42836294,0.25,101.41666666666669
PACE-FLU-SEV,2025/2026,40,51,11,Hospitalizations,Zone,SW,42836294,0.5,140
PACE-FLU-SEV,2025/2026,40,51,11,Hospitalizations,Zone,SW,42836294,0.75,197
PACE-FLU-SEV,2025/2026,40,51,11,Hospitalizations,Zone,SW,42836294,0.9,268
PACE-FLU-SEV,2025/2026,40,51,11,Hospitalizations,Zone,SW,42836294,0.95,320.6500000000001
PACE-FLU-SEV,2025/2026,40,52,12,Hospitalizations,Macro,North,127832161,0.05,232
PACE-FLU-SEV,2025/2026,40,52,12,Hospitalizations,Macro,North,127832161,0.1,263.3666666666667
PACE-FLU-SEV,2025/2026,40,52,12,Hospitalizations,Macro,North,127832161,0.25,317
PACE-FLU-SEV,2025/2026,40,52,12,Hospitalizations,Macro,North,127832161,0.5,404
PACE-FLU-SEV,2025/2026,40,52,12,Hospitalizations,Macro,North,127832161,0.75,520
PACE-FLU-SEV,2025/2026,40,52,12,Hospitalizations,Macro,North,127832161,0.9,652
PACE-FLU-SEV,2025/2026,40,52,12,Hospitalizations,Macro,North,127832161,0.95,752.6500000000001
PACE-FLU-SEV,2025/2026,40,52,12,Hospitalizations,Macro,South,101669774,0.05,173
PACE-FLU-SEV,2025/2026,40,52,12,Hospitalizations,Macro,South,101669774,0.1,203
PACE-FLU-SEV,2025/2026,40,52,12,Hospitalizations,Macro,South,101669774,0.25,261.4166666666667
PACE-FLU-SEV,2025/2026,40,52,12,Hospitalizations,Macro,South,101669774,0.5,344
PACE-FLU-SEV,2025/2026,40,52,12,Hospitalizations,Macro,South,101669774,0.75,447
PACE-FLU-SEV,2025/2026,40,52,12,Hospitalizations,Macro,South,101669774,0.9,582
PACE-FLU-SEV,2025/2026,40,52,12,Hospitalizations,Macro,South,101669774,0.95,683.9500000000003
PACE-FLU-SEV,2025/2026,40,52,12,Hospitalizations,National,Nigeria,229501935,0.05,430.35
PACE-FLU-SEV,2025/2026,40,52,12,Hospitalizations,National,Nigeria,229501935,0.1,494.3666666666667
PACE-FLU-SEV,2025/2026,40,52,12,Hospitalizations,National,Nigeria,229501935,0.25,603
PACE-FLU-SEV,2025/2026,40,52,12,Hospitalizations,National,Nigeria,229501935,0.5,762
PACE-FLU-SEV,2025/2026,40,52,12,Hospitalizations,National,Nigeria,229501935,0.75,960.5833333333333
PACE-FLU-SEV,2025/2026,40,52,12,Hospitalizations,National,Nigeria,229501935,0.9,1196.6333333333334
PACE-FLU-SEV,2025/2026,40,52,12,Hospitalizations,National,Nigeria,229501935,0.95,1335.5500000000006
PACE-FLU-SEV,2025/2026,40,52,12,Hospitalizations,State,Abia,4841943,0.05,3
PACE-FLU-SEV,2025/2026,40,52,12,Hospitalizations,State,Abia,4841943,0.1,4.366666666666703
PACE-FLU-SEV,2025/2026,40,52,12,Hospitalizations,State,Abia,4841943,0.25,8
PACE-FLU-SEV,2025/2026,40,52,12,Hospitalizations,State,Abia,4841943,0.5,14
PACE-FLU-SEV,2025/2026,40,52,12,Hospitalizations,State,Abia,4841943,0.75,23
PACE-FLU-SEV,2025/2026,40,52,12,Hospitalizations,State,Abia,4841943,0.9,36
PACE-FLU-SEV,2025/2026,40,52,12,Hospitalizations,State,Abia,4841943,0.95,47
PACE-FLU-SEV,2025/2026,40,52,12,Hospitalizations,State,Adamawa,5236948,0.05,3
PACE-FLU-SEV,2025/2026,40,52,12,Hospitalizations,State,Adamawa,5236948,0.1,4
PACE-FLU-SEV,2025/2026,40,52,12,Hospitalizations,State,Adamawa,5236948,0.25,7
PACE-FLU-SEV,2025/2026,40,52,12,Hospitalizations,State,Adamawa,5236948,0.5,13
PACE-FLU-SEV,2025/2026,40,52,12,Hospitalizations,State,Adamawa,5236948,0.75,22
PACE-FLU-SEV,2025/2026,40,52,12,Hospitalizations,State,Adamawa,5236948,0.9,35
PACE-FLU-SEV,2025/2026,40,52,12,Hospitalizations,State,Adamawa,5236948,0.95,47
PACE-FLU-SEV,2025/2026,40,52,12,Hospitalizations,State,Akwa Ibom,5780581,0.05,3
PACE-FLU-SEV,2025/2026,40,52,12,Hospitalizations,State,Akwa Ibom,5780581,0.1,4
PACE-FLU-SEV,2025/2026,40,52,12,Hospitalizations,State,Akwa Ibom,5780581,0.25,8
PACE-FLU-SEV,2025/2026,40,52,12,Hospitalizations,State,Akwa Ibom,5780581,0.5,15
PACE-FLU-SEV,2025/2026,40,52,12,Hospitalizations,State,Akwa Ibom,5780581,0.75,26
PACE-FLU-SEV,2025/2026,40,52,12,Hospitalizations,State,Akwa Ibom,5780581,0.9,40
PACE-FLU-SEV,2025/2026,40,52,12,Hospitalizations,State,Akwa Ibom,5780581,0.95,52
PACE-FLU-SEV,2025/2026,40,52,12,Hospitalizations,State,Anambra,7299910,0.05,5
PACE-FLU-SEV,2025/2026,40,52,12,Hospitalizations,State,Anambra,7299910,0.1,7
PACE-FLU-SEV,2025/2026,40,52,12,Hospitalizations,State,Anambra,7299910,0.25,12
PACE-FLU-SEV,2025/2026,40,52,12,Hospitalizations,State,Anambra,7299910,0.5,20
PACE-FLU-SEV,2025/2026,40,52,12,Hospitalizations,State,Anambra,7299910,0.75,34
PACE-FLU-SEV,2025/2026,40,52,12,Hospitalizations,State,Anambra,7299910,0.9,54
PACE-FLU-SEV,2025/2026,40,52,12,Hospitalizations,State,Anambra,7299910,0.95,69.65000000000009
PACE-FLU-SEV,2025/2026,40,52,12,Hospitalizations,State,Bauchi,7540663,0.05,4.3500000000000085
PACE-FLU-SEV,2025/2026,40,52,12,Hospitalizations,State,Bauchi,7540663,0.1,6
PACE-FLU-SEV,2025/2026,40,52,12,Hospitalizations,State,Bauchi,7540663,0.25,11
PACE-FLU-SEV,2025/2026,40,52,12,Hospitalizations,State,Bauchi,7540663,0.5,19
PACE-FLU-SEV,2025/2026,40,52,12,Hospitalizations,State,Bauchi,7540663,0.75,33
PACE-FLU-SEV,2025/2026,40,52,12,Hospitalizations,State,Bauchi,7540663,0.9,51
PACE-FLU-SEV,2025/2026,40,52,12,Hospitalizations,State,Bauchi,7540663,0.95,65.65000000000009
PACE-FLU-SEV,2025/2026,40,52,12,Hospitalizations,State,Bayelsa,2394725,0.05,1
PACE-FLU-SEV,2025/2026,40,52,12,Hospitalizations,State,Bayelsa,2394725,0.1,2
PACE-FLU-SEV,2025/2026,40,52,12,Hospitalizations,State,Bayelsa,2394725,0.25,3
PACE-FLU-SEV,2025/2026,40,52,12,Hospitalizations,State,Bayelsa,2394725,0.5,6
PACE-FLU-SEV,2025/2026,40,52,12,Hospitalizations,State,Bayelsa,2394725,0.75,11
PACE-FLU-SEV,2025/2026,40,52,12,Hospitalizations,State,Bayelsa,2394725,0.9,17
PACE-FLU-SEV,2025/2026,40,52,12,Hospitalizations,State,Bayelsa,2394725,0.95,23
PACE-FLU-SEV,2025/2026,40,52,12,Hospitalizations,State,Benue,6687706,0.05,4
PACE-FLU-SEV,2025/2026,40,52,12,Hospitalizations,State,Benue,6687706,0.1,6
PACE-FLU-SEV,2025/2026,40,52,12,Hospitalizations,State,Benue,6687706,0.25,10
PACE-FLU-SEV,2025/2026,40,52,12,Hospitalizations,State,Benue,6687706,0.5,19
PACE-FLU-SEV,2025/2026,40,52,12,Hospitalizations,State,Benue,6687706,0.75,31
PACE-FLU-SEV,2025/2026,40,52,12,Hospitalizations,State,Benue,6687706,0.9,48
PACE-FLU-SEV,2025/2026,40,52,12,Hospitalizations,State,Benue,6687706,0.95,66
PACE-FLU-SEV,2025/2026,40,52,12,Hospitalizations,State,Borno,6651590,0.05,3
PACE-FLU-SEV,2025/2026,40,52,12,Hospitalizations,State,Borno,6651590,0.1,5
PACE-FLU-SEV,2025/2026,40,52,12,Hospitalizations,State,Borno,6651590,0.25,9
PACE-FLU-SEV,2025/2026,40,52,12,Hospitalizations,State,Borno,6651590,0.5,15
PACE-FLU-SEV,2025/2026,40,52,12,Hospitalizations,State,Borno,6651590,0.75,26
PACE-FLU-SEV,2025/2026,40,52,12,Hospitalizations,State,Borno,6651590,0.9,40
PACE-FLU-SEV,2025/2026,40,52,12,Hospitalizations,State,Borno,6651590,0.95,52.65000000000009
PACE-FLU-SEV,2025/2026,40,52,12,Hospitalizations,State,Cross River,4175020,0.05,2
PACE-FLU-SEV,2025/2026,40,52,12,Hospitalizations,State,Cross River,4175020,0.1,4
PACE-FLU-SEV,2025/2026,40,52,12,Hospitalizations,State,Cross River,4175020,0.25,6
PACE-FLU-SEV,2025/2026,40,52,12,Hospitalizations,State,Cross River,4175020,0.5,11
PACE-FLU-SEV,2025/2026,40,52,12,Hospitalizations,State,Cross River,4175020,0.75,18
PACE-FLU-SEV,2025/2026,40,52,12,Hospitalizations,State,Cross River,4175020,0.9,30
PACE-FLU-SEV,2025/2026,40,52,12,Hospitalizations,State,Cross River,4175020,0.95,41
PACE-FLU-SEV,2025/2026,40,52,12,Hospitalizations,State,Delta,6107543,0.05,4
PACE-FLU-SEV,2025/2026,40,52,12,Hospitalizations,State,Delta,6107543,0.1,6
PACE-FLU-SEV,2025/2026,40,52,12,Hospitalizations,State,Delta,6107543,0.25,11
PACE-FLU-SEV,2025/2026,40,52,12,Hospitalizations,State,Delta,6107543,0.5,18
PACE-FLU-SEV,2025/2026,40,52,12,Hospitalizations,State,Delta,6107543,0.75,30.583333333333258
PACE-FLU-SEV,2025/2026,40,52,12,Hospitalizations,State,Delta,6107543,0.9,48
PACE-FLU-SEV,2025/2026,40,52,12,Hospitalizations,State,Delta,6107543,0.95,62
PACE-FLU-SEV,2025/2026,40,52,12,Hospitalizations,State,Ebonyi,4007155,0.05,2
PACE-FLU-SEV,2025/2026,40,52,12,Hospitalizations,State,Ebonyi,4007155,0.1,3
PACE-FLU-SEV,2025/2026,40,52,12,Hospitalizations,State,Ebonyi,4007155,0.25,6
PACE-FLU-SEV,2025/2026,40,52,12,Hospitalizations,State,Ebonyi,4007155,0.5,10.500000000000114
PACE-FLU-SEV,2025/2026,40,52,12,Hospitalizations,State,Ebonyi,4007155,0.75,18
PACE-FLU-SEV,2025/2026,40,52,12,Hospitalizations,State,Ebonyi,4007155,0.9,29
PACE-FLU-SEV,2025/2026,40,52,12,Hospitalizations,State,Ebonyi,4007155,0.95,37
PACE-FLU-SEV,2025/2026,40,52,12,Hospitalizations,State,Edo,5527810,0.05,3
PACE-FLU-SEV,2025/2026,40,52,12,Hospitalizations,State,Edo,5527810,0.1,5
PACE-FLU-SEV,2025/2026,40,52,12,Hospitalizations,State,Edo,5527810,0.25,9
PACE-FLU-SEV,2025/2026,40,52,12,Hospitalizations,State,Edo,5527810,0.5,15
PACE-FLU-SEV,2025/2026,40,52,12,Hospitalizations,State,Edo,5527810,0.75,25
PACE-FLU-SEV,2025/2026,40,52,12,Hospitalizations,State,Edo,5527810,0.9,40.63333333333344
PACE-FLU-SEV,2025/2026,40,52,12,Hospitalizations,State,Edo,5527810,0.95,50.65000000000009
PACE-FLU-SEV,2025/2026,40,52,12,Hospitalizations,State,Ekiti,3398177,0.05,2
PACE-FLU-SEV,2025/2026,40,52,12,Hospitalizations,State,Ekiti,3398177,0.1,3
PACE-FLU-SEV,2025/2026,40,52,12,Hospitalizations,State,Ekiti,3398177,0.25,5
PACE-FLU-SEV,2025/2026,40,52,12,Hospitalizations,State,Ekiti,3398177,0.5,9
PACE-FLU-SEV,2025/2026,40,52,12,Hospitalizations,State,Ekiti,3398177,0.75,16
PACE-FLU-SEV,2025/2026,40,52,12,Hospitalizations,State,Ekiti,3398177,0.9,24
PACE-FLU-SEV,2025/2026,40,52,12,Hospitalizations,State,Ekiti,3398177,0.95,32
PACE-FLU-SEV,2025/2026,40,52,12,Hospitalizations,State,Enugu,5396098,0.05,3
PACE-FLU-SEV,2025/2026,40,52,12,Hospitalizations,State,Enugu,5396098,0.1,5
PACE-FLU-SEV,2025/2026,40,52,12,Hospitalizations,State,Enugu,5396098,0.25,8
PACE-FLU-SEV,2025/2026,40,52,12,Hospitalizations,State,Enugu,5396098,0.5,14
PACE-FLU-SEV,2025/2026,40,52,12,Hospitalizations,State,Enugu,5396098,0.75,24
PACE-FLU-SEV,2025/2026,40,52,12,Hospitalizations,State,Enugu,5396098,0.9,38.63333333333344
PACE-FLU-SEV,2025/2026,40,52,12,Hospitalizations,State,Enugu,5396098,0.95,50
PACE-FLU-SEV,2025/2026,40,52,12,Hospitalizations,State,FCT,4802443,0.05,3
PACE-FLU-SEV,2025/2026,40,52,12,Hospitalizations,State,FCT,4802443,0.1,5
PACE-FLU-SEV,2025/2026,40,52,12,Hospitalizations,State,FCT,4802443,0.25,10
PACE-FLU-SEV,2025/2026,40,52,12,Hospitalizations,State,FCT,4802443,0.5,17
PACE-FLU-SEV,2025/2026,40,52,12,Hospitalizations,State,FCT,4802443,0.75,28
PACE-FLU-SEV,2025/2026,40,52,12,Hospitalizations,State,FCT,4802443,0.9,46
PACE-FLU-SEV,2025/2026,40,52,12,Hospitalizations,State,FCT,4802443,0.95,57
PACE-FLU-SEV,2025/2026,40,52,12,Hospitalizations,State,Gombe,4623462,0.05,2.3500000000000085
PACE-FLU-SEV,2025/2026,40,52,12,Hospitalizations,State,Gombe,4623462,0.1,4
PACE-FLU-SEV,2025/2026,40,52,12,Hospitalizations,State,Gombe,4623462,0.25,7
PACE-FLU-SEV,2025/2026,40,52,12,Hospitalizations,State,Gombe,4623462,0.5,12
PACE-FLU-SEV,2025/2026,40,52,12,Hospitalizations,State,Gombe,4623462,0.75,20
PACE-FLU-SEV,2025/2026,40,52,12,Hospitalizations,State,Gombe,4623462,0.9,32
PACE-FLU-SEV,2025/2026,40,52,12,Hospitalizations,State,Gombe,4623462,0.95,42.65000000000009
PACE-FLU-SEV,2025/2026,40,52,12,Hospitalizations,State,Imo,6067722,0.05,4
PACE-FLU-SEV,2025/2026,40,52,12,Hospitalizations,State,Imo,6067722,0.1,5
PACE-FLU-SEV,2025/2026,40,52,12,Hospitalizations,State,Imo,6067722,0.25,9
PACE-FLU-SEV,2025/2026,40,52,12,Hospitalizations,State,Imo,6067722,0.5,16
PACE-FLU-SEV,2025/2026,40,52,12,Hospitalizations,State,Imo,6067722,0.75,28
PACE-FLU-SEV,2025/2026,40,52,12,Hospitalizations,State,Imo,6067722,0.9,43
PACE-FLU-SEV,2025/2026,40,52,12,Hospitalizations,State,Imo,6067722,0.95,56
PACE-FLU-SEV,2025/2026,40,52,12,Hospitalizations,State,Jigawa,6979080,0.05,4
PACE-FLU-SEV,2025/2026,40,52,12,Hospitalizations,State,Jigawa,6979080,0.1,6
PACE-FLU-SEV,2025/2026,40,52,12,Hospitalizations,State,Jigawa,6979080,0.25,10
PACE-FLU-SEV,2025/2026,40,52,12,Hospitalizations,State,Jigawa,6979080,0.5,18
PACE-FLU-SEV,2025/2026,40,52,12,Hospitalizations,State,Jigawa,6979080,0.75,28
PACE-FLU-SEV,2025/2026,40,52,12,Hospitalizations,State,Jigawa,6979080,0.9,45
PACE-FLU-SEV,2025/2026,40,52,12,Hospitalizations,State,Jigawa,6979080,0.95,59
PACE-FLU-SEV,2025/2026,40,52,12,Hospitalizations,State,Kaduna,8324285,0.05,6
PACE-FLU-SEV,2025/2026,40,52,12,Hospitalizations,State,Kaduna,8324285,0.1,8
PACE-FLU-SEV,2025/2026,40,52,12,Hospitalizations,State,Kaduna,8324285,0.25,14
PACE-FLU-SEV,2025/2026,40,52,12,Hospitalizations,State,Kaduna,8324285,0.5,24
PACE-FLU-SEV,2025/2026,40,52,12,Hospitalizations,State,Kaduna,8324285,0.75,40
PACE-FLU-SEV,2025/2026,40,52,12,Hospitalizations,State,Kaduna,8324285,0.9,63
PACE-FLU-SEV,2025/2026,40,52,12,Hospitalizations,State,Kaduna,8324285,0.95,82
PACE-FLU-SEV,2025/2026,40,52,12,Hospitalizations,State,Kano,16253549,0.05,11
PACE-FLU-SEV,2025/2026,40,52,12,Hospitalizations,State,Kano,16253549,0.1,16
PACE-FLU-SEV,2025/2026,40,52,12,Hospitalizations,State,Kano,16253549,0.25,27
PACE-FLU-SEV,2025/2026,40,52,12,Hospitalizations,State,Kano,16253549,0.5,47
PACE-FLU-SEV,2025/2026,40,52,12,Hospitalizations,State,Kano,16253549,0.75,76
PACE-FLU-SEV,2025/2026,40,52,12,Hospitalizations,State,Kano,16253549,0.9,117.63333333333344
PACE-FLU-SEV,2025/2026,40,52,12,Hospitalizations,State,Kano,16253549,0.95,152
PACE-FLU-SEV,2025/2026,40,52,12,Hospitalizations,State,Katsina,9300382,0.05,5
PACE-FLU-SEV,2025/2026,40,52,12,Hospitalizations,State,Katsina,9300382,0.1,7
PACE-FLU-SEV,2025/2026,40,52,12,Hospitalizations,State,Katsina,9300382,0.25,12
PACE-FLU-SEV,2025/2026,40,52,12,Hospitalizations,State,Katsina,9300382,0.5,22
PACE-FLU-SEV,2025/2026,40,52,12,Hospitalizations,State,Katsina,9300382,0.75,37
PACE-FLU-SEV,2025/2026,40,52,12,Hospitalizations,State,Katsina,9300382,0.9,56
PACE-FLU-SEV,2025/2026,40,52,12,Hospitalizations,State,Katsina,9300382,0.95,73
PACE-FLU-SEV,2025/2026,40,52,12,Hospitalizations,State,Kebbi,6001610,0.05,3
PACE-FLU-SEV,2025/2026,40,52,12,Hospitalizations,State,Kebbi,6001610,0.1,5
PACE-FLU-SEV,2025/2026,40,52,12,Hospitalizations,State,Kebbi,6001610,0.25,8
PACE-FLU-SEV,2025/2026,40,52,12,Hospitalizations,State,Kebbi,6001610,0.5,14
PACE-FLU-SEV,2025/2026,40,52,12,Hospitalizations,State,Kebbi,6001610,0.75,23
PACE-FLU-SEV,2025/2026,40,52,12,Hospitalizations,State,Kebbi,6001610,0.9,37
PACE-FLU-SEV,2025/2026,40,52,12,Hospitalizations,State,Kebbi,6001610,0.95,47
PACE-FLU-SEV,2025/2026,40,52,12,Hospitalizations,State,Kogi,5053734,0.05,3
PACE-FLU-SEV,2025/2026,40,52,12,Hospitalizations,State,Kogi,5053734,0.1,5
PACE-FLU-SEV,2025/2026,40,52,12,Hospitalizations,State,Kogi,5053734,0.25,8
PACE-FLU-SEV,2025/2026,40,52,12,Hospitalizations,State,Kogi,5053734,0.5,14
PACE-FLU-SEV,2025/2026,40,52,12,Hospitalizations,State,Kogi,5053734,0.75,24
PACE-FLU-SEV,2025/2026,40,52,12,Hospitalizations,State,Kogi,5053734,0.9,37.63333333333344
PACE-FLU-SEV,2025/2026,40,52,12,Hospitalizations,State,Kogi,5053734,0.95,48
PACE-FLU-SEV,2025/2026,40,52,12,Hospitalizations,State,Kwara,4259613,0.05,2
PACE-FLU-SEV,2025/2026,40,52,12,Hospitalizations,State,Kwara,4259613,0.1,3
PACE-FLU-SEV,2025/2026,40,52,12,Hospitalizations,State,Kwara,4259613,0.25,6
PACE-FLU-SEV,2025/2026,40,52,12,Hospitalizations,State,Kwara,4259613,0.5,11
PACE-FLU-SEV,2025/2026,40,52,12,Hospitalizations,State,Kwara,4259613,0.75,19
PACE-FLU-SEV,2025/2026,40,52,12,Hospitalizations,State,Kwara,4259613,0.9,28
PACE-FLU-SEV,2025/2026,40,52,12,Hospitalizations,State,Kwara,4259613,0.95,39
PACE-FLU-SEV,2025/2026,40,52,12,Hospitalizations,State,Lagos,15772884,0.05,13
PACE-FLU-SEV,2025/2026,40,52,12,Hospitalizations,State,Lagos,15772884,0.1,18
PACE-FLU-SEV,2025/2026,40,52,12,Hospitalizations,State,Lagos,15772884,0.25,30
PACE-FLU-SEV,2025/2026,40,52,12,Hospitalizations,State,Lagos,15772884,0.5,52
PACE-FLU-SEV,2025/2026,40,52,12,Hospitalizations,State,Lagos,15772884,0.75,85
PACE-FLU-SEV,2025/2026,40,52,12,Hospitalizations,State,Lagos,15772884,0.9,132
PACE-FLU-SEV,2025/2026,40,52,12,Hospitalizations,State,Lagos,15772884,0.95,176
PACE-FLU-SEV,2025/2026,40,52,12,Hospitalizations,State,Nasarawa,3632239,0.05,2
PACE-FLU-SEV,2025/2026,40,52,12,Hospitalizations,State,Nasarawa,3632239,0.1,3
PACE-FLU-SEV,2025/2026,40,52,12,Hospitalizations,State,Nasarawa,3632239,0.25,5.416666666666686
PACE-FLU-SEV,2025/2026,40,52,12,Hospitalizations,State,Nasarawa,3632239,0.5,10
PACE-FLU-SEV,2025/2026,40,52,12,Hospitalizations,State,Nasarawa,3632239,0.75,18
PACE-FLU-SEV,2025/2026,40,52,12,Hospitalizations,State,Nasarawa,3632239,0.9,29
PACE-FLU-SEV,2025/2026,40,52,12,Hospitalizations,State,Nasarawa,3632239,0.95,37
PACE-FLU-SEV,2025/2026,40,52,12,Hospitalizations,State,Niger,6720617,0.05,4
PACE-FLU-SEV,2025/2026,40,52,12,Hospitalizations,State,Niger,6720617,0.1,6
PACE-FLU-SEV,2025/2026,40,52,12,Hospitalizations,State,Niger,6720617,0.25,10
PACE-FLU-SEV,2025/2026,40,52,12,Hospitalizations,State,Niger,6720617,0.5,18
PACE-FLU-SEV,2025/2026,40,52,12,Hospitalizations,State,Niger,6720617,0.75,30
PACE-FLU-SEV,2025/2026,40,52,12,Hospitalizations,State,Niger,6720617,0.9,48
PACE-FLU-SEV,2025/2026,40,52,12,Hospitalizations,State,Niger,6720617,0.95,63
PACE-FLU-SEV,2025/2026,40,52,12,Hospitalizations,State,Ogun,6445275,0.05,4
PACE-FLU-SEV,2025/2026,40,52,12,Hospitalizations,State,Ogun,6445275,0.1,6
PACE-FLU-SEV,2025/2026,40,52,12,Hospitalizations,State,Ogun,6445275,0.25,10
PACE-FLU-SEV,2025/2026,40,52,12,Hospitalizations,State,Ogun,6445275,0.5,18
PACE-FLU-SEV,2025/2026,40,52,12,Hospitalizations,State,Ogun,6445275,0.75,29
PACE-FLU-SEV,2025/2026,40,52,12,Hospitalizations,State,Ogun,6445275,0.9,47
PACE-FLU-SEV,2025/2026,40,52,12,Hospitalizations,State,Ogun,6445275,0.95,61.65000000000009
PACE-FLU-SEV,2025/2026,40,52,12,Hospitalizations,State,Ondo,5469707,0.05,3
PACE-FLU-SEV,2025/2026,40,52,12,Hospitalizations,State,Ondo,5469707,0.1,5
PACE-FLU-SEV,2025/2026,40,52,12,Hospitalizations,State,Ondo,5469707,0.25,9
PACE-FLU-SEV,2025/2026,40,52,12,Hospitalizations,State,Ondo,5469707,0.5,15
PACE-FLU-SEV,2025/2026,40,52,12,Hospitalizations,State,Ondo,5469707,0.75,25
PACE-FLU-SEV,2025/2026,40,52,12,Hospitalizations,State,Ondo,5469707,0.9,38.63333333333344
PACE-FLU-SEV,2025/2026,40,52,12,Hospitalizations,State,Ondo,5469707,0.95,50
PACE-FLU-SEV,2025/2026,40,52,12,Hospitalizations,State,Osun,4237396,0.05,2
PACE-FLU-SEV,2025/2026,40,52,12,Hospitalizations,State,Osun,4237396,0.1,3
PACE-FLU-SEV,2025/2026,40,52,12,Hospitalizations,State,Osun,4237396,0.25,6
PACE-FLU-SEV,2025/2026,40,52,12,Hospitalizations,State,Osun,4237396,0.5,11
PACE-FLU-SEV,2025/2026,40,52,12,Hospitalizations,State,Osun,4237396,0.75,19
PACE-FLU-SEV,2025/2026,40,52,12,Hospitalizations,State,Osun,4237396,0.9,30
PACE-FLU-SEV,2025/2026,40,52,12,Hospitalizations,State,Osun,4237396,0.95,39
PACE-FLU-SEV,2025/2026,40,52,12,Hospitalizations,State,Oyo,7512855,0.05,5
PACE-FLU-SEV,2025/2026,40,52,12,Hospitalizations,State,Oyo,7512855,0.1,7
PACE-FLU-SEV,2025/2026,40,52,12,Hospitalizations,State,Oyo,7512855,0.25,13
PACE-FLU-SEV,2025/2026,40,52,12,Hospitalizations,State,Oyo,7512855,0.5,22
PACE-FLU-SEV,2025/2026,40,52,12,Hospitalizations,State,Oyo,7512855,0.75,35
PACE-FLU-SEV,2025/2026,40,52,12,Hospitalizations,State,Oyo,7512855,0.9,54
PACE-FLU-SEV,2025/2026,40,52,12,Hospitalizations,State,Oyo,7512855,0.95,71.65000000000009
PACE-FLU-SEV,2025/2026,40,52,12,Hospitalizations,State,Plateau,5400974,0.05,3
PACE-FLU-SEV,2025/2026,40,52,12,Hospitalizations,State,Plateau,5400974,0.1,5
PACE-FLU-SEV,2025/2026,40,52,12,Hospitalizations,State,Plateau,5400974,0.25,8
PACE-FLU-SEV,2025/2026,40,52,12,Hospitalizations,State,Plateau,5400974,0.5,15
PACE-FLU-SEV,2025/2026,40,52,12,Hospitalizations,State,Plateau,5400974,0.75,25
PACE-FLU-SEV,2025/2026,40,52,12,Hospitalizations,State,Plateau,5400974,0.9,38
PACE-FLU-SEV,2025/2026,40,52,12,Hospitalizations,State,Plateau,5400974,0.95,50
PACE-FLU-SEV,2025/2026,40,52,12,Hospitalizations,State,Rivers,7234973,0.05,5
PACE-FLU-SEV,2025/2026,40,52,12,Hospitalizations,State,Rivers,7234973,0.1,7
PACE-FLU-SEV,2025/2026,40,52,12,Hospitalizations,State,Rivers,7234973,0.25,12
PACE-FLU-SEV,2025/2026,40,52,12,Hospitalizations,State,Rivers,7234973,0.5,21
PACE-FLU-SEV,2025/2026,40,52,12,Hospitalizations,State,Rivers,7234973,0.75,35
PACE-FLU-SEV,2025/2026,40,52,12,Hospitalizations,State,Rivers,7234973,0.9,53.63333333333344
PACE-FLU-SEV,2025/2026,40,52,12,Hospitalizations,State,Rivers,7234973,0.95,69
PACE-FLU-SEV,2025/2026,40,52,12,Hospitalizations,State,Sokoto,6163187,0.05,4
PACE-FLU-SEV,2025/2026,40,52,12,Hospitalizations,State,Sokoto,6163187,0.1,5
PACE-FLU-SEV,2025/2026,40,52,12,Hospitalizations,State,Sokoto,6163187,0.25,9
PACE-FLU-SEV,2025/2026,40,52,12,Hospitalizations,State,Sokoto,6163187,0.5,16
PACE-FLU-SEV,2025/2026,40,52,12,Hospitalizations,State,Sokoto,6163187,0.75,27
PACE-FLU-SEV,2025/2026,40,52,12,Hospitalizations,State,Sokoto,6163187,0.9,42
PACE-FLU-SEV,2025/2026,40,52,12,Hospitalizations,State,Sokoto,6163187,0.95,52
PACE-FLU-SEV,2025/2026,40,52,12,Hospitalizations,State,Taraba,4331885,0.05,2
PACE-FLU-SEV,2025/2026,40,52,12,Hospitalizations,State,Taraba,4331885,0.1,3
PACE-FLU-SEV,2025/2026,40,52,12,Hospitalizations,State,Taraba,4331885,0.25,6
PACE-FLU-SEV,2025/2026,40,52,12,Hospitalizations,State,Taraba,4331885,0.5,11
PACE-FLU-SEV,2025/2026,40,52,12,Hospitalizations,State,Taraba,4331885,0.75,18
PACE-FLU-SEV,2025/2026,40,52,12,Hospitalizations,State,Taraba,4331885,0.9,26
PACE-FLU-SEV,2025/2026,40,52,12,Hospitalizations,State,Taraba,4331885,0.95,34
PACE-FLU-SEV,2025/2026,40,52,12,Hospitalizations,State,Yobe,4350401,0.05,2
PACE-FLU-SEV,2025/2026,40,52,12,Hospitalizations,State,Yobe,4350401,0.1,3
PACE-FLU-SEV,2025/2026,40,52,12,Hospitalizations,State,Yobe,4350401,0.25,6
PACE-FLU-SEV,2025/2026,40,52,12,Hospitalizations,State,Yobe,4350401,0.5,10
PACE-FLU-SEV,2025/2026,40,52,12,Hospitalizations,State,Yobe,4350401,0.75,17
PACE-FLU-SEV,2025/2026,40,52,12,Hospitalizations,State,Yobe,4350401,0.9,27.63333333333344
PACE-FLU-SEV,2025/2026,40,52,12,Hospitalizations,State,Yobe,4350401,0.95,35
PACE-FLU-SEV,2025/2026,40,52,12,Hospitalizations,State,Zamfara,5517793,0.05,3
PACE-FLU-SEV,2025/2026,40,52,12,Hospitalizations,State,Zamfara,5517793,0.1,4
PACE-FLU-SEV,2025/2026,40,52,12,Hospitalizations,State,Zamfara,5517793,0.25,8
PACE-FLU-SEV,2025/2026,40,52,12,Hospitalizations,State,Zamfara,5517793,0.5,14
PACE-FLU-SEV,2025/2026,40,52,12,Hospitalizations,State,Zamfara,5517793,0.75,22
PACE-FLU-SEV,2025/2026,40,52,12,Hospitalizations,State,Zamfara,5517793,0.9,35
PACE-FLU-SEV,2025/2026,40,52,12,Hospitalizations,State,Zamfara,5517793,0.95,45
PACE-FLU-SEV,2025/2026,40,52,12,Hospitalizations,Zone,NC,36557326,0.05,60.35000000000001
PACE-FLU-SEV,2025/2026,40,52,12,Hospitalizations,Zone,NC,36557326,0.1,70.3666666666667
PACE-FLU-SEV,2025/2026,40,52,12,Hospitalizations,Zone,NC,36557326,0.25,89
PACE-FLU-SEV,2025/2026,40,52,12,Hospitalizations,Zone,NC,36557326,0.5,120
PACE-FLU-SEV,2025/2026,40,52,12,Hospitalizations,Zone,NC,36557326,0.75,165.58333333333326
PACE-FLU-SEV,2025/2026,40,52,12,Hospitalizations,Zone,NC,36557326,0.9,217.63333333333344
PACE-FLU-SEV,2025/2026,40,52,12,Hospitalizations,Zone,NC,36557326,0.95,260.3000000000002
PACE-FLU-SEV,2025/2026,40,52,12,Hospitalizations,Zone,NE,32734949,0.05,46
PACE-FLU-SEV,2025/2026,40,52,12,Hospitalizations,Zone,NE,32734949,0.1,54
PACE-FLU-SEV,2025/2026,40,52,12,Hospitalizations,Zone,NE,32734949,0.25,71
PACE-FLU-SEV,2025/2026,40,52,12,Hospitalizations,Zone,NE,32734949,0.5,94.50000000000011
PACE-FLU-SEV,2025/2026,40,52,12,Hospitalizations,Zone,NE,32734949,0.75,126
PACE-FLU-SEV,2025/2026,40,52,12,Hospitalizations,Zone,NE,32734949,0.9,169
PACE-FLU-SEV,2025/2026,40,52,12,Hospitalizations,Zone,NE,32734949,0.95,200
PACE-FLU-SEV,2025/2026,40,52,12,Hospitalizations,Zone,NW,58539886,0.05,87
PACE-FLU-SEV,2025/2026,40,52,12,Hospitalizations,Zone,NW,58539886,0.1,103
PACE-FLU-SEV,2025/2026,40,52,12,Hospitalizations,Zone,NW,58539886,0.25,134
PACE-FLU-SEV,2025/2026,40,52,12,Hospitalizations,Zone,NW,58539886,0.5,176
PACE-FLU-SEV,2025/2026,40,52,12,Hospitalizations,Zone,NW,58539886,0.75,240
PACE-FLU-SEV,2025/2026,40,52,12,Hospitalizations,Zone,NW,58539886,0.9,312.63333333333344
PACE-FLU-SEV,2025/2026,40,52,12,Hospitalizations,Zone,NW,58539886,0.95,383.6500000000001
PACE-FLU-SEV,2025/2026,40,52,12,Hospitalizations,Zone,SE,27612828,0.05,39
PACE-FLU-SEV,2025/2026,40,52,12,Hospitalizations,Zone,SE,27612828,0.1,46
PACE-FLU-SEV,2025/2026,40,52,12,Hospitalizations,Zone,SE,27612828,0.25,62
PACE-FLU-SEV,2025/2026,40,52,12,Hospitalizations,Zone,SE,27612828,0.5,87
PACE-FLU-SEV,2025/2026,40,52,12,Hospitalizations,Zone,SE,27612828,0.75,121
PACE-FLU-SEV,2025/2026,40,52,12,Hospitalizations,Zone,SE,27612828,0.9,164
PACE-FLU-SEV,2025/2026,40,52,12,Hospitalizations,Zone,SE,27612828,0.95,200.30000000000018
PACE-FLU-SEV,2025/2026,40,52,12,Hospitalizations,Zone,SS,31220652,0.05,47
PACE-FLU-SEV,2025/2026,40,52,12,Hospitalizations,Zone,SS,31220652,0.1,55
PACE-FLU-SEV,2025/2026,40,52,12,Hospitalizations,Zone,SS,31220652,0.25,74
PACE-FLU-SEV,2025/2026,40,52,12,Hospitalizations,Zone,SS,31220652,0.5,100
PACE-FLU-SEV,2025/2026,40,52,12,Hospitalizations,Zone,SS,31220652,0.75,137
PACE-FLU-SEV,2025/2026,40,52,12,Hospitalizations,Zone,SS,31220652,0.9,181
PACE-FLU-SEV,2025/2026,40,52,12,Hospitalizations,Zone,SS,31220652,0.95,210.6500000000001
PACE-FLU-SEV,2025/2026,40,52,12,Hospitalizations,Zone,SW,42836294,0.05,66
PACE-FLU-SEV,2025/2026,40,52,12,Hospitalizations,Zone,SW,42836294,0.1,79
PACE-FLU-SEV,2025/2026,40,52,12,Hospitalizations,Zone,SW,42836294,0.25,103
PACE-FLU-SEV,2025/2026,40,52,12,Hospitalizations,Zone,SW,42836294,0.5,146
PACE-FLU-SEV,2025/2026,40,52,12,Hospitalizations,Zone,SW,42836294,0.75,202
PACE-FLU-SEV,2025/2026,40,52,12,Hospitalizations,Zone,SW,42836294,0.9,272
PACE-FLU-SEV,2025/2026,40,52,12,Hospitalizations,Zone,SW,42836294,0.95,331.6500000000001
PACE-FLU-SEV,2025/2026,40,41,1,Deaths,Macro,North,127832161,0.05,22
PACE-FLU-SEV,2025/2026,40,41,1,Deaths,Macro,North,127832161,0.1,25
PACE-FLU-SEV,2025/2026,40,41,1,Deaths,Macro,North,127832161,0.25,29
PACE-FLU-SEV,2025/2026,40,41,1,Deaths,Macro,North,127832161,0.5,33
PACE-FLU-SEV,2025/2026,40,41,1,Deaths,Macro,North,127832161,0.75,38
PACE-FLU-SEV,2025/2026,40,41,1,Deaths,Macro,North,127832161,0.9,43
PACE-FLU-SEV,2025/2026,40,41,1,Deaths,Macro,North,127832161,0.95,46
PACE-FLU-SEV,2025/2026,40,41,1,Deaths,Macro,South,101669774,0.05,6
PACE-FLU-SEV,2025/2026,40,41,1,Deaths,Macro,South,101669774,0.1,7
PACE-FLU-SEV,2025/2026,40,41,1,Deaths,Macro,South,101669774,0.25,9
PACE-FLU-SEV,2025/2026,40,41,1,Deaths,Macro,South,101669774,0.5,11
PACE-FLU-SEV,2025/2026,40,41,1,Deaths,Macro,South,101669774,0.75,14
PACE-FLU-SEV,2025/2026,40,41,1,Deaths,Macro,South,101669774,0.9,17
PACE-FLU-SEV,2025/2026,40,41,1,Deaths,Macro,South,101669774,0.95,19
PACE-FLU-SEV,2025/2026,40,41,1,Deaths,National,Nigeria,229501935,0.05,32
PACE-FLU-SEV,2025/2026,40,41,1,Deaths,National,Nigeria,229501935,0.1,35
PACE-FLU-SEV,2025/2026,40,41,1,Deaths,National,Nigeria,229501935,0.25,40
PACE-FLU-SEV,2025/2026,40,41,1,Deaths,National,Nigeria,229501935,0.5,45
PACE-FLU-SEV,2025/2026,40,41,1,Deaths,National,Nigeria,229501935,0.75,50
PACE-FLU-SEV,2025/2026,40,41,1,Deaths,National,Nigeria,229501935,0.9,56
PACE-FLU-SEV,2025/2026,40,41,1,Deaths,National,Nigeria,229501935,0.95,60
PACE-FLU-SEV,2025/2026,40,41,1,Deaths,State,Abia,4841943,0.05,0
PACE-FLU-SEV,2025/2026,40,41,1,Deaths,State,Abia,4841943,0.1,0
PACE-FLU-SEV,2025/2026,40,41,1,Deaths,State,Abia,4841943,0.25,0
PACE-FLU-SEV,2025/2026,40,41,1,Deaths,State,Abia,4841943,0.5,0
PACE-FLU-SEV,2025/2026,40,41,1,Deaths,State,Abia,4841943,0.75,1
PACE-FLU-SEV,2025/2026,40,41,1,Deaths,State,Abia,4841943,0.9,2
PACE-FLU-SEV,2025/2026,40,41,1,Deaths,State,Abia,4841943,0.95,2
PACE-FLU-SEV,2025/2026,40,41,1,Deaths,State,Adamawa,5236948,0.05,0
PACE-FLU-SEV,2025/2026,40,41,1,Deaths,State,Adamawa,5236948,0.1,0
PACE-FLU-SEV,2025/2026,40,41,1,Deaths,State,Adamawa,5236948,0.25,0
PACE-FLU-SEV,2025/2026,40,41,1,Deaths,State,Adamawa,5236948,0.5,1
PACE-FLU-SEV,2025/2026,40,41,1,Deaths,State,Adamawa,5236948,0.75,2
PACE-FLU-SEV,2025/2026,40,41,1,Deaths,State,Adamawa,5236948,0.9,3
PACE-FLU-SEV,2025/2026,40,41,1,Deaths,State,Adamawa,5236948,0.95,3
PACE-FLU-SEV,2025/2026,40,41,1,Deaths,State,Akwa Ibom,5780581,0.05,0
PACE-FLU-SEV,2025/2026,40,41,1,Deaths,State,Akwa Ibom,5780581,0.1,0
PACE-FLU-SEV,2025/2026,40,41,1,Deaths,State,Akwa Ibom,5780581,0.25,0
PACE-FLU-SEV,2025/2026,40,41,1,Deaths,State,Akwa Ibom,5780581,0.5,0
PACE-FLU-SEV,2025/2026,40,41,1,Deaths,State,Akwa Ibom,5780581,0.75,1
PACE-FLU-SEV,2025/2026,40,41,1,Deaths,State,Akwa Ibom,5780581,0.9,2
PACE-FLU-SEV,2025/2026,40,41,1,Deaths,State,Akwa Ibom,5780581,0.95,2
PACE-FLU-SEV,2025/2026,40,41,1,Deaths,State,Anambra,7299910,0.05,0
PACE-FLU-SEV,2025/2026,40,41,1,Deaths,State,Anambra,7299910,0.1,0
PACE-FLU-SEV,2025/2026,40,41,1,Deaths,State,Anambra,7299910,0.25,0
PACE-FLU-SEV,2025/2026,40,41,1,Deaths,State,Anambra,7299910,0.5,0
PACE-FLU-SEV,2025/2026,40,41,1,Deaths,State,Anambra,7299910,0.75,1
PACE-FLU-SEV,2025/2026,40,41,1,Deaths,State,Anambra,7299910,0.9,2
PACE-FLU-SEV,2025/2026,40,41,1,Deaths,State,Anambra,7299910,0.95,3
PACE-FLU-SEV,2025/2026,40,41,1,Deaths,State,Bauchi,7540663,0.05,0
PACE-FLU-SEV,2025/2026,40,41,1,Deaths,State,Bauchi,7540663,0.1,0
PACE-FLU-SEV,2025/2026,40,41,1,Deaths,State,Bauchi,7540663,0.25,1
PACE-FLU-SEV,2025/2026,40,41,1,Deaths,State,Bauchi,7540663,0.5,2
PACE-FLU-SEV,2025/2026,40,41,1,Deaths,State,Bauchi,7540663,0.75,3
PACE-FLU-SEV,2025/2026,40,41,1,Deaths,State,Bauchi,7540663,0.9,5
PACE-FLU-SEV,2025/2026,40,41,1,Deaths,State,Bauchi,7540663,0.95,6
PACE-FLU-SEV,2025/2026,40,41,1,Deaths,State,Bayelsa,2394725,0.05,0
PACE-FLU-SEV,2025/2026,40,41,1,Deaths,State,Bayelsa,2394725,0.1,0
PACE-FLU-SEV,2025/2026,40,41,1,Deaths,State,Bayelsa,2394725,0.25,0
PACE-FLU-SEV,2025/2026,40,41,1,Deaths,State,Bayelsa,2394725,0.5,0
PACE-FLU-SEV,2025/2026,40,41,1,Deaths,State,Bayelsa,2394725,0.75,1
PACE-FLU-SEV,2025/2026,40,41,1,Deaths,State,Bayelsa,2394725,0.9,1
PACE-FLU-SEV,2025/2026,40,41,1,Deaths,State,Bayelsa,2394725,0.95,2
PACE-FLU-SEV,2025/2026,40,41,1,Deaths,State,Benue,6687706,0.05,0
PACE-FLU-SEV,2025/2026,40,41,1,Deaths,State,Benue,6687706,0.1,0
PACE-FLU-SEV,2025/2026,40,41,1,Deaths,State,Benue,6687706,0.25,0
PACE-FLU-SEV,2025/2026,40,41,1,Deaths,State,Benue,6687706,0.5,1
PACE-FLU-SEV,2025/2026,40,41,1,Deaths,State,Benue,6687706,0.75,2
PACE-FLU-SEV,2025/2026,40,41,1,Deaths,State,Benue,6687706,0.9,4
PACE-FLU-SEV,2025/2026,40,41,1,Deaths,State,Benue,6687706,0.95,5
PACE-FLU-SEV,2025/2026,40,41,1,Deaths,State,Borno,6651590,0.05,0
PACE-FLU-SEV,2025/2026,40,41,1,Deaths,State,Borno,6651590,0.1,0
PACE-FLU-SEV,2025/2026,40,41,1,Deaths,State,Borno,6651590,0.25,1
PACE-FLU-SEV,2025/2026,40,41,1,Deaths,State,Borno,6651590,0.5,1
PACE-FLU-SEV,2025/2026,40,41,1,Deaths,State,Borno,6651590,0.75,3
PACE-FLU-SEV,2025/2026,40,41,1,Deaths,State,Borno,6651590,0.9,4
PACE-FLU-SEV,2025/2026,40,41,1,Deaths,State,Borno,6651590,0.95,5
PACE-FLU-SEV,2025/2026,40,41,1,Deaths,State,Cross River,4175020,0.05,0
PACE-FLU-SEV,2025/2026,40,41,1,Deaths,State,Cross River,4175020,0.1,0
PACE-FLU-SEV,2025/2026,40,41,1,Deaths,State,Cross River,4175020,0.25,0
PACE-FLU-SEV,2025/2026,40,41,1,Deaths,State,Cross River,4175020,0.5,0
PACE-FLU-SEV,2025/2026,40,41,1,Deaths,State,Cross River,4175020,0.75,1
PACE-FLU-SEV,2025/2026,40,41,1,Deaths,State,Cross River,4175020,0.9,2
PACE-FLU-SEV,2025/2026,40,41,1,Deaths,State,Cross River,4175020,0.95,2
PACE-FLU-SEV,2025/2026,40,41,1,Deaths,State,Delta,6107543,0.05,0
PACE-FLU-SEV,2025/2026,40,41,1,Deaths,State,Delta,6107543,0.1,0
PACE-FLU-SEV,2025/2026,40,41,1,Deaths,State,Delta,6107543,0.25,0
PACE-FLU-SEV,2025/2026,40,41,1,Deaths,State,Delta,6107543,0.5,0
PACE-FLU-SEV,2025/2026,40,41,1,Deaths,State,Delta,6107543,0.75,1
PACE-FLU-SEV,2025/2026,40,41,1,Deaths,State,Delta,6107543,0.9,2
PACE-FLU-SEV,2025/2026,40,41,1,Deaths,State,Delta,6107543,0.95,2
PACE-FLU-SEV,2025/2026,40,41,1,Deaths,State,Ebonyi,4007155,0.05,0
PACE-FLU-SEV,2025/2026,40,41,1,Deaths,State,Ebonyi,4007155,0.1,0
PACE-FLU-SEV,2025/2026,40,41,1,Deaths,State,Ebonyi,4007155,0.25,0
PACE-FLU-SEV,2025/2026,40,41,1,Deaths,State,Ebonyi,4007155,0.5,0
PACE-FLU-SEV,2025/2026,40,41,1,Deaths,State,Ebonyi,4007155,0.75,1
PACE-FLU-SEV,2025/2026,40,41,1,Deaths,State,Ebonyi,4007155,0.9,1
PACE-FLU-SEV,2025/2026,40,41,1,Deaths,State,Ebonyi,4007155,0.95,2
PACE-FLU-SEV,2025/2026,40,41,1,Deaths,State,Edo,5527810,0.05,0
PACE-FLU-SEV,2025/2026,40,41,1,Deaths,State,Edo,5527810,0.1,0
PACE-FLU-SEV,2025/2026,40,41,1,Deaths,State,Edo,5527810,0.25,0
PACE-FLU-SEV,2025/2026,40,41,1,Deaths,State,Edo,5527810,0.5,0
PACE-FLU-SEV,2025/2026,40,41,1,Deaths,State,Edo,5527810,0.75,1
PACE-FLU-SEV,2025/2026,40,41,1,Deaths,State,Edo,5527810,0.9,2
PACE-FLU-SEV,2025/2026,40,41,1,Deaths,State,Edo,5527810,0.95,2
PACE-FLU-SEV,2025/2026,40,41,1,Deaths,State,Ekiti,3398177,0.05,0
PACE-FLU-SEV,2025/2026,40,41,1,Deaths,State,Ekiti,3398177,0.1,0
PACE-FLU-SEV,2025/2026,40,41,1,Deaths,State,Ekiti,3398177,0.25,0
PACE-FLU-SEV,2025/2026,40,41,1,Deaths,State,Ekiti,3398177,0.5,0
PACE-FLU-SEV,2025/2026,40,41,1,Deaths,State,Ekiti,3398177,0.75,1
PACE-FLU-SEV,2025/2026,40,41,1,Deaths,State,Ekiti,3398177,0.9,1
PACE-FLU-SEV,2025/2026,40,41,1,Deaths,State,Ekiti,3398177,0.95,2
PACE-FLU-SEV,2025/2026,40,41,1,Deaths,State,Enugu,5396098,0.05,0
PACE-FLU-SEV,2025/2026,40,41,1,Deaths,State,Enugu,5396098,0.1,0
PACE-FLU-SEV,2025/2026,40,41,1,Deaths,State,Enugu,5396098,0.25,0
PACE-FLU-SEV,2025/2026,40,41,1,Deaths,State,Enugu,5396098,0.5,0
PACE-FLU-SEV,2025/2026,40,41,1,Deaths,State,Enugu,5396098,0.75,1
PACE-FLU-SEV,2025/2026,40,41,1,Deaths,State,Enugu,5396098,0.9,2
PACE-FLU-SEV,2025/2026,40,41,1,Deaths,State,Enugu,5396098,0.95,2
PACE-FLU-SEV,2025/2026,40,41,1,Deaths,State,FCT,4802443,0.05,0
PACE-FLU-SEV,2025/2026,40,41,1,Deaths,State,FCT,4802443,0.1,0
PACE-FLU-SEV,2025/2026,40,41,1,Deaths,State,FCT,4802443,0.25,0
PACE-FLU-SEV,2025/2026,40,41,1,Deaths,State,FCT,4802443,0.5,1
PACE-FLU-SEV,2025/2026,40,41,1,Deaths,State,FCT,4802443,0.75,1
PACE-FLU-SEV,2025/2026,40,41,1,Deaths,State,FCT,4802443,0.9,2
PACE-FLU-SEV,2025/2026,40,41,1,Deaths,State,FCT,4802443,0.95,3
PACE-FLU-SEV,2025/2026,40,41,1,Deaths,State,Gombe,4623462,0.05,0
PACE-FLU-SEV,2025/2026,40,41,1,Deaths,State,Gombe,4623462,0.1,0
PACE-FLU-SEV,2025/2026,40,41,1,Deaths,State,Gombe,4623462,0.25,0
PACE-FLU-SEV,2025/2026,40,41,1,Deaths,State,Gombe,4623462,0.5,1
PACE-FLU-SEV,2025/2026,40,41,1,Deaths,State,Gombe,4623462,0.75,2
PACE-FLU-SEV,2025/2026,40,41,1,Deaths,State,Gombe,4623462,0.9,3
PACE-FLU-SEV,2025/2026,40,41,1,Deaths,State,Gombe,4623462,0.95,4
PACE-FLU-SEV,2025/2026,40,41,1,Deaths,State,Imo,6067722,0.05,0
PACE-FLU-SEV,2025/2026,40,41,1,Deaths,State,Imo,6067722,0.1,0
PACE-FLU-SEV,2025/2026,40,41,1,Deaths,State,Imo,6067722,0.25,0
PACE-FLU-SEV,2025/2026,40,41,1,Deaths,State,Imo,6067722,0.5,0
PACE-FLU-SEV,2025/2026,40,41,1,Deaths,State,Imo,6067722,0.75,1
PACE-FLU-SEV,2025/2026,40,41,1,Deaths,State,Imo,6067722,0.9,2
PACE-FLU-SEV,2025/2026,40,41,1,Deaths,State,Imo,6067722,0.95,2
PACE-FLU-SEV,2025/2026,40,41,1,Deaths,State,Jigawa,6979080,0.05,0
PACE-FLU-SEV,2025/2026,40,41,1,Deaths,State,Jigawa,6979080,0.1,0
PACE-FLU-SEV,2025/2026,40,41,1,Deaths,State,Jigawa,6979080,0.25,1
PACE-FLU-SEV,2025/2026,40,41,1,Deaths,State,Jigawa,6979080,0.5,2
PACE-FLU-SEV,2025/2026,40,41,1,Deaths,State,Jigawa,6979080,0.75,3
PACE-FLU-SEV,2025/2026,40,41,1,Deaths,State,Jigawa,6979080,0.9,4
PACE-FLU-SEV,2025/2026,40,41,1,Deaths,State,Jigawa,6979080,0.95,5
PACE-FLU-SEV,2025/2026,40,41,1,Deaths,State,Kaduna,8324285,0.05,0
PACE-FLU-SEV,2025/2026,40,41,1,Deaths,State,Kaduna,8324285,0.1,0
PACE-FLU-SEV,2025/2026,40,41,1,Deaths,State,Kaduna,8324285,0.25,0
PACE-FLU-SEV,2025/2026,40,41,1,Deaths,State,Kaduna,8324285,0.5,1
PACE-FLU-SEV,2025/2026,40,41,1,Deaths,State,Kaduna,8324285,0.75,2
PACE-FLU-SEV,2025/2026,40,41,1,Deaths,State,Kaduna,8324285,0.9,3
PACE-FLU-SEV,2025/2026,40,41,1,Deaths,State,Kaduna,8324285,0.95,4
PACE-FLU-SEV,2025/2026,40,41,1,Deaths,State,Kano,16253549,0.05,0
PACE-FLU-SEV,2025/2026,40,41,1,Deaths,State,Kano,16253549,0.1,1
PACE-FLU-SEV,2025/2026,40,41,1,Deaths,State,Kano,16253549,0.25,2
PACE-FLU-SEV,2025/2026,40,41,1,Deaths,State,Kano,16253549,0.5,3
PACE-FLU-SEV,2025/2026,40,41,1,Deaths,State,Kano,16253549,0.75,5
PACE-FLU-SEV,2025/2026,40,41,1,Deaths,State,Kano,16253549,0.9,7
PACE-FLU-SEV,2025/2026,40,41,1,Deaths,State,Kano,16253549,0.95,9
PACE-FLU-SEV,2025/2026,40,41,1,Deaths,State,Katsina,9300382,0.05,0
PACE-FLU-SEV,2025/2026,40,41,1,Deaths,State,Katsina,9300382,0.1,0
PACE-FLU-SEV,2025/2026,40,41,1,Deaths,State,Katsina,9300382,0.25,1
PACE-FLU-SEV,2025/2026,40,41,1,Deaths,State,Katsina,9300382,0.5,3
PACE-FLU-SEV,2025/2026,40,41,1,Deaths,State,Katsina,9300382,0.75,4
PACE-FLU-SEV,2025/2026,40,41,1,Deaths,State,Katsina,9300382,0.9,6
PACE-FLU-SEV,2025/2026,40,41,1,Deaths,State,Katsina,9300382,0.95,7
PACE-FLU-SEV,2025/2026,40,41,1,Deaths,State,Kebbi,6001610,0.05,0
PACE-FLU-SEV,2025/2026,40,41,1,Deaths,State,Kebbi,6001610,0.1,0
PACE-FLU-SEV,2025/2026,40,41,1,Deaths,State,Kebbi,6001610,0.25,1
PACE-FLU-SEV,2025/2026,40,41,1,Deaths,State,Kebbi,6001610,0.5,2
PACE-FLU-SEV,2025/2026,40,41,1,Deaths,State,Kebbi,6001610,0.75,3
PACE-FLU-SEV,2025/2026,40,41,1,Deaths,State,Kebbi,6001610,0.9,5
PACE-FLU-SEV,2025/2026,40,41,1,Deaths,State,Kebbi,6001610,0.95,6
PACE-FLU-SEV,2025/2026,40,41,1,Deaths,State,Kogi,5053734,0.05,0
PACE-FLU-SEV,2025/2026,40,41,1,Deaths,State,Kogi,5053734,0.1,0
PACE-FLU-SEV,2025/2026,40,41,1,Deaths,State,Kogi,5053734,0.25,0
PACE-FLU-SEV,2025/2026,40,41,1,Deaths,State,Kogi,5053734,0.5,1
PACE-FLU-SEV,2025/2026,40,41,1,Deaths,State,Kogi,5053734,0.75,2
PACE-FLU-SEV,2025/2026,40,41,1,Deaths,State,Kogi,5053734,0.9,2
PACE-FLU-SEV,2025/2026,40,41,1,Deaths,State,Kogi,5053734,0.95,3
PACE-FLU-SEV,2025/2026,40,41,1,Deaths,State,Kwara,4259613,0.05,0
PACE-FLU-SEV,2025/2026,40,41,1,Deaths,State,Kwara,4259613,0.1,0
PACE-FLU-SEV,2025/2026,40,41,1,Deaths,State,Kwara,4259613,0.25,0
PACE-FLU-SEV,2025/2026,40,41,1,Deaths,State,Kwara,4259613,0.5,1
PACE-FLU-SEV,2025/2026,40,41,1,Deaths,State,Kwara,4259613,0.75,2
PACE-FLU-SEV,2025/2026,40,41,1,Deaths,State,Kwara,4259613,0.9,3
PACE-FLU-SEV,2025/2026,40,41,1,Deaths,State,Kwara,4259613,0.95,3
PACE-FLU-SEV,2025/2026,40,41,1,Deaths,State,Lagos,15772884,0.05,0
PACE-FLU-SEV,2025/2026,40,41,1,Deaths,State,Lagos,15772884,0.1,0
PACE-FLU-SEV,2025/2026,40,41,1,Deaths,State,Lagos,15772884,0.25,0
PACE-FLU-SEV,2025/2026,40,41,1,Deaths,State,Lagos,15772884,0.5,1
PACE-FLU-SEV,2025/2026,40,41,1,Deaths,State,Lagos,15772884,0.75,2
PACE-FLU-SEV,2025/2026,40,41,1,Deaths,State,Lagos,15772884,0.9,3
PACE-FLU-SEV,2025/2026,40,41,1,Deaths,State,Lagos,15772884,0.95,4
PACE-FLU-SEV,2025/2026,40,41,1,Deaths,State,Nasarawa,3632239,0.05,0
PACE-FLU-SEV,2025/2026,40,41,1,Deaths,State,Nasarawa,3632239,0.1,0
PACE-FLU-SEV,2025/2026,40,41,1,Deaths,State,Nasarawa,3632239,0.25,0
PACE-FLU-SEV,2025/2026,40,41,1,Deaths,State,Nasarawa,3632239,0.5,0
PACE-FLU-SEV,2025/2026,40,41,1,Deaths,State,Nasarawa,3632239,0.75,1
PACE-FLU-SEV,2025/2026,40,41,1,Deaths,State,Nasarawa,3632239,0.9,2
PACE-FLU-SEV,2025/2026,40,41,1,Deaths,State,Nasarawa,3632239,0.95,2
PACE-FLU-SEV,2025/2026,40,41,1,Deaths,State,Niger,6720617,0.05,0
PACE-FLU-SEV,2025/2026,40,41,1,Deaths,State,Niger,6720617,0.1,0
PACE-FLU-SEV,2025/2026,40,41,1,Deaths,State,Niger,6720617,0.25,0
PACE-FLU-SEV,2025/2026,40,41,1,Deaths,State,Niger,6720617,0.5,1
PACE-FLU-SEV,2025/2026,40,41,1,Deaths,State,Niger,6720617,0.75,2
PACE-FLU-SEV,2025/2026,40,41,1,Deaths,State,Niger,6720617,0.9,3
PACE-FLU-SEV,2025/2026,40,41,1,Deaths,State,Niger,6720617,0.95,4
PACE-FLU-SEV,2025/2026,40,41,1,Deaths,State,Ogun,6445275,0.05,0
PACE-FLU-SEV,2025/2026,40,41,1,Deaths,State,Ogun,6445275,0.1,0
PACE-FLU-SEV,2025/2026,40,41,1,Deaths,State,Ogun,6445275,0.25,0
PACE-FLU-SEV,2025/2026,40,41,1,Deaths,State,Ogun,6445275,0.5,1
PACE-FLU-SEV,2025/2026,40,41,1,Deaths,State,Ogun,6445275,0.75,1
PACE-FLU-SEV,2025/2026,40,41,1,Deaths,State,Ogun,6445275,0.9,2
PACE-FLU-SEV,2025/2026,40,41,1,Deaths,State,Ogun,6445275,0.95,3
PACE-FLU-SEV,2025/2026,40,41,1,Deaths,State,Ondo,5469707,0.05,0
PACE-FLU-SEV,2025/2026,40,41,1,Deaths,State,Ondo,5469707,0.1,0
PACE-FLU-SEV,2025/2026,40,41,1,Deaths,State,Ondo,5469707,0.25,0
PACE-FLU-SEV,2025/2026,40,41,1,Deaths,State,Ondo,5469707,0.5,0
PACE-FLU-SEV,2025/2026,40,41,1,Deaths,State,Ondo,5469707,0.75,1
PACE-FLU-SEV,2025/2026,40,41,1,Deaths,State,Ondo,5469707,0.9,2
PACE-FLU-SEV,2025/2026,40,41,1,Deaths,State,Ondo,5469707,0.95,3
PACE-FLU-SEV,2025/2026,40,41,1,Deaths,State,Osun,4237396,0.05,0
PACE-FLU-SEV,2025/2026,40,41,1,Deaths,State,Osun,4237396,0.1,0
PACE-FLU-SEV,2025/2026,40,41,1,Deaths,State,Osun,4237396,0.25,0
PACE-FLU-SEV,2025/2026,40,41,1,Deaths,State,Osun,4237396,0.5,0
PACE-FLU-SEV,2025/2026,40,41,1,Deaths,State,Osun,4237396,0.75,1
PACE-FLU-SEV,2025/2026,40,41,1,Deaths,State,Osun,4237396,0.9,2
PACE-FLU-SEV,2025/2026,40,41,1,Deaths,State,Osun,4237396,0.95,2
PACE-FLU-SEV,2025/2026,40,41,1,Deaths,State,Oyo,7512855,0.05,0
PACE-FLU-SEV,2025/2026,40,41,1,Deaths,State,Oyo,7512855,0.1,0
PACE-FLU-SEV,2025/2026,40,41,1,Deaths,State,Oyo,7512855,0.25,0
PACE-FLU-SEV,2025/2026,40,41,1,Deaths,State,Oyo,7512855,0.5,0
PACE-FLU-SEV,2025/2026,40,41,1,Deaths,State,Oyo,7512855,0.75,1
PACE-FLU-SEV,2025/2026,40,41,1,Deaths,State,Oyo,7512855,0.9,2
PACE-FLU-SEV,2025/2026,40,41,1,Deaths,State,Oyo,7512855,0.95,3
PACE-FLU-SEV,2025/2026,40,41,1,Deaths,State,Plateau,5400974,0.05,0
PACE-FLU-SEV,2025/2026,40,41,1,Deaths,State,Plateau,5400974,0.1,0
PACE-FLU-SEV,2025/2026,40,41,1,Deaths,State,Plateau,5400974,0.25,0
PACE-FLU-SEV,2025/2026,40,41,1,Deaths,State,Plateau,5400974,0.5,1
PACE-FLU-SEV,2025/2026,40,41,1,Deaths,State,Plateau,5400974,0.75,1
PACE-FLU-SEV,2025/2026,40,41,1,Deaths,State,Plateau,5400974,0.9,2
PACE-FLU-SEV,2025/2026,40,41,1,Deaths,State,Plateau,5400974,0.95,3
PACE-FLU-SEV,2025/2026,40,41,1,Deaths,State,Rivers,7234973,0.05,0
PACE-FLU-SEV,2025/2026,40,41,1,Deaths,State,Rivers,7234973,0.1,0
PACE-FLU-SEV,2025/2026,40,41,1,Deaths,State,Rivers,7234973,0.25,0
PACE-FLU-SEV,2025/2026,40,41,1,Deaths,State,Rivers,7234973,0.5,1
PACE-FLU-SEV,2025/2026,40,41,1,Deaths,State,Rivers,7234973,0.75,2
PACE-FLU-SEV,2025/2026,40,41,1,Deaths,State,Rivers,7234973,0.9,3
PACE-FLU-SEV,2025/2026,40,41,1,Deaths,State,Rivers,7234973,0.95,3
PACE-FLU-SEV,2025/2026,40,41,1,Deaths,State,Sokoto,6163187,0.05,0
PACE-FLU-SEV,2025/2026,40,41,1,Deaths,State,Sokoto,6163187,0.1,0
PACE-FLU-SEV,2025/2026,40,41,1,Deaths,State,Sokoto,6163187,0.25,1
PACE-FLU-SEV,2025/2026,40,41,1,Deaths,State,Sokoto,6163187,0.5,2
PACE-FLU-SEV,2025/2026,40,41,1,Deaths,State,Sokoto,6163187,0.75,4
PACE-FLU-SEV,2025/2026,40,41,1,Deaths,State,Sokoto,6163187,0.9,6
PACE-FLU-SEV,2025/2026,40,41,1,Deaths,State,Sokoto,6163187,0.95,7
PACE-FLU-SEV,2025/2026,40,41,1,Deaths,State,Taraba,4331885,0.05,0
PACE-FLU-SEV,2025/2026,40,41,1,Deaths,State,Taraba,4331885,0.1,0
PACE-FLU-SEV,2025/2026,40,41,1,Deaths,State,Taraba,4331885,0.25,0
PACE-FLU-SEV,2025/2026,40,41,1,Deaths,State,Taraba,4331885,0.5,1
PACE-FLU-SEV,2025/2026,40,41,1,Deaths,State,Taraba,4331885,0.75,2
PACE-FLU-SEV,2025/2026,40,41,1,Deaths,State,Taraba,4331885,0.9,4
PACE-FLU-SEV,2025/2026,40,41,1,Deaths,State,Taraba,4331885,0.95,5
PACE-FLU-SEV,2025/2026,40,41,1,Deaths,State,Yobe,4350401,0.05,0
PACE-FLU-SEV,2025/2026,40,41,1,Deaths,State,Yobe,4350401,0.1,0
PACE-FLU-SEV,2025/2026,40,41,1,Deaths,State,Yobe,4350401,0.25,0
PACE-FLU-SEV,2025/2026,40,41,1,Deaths,State,Yobe,4350401,0.5,1
PACE-FLU-SEV,2025/2026,40,41,1,Deaths,State,Yobe,4350401,0.75,2
PACE-FLU-SEV,2025/2026,40,41,1,Deaths,State,Yobe,4350401,0.9,3
PACE-FLU-SEV,2025/2026,40,41,1,Deaths,State,Yobe,4350401,0.95,4
PACE-FLU-SEV,2025/2026,40,41,1,Deaths,State,Zamfara,5517793,0.05,0
PACE-FLU-SEV,2025/2026,40,41,1,Deaths,State,Zamfara,5517793,0.1,0
PACE-FLU-SEV,2025/2026,40,41,1,Deaths,State,Zamfara,5517793,0.25,1
PACE-FLU-SEV,2025/2026,40,41,1,Deaths,State,Zamfara,5517793,0.5,2
PACE-FLU-SEV,2025/2026,40,41,1,Deaths,State,Zamfara,5517793,0.75,3
PACE-FLU-SEV,2025/2026,40,41,1,Deaths,State,Zamfara,5517793,0.9,5
PACE-FLU-SEV,2025/2026,40,41,1,Deaths,State,Zamfara,5517793,0.95,6
PACE-FLU-SEV,2025/2026,40,41,1,Deaths,Zone,NC,36557326,0.05,3
PACE-FLU-SEV,2025/2026,40,41,1,Deaths,Zone,NC,36557326,0.1,3
PACE-FLU-SEV,2025/2026,40,41,1,Deaths,Zone,NC,36557326,0.25,5
PACE-FLU-SEV,2025/2026,40,41,1,Deaths,Zone,NC,36557326,0.5,7
PACE-FLU-SEV,2025/2026,40,41,1,Deaths,Zone,NC,36557326,0.75,9
PACE-FLU-SEV,2025/2026,40,41,1,Deaths,Zone,NC,36557326,0.9,11
PACE-FLU-SEV,2025/2026,40,41,1,Deaths,Zone,NC,36557326,0.95,13
PACE-FLU-SEV,2025/2026,40,41,1,Deaths,Zone,NE,32734949,0.05,4
PACE-FLU-SEV,2025/2026,40,41,1,Deaths,Zone,NE,32734949,0.1,5
PACE-FLU-SEV,2025/2026,40,41,1,Deaths,Zone,NE,32734949,0.25,6
PACE-FLU-SEV,2025/2026,40,41,1,Deaths,Zone,NE,32734949,0.5,9
PACE-FLU-SEV,2025/2026,40,41,1,Deaths,Zone,NE,32734949,0.75,11
PACE-FLU-SEV,2025/2026,40,41,1,Deaths,Zone,NE,32734949,0.9,14
PACE-FLU-SEV,2025/2026,40,41,1,Deaths,Zone,NE,32734949,0.95,15
PACE-FLU-SEV,2025/2026,40,41,1,Deaths,Zone,NW,58539886,0.05,9
PACE-FLU-SEV,2025/2026,40,41,1,Deaths,Zone,NW,58539886,0.1,11
PACE-FLU-SEV,2025/2026,40,41,1,Deaths,Zone,NW,58539886,0.25,14
PACE-FLU-SEV,2025/2026,40,41,1,Deaths,Zone,NW,58539886,0.5,17
PACE-FLU-SEV,2025/2026,40,41,1,Deaths,Zone,NW,58539886,0.75,21
PACE-FLU-SEV,2025/2026,40,41,1,Deaths,Zone,NW,58539886,0.9,25
PACE-FLU-SEV,2025/2026,40,41,1,Deaths,Zone,NW,58539886,0.95,28
PACE-FLU-SEV,2025/2026,40,41,1,Deaths,Zone,SE,27612828,0.05,0
PACE-FLU-SEV,2025/2026,40,41,1,Deaths,Zone,SE,27612828,0.1,1
PACE-FLU-SEV,2025/2026,40,41,1,Deaths,Zone,SE,27612828,0.25,2
PACE-FLU-SEV,2025/2026,40,41,1,Deaths,Zone,SE,27612828,0.5,3
PACE-FLU-SEV,2025/2026,40,41,1,Deaths,Zone,SE,27612828,0.75,4
PACE-FLU-SEV,2025/2026,40,41,1,Deaths,Zone,SE,27612828,0.9,6
PACE-FLU-SEV,2025/2026,40,41,1,Deaths,Zone,SE,27612828,0.95,7
PACE-FLU-SEV,2025/2026,40,41,1,Deaths,Zone,SS,31220652,0.05,1
PACE-FLU-SEV,2025/2026,40,41,1,Deaths,Zone,SS,31220652,0.1,1
PACE-FLU-SEV,2025/2026,40,41,1,Deaths,Zone,SS,31220652,0.25,2
PACE-FLU-SEV,2025/2026,40,41,1,Deaths,Zone,SS,31220652,0.5,4
PACE-FLU-SEV,2025/2026,40,41,1,Deaths,Zone,SS,31220652,0.75,5
PACE-FLU-SEV,2025/2026,40,41,1,Deaths,Zone,SS,31220652,0.9,7
PACE-FLU-SEV,2025/2026,40,41,1,Deaths,Zone,SS,31220652,0.95,8
PACE-FLU-SEV,2025/2026,40,41,1,Deaths,Zone,SW,42836294,0.05,1
PACE-FLU-SEV,2025/2026,40,41,1,Deaths,Zone,SW,42836294,0.1,2
PACE-FLU-SEV,2025/2026,40,41,1,Deaths,Zone,SW,42836294,0.25,3
PACE-FLU-SEV,2025/2026,40,41,1,Deaths,Zone,SW,42836294,0.5,4
PACE-FLU-SEV,2025/2026,40,41,1,Deaths,Zone,SW,42836294,0.75,6
PACE-FLU-SEV,2025/2026,40,41,1,Deaths,Zone,SW,42836294,0.9,8
PACE-FLU-SEV,2025/2026,40,41,1,Deaths,Zone,SW,42836294,0.95,9
PACE-FLU-SEV,2025/2026,40,42,2,Deaths,Macro,North,127832161,0.05,21
PACE-FLU-SEV,2025/2026,40,42,2,Deaths,Macro,North,127832161,0.1,23
PACE-FLU-SEV,2025/2026,40,42,2,Deaths,Macro,North,127832161,0.25,27
PACE-FLU-SEV,2025/2026,40,42,2,Deaths,Macro,North,127832161,0.5,32
PACE-FLU-SEV,2025/2026,40,42,2,Deaths,Macro,North,127832161,0.75,38
PACE-FLU-SEV,2025/2026,40,42,2,Deaths,Macro,North,127832161,0.9,44
PACE-FLU-SEV,2025/2026,40,42,2,Deaths,Macro,North,127832161,0.95,47
PACE-FLU-SEV,2025/2026,40,42,2,Deaths,Macro,South,101669774,0.05,6
PACE-FLU-SEV,2025/2026,40,42,2,Deaths,Macro,South,101669774,0.1,8
PACE-FLU-SEV,2025/2026,40,42,2,Deaths,Macro,South,101669774,0.25,10
PACE-FLU-SEV,2025/2026,40,42,2,Deaths,Macro,South,101669774,0.5,13
PACE-FLU-SEV,2025/2026,40,42,2,Deaths,Macro,South,101669774,0.75,16
PACE-FLU-SEV,2025/2026,40,42,2,Deaths,Macro,South,101669774,0.9,19
PACE-FLU-SEV,2025/2026,40,42,2,Deaths,Macro,South,101669774,0.95,21
PACE-FLU-SEV,2025/2026,40,42,2,Deaths,National,Nigeria,229501935,0.05,31
PACE-FLU-SEV,2025/2026,40,42,2,Deaths,National,Nigeria,229501935,0.1,35
PACE-FLU-SEV,2025/2026,40,42,2,Deaths,National,Nigeria,229501935,0.25,40
PACE-FLU-SEV,2025/2026,40,42,2,Deaths,National,Nigeria,229501935,0.5,46
PACE-FLU-SEV,2025/2026,40,42,2,Deaths,National,Nigeria,229501935,0.75,52
PACE-FLU-SEV,2025/2026,40,42,2,Deaths,National,Nigeria,229501935,0.9,59
PACE-FLU-SEV,2025/2026,40,42,2,Deaths,National,Nigeria,229501935,0.95,63
PACE-FLU-SEV,2025/2026,40,42,2,Deaths,State,Abia,4841943,0.05,0
PACE-FLU-SEV,2025/2026,40,42,2,Deaths,State,Abia,4841943,0.1,0
PACE-FLU-SEV,2025/2026,40,42,2,Deaths,State,Abia,4841943,0.25,0
PACE-FLU-SEV,2025/2026,40,42,2,Deaths,State,Abia,4841943,0.5,0
PACE-FLU-SEV,2025/2026,40,42,2,Deaths,State,Abia,4841943,0.75,1
PACE-FLU-SEV,2025/2026,40,42,2,Deaths,State,Abia,4841943,0.9,2
PACE-FLU-SEV,2025/2026,40,42,2,Deaths,State,Abia,4841943,0.95,2
PACE-FLU-SEV,2025/2026,40,42,2,Deaths,State,Adamawa,5236948,0.05,0
PACE-FLU-SEV,2025/2026,40,42,2,Deaths,State,Adamawa,5236948,0.1,0
PACE-FLU-SEV,2025/2026,40,42,2,Deaths,State,Adamawa,5236948,0.25,0
PACE-FLU-SEV,2025/2026,40,42,2,Deaths,State,Adamawa,5236948,0.5,1
PACE-FLU-SEV,2025/2026,40,42,2,Deaths,State,Adamawa,5236948,0.75,2
PACE-FLU-SEV,2025/2026,40,42,2,Deaths,State,Adamawa,5236948,0.9,3
PACE-FLU-SEV,2025/2026,40,42,2,Deaths,State,Adamawa,5236948,0.95,3
PACE-FLU-SEV,2025/2026,40,42,2,Deaths,State,Akwa Ibom,5780581,0.05,0
PACE-FLU-SEV,2025/2026,40,42,2,Deaths,State,Akwa Ibom,5780581,0.1,0
PACE-FLU-SEV,2025/2026,40,42,2,Deaths,State,Akwa Ibom,5780581,0.25,0
PACE-FLU-SEV,2025/2026,40,42,2,Deaths,State,Akwa Ibom,5780581,0.5,1
PACE-FLU-SEV,2025/2026,40,42,2,Deaths,State,Akwa Ibom,5780581,0.75,1
PACE-FLU-SEV,2025/2026,40,42,2,Deaths,State,Akwa Ibom,5780581,0.9,2
PACE-FLU-SEV,2025/2026,40,42,2,Deaths,State,Akwa Ibom,5780581,0.95,3
PACE-FLU-SEV,2025/2026,40,42,2,Deaths,State,Anambra,7299910,0.05,0
PACE-FLU-SEV,2025/2026,40,42,2,Deaths,State,Anambra,7299910,0.1,0
PACE-FLU-SEV,2025/2026,40,42,2,Deaths,State,Anambra,7299910,0.25,0
PACE-FLU-SEV,2025/2026,40,42,2,Deaths,State,Anambra,7299910,0.5,1
PACE-FLU-SEV,2025/2026,40,42,2,Deaths,State,Anambra,7299910,0.75,2
PACE-FLU-SEV,2025/2026,40,42,2,Deaths,State,Anambra,7299910,0.9,3
PACE-FLU-SEV,2025/2026,40,42,2,Deaths,State,Anambra,7299910,0.95,4
PACE-FLU-SEV,2025/2026,40,42,2,Deaths,State,Bauchi,7540663,0.05,0
PACE-FLU-SEV,2025/2026,40,42,2,Deaths,State,Bauchi,7540663,0.1,0
PACE-FLU-SEV,2025/2026,40,42,2,Deaths,State,Bauchi,7540663,0.25,1
PACE-FLU-SEV,2025/2026,40,42,2,Deaths,State,Bauchi,7540663,0.5,1
PACE-FLU-SEV,2025/2026,40,42,2,Deaths,State,Bauchi,7540663,0.75,3
PACE-FLU-SEV,2025/2026,40,42,2,Deaths,State,Bauchi,7540663,0.9,4
PACE-FLU-SEV,2025/2026,40,42,2,Deaths,State,Bauchi,7540663,0.95,5
PACE-FLU-SEV,2025/2026,40,42,2,Deaths,State,Bayelsa,2394725,0.05,0
PACE-FLU-SEV,2025/2026,40,42,2,Deaths,State,Bayelsa,2394725,0.1,0
PACE-FLU-SEV,2025/2026,40,42,2,Deaths,State,Bayelsa,2394725,0.25,0
PACE-FLU-SEV,2025/2026,40,42,2,Deaths,State,Bayelsa,2394725,0.5,0
PACE-FLU-SEV,2025/2026,40,42,2,Deaths,State,Bayelsa,2394725,0.75,1
PACE-FLU-SEV,2025/2026,40,42,2,Deaths,State,Bayelsa,2394725,0.9,1
PACE-FLU-SEV,2025/2026,40,42,2,Deaths,State,Bayelsa,2394725,0.95,2
PACE-FLU-SEV,2025/2026,40,42,2,Deaths,State,Benue,6687706,0.05,0
PACE-FLU-SEV,2025/2026,40,42,2,Deaths,State,Benue,6687706,0.1,0
PACE-FLU-SEV,2025/2026,40,42,2,Deaths,State,Benue,6687706,0.25,0
PACE-FLU-SEV,2025/2026,40,42,2,Deaths,State,Benue,6687706,0.5,1
PACE-FLU-SEV,2025/2026,40,42,2,Deaths,State,Benue,6687706,0.75,2
PACE-FLU-SEV,2025/2026,40,42,2,Deaths,State,Benue,6687706,0.9,3
PACE-FLU-SEV,2025/2026,40,42,2,Deaths,State,Benue,6687706,0.95,4
PACE-FLU-SEV,2025/2026,40,42,2,Deaths,State,Borno,6651590,0.05,0
PACE-FLU-SEV,2025/2026,40,42,2,Deaths,State,Borno,6651590,0.1,0
PACE-FLU-SEV,2025/2026,40,42,2,Deaths,State,Borno,6651590,0.25,1
PACE-FLU-SEV,2025/2026,40,42,2,Deaths,State,Borno,6651590,0.5,1
PACE-FLU-SEV,2025/2026,40,42,2,Deaths,State,Borno,6651590,0.75,3
PACE-FLU-SEV,2025/2026,40,42,2,Deaths,State,Borno,6651590,0.9,4
PACE-FLU-SEV,2025/2026,40,42,2,Deaths,State,Borno,6651590,0.95,6
PACE-FLU-SEV,2025/2026,40,42,2,Deaths,State,Cross River,4175020,0.05,0
PACE-FLU-SEV,2025/2026,40,42,2,Deaths,State,Cross River,4175020,0.1,0
PACE-FLU-SEV,2025/2026,40,42,2,Deaths,State,Cross River,4175020,0.25,0
PACE-FLU-SEV,2025/2026,40,42,2,Deaths,State,Cross River,4175020,0.5,0
PACE-FLU-SEV,2025/2026,40,42,2,Deaths,State,Cross River,4175020,0.75,1
PACE-FLU-SEV,2025/2026,40,42,2,Deaths,State,Cross River,4175020,0.9,2
PACE-FLU-SEV,2025/2026,40,42,2,Deaths,State,Cross River,4175020,0.95,2
PACE-FLU-SEV,2025/2026,40,42,2,Deaths,State,Delta,6107543,0.05,0
PACE-FLU-SEV,2025/2026,40,42,2,Deaths,State,Delta,6107543,0.1,0
PACE-FLU-SEV,2025/2026,40,42,2,Deaths,State,Delta,6107543,0.25,0
PACE-FLU-SEV,2025/2026,40,42,2,Deaths,State,Delta,6107543,0.5,1
PACE-FLU-SEV,2025/2026,40,42,2,Deaths,State,Delta,6107543,0.75,1
PACE-FLU-SEV,2025/2026,40,42,2,Deaths,State,Delta,6107543,0.9,2
PACE-FLU-SEV,2025/2026,40,42,2,Deaths,State,Delta,6107543,0.95,3
PACE-FLU-SEV,2025/2026,40,42,2,Deaths,State,Ebonyi,4007155,0.05,0
PACE-FLU-SEV,2025/2026,40,42,2,Deaths,State,Ebonyi,4007155,0.1,0
PACE-FLU-SEV,2025/2026,40,42,2,Deaths,State,Ebonyi,4007155,0.25,0
PACE-FLU-SEV,2025/2026,40,42,2,Deaths,State,Ebonyi,4007155,0.5,0
PACE-FLU-SEV,2025/2026,40,42,2,Deaths,State,Ebonyi,4007155,0.75,1
PACE-FLU-SEV,2025/2026,40,42,2,Deaths,State,Ebonyi,4007155,0.9,2
PACE-FLU-SEV,2025/2026,40,42,2,Deaths,State,Ebonyi,4007155,0.95,2
PACE-FLU-SEV,2025/2026,40,42,2,Deaths,State,Edo,5527810,0.05,0
PACE-FLU-SEV,2025/2026,40,42,2,Deaths,State,Edo,5527810,0.1,0
PACE-FLU-SEV,2025/2026,40,42,2,Deaths,State,Edo,5527810,0.25,0
PACE-FLU-SEV,2025/2026,40,42,2,Deaths,State,Edo,5527810,0.5,0
PACE-FLU-SEV,2025/2026,40,42,2,Deaths,State,Edo,5527810,0.75,1
PACE-FLU-SEV,2025/2026,40,42,2,Deaths,State,Edo,5527810,0.9,2
PACE-FLU-SEV,2025/2026,40,42,2,Deaths,State,Edo,5527810,0.95,3
PACE-FLU-SEV,2025/2026,40,42,2,Deaths,State,Ekiti,3398177,0.05,0
PACE-FLU-SEV,2025/2026,40,42,2,Deaths,State,Ekiti,3398177,0.1,0
PACE-FLU-SEV,2025/2026,40,42,2,Deaths,State,Ekiti,3398177,0.25,0
PACE-FLU-SEV,2025/2026,40,42,2,Deaths,State,Ekiti,3398177,0.5,0
PACE-FLU-SEV,2025/2026,40,42,2,Deaths,State,Ekiti,3398177,0.75,1
PACE-FLU-SEV,2025/2026,40,42,2,Deaths,State,Ekiti,3398177,0.9,1
PACE-FLU-SEV,2025/2026,40,42,2,Deaths,State,Ekiti,3398177,0.95,2
PACE-FLU-SEV,2025/2026,40,42,2,Deaths,State,Enugu,5396098,0.05,0
PACE-FLU-SEV,2025/2026,40,42,2,Deaths,State,Enugu,5396098,0.1,0
PACE-FLU-SEV,2025/2026,40,42,2,Deaths,State,Enugu,5396098,0.25,0
PACE-FLU-SEV,2025/2026,40,42,2,Deaths,State,Enugu,5396098,0.5,0
PACE-FLU-SEV,2025/2026,40,42,2,Deaths,State,Enugu,5396098,0.75,1
PACE-FLU-SEV,2025/2026,40,42,2,Deaths,State,Enugu,5396098,0.9,2
PACE-FLU-SEV,2025/2026,40,42,2,Deaths,State,Enugu,5396098,0.95,2
PACE-FLU-SEV,2025/2026,40,42,2,Deaths,State,FCT,4802443,0.05,0
PACE-FLU-SEV,2025/2026,40,42,2,Deaths,State,FCT,4802443,0.1,0
PACE-FLU-SEV,2025/2026,40,42,2,Deaths,State,FCT,4802443,0.25,0
PACE-FLU-SEV,2025/2026,40,42,2,Deaths,State,FCT,4802443,0.5,0
PACE-FLU-SEV,2025/2026,40,42,2,Deaths,State,FCT,4802443,0.75,1
PACE-FLU-SEV,2025/2026,40,42,2,Deaths,State,FCT,4802443,0.9,2
PACE-FLU-SEV,2025/2026,40,42,2,Deaths,State,FCT,4802443,0.95,2
PACE-FLU-SEV,2025/2026,40,42,2,Deaths,State,Gombe,4623462,0.05,0
PACE-FLU-SEV,2025/2026,40,42,2,Deaths,State,Gombe,4623462,0.1,0
PACE-FLU-SEV,2025/2026,40,42,2,Deaths,State,Gombe,4623462,0.25,0
PACE-FLU-SEV,2025/2026,40,42,2,Deaths,State,Gombe,4623462,0.5,1
PACE-FLU-SEV,2025/2026,40,42,2,Deaths,State,Gombe,4623462,0.75,2
PACE-FLU-SEV,2025/2026,40,42,2,Deaths,State,Gombe,4623462,0.9,4
PACE-FLU-SEV,2025/2026,40,42,2,Deaths,State,Gombe,4623462,0.95,4
PACE-FLU-SEV,2025/2026,40,42,2,Deaths,State,Imo,6067722,0.05,0
PACE-FLU-SEV,2025/2026,40,42,2,Deaths,State,Imo,6067722,0.1,0
PACE-FLU-SEV,2025/2026,40,42,2,Deaths,State,Imo,6067722,0.25,0
PACE-FLU-SEV,2025/2026,40,42,2,Deaths,State,Imo,6067722,0.5,1
PACE-FLU-SEV,2025/2026,40,42,2,Deaths,State,Imo,6067722,0.75,1
PACE-FLU-SEV,2025/2026,40,42,2,Deaths,State,Imo,6067722,0.9,2
PACE-FLU-SEV,2025/2026,40,42,2,Deaths,State,Imo,6067722,0.95,3
PACE-FLU-SEV,2025/2026,40,42,2,Deaths,State,Jigawa,6979080,0.05,0
PACE-FLU-SEV,2025/2026,40,42,2,Deaths,State,Jigawa,6979080,0.1,0
PACE-FLU-SEV,2025/2026,40,42,2,Deaths,State,Jigawa,6979080,0.25,1
PACE-FLU-SEV,2025/2026,40,42,2,Deaths,State,Jigawa,6979080,0.5,2
PACE-FLU-SEV,2025/2026,40,42,2,Deaths,State,Jigawa,6979080,0.75,3
PACE-FLU-SEV,2025/2026,40,42,2,Deaths,State,Jigawa,6979080,0.9,5
PACE-FLU-SEV,2025/2026,40,42,2,Deaths,State,Jigawa,6979080,0.95,6
PACE-FLU-SEV,2025/2026,40,42,2,Deaths,State,Kaduna,8324285,0.05,0
PACE-FLU-SEV,2025/2026,40,42,2,Deaths,State,Kaduna,8324285,0.1,0
PACE-FLU-SEV,2025/2026,40,42,2,Deaths,State,Kaduna,8324285,0.25,0
PACE-FLU-SEV,2025/2026,40,42,2,Deaths,State,Kaduna,8324285,0.5,1
PACE-FLU-SEV,2025/2026,40,42,2,Deaths,State,Kaduna,8324285,0.75,3
PACE-FLU-SEV,2025/2026,40,42,2,Deaths,State,Kaduna,8324285,0.9,4
PACE-FLU-SEV,2025/2026,40,42,2,Deaths,State,Kaduna,8324285,0.95,5
PACE-FLU-SEV,2025/2026,40,42,2,Deaths,State,Kano,16253549,0.05,0
PACE-FLU-SEV,2025/2026,40,42,2,Deaths,State,Kano,16253549,0.1,1
PACE-FLU-SEV,2025/2026,40,42,2,Deaths,State,Kano,16253549,0.25,2
PACE-FLU-SEV,2025/2026,40,42,2,Deaths,State,Kano,16253549,0.5,4
PACE-FLU-SEV,2025/2026,40,42,2,Deaths,State,Kano,16253549,0.75,6
PACE-FLU-SEV,2025/2026,40,42,2,Deaths,State,Kano,16253549,0.9,9
PACE-FLU-SEV,2025/2026,40,42,2,Deaths,State,Kano,16253549,0.95,12
PACE-FLU-SEV,2025/2026,40,42,2,Deaths,State,Katsina,9300382,0.05,0
PACE-FLU-SEV,2025/2026,40,42,2,Deaths,State,Katsina,9300382,0.1,0
PACE-FLU-SEV,2025/2026,40,42,2,Deaths,State,Katsina,9300382,0.25,1
PACE-FLU-SEV,2025/2026,40,42,2,Deaths,State,Katsina,9300382,0.5,2
PACE-FLU-SEV,2025/2026,40,42,2,Deaths,State,Katsina,9300382,0.75,4
PACE-FLU-SEV,2025/2026,40,42,2,Deaths,State,Katsina,9300382,0.9,6
PACE-FLU-SEV,2025/2026,40,42,2,Deaths,State,Katsina,9300382,0.95,7
PACE-FLU-SEV,2025/2026,40,42,2,Deaths,State,Kebbi,6001610,0.05,0
PACE-FLU-SEV,2025/2026,40,42,2,Deaths,State,Kebbi,6001610,0.1,0
PACE-FLU-SEV,2025/2026,40,42,2,Deaths,State,Kebbi,6001610,0.25,1
PACE-FLU-SEV,2025/2026,40,42,2,Deaths,State,Kebbi,6001610,0.5,2
PACE-FLU-SEV,2025/2026,40,42,2,Deaths,State,Kebbi,6001610,0.75,3
PACE-FLU-SEV,2025/2026,40,42,2,Deaths,State,Kebbi,6001610,0.9,5
PACE-FLU-SEV,2025/2026,40,42,2,Deaths,State,Kebbi,6001610,0.95,6
PACE-FLU-SEV,2025/2026,40,42,2,Deaths,State,Kogi,5053734,0.05,0
PACE-FLU-SEV,2025/2026,40,42,2,Deaths,State,Kogi,5053734,0.1,0
PACE-FLU-SEV,2025/2026,40,42,2,Deaths,State,Kogi,5053734,0.25,0
PACE-FLU-SEV,2025/2026,40,42,2,Deaths,State,Kogi,5053734,0.5,1
PACE-FLU-SEV,2025/2026,40,42,2,Deaths,State,Kogi,5053734,0.75,1
PACE-FLU-SEV,2025/2026,40,42,2,Deaths,State,Kogi,5053734,0.9,2
PACE-FLU-SEV,2025/2026,40,42,2,Deaths,State,Kogi,5053734,0.95,3
PACE-FLU-SEV,2025/2026,40,42,2,Deaths,State,Kwara,4259613,0.05,0
PACE-FLU-SEV,2025/2026,40,42,2,Deaths,State,Kwara,4259613,0.1,0
PACE-FLU-SEV,2025/2026,40,42,2,Deaths,State,Kwara,4259613,0.25,0
PACE-FLU-SEV,2025/2026,40,42,2,Deaths,State,Kwara,4259613,0.5,0
PACE-FLU-SEV,2025/2026,40,42,2,Deaths,State,Kwara,4259613,0.75,1
PACE-FLU-SEV,2025/2026,40,42,2,Deaths,State,Kwara,4259613,0.9,2
PACE-FLU-SEV,2025/2026,40,42,2,Deaths,State,Kwara,4259613,0.95,2.650000000000091
PACE-FLU-SEV,2025/2026,40,42,2,Deaths,State,Lagos,15772884,0.05,0
PACE-FLU-SEV,2025/2026,40,42,2,Deaths,State,Lagos,15772884,0.1,0
PACE-FLU-SEV,2025/2026,40,42,2,Deaths,State,Lagos,15772884,0.25,0
PACE-FLU-SEV,2025/2026,40,42,2,Deaths,State,Lagos,15772884,0.5,1
PACE-FLU-SEV,2025/2026,40,42,2,Deaths,State,Lagos,15772884,0.75,2
PACE-FLU-SEV,2025/2026,40,42,2,Deaths,State,Lagos,15772884,0.9,3
PACE-FLU-SEV,2025/2026,40,42,2,Deaths,State,Lagos,15772884,0.95,4
PACE-FLU-SEV,2025/2026,40,42,2,Deaths,State,Nasarawa,3632239,0.05,0
PACE-FLU-SEV,2025/2026,40,42,2,Deaths,State,Nasarawa,3632239,0.1,0
PACE-FLU-SEV,2025/2026,40,42,2,Deaths,State,Nasarawa,3632239,0.25,0
PACE-FLU-SEV,2025/2026,40,42,2,Deaths,State,Nasarawa,3632239,0.5,0
PACE-FLU-SEV,2025/2026,40,42,2,Deaths,State,Nasarawa,3632239,0.75,1
PACE-FLU-SEV,2025/2026,40,42,2,Deaths,State,Nasarawa,3632239,0.9,2
PACE-FLU-SEV,2025/2026,40,42,2,Deaths,State,Nasarawa,3632239,0.95,3
PACE-FLU-SEV,2025/2026,40,42,2,Deaths,State,Niger,6720617,0.05,0
PACE-FLU-SEV,2025/2026,40,42,2,Deaths,State,Niger,6720617,0.1,0
PACE-FLU-SEV,2025/2026,40,42,2,Deaths,State,Niger,6720617,0.25,0
PACE-FLU-SEV,2025/2026,40,42,2,Deaths,State,Niger,6720617,0.5,1
PACE-FLU-SEV,2025/2026,40,42,2,Deaths,State,Niger,6720617,0.75,2
PACE-FLU-SEV,2025/2026,40,42,2,Deaths,State,Niger,6720617,0.9,3
PACE-FLU-SEV,2025/2026,40,42,2,Deaths,State,Niger,6720617,0.95,4
PACE-FLU-SEV,2025/2026,40,42,2,Deaths,State,Ogun,6445275,0.05,0
PACE-FLU-SEV,2025/2026,40,42,2,Deaths,State,Ogun,6445275,0.1,0
PACE-FLU-SEV,2025/2026,40,42,2,Deaths,State,Ogun,6445275,0.25,0
PACE-FLU-SEV,2025/2026,40,42,2,Deaths,State,Ogun,6445275,0.5,1
PACE-FLU-SEV,2025/2026,40,42,2,Deaths,State,Ogun,6445275,0.75,1
PACE-FLU-SEV,2025/2026,40,42,2,Deaths,State,Ogun,6445275,0.9,2
PACE-FLU-SEV,2025/2026,40,42,2,Deaths,State,Ogun,6445275,0.95,3
PACE-FLU-SEV,2025/2026,40,42,2,Deaths,State,Ondo,5469707,0.05,0
PACE-FLU-SEV,2025/2026,40,42,2,Deaths,State,Ondo,5469707,0.1,0
PACE-FLU-SEV,2025/2026,40,42,2,Deaths,State,Ondo,5469707,0.25,0
PACE-FLU-SEV,2025/2026,40,42,2,Deaths,State,Ondo,5469707,0.5,0
PACE-FLU-SEV,2025/2026,40,42,2,Deaths,State,Ondo,5469707,0.75,1
PACE-FLU-SEV,2025/2026,40,42,2,Deaths,State,Ondo,5469707,0.9,2
PACE-FLU-SEV,2025/2026,40,42,2,Deaths,State,Ondo,5469707,0.95,3
PACE-FLU-SEV,2025/2026,40,42,2,Deaths,State,Osun,4237396,0.05,0
PACE-FLU-SEV,2025/2026,40,42,2,Deaths,State,Osun,4237396,0.1,0
PACE-FLU-SEV,2025/2026,40,42,2,Deaths,State,Osun,4237396,0.25,0
PACE-FLU-SEV,2025/2026,40,42,2,Deaths,State,Osun,4237396,0.5,0
PACE-FLU-SEV,2025/2026,40,42,2,Deaths,State,Osun,4237396,0.75,1
PACE-FLU-SEV,2025/2026,40,42,2,Deaths,State,Osun,4237396,0.9,2
PACE-FLU-SEV,2025/2026,40,42,2,Deaths,State,Osun,4237396,0.95,3
PACE-FLU-SEV,2025/2026,40,42,2,Deaths,State,Oyo,7512855,0.05,0
PACE-FLU-SEV,2025/2026,40,42,2,Deaths,State,Oyo,7512855,0.1,0
PACE-FLU-SEV,2025/2026,40,42,2,Deaths,State,Oyo,7512855,0.25,0
PACE-FLU-SEV,2025/2026,40,42,2,Deaths,State,Oyo,7512855,0.5,1
PACE-FLU-SEV,2025/2026,40,42,2,Deaths,State,Oyo,7512855,0.75,1
PACE-FLU-SEV,2025/2026,40,42,2,Deaths,State,Oyo,7512855,0.9,3
PACE-FLU-SEV,2025/2026,40,42,2,Deaths,State,Oyo,7512855,0.95,3
PACE-FLU-SEV,2025/2026,40,42,2,Deaths,State,Plateau,5400974,0.05,0
PACE-FLU-SEV,2025/2026,40,42,2,Deaths,State,Plateau,5400974,0.1,0
PACE-FLU-SEV,2025/2026,40,42,2,Deaths,State,Plateau,5400974,0.25,0
PACE-FLU-SEV,2025/2026,40,42,2,Deaths,State,Plateau,5400974,0.5,1
PACE-FLU-SEV,2025/2026,40,42,2,Deaths,State,Plateau,5400974,0.75,2
PACE-FLU-SEV,2025/2026,40,42,2,Deaths,State,Plateau,5400974,0.9,3
PACE-FLU-SEV,2025/2026,40,42,2,Deaths,State,Plateau,5400974,0.95,3
PACE-FLU-SEV,2025/2026,40,42,2,Deaths,State,Rivers,7234973,0.05,0
PACE-FLU-SEV,2025/2026,40,42,2,Deaths,State,Rivers,7234973,0.1,0
PACE-FLU-SEV,2025/2026,40,42,2,Deaths,State,Rivers,7234973,0.25,0
PACE-FLU-SEV,2025/2026,40,42,2,Deaths,State,Rivers,7234973,0.5,1
PACE-FLU-SEV,2025/2026,40,42,2,Deaths,State,Rivers,7234973,0.75,2
PACE-FLU-SEV,2025/2026,40,42,2,Deaths,State,Rivers,7234973,0.9,3
PACE-FLU-SEV,2025/2026,40,42,2,Deaths,State,Rivers,7234973,0.95,3
PACE-FLU-SEV,2025/2026,40,42,2,Deaths,State,Sokoto,6163187,0.05,0
PACE-FLU-SEV,2025/2026,40,42,2,Deaths,State,Sokoto,6163187,0.1,0
PACE-FLU-SEV,2025/2026,40,42,2,Deaths,State,Sokoto,6163187,0.25,1
PACE-FLU-SEV,2025/2026,40,42,2,Deaths,State,Sokoto,6163187,0.5,2
PACE-FLU-SEV,2025/2026,40,42,2,Deaths,State,Sokoto,6163187,0.75,3
PACE-FLU-SEV,2025/2026,40,42,2,Deaths,State,Sokoto,6163187,0.9,5
PACE-FLU-SEV,2025/2026,40,42,2,Deaths,State,Sokoto,6163187,0.95,6
PACE-FLU-SEV,2025/2026,40,42,2,Deaths,State,Taraba,4331885,0.05,0
PACE-FLU-SEV,2025/2026,40,42,2,Deaths,State,Taraba,4331885,0.1,0
PACE-FLU-SEV,2025/2026,40,42,2,Deaths,State,Taraba,4331885,0.25,0
PACE-FLU-SEV,2025/2026,40,42,2,Deaths,State,Taraba,4331885,0.5,1
PACE-FLU-SEV,2025/2026,40,42,2,Deaths,State,Taraba,4331885,0.75,2
PACE-FLU-SEV,2025/2026,40,42,2,Deaths,State,Taraba,4331885,0.9,3
PACE-FLU-SEV,2025/2026,40,42,2,Deaths,State,Taraba,4331885,0.95,4
PACE-FLU-SEV,2025/2026,40,42,2,Deaths,State,Yobe,4350401,0.05,0
PACE-FLU-SEV,2025/2026,40,42,2,Deaths,State,Yobe,4350401,0.1,0
PACE-FLU-SEV,2025/2026,40,42,2,Deaths,State,Yobe,4350401,0.25,0
PACE-FLU-SEV,2025/2026,40,42,2,Deaths,State,Yobe,4350401,0.5,1
PACE-FLU-SEV,2025/2026,40,42,2,Deaths,State,Yobe,4350401,0.75,2
PACE-FLU-SEV,2025/2026,40,42,2,Deaths,State,Yobe,4350401,0.9,3
PACE-FLU-SEV,2025/2026,40,42,2,Deaths,State,Yobe,4350401,0.95,4
PACE-FLU-SEV,2025/2026,40,42,2,Deaths,State,Zamfara,5517793,0.05,0
PACE-FLU-SEV,2025/2026,40,42,2,Deaths,State,Zamfara,5517793,0.1,0
PACE-FLU-SEV,2025/2026,40,42,2,Deaths,State,Zamfara,5517793,0.25,0
PACE-FLU-SEV,2025/2026,40,42,2,Deaths,State,Zamfara,5517793,0.5,1
PACE-FLU-SEV,2025/2026,40,42,2,Deaths,State,Zamfara,5517793,0.75,3
PACE-FLU-SEV,2025/2026,40,42,2,Deaths,State,Zamfara,5517793,0.9,4
PACE-FLU-SEV,2025/2026,40,42,2,Deaths,State,Zamfara,5517793,0.95,5
PACE-FLU-SEV,2025/2026,40,42,2,Deaths,Zone,NC,36557326,0.05,2
PACE-FLU-SEV,2025/2026,40,42,2,Deaths,Zone,NC,36557326,0.1,3
PACE-FLU-SEV,2025/2026,40,42,2,Deaths,Zone,NC,36557326,0.25,4
PACE-FLU-SEV,2025/2026,40,42,2,Deaths,Zone,NC,36557326,0.5,6
PACE-FLU-SEV,2025/2026,40,42,2,Deaths,Zone,NC,36557326,0.75,8
PACE-FLU-SEV,2025/2026,40,42,2,Deaths,Zone,NC,36557326,0.9,10.63333333333344
PACE-FLU-SEV,2025/2026,40,42,2,Deaths,Zone,NC,36557326,0.95,12
PACE-FLU-SEV,2025/2026,40,42,2,Deaths,Zone,NE,32734949,0.05,3
PACE-FLU-SEV,2025/2026,40,42,2,Deaths,Zone,NE,32734949,0.1,4
PACE-FLU-SEV,2025/2026,40,42,2,Deaths,Zone,NE,32734949,0.25,6
PACE-FLU-SEV,2025/2026,40,42,2,Deaths,Zone,NE,32734949,0.5,9
PACE-FLU-SEV,2025/2026,40,42,2,Deaths,Zone,NE,32734949,0.75,11
PACE-FLU-SEV,2025/2026,40,42,2,Deaths,Zone,NE,32734949,0.9,14
PACE-FLU-SEV,2025/2026,40,42,2,Deaths,Zone,NE,32734949,0.95,16
PACE-FLU-SEV,2025/2026,40,42,2,Deaths,Zone,NW,58539886,0.05,8
PACE-FLU-SEV,2025/2026,40,42,2,Deaths,Zone,NW,58539886,0.1,10
PACE-FLU-SEV,2025/2026,40,42,2,Deaths,Zone,NW,58539886,0.25,13
PACE-FLU-SEV,2025/2026,40,42,2,Deaths,Zone,NW,58539886,0.5,17
PACE-FLU-SEV,2025/2026,40,42,2,Deaths,Zone,NW,58539886,0.75,21
PACE-FLU-SEV,2025/2026,40,42,2,Deaths,Zone,NW,58539886,0.9,26
PACE-FLU-SEV,2025/2026,40,42,2,Deaths,Zone,NW,58539886,0.95,29
PACE-FLU-SEV,2025/2026,40,42,2,Deaths,Zone,SE,27612828,0.05,1
PACE-FLU-SEV,2025/2026,40,42,2,Deaths,Zone,SE,27612828,0.1,1
PACE-FLU-SEV,2025/2026,40,42,2,Deaths,Zone,SE,27612828,0.25,2
PACE-FLU-SEV,2025/2026,40,42,2,Deaths,Zone,SE,27612828,0.5,4
PACE-FLU-SEV,2025/2026,40,42,2,Deaths,Zone,SE,27612828,0.75,5
PACE-FLU-SEV,2025/2026,40,42,2,Deaths,Zone,SE,27612828,0.9,7
PACE-FLU-SEV,2025/2026,40,42,2,Deaths,Zone,SE,27612828,0.95,8
PACE-FLU-SEV,2025/2026,40,42,2,Deaths,Zone,SS,31220652,0.05,1
PACE-FLU-SEV,2025/2026,40,42,2,Deaths,Zone,SS,31220652,0.1,2
PACE-FLU-SEV,2025/2026,40,42,2,Deaths,Zone,SS,31220652,0.25,3
PACE-FLU-SEV,2025/2026,40,42,2,Deaths,Zone,SS,31220652,0.5,4
PACE-FLU-SEV,2025/2026,40,42,2,Deaths,Zone,SS,31220652,0.75,6
PACE-FLU-SEV,2025/2026,40,42,2,Deaths,Zone,SS,31220652,0.9,8
PACE-FLU-SEV,2025/2026,40,42,2,Deaths,Zone,SS,31220652,0.95,9
PACE-FLU-SEV,2025/2026,40,42,2,Deaths,Zone,SW,42836294,0.05,1
PACE-FLU-SEV,2025/2026,40,42,2,Deaths,Zone,SW,42836294,0.1,2
PACE-FLU-SEV,2025/2026,40,42,2,Deaths,Zone,SW,42836294,0.25,3
PACE-FLU-SEV,2025/2026,40,42,2,Deaths,Zone,SW,42836294,0.5,5
PACE-FLU-SEV,2025/2026,40,42,2,Deaths,Zone,SW,42836294,0.75,7
PACE-FLU-SEV,2025/2026,40,42,2,Deaths,Zone,SW,42836294,0.9,9
PACE-FLU-SEV,2025/2026,40,42,2,Deaths,Zone,SW,42836294,0.95,11
PACE-FLU-SEV,2025/2026,40,43,3,Deaths,Macro,North,127832161,0.05,19
PACE-FLU-SEV,2025/2026,40,43,3,Deaths,Macro,North,127832161,0.1,21
PACE-FLU-SEV,2025/2026,40,43,3,Deaths,Macro,North,127832161,0.25,25
PACE-FLU-SEV,2025/2026,40,43,3,Deaths,Macro,North,127832161,0.5,31
PACE-FLU-SEV,2025/2026,40,43,3,Deaths,Macro,North,127832161,0.75,37
PACE-FLU-SEV,2025/2026,40,43,3,Deaths,Macro,North,127832161,0.9,43
PACE-FLU-SEV,2025/2026,40,43,3,Deaths,Macro,North,127832161,0.95,47
PACE-FLU-SEV,2025/2026,40,43,3,Deaths,Macro,South,101669774,0.05,7
PACE-FLU-SEV,2025/2026,40,43,3,Deaths,Macro,South,101669774,0.1,8
PACE-FLU-SEV,2025/2026,40,43,3,Deaths,Macro,South,101669774,0.25,11
PACE-FLU-SEV,2025/2026,40,43,3,Deaths,Macro,South,101669774,0.5,15
PACE-FLU-SEV,2025/2026,40,43,3,Deaths,Macro,South,101669774,0.75,18
PACE-FLU-SEV,2025/2026,40,43,3,Deaths,Macro,South,101669774,0.9,22
PACE-FLU-SEV,2025/2026,40,43,3,Deaths,Macro,South,101669774,0.95,25
PACE-FLU-SEV,2025/2026,40,43,3,Deaths,National,Nigeria,229501935,0.05,31
PACE-FLU-SEV,2025/2026,40,43,3,Deaths,National,Nigeria,229501935,0.1,34
PACE-FLU-SEV,2025/2026,40,43,3,Deaths,National,Nigeria,229501935,0.25,39
PACE-FLU-SEV,2025/2026,40,43,3,Deaths,National,Nigeria,229501935,0.5,46
PACE-FLU-SEV,2025/2026,40,43,3,Deaths,National,Nigeria,229501935,0.75,54
PACE-FLU-SEV,2025/2026,40,43,3,Deaths,National,Nigeria,229501935,0.9,61
PACE-FLU-SEV,2025/2026,40,43,3,Deaths,National,Nigeria,229501935,0.95,66
PACE-FLU-SEV,2025/2026,40,43,3,Deaths,State,Abia,4841943,0.05,0
PACE-FLU-SEV,2025/2026,40,43,3,Deaths,State,Abia,4841943,0.1,0
PACE-FLU-SEV,2025/2026,40,43,3,Deaths,State,Abia,4841943,0.25,0
PACE-FLU-SEV,2025/2026,40,43,3,Deaths,State,Abia,4841943,0.5,0
PACE-FLU-SEV,2025/2026,40,43,3,Deaths,State,Abia,4841943,0.75,1
PACE-FLU-SEV,2025/2026,40,43,3,Deaths,State,Abia,4841943,0.9,2
PACE-FLU-SEV,2025/2026,40,43,3,Deaths,State,Abia,4841943,0.95,3
PACE-FLU-SEV,2025/2026,40,43,3,Deaths,State,Adamawa,5236948,0.05,0
PACE-FLU-SEV,2025/2026,40,43,3,Deaths,State,Adamawa,5236948,0.1,0
PACE-FLU-SEV,2025/2026,40,43,3,Deaths,State,Adamawa,5236948,0.25,0
PACE-FLU-SEV,2025/2026,40,43,3,Deaths,State,Adamawa,5236948,0.5,1
PACE-FLU-SEV,2025/2026,40,43,3,Deaths,State,Adamawa,5236948,0.75,2
PACE-FLU-SEV,2025/2026,40,43,3,Deaths,State,Adamawa,5236948,0.9,3
PACE-FLU-SEV,2025/2026,40,43,3,Deaths,State,Adamawa,5236948,0.95,4
PACE-FLU-SEV,2025/2026,40,43,3,Deaths,State,Akwa Ibom,5780581,0.05,0
PACE-FLU-SEV,2025/2026,40,43,3,Deaths,State,Akwa Ibom,5780581,0.1,0
PACE-FLU-SEV,2025/2026,40,43,3,Deaths,State,Akwa Ibom,5780581,0.25,0
PACE-FLU-SEV,2025/2026,40,43,3,Deaths,State,Akwa Ibom,5780581,0.5,1
PACE-FLU-SEV,2025/2026,40,43,3,Deaths,State,Akwa Ibom,5780581,0.75,1
PACE-FLU-SEV,2025/2026,40,43,3,Deaths,State,Akwa Ibom,5780581,0.9,2
PACE-FLU-SEV,2025/2026,40,43,3,Deaths,State,Akwa Ibom,5780581,0.95,3
PACE-FLU-SEV,2025/2026,40,43,3,Deaths,State,Anambra,7299910,0.05,0
PACE-FLU-SEV,2025/2026,40,43,3,Deaths,State,Anambra,7299910,0.1,0
PACE-FLU-SEV,2025/2026,40,43,3,Deaths,State,Anambra,7299910,0.25,0
PACE-FLU-SEV,2025/2026,40,43,3,Deaths,State,Anambra,7299910,0.5,1
PACE-FLU-SEV,2025/2026,40,43,3,Deaths,State,Anambra,7299910,0.75,2
PACE-FLU-SEV,2025/2026,40,43,3,Deaths,State,Anambra,7299910,0.9,3
PACE-FLU-SEV,2025/2026,40,43,3,Deaths,State,Anambra,7299910,0.95,4
PACE-FLU-SEV,2025/2026,40,43,3,Deaths,State,Bauchi,7540663,0.05,0
PACE-FLU-SEV,2025/2026,40,43,3,Deaths,State,Bauchi,7540663,0.1,0
PACE-FLU-SEV,2025/2026,40,43,3,Deaths,State,Bauchi,7540663,0.25,1
PACE-FLU-SEV,2025/2026,40,43,3,Deaths,State,Bauchi,7540663,0.5,2
PACE-FLU-SEV,2025/2026,40,43,3,Deaths,State,Bauchi,7540663,0.75,3
PACE-FLU-SEV,2025/2026,40,43,3,Deaths,State,Bauchi,7540663,0.9,5
PACE-FLU-SEV,2025/2026,40,43,3,Deaths,State,Bauchi,7540663,0.95,6
PACE-FLU-SEV,2025/2026,40,43,3,Deaths,State,Bayelsa,2394725,0.05,0
PACE-FLU-SEV,2025/2026,40,43,3,Deaths,State,Bayelsa,2394725,0.1,0
PACE-FLU-SEV,2025/2026,40,43,3,Deaths,State,Bayelsa,2394725,0.25,0
PACE-FLU-SEV,2025/2026,40,43,3,Deaths,State,Bayelsa,2394725,0.5,0
PACE-FLU-SEV,2025/2026,40,43,3,Deaths,State,Bayelsa,2394725,0.75,1
PACE-FLU-SEV,2025/2026,40,43,3,Deaths,State,Bayelsa,2394725,0.9,2
PACE-FLU-SEV,2025/2026,40,43,3,Deaths,State,Bayelsa,2394725,0.95,2
PACE-FLU-SEV,2025/2026,40,43,3,Deaths,State,Benue,6687706,0.05,0
PACE-FLU-SEV,2025/2026,40,43,3,Deaths,State,Benue,6687706,0.1,0
PACE-FLU-SEV,2025/2026,40,43,3,Deaths,State,Benue,6687706,0.25,0
PACE-FLU-SEV,2025/2026,40,43,3,Deaths,State,Benue,6687706,0.5,1
PACE-FLU-SEV,2025/2026,40,43,3,Deaths,State,Benue,6687706,0.75,2
PACE-FLU-SEV,2025/2026,40,43,3,Deaths,State,Benue,6687706,0.9,3
PACE-FLU-SEV,2025/2026,40,43,3,Deaths,State,Benue,6687706,0.95,4
PACE-FLU-SEV,2025/2026,40,43,3,Deaths,State,Borno,6651590,0.05,0
PACE-FLU-SEV,2025/2026,40,43,3,Deaths,State,Borno,6651590,0.1,0
PACE-FLU-SEV,2025/2026,40,43,3,Deaths,State,Borno,6651590,0.25,1
PACE-FLU-SEV,2025/2026,40,43,3,Deaths,State,Borno,6651590,0.5,2
PACE-FLU-SEV,2025/2026,40,43,3,Deaths,State,Borno,6651590,0.75,3
PACE-FLU-SEV,2025/2026,40,43,3,Deaths,State,Borno,6651590,0.9,5
PACE-FLU-SEV,2025/2026,40,43,3,Deaths,State,Borno,6651590,0.95,6
PACE-FLU-SEV,2025/2026,40,43,3,Deaths,State,Cross River,4175020,0.05,0
PACE-FLU-SEV,2025/2026,40,43,3,Deaths,State,Cross River,4175020,0.1,0
PACE-FLU-SEV,2025/2026,40,43,3,Deaths,State,Cross River,4175020,0.25,0
PACE-FLU-SEV,2025/2026,40,43,3,Deaths,State,Cross River,4175020,0.5,0
PACE-FLU-SEV,2025/2026,40,43,3,Deaths,State,Cross River,4175020,0.75,1
PACE-FLU-SEV,2025/2026,40,43,3,Deaths,State,Cross River,4175020,0.9,2
PACE-FLU-SEV,2025/2026,40,43,3,Deaths,State,Cross River,4175020,0.95,3
PACE-FLU-SEV,2025/2026,40,43,3,Deaths,State,Delta,6107543,0.05,0
PACE-FLU-SEV,2025/2026,40,43,3,Deaths,State,Delta,6107543,0.1,0
PACE-FLU-SEV,2025/2026,40,43,3,Deaths,State,Delta,6107543,0.25,0
PACE-FLU-SEV,2025/2026,40,43,3,Deaths,State,Delta,6107543,0.5,1
PACE-FLU-SEV,2025/2026,40,43,3,Deaths,State,Delta,6107543,0.75,1
PACE-FLU-SEV,2025/2026,40,43,3,Deaths,State,Delta,6107543,0.9,2.6333333333334394
PACE-FLU-SEV,2025/2026,40,43,3,Deaths,State,Delta,6107543,0.95,3
PACE-FLU-SEV,2025/2026,40,43,3,Deaths,State,Ebonyi,4007155,0.05,0
PACE-FLU-SEV,2025/2026,40,43,3,Deaths,State,Ebonyi,4007155,0.1,0
PACE-FLU-SEV,2025/2026,40,43,3,Deaths,State,Ebonyi,4007155,0.25,0
PACE-FLU-SEV,2025/2026,40,43,3,Deaths,State,Ebonyi,4007155,0.5,0
PACE-FLU-SEV,2025/2026,40,43,3,Deaths,State,Ebonyi,4007155,0.75,1
PACE-FLU-SEV,2025/2026,40,43,3,Deaths,State,Ebonyi,4007155,0.9,2
PACE-FLU-SEV,2025/2026,40,43,3,Deaths,State,Ebonyi,4007155,0.95,3
PACE-FLU-SEV,2025/2026,40,43,3,Deaths,State,Edo,5527810,0.05,0
PACE-FLU-SEV,2025/2026,40,43,3,Deaths,State,Edo,5527810,0.1,0
PACE-FLU-SEV,2025/2026,40,43,3,Deaths,State,Edo,5527810,0.25,0
PACE-FLU-SEV,2025/2026,40,43,3,Deaths,State,Edo,5527810,0.5,1
PACE-FLU-SEV,2025/2026,40,43,3,Deaths,State,Edo,5527810,0.75,1
PACE-FLU-SEV,2025/2026,40,43,3,Deaths,State,Edo,5527810,0.9,2
PACE-FLU-SEV,2025/2026,40,43,3,Deaths,State,Edo,5527810,0.95,3
PACE-FLU-SEV,2025/2026,40,43,3,Deaths,State,Ekiti,3398177,0.05,0
PACE-FLU-SEV,2025/2026,40,43,3,Deaths,State,Ekiti,3398177,0.1,0
PACE-FLU-SEV,2025/2026,40,43,3,Deaths,State,Ekiti,3398177,0.25,0
PACE-FLU-SEV,2025/2026,40,43,3,Deaths,State,Ekiti,3398177,0.5,0
PACE-FLU-SEV,2025/2026,40,43,3,Deaths,State,Ekiti,3398177,0.75,1
PACE-FLU-SEV,2025/2026,40,43,3,Deaths,State,Ekiti,3398177,0.9,2
PACE-FLU-SEV,2025/2026,40,43,3,Deaths,State,Ekiti,3398177,0.95,2
PACE-FLU-SEV,2025/2026,40,43,3,Deaths,State,Enugu,5396098,0.05,0
PACE-FLU-SEV,2025/2026,40,43,3,Deaths,State,Enugu,5396098,0.1,0
PACE-FLU-SEV,2025/2026,40,43,3,Deaths,State,Enugu,5396098,0.25,0
PACE-FLU-SEV,2025/2026,40,43,3,Deaths,State,Enugu,5396098,0.5,0
PACE-FLU-SEV,2025/2026,40,43,3,Deaths,State,Enugu,5396098,0.75,1
PACE-FLU-SEV,2025/2026,40,43,3,Deaths,State,Enugu,5396098,0.9,2
PACE-FLU-SEV,2025/2026,40,43,3,Deaths,State,Enugu,5396098,0.95,3
PACE-FLU-SEV,2025/2026,40,43,3,Deaths,State,FCT,4802443,0.05,0
PACE-FLU-SEV,2025/2026,40,43,3,Deaths,State,FCT,4802443,0.1,0
PACE-FLU-SEV,2025/2026,40,43,3,Deaths,State,FCT,4802443,0.25,0
PACE-FLU-SEV,2025/2026,40,43,3,Deaths,State,FCT,4802443,0.5,0
PACE-FLU-SEV,2025/2026,40,43,3,Deaths,State,FCT,4802443,0.75,1
PACE-FLU-SEV,2025/2026,40,43,3,Deaths,State,FCT,4802443,0.9,2
PACE-FLU-SEV,2025/2026,40,43,3,Deaths,State,FCT,4802443,0.95,2
PACE-FLU-SEV,2025/2026,40,43,3,Deaths,State,Gombe,4623462,0.05,0
PACE-FLU-SEV,2025/2026,40,43,3,Deaths,State,Gombe,4623462,0.1,0
PACE-FLU-SEV,2025/2026,40,43,3,Deaths,State,Gombe,4623462,0.25,0
PACE-FLU-SEV,2025/2026,40,43,3,Deaths,State,Gombe,4623462,0.5,1
PACE-FLU-SEV,2025/2026,40,43,3,Deaths,State,Gombe,4623462,0.75,2
PACE-FLU-SEV,2025/2026,40,43,3,Deaths,State,Gombe,4623462,0.9,3
PACE-FLU-SEV,2025/2026,40,43,3,Deaths,State,Gombe,4623462,0.95,4
PACE-FLU-SEV,2025/2026,40,43,3,Deaths,State,Imo,6067722,0.05,0
PACE-FLU-SEV,2025/2026,40,43,3,Deaths,State,Imo,6067722,0.1,0
PACE-FLU-SEV,2025/2026,40,43,3,Deaths,State,Imo,6067722,0.25,0
PACE-FLU-SEV,2025/2026,40,43,3,Deaths,State,Imo,6067722,0.5,1
PACE-FLU-SEV,2025/2026,40,43,3,Deaths,State,Imo,6067722,0.75,1
PACE-FLU-SEV,2025/2026,40,43,3,Deaths,State,Imo,6067722,0.9,2
PACE-FLU-SEV,2025/2026,40,43,3,Deaths,State,Imo,6067722,0.95,3
PACE-FLU-SEV,2025/2026,40,43,3,Deaths,State,Jigawa,6979080,0.05,0
PACE-FLU-SEV,2025/2026,40,43,3,Deaths,State,Jigawa,6979080,0.1,0
PACE-FLU-SEV,2025/2026,40,43,3,Deaths,State,Jigawa,6979080,0.25,1
PACE-FLU-SEV,2025/2026,40,43,3,Deaths,State,Jigawa,6979080,0.5,2
PACE-FLU-SEV,2025/2026,40,43,3,Deaths,State,Jigawa,6979080,0.75,3
PACE-FLU-SEV,2025/2026,40,43,3,Deaths,State,Jigawa,6979080,0.9,5
PACE-FLU-SEV,2025/2026,40,43,3,Deaths,State,Jigawa,6979080,0.95,6
PACE-FLU-SEV,2025/2026,40,43,3,Deaths,State,Kaduna,8324285,0.05,0
PACE-FLU-SEV,2025/2026,40,43,3,Deaths,State,Kaduna,8324285,0.1,0
PACE-FLU-SEV,2025/2026,40,43,3,Deaths,State,Kaduna,8324285,0.25,1
PACE-FLU-SEV,2025/2026,40,43,3,Deaths,State,Kaduna,8324285,0.5,1
PACE-FLU-SEV,2025/2026,40,43,3,Deaths,State,Kaduna,8324285,0.75,3
PACE-FLU-SEV,2025/2026,40,43,3,Deaths,State,Kaduna,8324285,0.9,4
PACE-FLU-SEV,2025/2026,40,43,3,Deaths,State,Kaduna,8324285,0.95,5
PACE-FLU-SEV,2025/2026,40,43,3,Deaths,State,Kano,16253549,0.05,0
PACE-FLU-SEV,2025/2026,40,43,3,Deaths,State,Kano,16253549,0.1,1
PACE-FLU-SEV,2025/2026,40,43,3,Deaths,State,Kano,16253549,0.25,2
PACE-FLU-SEV,2025/2026,40,43,3,Deaths,State,Kano,16253549,0.5,4
PACE-FLU-SEV,2025/2026,40,43,3,Deaths,State,Kano,16253549,0.75,6
PACE-FLU-SEV,2025/2026,40,43,3,Deaths,State,Kano,16253549,0.9,9
PACE-FLU-SEV,2025/2026,40,43,3,Deaths,State,Kano,16253549,0.95,12
PACE-FLU-SEV,2025/2026,40,43,3,Deaths,State,Katsina,9300382,0.05,0
PACE-FLU-SEV,2025/2026,40,43,3,Deaths,State,Katsina,9300382,0.1,0
PACE-FLU-SEV,2025/2026,40,43,3,Deaths,State,Katsina,9300382,0.25,1
PACE-FLU-SEV,2025/2026,40,43,3,Deaths,State,Katsina,9300382,0.5,2
PACE-FLU-SEV,2025/2026,40,43,3,Deaths,State,Katsina,9300382,0.75,3
PACE-FLU-SEV,2025/2026,40,43,3,Deaths,State,Katsina,9300382,0.9,5
PACE-FLU-SEV,2025/2026,40,43,3,Deaths,State,Katsina,9300382,0.95,7
PACE-FLU-SEV,2025/2026,40,43,3,Deaths,State,Kebbi,6001610,0.05,0
PACE-FLU-SEV,2025/2026,40,43,3,Deaths,State,Kebbi,6001610,0.1,0
PACE-FLU-SEV,2025/2026,40,43,3,Deaths,State,Kebbi,6001610,0.25,0
PACE-FLU-SEV,2025/2026,40,43,3,Deaths,State,Kebbi,6001610,0.5,1
PACE-FLU-SEV,2025/2026,40,43,3,Deaths,State,Kebbi,6001610,0.75,3
PACE-FLU-SEV,2025/2026,40,43,3,Deaths,State,Kebbi,6001610,0.9,4
PACE-FLU-SEV,2025/2026,40,43,3,Deaths,State,Kebbi,6001610,0.95,5
PACE-FLU-SEV,2025/2026,40,43,3,Deaths,State,Kogi,5053734,0.05,0
PACE-FLU-SEV,2025/2026,40,43,3,Deaths,State,Kogi,5053734,0.1,0
PACE-FLU-SEV,2025/2026,40,43,3,Deaths,State,Kogi,5053734,0.25,0
PACE-FLU-SEV,2025/2026,40,43,3,Deaths,State,Kogi,5053734,0.5,1
PACE-FLU-SEV,2025/2026,40,43,3,Deaths,State,Kogi,5053734,0.75,2
PACE-FLU-SEV,2025/2026,40,43,3,Deaths,State,Kogi,5053734,0.9,3
PACE-FLU-SEV,2025/2026,40,43,3,Deaths,State,Kogi,5053734,0.95,3
PACE-FLU-SEV,2025/2026,40,43,3,Deaths,State,Kwara,4259613,0.05,0
PACE-FLU-SEV,2025/2026,40,43,3,Deaths,State,Kwara,4259613,0.1,0
PACE-FLU-SEV,2025/2026,40,43,3,Deaths,State,Kwara,4259613,0.25,0
PACE-FLU-SEV,2025/2026,40,43,3,Deaths,State,Kwara,4259613,0.5,0
PACE-FLU-SEV,2025/2026,40,43,3,Deaths,State,Kwara,4259613,0.75,1
PACE-FLU-SEV,2025/2026,40,43,3,Deaths,State,Kwara,4259613,0.9,2
PACE-FLU-SEV,2025/2026,40,43,3,Deaths,State,Kwara,4259613,0.95,3
PACE-FLU-SEV,2025/2026,40,43,3,Deaths,State,Lagos,15772884,0.05,0
PACE-FLU-SEV,2025/2026,40,43,3,Deaths,State,Lagos,15772884,0.1,0
PACE-FLU-SEV,2025/2026,40,43,3,Deaths,State,Lagos,15772884,0.25,0
PACE-FLU-SEV,2025/2026,40,43,3,Deaths,State,Lagos,15772884,0.5,1
PACE-FLU-SEV,2025/2026,40,43,3,Deaths,State,Lagos,15772884,0.75,2
PACE-FLU-SEV,2025/2026,40,43,3,Deaths,State,Lagos,15772884,0.9,4
PACE-FLU-SEV,2025/2026,40,43,3,Deaths,State,Lagos,15772884,0.95,5
PACE-FLU-SEV,2025/2026,40,43,3,Deaths,State,Nasarawa,3632239,0.05,0
PACE-FLU-SEV,2025/2026,40,43,3,Deaths,State,Nasarawa,3632239,0.1,0
PACE-FLU-SEV,2025/2026,40,43,3,Deaths,State,Nasarawa,3632239,0.25,0
PACE-FLU-SEV,2025/2026,40,43,3,Deaths,State,Nasarawa,3632239,0.5,0
PACE-FLU-SEV,2025/2026,40,43,3,Deaths,State,Nasarawa,3632239,0.75,1
PACE-FLU-SEV,2025/2026,40,43,3,Deaths,State,Nasarawa,3632239,0.9,2
PACE-FLU-SEV,2025/2026,40,43,3,Deaths,State,Nasarawa,3632239,0.95,3
PACE-FLU-SEV,2025/2026,40,43,3,Deaths,State,Niger,6720617,0.05,0
PACE-FLU-SEV,2025/2026,40,43,3,Deaths,State,Niger,6720617,0.1,0
PACE-FLU-SEV,2025/2026,40,43,3,Deaths,State,Niger,6720617,0.25,0
PACE-FLU-SEV,2025/2026,40,43,3,Deaths,State,Niger,6720617,0.5,1
PACE-FLU-SEV,2025/2026,40,43,3,Deaths,State,Niger,6720617,0.75,2
PACE-FLU-SEV,2025/2026,40,43,3,Deaths,State,Niger,6720617,0.9,3
PACE-FLU-SEV,2025/2026,40,43,3,Deaths,State,Niger,6720617,0.95,4
PACE-FLU-SEV,2025/2026,40,43,3,Deaths,State,Ogun,6445275,0.05,0
PACE-FLU-SEV,2025/2026,40,43,3,Deaths,State,Ogun,6445275,0.1,0
PACE-FLU-SEV,2025/2026,40,43,3,Deaths,State,Ogun,6445275,0.25,0
PACE-FLU-SEV,2025/2026,40,43,3,Deaths,State,Ogun,6445275,0.5,1
PACE-FLU-SEV,2025/2026,40,43,3,Deaths,State,Ogun,6445275,0.75,1
PACE-FLU-SEV,2025/2026,40,43,3,Deaths,State,Ogun,6445275,0.9,2
PACE-FLU-SEV,2025/2026,40,43,3,Deaths,State,Ogun,6445275,0.95,3
PACE-FLU-SEV,2025/2026,40,43,3,Deaths,State,Ondo,5469707,0.05,0
PACE-FLU-SEV,2025/2026,40,43,3,Deaths,State,Ondo,5469707,0.1,0
PACE-FLU-SEV,2025/2026,40,43,3,Deaths,State,Ondo,5469707,0.25,0
PACE-FLU-SEV,2025/2026,40,43,3,Deaths,State,Ondo,5469707,0.5,0
PACE-FLU-SEV,2025/2026,40,43,3,Deaths,State,Ondo,5469707,0.75,1
PACE-FLU-SEV,2025/2026,40,43,3,Deaths,State,Ondo,5469707,0.9,2
PACE-FLU-SEV,2025/2026,40,43,3,Deaths,State,Ondo,5469707,0.95,3
PACE-FLU-SEV,2025/2026,40,43,3,Deaths,State,Osun,4237396,0.05,0
PACE-FLU-SEV,2025/2026,40,43,3,Deaths,State,Osun,4237396,0.1,0
PACE-FLU-SEV,2025/2026,40,43,3,Deaths,State,Osun,4237396,0.25,0
PACE-FLU-SEV,2025/2026,40,43,3,Deaths,State,Osun,4237396,0.5,0
PACE-FLU-SEV,2025/2026,40,43,3,Deaths,State,Osun,4237396,0.75,1
PACE-FLU-SEV,2025/2026,40,43,3,Deaths,State,Osun,4237396,0.9,2
PACE-FLU-SEV,2025/2026,40,43,3,Deaths,State,Osun,4237396,0.95,3
PACE-FLU-SEV,2025/2026,40,43,3,Deaths,State,Oyo,7512855,0.05,0
PACE-FLU-SEV,2025/2026,40,43,3,Deaths,State,Oyo,7512855,0.1,0
PACE-FLU-SEV,2025/2026,40,43,3,Deaths,State,Oyo,7512855,0.25,0
PACE-FLU-SEV,2025/2026,40,43,3,Deaths,State,Oyo,7512855,0.5,1
PACE-FLU-SEV,2025/2026,40,43,3,Deaths,State,Oyo,7512855,0.75,2
PACE-FLU-SEV,2025/2026,40,43,3,Deaths,State,Oyo,7512855,0.9,3
PACE-FLU-SEV,2025/2026,40,43,3,Deaths,State,Oyo,7512855,0.95,3.650000000000091
PACE-FLU-SEV,2025/2026,40,43,3,Deaths,State,Plateau,5400974,0.05,0
PACE-FLU-SEV,2025/2026,40,43,3,Deaths,State,Plateau,5400974,0.1,0
PACE-FLU-SEV,2025/2026,40,43,3,Deaths,State,Plateau,5400974,0.25,0
PACE-FLU-SEV,2025/2026,40,43,3,Deaths,State,Plateau,5400974,0.5,1
PACE-FLU-SEV,2025/2026,40,43,3,Deaths,State,Plateau,5400974,0.75,2
PACE-FLU-SEV,2025/2026,40,43,3,Deaths,State,Plateau,5400974,0.9,3
PACE-FLU-SEV,2025/2026,40,43,3,Deaths,State,Plateau,5400974,0.95,4
PACE-FLU-SEV,2025/2026,40,43,3,Deaths,State,Rivers,7234973,0.05,0
PACE-FLU-SEV,2025/2026,40,43,3,Deaths,State,Rivers,7234973,0.1,0
PACE-FLU-SEV,2025/2026,40,43,3,Deaths,State,Rivers,7234973,0.25,0
PACE-FLU-SEV,2025/2026,40,43,3,Deaths,State,Rivers,7234973,0.5,1
PACE-FLU-SEV,2025/2026,40,43,3,Deaths,State,Rivers,7234973,0.75,2
PACE-FLU-SEV,2025/2026,40,43,3,Deaths,State,Rivers,7234973,0.9,3
PACE-FLU-SEV,2025/2026,40,43,3,Deaths,State,Rivers,7234973,0.95,3
PACE-FLU-SEV,2025/2026,40,43,3,Deaths,State,Sokoto,6163187,0.05,0
PACE-FLU-SEV,2025/2026,40,43,3,Deaths,State,Sokoto,6163187,0.1,0
PACE-FLU-SEV,2025/2026,40,43,3,Deaths,State,Sokoto,6163187,0.25,0
PACE-FLU-SEV,2025/2026,40,43,3,Deaths,State,Sokoto,6163187,0.5,1
PACE-FLU-SEV,2025/2026,40,43,3,Deaths,State,Sokoto,6163187,0.75,3
PACE-FLU-SEV,2025/2026,40,43,3,Deaths,State,Sokoto,6163187,0.9,4
PACE-FLU-SEV,2025/2026,40,43,3,Deaths,State,Sokoto,6163187,0.95,5
PACE-FLU-SEV,2025/2026,40,43,3,Deaths,State,Taraba,4331885,0.05,0
PACE-FLU-SEV,2025/2026,40,43,3,Deaths,State,Taraba,4331885,0.1,0
PACE-FLU-SEV,2025/2026,40,43,3,Deaths,State,Taraba,4331885,0.25,0
PACE-FLU-SEV,2025/2026,40,43,3,Deaths,State,Taraba,4331885,0.5,1
PACE-FLU-SEV,2025/2026,40,43,3,Deaths,State,Taraba,4331885,0.75,2
PACE-FLU-SEV,2025/2026,40,43,3,Deaths,State,Taraba,4331885,0.9,3
PACE-FLU-SEV,2025/2026,40,43,3,Deaths,State,Taraba,4331885,0.95,3
PACE-FLU-SEV,2025/2026,40,43,3,Deaths,State,Yobe,4350401,0.05,0
PACE-FLU-SEV,2025/2026,40,43,3,Deaths,State,Yobe,4350401,0.1,0
PACE-FLU-SEV,2025/2026,40,43,3,Deaths,State,Yobe,4350401,0.25,0
PACE-FLU-SEV,2025/2026,40,43,3,Deaths,State,Yobe,4350401,0.5,1
PACE-FLU-SEV,2025/2026,40,43,3,Deaths,State,Yobe,4350401,0.75,2
PACE-FLU-SEV,2025/2026,40,43,3,Deaths,State,Yobe,4350401,0.9,3.6333333333334394
PACE-FLU-SEV,2025/2026,40,43,3,Deaths,State,Yobe,4350401,0.95,4
PACE-FLU-SEV,2025/2026,40,43,3,Deaths,State,Zamfara,5517793,0.05,0
PACE-FLU-SEV,2025/2026,40,43,3,Deaths,State,Zamfara,5517793,0.1,0
PACE-FLU-SEV,2025/2026,40,43,3,Deaths,State,Zamfara,5517793,0.25,0
PACE-FLU-SEV,2025/2026,40,43,3,Deaths,State,Zamfara,5517793,0.5,1
PACE-FLU-SEV,2025/2026,40,43,3,Deaths,State,Zamfara,5517793,0.75,2
PACE-FLU-SEV,2025/2026,40,43,3,Deaths,State,Zamfara,5517793,0.9,4
PACE-FLU-SEV,2025/2026,40,43,3,Deaths,State,Zamfara,5517793,0.95,5
PACE-FLU-SEV,2025/2026,40,43,3,Deaths,Zone,NC,36557326,0.05,2
PACE-FLU-SEV,2025/2026,40,43,3,Deaths,Zone,NC,36557326,0.1,3
PACE-FLU-SEV,2025/2026,40,43,3,Deaths,Zone,NC,36557326,0.25,4
PACE-FLU-SEV,2025/2026,40,43,3,Deaths,Zone,NC,36557326,0.5,6
PACE-FLU-SEV,2025/2026,40,43,3,Deaths,Zone,NC,36557326,0.75,9
PACE-FLU-SEV,2025/2026,40,43,3,Deaths,Zone,NC,36557326,0.9,11
PACE-FLU-SEV,2025/2026,40,43,3,Deaths,Zone,NC,36557326,0.95,13
PACE-FLU-SEV,2025/2026,40,43,3,Deaths,Zone,NE,32734949,0.05,3
PACE-FLU-SEV,2025/2026,40,43,3,Deaths,Zone,NE,32734949,0.1,4
PACE-FLU-SEV,2025/2026,40,43,3,Deaths,Zone,NE,32734949,0.25,6
PACE-FLU-SEV,2025/2026,40,43,3,Deaths,Zone,NE,32734949,0.5,9
PACE-FLU-SEV,2025/2026,40,43,3,Deaths,Zone,NE,32734949,0.75,11
PACE-FLU-SEV,2025/2026,40,43,3,Deaths,Zone,NE,32734949,0.9,14
PACE-FLU-SEV,2025/2026,40,43,3,Deaths,Zone,NE,32734949,0.95,17
PACE-FLU-SEV,2025/2026,40,43,3,Deaths,Zone,NW,58539886,0.05,7
PACE-FLU-SEV,2025/2026,40,43,3,Deaths,Zone,NW,58539886,0.1,8
PACE-FLU-SEV,2025/2026,40,43,3,Deaths,Zone,NW,58539886,0.25,11
PACE-FLU-SEV,2025/2026,40,43,3,Deaths,Zone,NW,58539886,0.5,15
PACE-FLU-SEV,2025/2026,40,43,3,Deaths,Zone,NW,58539886,0.75,20
PACE-FLU-SEV,2025/2026,40,43,3,Deaths,Zone,NW,58539886,0.9,24
PACE-FLU-SEV,2025/2026,40,43,3,Deaths,Zone,NW,58539886,0.95,27
PACE-FLU-SEV,2025/2026,40,43,3,Deaths,Zone,SE,27612828,0.05,1
PACE-FLU-SEV,2025/2026,40,43,3,Deaths,Zone,SE,27612828,0.1,1
PACE-FLU-SEV,2025/2026,40,43,3,Deaths,Zone,SE,27612828,0.25,2
PACE-FLU-SEV,2025/2026,40,43,3,Deaths,Zone,SE,27612828,0.5,4
PACE-FLU-SEV,2025/2026,40,43,3,Deaths,Zone,SE,27612828,0.75,6
PACE-FLU-SEV,2025/2026,40,43,3,Deaths,Zone,SE,27612828,0.9,8
PACE-FLU-SEV,2025/2026,40,43,3,Deaths,Zone,SE,27612828,0.95,9
PACE-FLU-SEV,2025/2026,40,43,3,Deaths,Zone,SS,31220652,0.05,1
PACE-FLU-SEV,2025/2026,40,43,3,Deaths,Zone,SS,31220652,0.1,2
PACE-FLU-SEV,2025/2026,40,43,3,Deaths,Zone,SS,31220652,0.25,3
PACE-FLU-SEV,2025/2026,40,43,3,Deaths,Zone,SS,31220652,0.5,5
PACE-FLU-SEV,2025/2026,40,43,3,Deaths,Zone,SS,31220652,0.75,7
PACE-FLU-SEV,2025/2026,40,43,3,Deaths,Zone,SS,31220652,0.9,9
PACE-FLU-SEV,2025/2026,40,43,3,Deaths,Zone,SS,31220652,0.95,10
PACE-FLU-SEV,2025/2026,40,43,3,Deaths,Zone,SW,42836294,0.05,1
PACE-FLU-SEV,2025/2026,40,43,3,Deaths,Zone,SW,42836294,0.1,2
PACE-FLU-SEV,2025/2026,40,43,3,Deaths,Zone,SW,42836294,0.25,3
PACE-FLU-SEV,2025/2026,40,43,3,Deaths,Zone,SW,42836294,0.5,5
PACE-FLU-SEV,2025/2026,40,43,3,Deaths,Zone,SW,42836294,0.75,8
PACE-FLU-SEV,2025/2026,40,43,3,Deaths,Zone,SW,42836294,0.9,10
PACE-FLU-SEV,2025/2026,40,43,3,Deaths,Zone,SW,42836294,0.95,11
PACE-FLU-SEV,2025/2026,40,44,4,Deaths,Macro,North,127832161,0.05,19
PACE-FLU-SEV,2025/2026,40,44,4,Deaths,Macro,North,127832161,0.1,21
PACE-FLU-SEV,2025/2026,40,44,4,Deaths,Macro,North,127832161,0.25,26
PACE-FLU-SEV,2025/2026,40,44,4,Deaths,Macro,North,127832161,0.5,31.500000000000114
PACE-FLU-SEV,2025/2026,40,44,4,Deaths,Macro,North,127832161,0.75,38
PACE-FLU-SEV,2025/2026,40,44,4,Deaths,Macro,North,127832161,0.9,45
PACE-FLU-SEV,2025/2026,40,44,4,Deaths,Macro,North,127832161,0.95,49
PACE-FLU-SEV,2025/2026,40,44,4,Deaths,Macro,South,101669774,0.05,8
PACE-FLU-SEV,2025/2026,40,44,4,Deaths,Macro,South,101669774,0.1,9
PACE-FLU-SEV,2025/2026,40,44,4,Deaths,Macro,South,101669774,0.25,12
PACE-FLU-SEV,2025/2026,40,44,4,Deaths,Macro,South,101669774,0.5,16
PACE-FLU-SEV,2025/2026,40,44,4,Deaths,Macro,South,101669774,0.75,21
PACE-FLU-SEV,2025/2026,40,44,4,Deaths,Macro,South,101669774,0.9,25
PACE-FLU-SEV,2025/2026,40,44,4,Deaths,Macro,South,101669774,0.95,28
PACE-FLU-SEV,2025/2026,40,44,4,Deaths,National,Nigeria,229501935,0.05,31
PACE-FLU-SEV,2025/2026,40,44,4,Deaths,National,Nigeria,229501935,0.1,34
PACE-FLU-SEV,2025/2026,40,44,4,Deaths,National,Nigeria,229501935,0.25,40
PACE-FLU-SEV,2025/2026,40,44,4,Deaths,National,Nigeria,229501935,0.5,48
PACE-FLU-SEV,2025/2026,40,44,4,Deaths,National,Nigeria,229501935,0.75,57
PACE-FLU-SEV,2025/2026,40,44,4,Deaths,National,Nigeria,229501935,0.9,65
PACE-FLU-SEV,2025/2026,40,44,4,Deaths,National,Nigeria,229501935,0.95,71
PACE-FLU-SEV,2025/2026,40,44,4,Deaths,State,Abia,4841943,0.05,0
PACE-FLU-SEV,2025/2026,40,44,4,Deaths,State,Abia,4841943,0.1,0
PACE-FLU-SEV,2025/2026,40,44,4,Deaths,State,Abia,4841943,0.25,0
PACE-FLU-SEV,2025/2026,40,44,4,Deaths,State,Abia,4841943,0.5,1
PACE-FLU-SEV,2025/2026,40,44,4,Deaths,State,Abia,4841943,0.75,1
PACE-FLU-SEV,2025/2026,40,44,4,Deaths,State,Abia,4841943,0.9,2
PACE-FLU-SEV,2025/2026,40,44,4,Deaths,State,Abia,4841943,0.95,3
PACE-FLU-SEV,2025/2026,40,44,4,Deaths,State,Adamawa,5236948,0.05,0
PACE-FLU-SEV,2025/2026,40,44,4,Deaths,State,Adamawa,5236948,0.1,0
PACE-FLU-SEV,2025/2026,40,44,4,Deaths,State,Adamawa,5236948,0.25,0
PACE-FLU-SEV,2025/2026,40,44,4,Deaths,State,Adamawa,5236948,0.5,1
PACE-FLU-SEV,2025/2026,40,44,4,Deaths,State,Adamawa,5236948,0.75,2
PACE-FLU-SEV,2025/2026,40,44,4,Deaths,State,Adamawa,5236948,0.9,3
PACE-FLU-SEV,2025/2026,40,44,4,Deaths,State,Adamawa,5236948,0.95,4
PACE-FLU-SEV,2025/2026,40,44,4,Deaths,State,Akwa Ibom,5780581,0.05,0
PACE-FLU-SEV,2025/2026,40,44,4,Deaths,State,Akwa Ibom,5780581,0.1,0
PACE-FLU-SEV,2025/2026,40,44,4,Deaths,State,Akwa Ibom,5780581,0.25,0
PACE-FLU-SEV,2025/2026,40,44,4,Deaths,State,Akwa Ibom,5780581,0.5,1
PACE-FLU-SEV,2025/2026,40,44,4,Deaths,State,Akwa Ibom,5780581,0.75,2
PACE-FLU-SEV,2025/2026,40,44,4,Deaths,State,Akwa Ibom,5780581,0.9,3
PACE-FLU-SEV,2025/2026,40,44,4,Deaths,State,Akwa Ibom,5780581,0.95,3
PACE-FLU-SEV,2025/2026,40,44,4,Deaths,State,Anambra,7299910,0.05,0
PACE-FLU-SEV,2025/2026,40,44,4,Deaths,State,Anambra,7299910,0.1,0
PACE-FLU-SEV,2025/2026,40,44,4,Deaths,State,Anambra,7299910,0.25,0
PACE-FLU-SEV,2025/2026,40,44,4,Deaths,State,Anambra,7299910,0.5,1
PACE-FLU-SEV,2025/2026,40,44,4,Deaths,State,Anambra,7299910,0.75,2
PACE-FLU-SEV,2025/2026,40,44,4,Deaths,State,Anambra,7299910,0.9,3
PACE-FLU-SEV,2025/2026,40,44,4,Deaths,State,Anambra,7299910,0.95,4
PACE-FLU-SEV,2025/2026,40,44,4,Deaths,State,Bauchi,7540663,0.05,0
PACE-FLU-SEV,2025/2026,40,44,4,Deaths,State,Bauchi,7540663,0.1,0
PACE-FLU-SEV,2025/2026,40,44,4,Deaths,State,Bauchi,7540663,0.25,1
PACE-FLU-SEV,2025/2026,40,44,4,Deaths,State,Bauchi,7540663,0.5,2
PACE-FLU-SEV,2025/2026,40,44,4,Deaths,State,Bauchi,7540663,0.75,3
PACE-FLU-SEV,2025/2026,40,44,4,Deaths,State,Bauchi,7540663,0.9,5
PACE-FLU-SEV,2025/2026,40,44,4,Deaths,State,Bauchi,7540663,0.95,7
PACE-FLU-SEV,2025/2026,40,44,4,Deaths,State,Bayelsa,2394725,0.05,0
PACE-FLU-SEV,2025/2026,40,44,4,Deaths,State,Bayelsa,2394725,0.1,0
PACE-FLU-SEV,2025/2026,40,44,4,Deaths,State,Bayelsa,2394725,0.25,0
PACE-FLU-SEV,2025/2026,40,44,4,Deaths,State,Bayelsa,2394725,0.5,0
PACE-FLU-SEV,2025/2026,40,44,4,Deaths,State,Bayelsa,2394725,0.75,1
PACE-FLU-SEV,2025/2026,40,44,4,Deaths,State,Bayelsa,2394725,0.9,2
PACE-FLU-SEV,2025/2026,40,44,4,Deaths,State,Bayelsa,2394725,0.95,2
PACE-FLU-SEV,2025/2026,40,44,4,Deaths,State,Benue,6687706,0.05,0
PACE-FLU-SEV,2025/2026,40,44,4,Deaths,State,Benue,6687706,0.1,0
PACE-FLU-SEV,2025/2026,40,44,4,Deaths,State,Benue,6687706,0.25,0
PACE-FLU-SEV,2025/2026,40,44,4,Deaths,State,Benue,6687706,0.5,1
PACE-FLU-SEV,2025/2026,40,44,4,Deaths,State,Benue,6687706,0.75,2
PACE-FLU-SEV,2025/2026,40,44,4,Deaths,State,Benue,6687706,0.9,4
PACE-FLU-SEV,2025/2026,40,44,4,Deaths,State,Benue,6687706,0.95,5
PACE-FLU-SEV,2025/2026,40,44,4,Deaths,State,Borno,6651590,0.05,0
PACE-FLU-SEV,2025/2026,40,44,4,Deaths,State,Borno,6651590,0.1,0
PACE-FLU-SEV,2025/2026,40,44,4,Deaths,State,Borno,6651590,0.25,1
PACE-FLU-SEV,2025/2026,40,44,4,Deaths,State,Borno,6651590,0.5,2
PACE-FLU-SEV,2025/2026,40,44,4,Deaths,State,Borno,6651590,0.75,3
PACE-FLU-SEV,2025/2026,40,44,4,Deaths,State,Borno,6651590,0.9,5
PACE-FLU-SEV,2025/2026,40,44,4,Deaths,State,Borno,6651590,0.95,6
PACE-FLU-SEV,2025/2026,40,44,4,Deaths,State,Cross River,4175020,0.05,0
PACE-FLU-SEV,2025/2026,40,44,4,Deaths,State,Cross River,4175020,0.1,0
PACE-FLU-SEV,2025/2026,40,44,4,Deaths,State,Cross River,4175020,0.25,0
PACE-FLU-SEV,2025/2026,40,44,4,Deaths,State,Cross River,4175020,0.5,1
PACE-FLU-SEV,2025/2026,40,44,4,Deaths,State,Cross River,4175020,0.75,1
PACE-FLU-SEV,2025/2026,40,44,4,Deaths,State,Cross River,4175020,0.9,2
PACE-FLU-SEV,2025/2026,40,44,4,Deaths,State,Cross River,4175020,0.95,3
PACE-FLU-SEV,2025/2026,40,44,4,Deaths,State,Delta,6107543,0.05,0
PACE-FLU-SEV,2025/2026,40,44,4,Deaths,State,Delta,6107543,0.1,0
PACE-FLU-SEV,2025/2026,40,44,4,Deaths,State,Delta,6107543,0.25,0
PACE-FLU-SEV,2025/2026,40,44,4,Deaths,State,Delta,6107543,0.5,1
PACE-FLU-SEV,2025/2026,40,44,4,Deaths,State,Delta,6107543,0.75,2
PACE-FLU-SEV,2025/2026,40,44,4,Deaths,State,Delta,6107543,0.9,3
PACE-FLU-SEV,2025/2026,40,44,4,Deaths,State,Delta,6107543,0.95,3
PACE-FLU-SEV,2025/2026,40,44,4,Deaths,State,Ebonyi,4007155,0.05,0
PACE-FLU-SEV,2025/2026,40,44,4,Deaths,State,Ebonyi,4007155,0.1,0
PACE-FLU-SEV,2025/2026,40,44,4,Deaths,State,Ebonyi,4007155,0.25,0
PACE-FLU-SEV,2025/2026,40,44,4,Deaths,State,Ebonyi,4007155,0.5,0
PACE-FLU-SEV,2025/2026,40,44,4,Deaths,State,Ebonyi,4007155,0.75,1
PACE-FLU-SEV,2025/2026,40,44,4,Deaths,State,Ebonyi,4007155,0.9,2
PACE-FLU-SEV,2025/2026,40,44,4,Deaths,State,Ebonyi,4007155,0.95,3
PACE-FLU-SEV,2025/2026,40,44,4,Deaths,State,Edo,5527810,0.05,0
PACE-FLU-SEV,2025/2026,40,44,4,Deaths,State,Edo,5527810,0.1,0
PACE-FLU-SEV,2025/2026,40,44,4,Deaths,State,Edo,5527810,0.25,0
PACE-FLU-SEV,2025/2026,40,44,4,Deaths,State,Edo,5527810,0.5,1
PACE-FLU-SEV,2025/2026,40,44,4,Deaths,State,Edo,5527810,0.75,1
PACE-FLU-SEV,2025/2026,40,44,4,Deaths,State,Edo,5527810,0.9,2
PACE-FLU-SEV,2025/2026,40,44,4,Deaths,State,Edo,5527810,0.95,3
PACE-FLU-SEV,2025/2026,40,44,4,Deaths,State,Ekiti,3398177,0.05,0
PACE-FLU-SEV,2025/2026,40,44,4,Deaths,State,Ekiti,3398177,0.1,0
PACE-FLU-SEV,2025/2026,40,44,4,Deaths,State,Ekiti,3398177,0.25,0
PACE-FLU-SEV,2025/2026,40,44,4,Deaths,State,Ekiti,3398177,0.5,0
PACE-FLU-SEV,2025/2026,40,44,4,Deaths,State,Ekiti,3398177,0.75,1
PACE-FLU-SEV,2025/2026,40,44,4,Deaths,State,Ekiti,3398177,0.9,2
PACE-FLU-SEV,2025/2026,40,44,4,Deaths,State,Ekiti,3398177,0.95,2
PACE-FLU-SEV,2025/2026,40,44,4,Deaths,State,Enugu,5396098,0.05,0
PACE-FLU-SEV,2025/2026,40,44,4,Deaths,State,Enugu,5396098,0.1,0
PACE-FLU-SEV,2025/2026,40,44,4,Deaths,State,Enugu,5396098,0.25,0
PACE-FLU-SEV,2025/2026,40,44,4,Deaths,State,Enugu,5396098,0.5,1
PACE-FLU-SEV,2025/2026,40,44,4,Deaths,State,Enugu,5396098,0.75,1
PACE-FLU-SEV,2025/2026,40,44,4,Deaths,State,Enugu,5396098,0.9,2
PACE-FLU-SEV,2025/2026,40,44,4,Deaths,State,Enugu,5396098,0.95,3
PACE-FLU-SEV,2025/2026,40,44,4,Deaths,State,FCT,4802443,0.05,0
PACE-FLU-SEV,2025/2026,40,44,4,Deaths,State,FCT,4802443,0.1,0
PACE-FLU-SEV,2025/2026,40,44,4,Deaths,State,FCT,4802443,0.25,0
PACE-FLU-SEV,2025/2026,40,44,4,Deaths,State,FCT,4802443,0.5,0
PACE-FLU-SEV,2025/2026,40,44,4,Deaths,State,FCT,4802443,0.75,1
PACE-FLU-SEV,2025/2026,40,44,4,Deaths,State,FCT,4802443,0.9,2
PACE-FLU-SEV,2025/2026,40,44,4,Deaths,State,FCT,4802443,0.95,3
PACE-FLU-SEV,2025/2026,40,44,4,Deaths,State,Gombe,4623462,0.05,0
PACE-FLU-SEV,2025/2026,40,44,4,Deaths,State,Gombe,4623462,0.1,0
PACE-FLU-SEV,2025/2026,40,44,4,Deaths,State,Gombe,4623462,0.25,0
PACE-FLU-SEV,2025/2026,40,44,4,Deaths,State,Gombe,4623462,0.5,1
PACE-FLU-SEV,2025/2026,40,44,4,Deaths,State,Gombe,4623462,0.75,2
PACE-FLU-SEV,2025/2026,40,44,4,Deaths,State,Gombe,4623462,0.9,3
PACE-FLU-SEV,2025/2026,40,44,4,Deaths,State,Gombe,4623462,0.95,4
PACE-FLU-SEV,2025/2026,40,44,4,Deaths,State,Imo,6067722,0.05,0
PACE-FLU-SEV,2025/2026,40,44,4,Deaths,State,Imo,6067722,0.1,0
PACE-FLU-SEV,2025/2026,40,44,4,Deaths,State,Imo,6067722,0.25,0
PACE-FLU-SEV,2025/2026,40,44,4,Deaths,State,Imo,6067722,0.5,1
PACE-FLU-SEV,2025/2026,40,44,4,Deaths,State,Imo,6067722,0.75,2
PACE-FLU-SEV,2025/2026,40,44,4,Deaths,State,Imo,6067722,0.9,3
PACE-FLU-SEV,2025/2026,40,44,4,Deaths,State,Imo,6067722,0.95,4
PACE-FLU-SEV,2025/2026,40,44,4,Deaths,State,Jigawa,6979080,0.05,0
PACE-FLU-SEV,2025/2026,40,44,4,Deaths,State,Jigawa,6979080,0.1,0
PACE-FLU-SEV,2025/2026,40,44,4,Deaths,State,Jigawa,6979080,0.25,1
PACE-FLU-SEV,2025/2026,40,44,4,Deaths,State,Jigawa,6979080,0.5,2
PACE-FLU-SEV,2025/2026,40,44,4,Deaths,State,Jigawa,6979080,0.75,3
PACE-FLU-SEV,2025/2026,40,44,4,Deaths,State,Jigawa,6979080,0.9,5
PACE-FLU-SEV,2025/2026,40,44,4,Deaths,State,Jigawa,6979080,0.95,6
PACE-FLU-SEV,2025/2026,40,44,4,Deaths,State,Kaduna,8324285,0.05,0
PACE-FLU-SEV,2025/2026,40,44,4,Deaths,State,Kaduna,8324285,0.1,0
PACE-FLU-SEV,2025/2026,40,44,4,Deaths,State,Kaduna,8324285,0.25,0
PACE-FLU-SEV,2025/2026,40,44,4,Deaths,State,Kaduna,8324285,0.5,1
PACE-FLU-SEV,2025/2026,40,44,4,Deaths,State,Kaduna,8324285,0.75,3
PACE-FLU-SEV,2025/2026,40,44,4,Deaths,State,Kaduna,8324285,0.9,4
PACE-FLU-SEV,2025/2026,40,44,4,Deaths,State,Kaduna,8324285,0.95,5
PACE-FLU-SEV,2025/2026,40,44,4,Deaths,State,Kano,16253549,0.05,0
PACE-FLU-SEV,2025/2026,40,44,4,Deaths,State,Kano,16253549,0.1,1
PACE-FLU-SEV,2025/2026,40,44,4,Deaths,State,Kano,16253549,0.25,2
PACE-FLU-SEV,2025/2026,40,44,4,Deaths,State,Kano,16253549,0.5,3
PACE-FLU-SEV,2025/2026,40,44,4,Deaths,State,Kano,16253549,0.75,5
PACE-FLU-SEV,2025/2026,40,44,4,Deaths,State,Kano,16253549,0.9,8
PACE-FLU-SEV,2025/2026,40,44,4,Deaths,State,Kano,16253549,0.95,10
PACE-FLU-SEV,2025/2026,40,44,4,Deaths,State,Katsina,9300382,0.05,0
PACE-FLU-SEV,2025/2026,40,44,4,Deaths,State,Katsina,9300382,0.1,0
PACE-FLU-SEV,2025/2026,40,44,4,Deaths,State,Katsina,9300382,0.25,1
PACE-FLU-SEV,2025/2026,40,44,4,Deaths,State,Katsina,9300382,0.5,2
PACE-FLU-SEV,2025/2026,40,44,4,Deaths,State,Katsina,9300382,0.75,3
PACE-FLU-SEV,2025/2026,40,44,4,Deaths,State,Katsina,9300382,0.9,5
PACE-FLU-SEV,2025/2026,40,44,4,Deaths,State,Katsina,9300382,0.95,7
PACE-FLU-SEV,2025/2026,40,44,4,Deaths,State,Kebbi,6001610,0.05,0
PACE-FLU-SEV,2025/2026,40,44,4,Deaths,State,Kebbi,6001610,0.1,0
PACE-FLU-SEV,2025/2026,40,44,4,Deaths,State,Kebbi,6001610,0.25,0
PACE-FLU-SEV,2025/2026,40,44,4,Deaths,State,Kebbi,6001610,0.5,1
PACE-FLU-SEV,2025/2026,40,44,4,Deaths,State,Kebbi,6001610,0.75,2
PACE-FLU-SEV,2025/2026,40,44,4,Deaths,State,Kebbi,6001610,0.9,4
PACE-FLU-SEV,2025/2026,40,44,4,Deaths,State,Kebbi,6001610,0.95,5
PACE-FLU-SEV,2025/2026,40,44,4,Deaths,State,Kogi,5053734,0.05,0
PACE-FLU-SEV,2025/2026,40,44,4,Deaths,State,Kogi,5053734,0.1,0
PACE-FLU-SEV,2025/2026,40,44,4,Deaths,State,Kogi,5053734,0.25,0
PACE-FLU-SEV,2025/2026,40,44,4,Deaths,State,Kogi,5053734,0.5,1
PACE-FLU-SEV,2025/2026,40,44,4,Deaths,State,Kogi,5053734,0.75,2
PACE-FLU-SEV,2025/2026,40,44,4,Deaths,State,Kogi,5053734,0.9,3
PACE-FLU-SEV,2025/2026,40,44,4,Deaths,State,Kogi,5053734,0.95,4
PACE-FLU-SEV,2025/2026,40,44,4,Deaths,State,Kwara,4259613,0.05,0
PACE-FLU-SEV,2025/2026,40,44,4,Deaths,State,Kwara,4259613,0.1,0
PACE-FLU-SEV,2025/2026,40,44,4,Deaths,State,Kwara,4259613,0.25,0
PACE-FLU-SEV,2025/2026,40,44,4,Deaths,State,Kwara,4259613,0.5,1
PACE-FLU-SEV,2025/2026,40,44,4,Deaths,State,Kwara,4259613,0.75,1
PACE-FLU-SEV,2025/2026,40,44,4,Deaths,State,Kwara,4259613,0.9,2
PACE-FLU-SEV,2025/2026,40,44,4,Deaths,State,Kwara,4259613,0.95,3
PACE-FLU-SEV,2025/2026,40,44,4,Deaths,State,Lagos,15772884,0.05,0
PACE-FLU-SEV,2025/2026,40,44,4,Deaths,State,Lagos,15772884,0.1,0
PACE-FLU-SEV,2025/2026,40,44,4,Deaths,State,Lagos,15772884,0.25,0
PACE-FLU-SEV,2025/2026,40,44,4,Deaths,State,Lagos,15772884,0.5,1
PACE-FLU-SEV,2025/2026,40,44,4,Deaths,State,Lagos,15772884,0.75,2
PACE-FLU-SEV,2025/2026,40,44,4,Deaths,State,Lagos,15772884,0.9,4
PACE-FLU-SEV,2025/2026,40,44,4,Deaths,State,Lagos,15772884,0.95,5
PACE-FLU-SEV,2025/2026,40,44,4,Deaths,State,Nasarawa,3632239,0.05,0
PACE-FLU-SEV,2025/2026,40,44,4,Deaths,State,Nasarawa,3632239,0.1,0
PACE-FLU-SEV,2025/2026,40,44,4,Deaths,State,Nasarawa,3632239,0.25,0
PACE-FLU-SEV,2025/2026,40,44,4,Deaths,State,Nasarawa,3632239,0.5,0
PACE-FLU-SEV,2025/2026,40,44,4,Deaths,State,Nasarawa,3632239,0.75,1
PACE-FLU-SEV,2025/2026,40,44,4,Deaths,State,Nasarawa,3632239,0.9,2
PACE-FLU-SEV,2025/2026,40,44,4,Deaths,State,Nasarawa,3632239,0.95,3
PACE-FLU-SEV,2025/2026,40,44,4,Deaths,State,Niger,6720617,0.05,0
PACE-FLU-SEV,2025/2026,40,44,4,Deaths,State,Niger,6720617,0.1,0
PACE-FLU-SEV,2025/2026,40,44,4,Deaths,State,Niger,6720617,0.25,0
PACE-FLU-SEV,2025/2026,40,44,4,Deaths,State,Niger,6720617,0.5,1
PACE-FLU-SEV,2025/2026,40,44,4,Deaths,State,Niger,6720617,0.75,2
PACE-FLU-SEV,2025/2026,40,44,4,Deaths,State,Niger,6720617,0.9,4
PACE-FLU-SEV,2025/2026,40,44,4,Deaths,State,Niger,6720617,0.95,5
PACE-FLU-SEV,2025/2026,40,44,4,Deaths,State,Ogun,6445275,0.05,0
PACE-FLU-SEV,2025/2026,40,44,4,Deaths,State,Ogun,6445275,0.1,0
PACE-FLU-SEV,2025/2026,40,44,4,Deaths,State,Ogun,6445275,0.25,0
PACE-FLU-SEV,2025/2026,40,44,4,Deaths,State,Ogun,6445275,0.5,1
PACE-FLU-SEV,2025/2026,40,44,4,Deaths,State,Ogun,6445275,0.75,2
PACE-FLU-SEV,2025/2026,40,44,4,Deaths,State,Ogun,6445275,0.9,3
PACE-FLU-SEV,2025/2026,40,44,4,Deaths,State,Ogun,6445275,0.95,3
PACE-FLU-SEV,2025/2026,40,44,4,Deaths,State,Ondo,5469707,0.05,0
PACE-FLU-SEV,2025/2026,40,44,4,Deaths,State,Ondo,5469707,0.1,0
PACE-FLU-SEV,2025/2026,40,44,4,Deaths,State,Ondo,5469707,0.25,0
PACE-FLU-SEV,2025/2026,40,44,4,Deaths,State,Ondo,5469707,0.5,0
PACE-FLU-SEV,2025/2026,40,44,4,Deaths,State,Ondo,5469707,0.75,1
PACE-FLU-SEV,2025/2026,40,44,4,Deaths,State,Ondo,5469707,0.9,2
PACE-FLU-SEV,2025/2026,40,44,4,Deaths,State,Ondo,5469707,0.95,3
PACE-FLU-SEV,2025/2026,40,44,4,Deaths,State,Osun,4237396,0.05,0
PACE-FLU-SEV,2025/2026,40,44,4,Deaths,State,Osun,4237396,0.1,0
PACE-FLU-SEV,2025/2026,40,44,4,Deaths,State,Osun,4237396,0.25,0
PACE-FLU-SEV,2025/2026,40,44,4,Deaths,State,Osun,4237396,0.5,1
PACE-FLU-SEV,2025/2026,40,44,4,Deaths,State,Osun,4237396,0.75,1
PACE-FLU-SEV,2025/2026,40,44,4,Deaths,State,Osun,4237396,0.9,2
PACE-FLU-SEV,2025/2026,40,44,4,Deaths,State,Osun,4237396,0.95,3
PACE-FLU-SEV,2025/2026,40,44,4,Deaths,State,Oyo,7512855,0.05,0
PACE-FLU-SEV,2025/2026,40,44,4,Deaths,State,Oyo,7512855,0.1,0
PACE-FLU-SEV,2025/2026,40,44,4,Deaths,State,Oyo,7512855,0.25,0
PACE-FLU-SEV,2025/2026,40,44,4,Deaths,State,Oyo,7512855,0.5,1
PACE-FLU-SEV,2025/2026,40,44,4,Deaths,State,Oyo,7512855,0.75,2
PACE-FLU-SEV,2025/2026,40,44,4,Deaths,State,Oyo,7512855,0.9,3
PACE-FLU-SEV,2025/2026,40,44,4,Deaths,State,Oyo,7512855,0.95,4
PACE-FLU-SEV,2025/2026,40,44,4,Deaths,State,Plateau,5400974,0.05,0
PACE-FLU-SEV,2025/2026,40,44,4,Deaths,State,Plateau,5400974,0.1,0
PACE-FLU-SEV,2025/2026,40,44,4,Deaths,State,Plateau,5400974,0.25,0
PACE-FLU-SEV,2025/2026,40,44,4,Deaths,State,Plateau,5400974,0.5,1
PACE-FLU-SEV,2025/2026,40,44,4,Deaths,State,Plateau,5400974,0.75,2
PACE-FLU-SEV,2025/2026,40,44,4,Deaths,State,Plateau,5400974,0.9,3
PACE-FLU-SEV,2025/2026,40,44,4,Deaths,State,Plateau,5400974,0.95,4
PACE-FLU-SEV,2025/2026,40,44,4,Deaths,State,Rivers,7234973,0.05,0
PACE-FLU-SEV,2025/2026,40,44,4,Deaths,State,Rivers,7234973,0.1,0
PACE-FLU-SEV,2025/2026,40,44,4,Deaths,State,Rivers,7234973,0.25,0
PACE-FLU-SEV,2025/2026,40,44,4,Deaths,State,Rivers,7234973,0.5,1
PACE-FLU-SEV,2025/2026,40,44,4,Deaths,State,Rivers,7234973,0.75,2
PACE-FLU-SEV,2025/2026,40,44,4,Deaths,State,Rivers,7234973,0.9,3
PACE-FLU-SEV,2025/2026,40,44,4,Deaths,State,Rivers,7234973,0.95,4
PACE-FLU-SEV,2025/2026,40,44,4,Deaths,State,Sokoto,6163187,0.05,0
PACE-FLU-SEV,2025/2026,40,44,4,Deaths,State,Sokoto,6163187,0.1,0
PACE-FLU-SEV,2025/2026,40,44,4,Deaths,State,Sokoto,6163187,0.25,0
PACE-FLU-SEV,2025/2026,40,44,4,Deaths,State,Sokoto,6163187,0.5,1
PACE-FLU-SEV,2025/2026,40,44,4,Deaths,State,Sokoto,6163187,0.75,2
PACE-FLU-SEV,2025/2026,40,44,4,Deaths,State,Sokoto,6163187,0.9,4
PACE-FLU-SEV,2025/2026,40,44,4,Deaths,State,Sokoto,6163187,0.95,5
PACE-FLU-SEV,2025/2026,40,44,4,Deaths,State,Taraba,4331885,0.05,0
PACE-FLU-SEV,2025/2026,40,44,4,Deaths,State,Taraba,4331885,0.1,0
PACE-FLU-SEV,2025/2026,40,44,4,Deaths,State,Taraba,4331885,0.25,0
PACE-FLU-SEV,2025/2026,40,44,4,Deaths,State,Taraba,4331885,0.5,1
PACE-FLU-SEV,2025/2026,40,44,4,Deaths,State,Taraba,4331885,0.75,2
PACE-FLU-SEV,2025/2026,40,44,4,Deaths,State,Taraba,4331885,0.9,3
PACE-FLU-SEV,2025/2026,40,44,4,Deaths,State,Taraba,4331885,0.95,3
PACE-FLU-SEV,2025/2026,40,44,4,Deaths,State,Yobe,4350401,0.05,0
PACE-FLU-SEV,2025/2026,40,44,4,Deaths,State,Yobe,4350401,0.1,0
PACE-FLU-SEV,2025/2026,40,44,4,Deaths,State,Yobe,4350401,0.25,0
PACE-FLU-SEV,2025/2026,40,44,4,Deaths,State,Yobe,4350401,0.5,1
PACE-FLU-SEV,2025/2026,40,44,4,Deaths,State,Yobe,4350401,0.75,2
PACE-FLU-SEV,2025/2026,40,44,4,Deaths,State,Yobe,4350401,0.9,3
PACE-FLU-SEV,2025/2026,40,44,4,Deaths,State,Yobe,4350401,0.95,4
PACE-FLU-SEV,2025/2026,40,44,4,Deaths,State,Zamfara,5517793,0.05,0
PACE-FLU-SEV,2025/2026,40,44,4,Deaths,State,Zamfara,5517793,0.1,0
PACE-FLU-SEV,2025/2026,40,44,4,Deaths,State,Zamfara,5517793,0.25,0
PACE-FLU-SEV,2025/2026,40,44,4,Deaths,State,Zamfara,5517793,0.5,1
PACE-FLU-SEV,2025/2026,40,44,4,Deaths,State,Zamfara,5517793,0.75,2
PACE-FLU-SEV,2025/2026,40,44,4,Deaths,State,Zamfara,5517793,0.9,4
PACE-FLU-SEV,2025/2026,40,44,4,Deaths,State,Zamfara,5517793,0.95,5
PACE-FLU-SEV,2025/2026,40,44,4,Deaths,Zone,NC,36557326,0.05,3
PACE-FLU-SEV,2025/2026,40,44,4,Deaths,Zone,NC,36557326,0.1,3
PACE-FLU-SEV,2025/2026,40,44,4,Deaths,Zone,NC,36557326,0.25,5
PACE-FLU-SEV,2025/2026,40,44,4,Deaths,Zone,NC,36557326,0.5,7
PACE-FLU-SEV,2025/2026,40,44,4,Deaths,Zone,NC,36557326,0.75,10
PACE-FLU-SEV,2025/2026,40,44,4,Deaths,Zone,NC,36557326,0.9,13
PACE-FLU-SEV,2025/2026,40,44,4,Deaths,Zone,NC,36557326,0.95,15
PACE-FLU-SEV,2025/2026,40,44,4,Deaths,Zone,NE,32734949,0.05,3
PACE-FLU-SEV,2025/2026,40,44,4,Deaths,Zone,NE,32734949,0.1,4
PACE-FLU-SEV,2025/2026,40,44,4,Deaths,Zone,NE,32734949,0.25,6
PACE-FLU-SEV,2025/2026,40,44,4,Deaths,Zone,NE,32734949,0.5,9
PACE-FLU-SEV,2025/2026,40,44,4,Deaths,Zone,NE,32734949,0.75,12
PACE-FLU-SEV,2025/2026,40,44,4,Deaths,Zone,NE,32734949,0.9,15
PACE-FLU-SEV,2025/2026,40,44,4,Deaths,Zone,NE,32734949,0.95,17
PACE-FLU-SEV,2025/2026,40,44,4,Deaths,Zone,NW,58539886,0.05,6
PACE-FLU-SEV,2025/2026,40,44,4,Deaths,Zone,NW,58539886,0.1,8
PACE-FLU-SEV,2025/2026,40,44,4,Deaths,Zone,NW,58539886,0.25,11
PACE-FLU-SEV,2025/2026,40,44,4,Deaths,Zone,NW,58539886,0.5,14
PACE-FLU-SEV,2025/2026,40,44,4,Deaths,Zone,NW,58539886,0.75,19
PACE-FLU-SEV,2025/2026,40,44,4,Deaths,Zone,NW,58539886,0.9,24
PACE-FLU-SEV,2025/2026,40,44,4,Deaths,Zone,NW,58539886,0.95,27
PACE-FLU-SEV,2025/2026,40,44,4,Deaths,Zone,SE,27612828,0.05,1
PACE-FLU-SEV,2025/2026,40,44,4,Deaths,Zone,SE,27612828,0.1,1
PACE-FLU-SEV,2025/2026,40,44,4,Deaths,Zone,SE,27612828,0.25,3
PACE-FLU-SEV,2025/2026,40,44,4,Deaths,Zone,SE,27612828,0.5,4
PACE-FLU-SEV,2025/2026,40,44,4,Deaths,Zone,SE,27612828,0.75,6
PACE-FLU-SEV,2025/2026,40,44,4,Deaths,Zone,SE,27612828,0.9,9
PACE-FLU-SEV,2025/2026,40,44,4,Deaths,Zone,SE,27612828,0.95,10
PACE-FLU-SEV,2025/2026,40,44,4,Deaths,Zone,SS,31220652,0.05,1
PACE-FLU-SEV,2025/2026,40,44,4,Deaths,Zone,SS,31220652,0.1,2
PACE-FLU-SEV,2025/2026,40,44,4,Deaths,Zone,SS,31220652,0.25,4
PACE-FLU-SEV,2025/2026,40,44,4,Deaths,Zone,SS,31220652,0.5,5
PACE-FLU-SEV,2025/2026,40,44,4,Deaths,Zone,SS,31220652,0.75,7
PACE-FLU-SEV,2025/2026,40,44,4,Deaths,Zone,SS,31220652,0.9,10
PACE-FLU-SEV,2025/2026,40,44,4,Deaths,Zone,SS,31220652,0.95,11
PACE-FLU-SEV,2025/2026,40,44,4,Deaths,Zone,SW,42836294,0.05,2
PACE-FLU-SEV,2025/2026,40,44,4,Deaths,Zone,SW,42836294,0.1,2
PACE-FLU-SEV,2025/2026,40,44,4,Deaths,Zone,SW,42836294,0.25,4
PACE-FLU-SEV,2025/2026,40,44,4,Deaths,Zone,SW,42836294,0.5,6
PACE-FLU-SEV,2025/2026,40,44,4,Deaths,Zone,SW,42836294,0.75,8
PACE-FLU-SEV,2025/2026,40,44,4,Deaths,Zone,SW,42836294,0.9,11
PACE-FLU-SEV,2025/2026,40,44,4,Deaths,Zone,SW,42836294,0.95,12
PACE-FLU-SEV,2025/2026,40,45,5,Deaths,Macro,North,127832161,0.05,19
PACE-FLU-SEV,2025/2026,40,45,5,Deaths,Macro,North,127832161,0.1,22
PACE-FLU-SEV,2025/2026,40,45,5,Deaths,Macro,North,127832161,0.25,27
PACE-FLU-SEV,2025/2026,40,45,5,Deaths,Macro,North,127832161,0.5,34
PACE-FLU-SEV,2025/2026,40,45,5,Deaths,Macro,North,127832161,0.75,41
PACE-FLU-SEV,2025/2026,40,45,5,Deaths,Macro,North,127832161,0.9,49
PACE-FLU-SEV,2025/2026,40,45,5,Deaths,Macro,North,127832161,0.95,55
PACE-FLU-SEV,2025/2026,40,45,5,Deaths,Macro,South,101669774,0.05,8.350000000000009
PACE-FLU-SEV,2025/2026,40,45,5,Deaths,Macro,South,101669774,0.1,10
PACE-FLU-SEV,2025/2026,40,45,5,Deaths,Macro,South,101669774,0.25,13
PACE-FLU-SEV,2025/2026,40,45,5,Deaths,Macro,South,101669774,0.5,17
PACE-FLU-SEV,2025/2026,40,45,5,Deaths,Macro,South,101669774,0.75,22
PACE-FLU-SEV,2025/2026,40,45,5,Deaths,Macro,South,101669774,0.9,28
PACE-FLU-SEV,2025/2026,40,45,5,Deaths,Macro,South,101669774,0.95,32
PACE-FLU-SEV,2025/2026,40,45,5,Deaths,National,Nigeria,229501935,0.05,32
PACE-FLU-SEV,2025/2026,40,45,5,Deaths,National,Nigeria,229501935,0.1,35
PACE-FLU-SEV,2025/2026,40,45,5,Deaths,National,Nigeria,229501935,0.25,43
PACE-FLU-SEV,2025/2026,40,45,5,Deaths,National,Nigeria,229501935,0.5,52
PACE-FLU-SEV,2025/2026,40,45,5,Deaths,National,Nigeria,229501935,0.75,62
PACE-FLU-SEV,2025/2026,40,45,5,Deaths,National,Nigeria,229501935,0.9,72
PACE-FLU-SEV,2025/2026,40,45,5,Deaths,National,Nigeria,229501935,0.95,79
PACE-FLU-SEV,2025/2026,40,45,5,Deaths,State,Abia,4841943,0.05,0
PACE-FLU-SEV,2025/2026,40,45,5,Deaths,State,Abia,4841943,0.1,0
PACE-FLU-SEV,2025/2026,40,45,5,Deaths,State,Abia,4841943,0.25,0
PACE-FLU-SEV,2025/2026,40,45,5,Deaths,State,Abia,4841943,0.5,1
PACE-FLU-SEV,2025/2026,40,45,5,Deaths,State,Abia,4841943,0.75,1
PACE-FLU-SEV,2025/2026,40,45,5,Deaths,State,Abia,4841943,0.9,2
PACE-FLU-SEV,2025/2026,40,45,5,Deaths,State,Abia,4841943,0.95,3
PACE-FLU-SEV,2025/2026,40,45,5,Deaths,State,Adamawa,5236948,0.05,0
PACE-FLU-SEV,2025/2026,40,45,5,Deaths,State,Adamawa,5236948,0.1,0
PACE-FLU-SEV,2025/2026,40,45,5,Deaths,State,Adamawa,5236948,0.25,0
PACE-FLU-SEV,2025/2026,40,45,5,Deaths,State,Adamawa,5236948,0.5,1
PACE-FLU-SEV,2025/2026,40,45,5,Deaths,State,Adamawa,5236948,0.75,2
PACE-FLU-SEV,2025/2026,40,45,5,Deaths,State,Adamawa,5236948,0.9,4
PACE-FLU-SEV,2025/2026,40,45,5,Deaths,State,Adamawa,5236948,0.95,5
PACE-FLU-SEV,2025/2026,40,45,5,Deaths,State,Akwa Ibom,5780581,0.05,0
PACE-FLU-SEV,2025/2026,40,45,5,Deaths,State,Akwa Ibom,5780581,0.1,0
PACE-FLU-SEV,2025/2026,40,45,5,Deaths,State,Akwa Ibom,5780581,0.25,0
PACE-FLU-SEV,2025/2026,40,45,5,Deaths,State,Akwa Ibom,5780581,0.5,1
PACE-FLU-SEV,2025/2026,40,45,5,Deaths,State,Akwa Ibom,5780581,0.75,2
PACE-FLU-SEV,2025/2026,40,45,5,Deaths,State,Akwa Ibom,5780581,0.9,3
PACE-FLU-SEV,2025/2026,40,45,5,Deaths,State,Akwa Ibom,5780581,0.95,4
PACE-FLU-SEV,2025/2026,40,45,5,Deaths,State,Anambra,7299910,0.05,0
PACE-FLU-SEV,2025/2026,40,45,5,Deaths,State,Anambra,7299910,0.1,0
PACE-FLU-SEV,2025/2026,40,45,5,Deaths,State,Anambra,7299910,0.25,0
PACE-FLU-SEV,2025/2026,40,45,5,Deaths,State,Anambra,7299910,0.5,1
PACE-FLU-SEV,2025/2026,40,45,5,Deaths,State,Anambra,7299910,0.75,2
PACE-FLU-SEV,2025/2026,40,45,5,Deaths,State,Anambra,7299910,0.9,3
PACE-FLU-SEV,2025/2026,40,45,5,Deaths,State,Anambra,7299910,0.95,4
PACE-FLU-SEV,2025/2026,40,45,5,Deaths,State,Bauchi,7540663,0.05,0
PACE-FLU-SEV,2025/2026,40,45,5,Deaths,State,Bauchi,7540663,0.1,0
PACE-FLU-SEV,2025/2026,40,45,5,Deaths,State,Bauchi,7540663,0.25,1
PACE-FLU-SEV,2025/2026,40,45,5,Deaths,State,Bauchi,7540663,0.5,2
PACE-FLU-SEV,2025/2026,40,45,5,Deaths,State,Bauchi,7540663,0.75,3
PACE-FLU-SEV,2025/2026,40,45,5,Deaths,State,Bauchi,7540663,0.9,5
PACE-FLU-SEV,2025/2026,40,45,5,Deaths,State,Bauchi,7540663,0.95,7
PACE-FLU-SEV,2025/2026,40,45,5,Deaths,State,Bayelsa,2394725,0.05,0
PACE-FLU-SEV,2025/2026,40,45,5,Deaths,State,Bayelsa,2394725,0.1,0
PACE-FLU-SEV,2025/2026,40,45,5,Deaths,State,Bayelsa,2394725,0.25,0
PACE-FLU-SEV,2025/2026,40,45,5,Deaths,State,Bayelsa,2394725,0.5,0
PACE-FLU-SEV,2025/2026,40,45,5,Deaths,State,Bayelsa,2394725,0.75,1
PACE-FLU-SEV,2025/2026,40,45,5,Deaths,State,Bayelsa,2394725,0.9,2
PACE-FLU-SEV,2025/2026,40,45,5,Deaths,State,Bayelsa,2394725,0.95,2
PACE-FLU-SEV,2025/2026,40,45,5,Deaths,State,Benue,6687706,0.05,0
PACE-FLU-SEV,2025/2026,40,45,5,Deaths,State,Benue,6687706,0.1,0
PACE-FLU-SEV,2025/2026,40,45,5,Deaths,State,Benue,6687706,0.25,1
PACE-FLU-SEV,2025/2026,40,45,5,Deaths,State,Benue,6687706,0.5,1
PACE-FLU-SEV,2025/2026,40,45,5,Deaths,State,Benue,6687706,0.75,3
PACE-FLU-SEV,2025/2026,40,45,5,Deaths,State,Benue,6687706,0.9,4
PACE-FLU-SEV,2025/2026,40,45,5,Deaths,State,Benue,6687706,0.95,6
PACE-FLU-SEV,2025/2026,40,45,5,Deaths,State,Borno,6651590,0.05,0
PACE-FLU-SEV,2025/2026,40,45,5,Deaths,State,Borno,6651590,0.1,0
PACE-FLU-SEV,2025/2026,40,45,5,Deaths,State,Borno,6651590,0.25,1
PACE-FLU-SEV,2025/2026,40,45,5,Deaths,State,Borno,6651590,0.5,2
PACE-FLU-SEV,2025/2026,40,45,5,Deaths,State,Borno,6651590,0.75,3
PACE-FLU-SEV,2025/2026,40,45,5,Deaths,State,Borno,6651590,0.9,5
PACE-FLU-SEV,2025/2026,40,45,5,Deaths,State,Borno,6651590,0.95,6
PACE-FLU-SEV,2025/2026,40,45,5,Deaths,State,Cross River,4175020,0.05,0
PACE-FLU-SEV,2025/2026,40,45,5,Deaths,State,Cross River,4175020,0.1,0
PACE-FLU-SEV,2025/2026,40,45,5,Deaths,State,Cross River,4175020,0.25,0
PACE-FLU-SEV,2025/2026,40,45,5,Deaths,State,Cross River,4175020,0.5,1
PACE-FLU-SEV,2025/2026,40,45,5,Deaths,State,Cross River,4175020,0.75,1
PACE-FLU-SEV,2025/2026,40,45,5,Deaths,State,Cross River,4175020,0.9,2
PACE-FLU-SEV,2025/2026,40,45,5,Deaths,State,Cross River,4175020,0.95,3
PACE-FLU-SEV,2025/2026,40,45,5,Deaths,State,Delta,6107543,0.05,0
PACE-FLU-SEV,2025/2026,40,45,5,Deaths,State,Delta,6107543,0.1,0
PACE-FLU-SEV,2025/2026,40,45,5,Deaths,State,Delta,6107543,0.25,0
PACE-FLU-SEV,2025/2026,40,45,5,Deaths,State,Delta,6107543,0.5,1
PACE-FLU-SEV,2025/2026,40,45,5,Deaths,State,Delta,6107543,0.75,2
PACE-FLU-SEV,2025/2026,40,45,5,Deaths,State,Delta,6107543,0.9,3
PACE-FLU-SEV,2025/2026,40,45,5,Deaths,State,Delta,6107543,0.95,4
PACE-FLU-SEV,2025/2026,40,45,5,Deaths,State,Ebonyi,4007155,0.05,0
PACE-FLU-SEV,2025/2026,40,45,5,Deaths,State,Ebonyi,4007155,0.1,0
PACE-FLU-SEV,2025/2026,40,45,5,Deaths,State,Ebonyi,4007155,0.25,0
PACE-FLU-SEV,2025/2026,40,45,5,Deaths,State,Ebonyi,4007155,0.5,0
PACE-FLU-SEV,2025/2026,40,45,5,Deaths,State,Ebonyi,4007155,0.75,1
PACE-FLU-SEV,2025/2026,40,45,5,Deaths,State,Ebonyi,4007155,0.9,2
PACE-FLU-SEV,2025/2026,40,45,5,Deaths,State,Ebonyi,4007155,0.95,3
PACE-FLU-SEV,2025/2026,40,45,5,Deaths,State,Edo,5527810,0.05,0
PACE-FLU-SEV,2025/2026,40,45,5,Deaths,State,Edo,5527810,0.1,0
PACE-FLU-SEV,2025/2026,40,45,5,Deaths,State,Edo,5527810,0.25,0
PACE-FLU-SEV,2025/2026,40,45,5,Deaths,State,Edo,5527810,0.5,1
PACE-FLU-SEV,2025/2026,40,45,5,Deaths,State,Edo,5527810,0.75,1
PACE-FLU-SEV,2025/2026,40,45,5,Deaths,State,Edo,5527810,0.9,2
PACE-FLU-SEV,2025/2026,40,45,5,Deaths,State,Edo,5527810,0.95,3
PACE-FLU-SEV,2025/2026,40,45,5,Deaths,State,Ekiti,3398177,0.05,0
PACE-FLU-SEV,2025/2026,40,45,5,Deaths,State,Ekiti,3398177,0.1,0
PACE-FLU-SEV,2025/2026,40,45,5,Deaths,State,Ekiti,3398177,0.25,0
PACE-FLU-SEV,2025/2026,40,45,5,Deaths,State,Ekiti,3398177,0.5,0
PACE-FLU-SEV,2025/2026,40,45,5,Deaths,State,Ekiti,3398177,0.75,1
PACE-FLU-SEV,2025/2026,40,45,5,Deaths,State,Ekiti,3398177,0.9,2
PACE-FLU-SEV,2025/2026,40,45,5,Deaths,State,Ekiti,3398177,0.95,2
PACE-FLU-SEV,2025/2026,40,45,5,Deaths,State,Enugu,5396098,0.05,0
PACE-FLU-SEV,2025/2026,40,45,5,Deaths,State,Enugu,5396098,0.1,0
PACE-FLU-SEV,2025/2026,40,45,5,Deaths,State,Enugu,5396098,0.25,0
PACE-FLU-SEV,2025/2026,40,45,5,Deaths,State,Enugu,5396098,0.5,1
PACE-FLU-SEV,2025/2026,40,45,5,Deaths,State,Enugu,5396098,0.75,1
PACE-FLU-SEV,2025/2026,40,45,5,Deaths,State,Enugu,5396098,0.9,2
PACE-FLU-SEV,2025/2026,40,45,5,Deaths,State,Enugu,5396098,0.95,3
PACE-FLU-SEV,2025/2026,40,45,5,Deaths,State,FCT,4802443,0.05,0
PACE-FLU-SEV,2025/2026,40,45,5,Deaths,State,FCT,4802443,0.1,0
PACE-FLU-SEV,2025/2026,40,45,5,Deaths,State,FCT,4802443,0.25,0
PACE-FLU-SEV,2025/2026,40,45,5,Deaths,State,FCT,4802443,0.5,1
PACE-FLU-SEV,2025/2026,40,45,5,Deaths,State,FCT,4802443,0.75,1
PACE-FLU-SEV,2025/2026,40,45,5,Deaths,State,FCT,4802443,0.9,2
PACE-FLU-SEV,2025/2026,40,45,5,Deaths,State,FCT,4802443,0.95,3
PACE-FLU-SEV,2025/2026,40,45,5,Deaths,State,Gombe,4623462,0.05,0
PACE-FLU-SEV,2025/2026,40,45,5,Deaths,State,Gombe,4623462,0.1,0
PACE-FLU-SEV,2025/2026,40,45,5,Deaths,State,Gombe,4623462,0.25,0
PACE-FLU-SEV,2025/2026,40,45,5,Deaths,State,Gombe,4623462,0.5,1
PACE-FLU-SEV,2025/2026,40,45,5,Deaths,State,Gombe,4623462,0.75,2
PACE-FLU-SEV,2025/2026,40,45,5,Deaths,State,Gombe,4623462,0.9,3
PACE-FLU-SEV,2025/2026,40,45,5,Deaths,State,Gombe,4623462,0.95,4
PACE-FLU-SEV,2025/2026,40,45,5,Deaths,State,Imo,6067722,0.05,0
PACE-FLU-SEV,2025/2026,40,45,5,Deaths,State,Imo,6067722,0.1,0
PACE-FLU-SEV,2025/2026,40,45,5,Deaths,State,Imo,6067722,0.25,0
PACE-FLU-SEV,2025/2026,40,45,5,Deaths,State,Imo,6067722,0.5,1
PACE-FLU-SEV,2025/2026,40,45,5,Deaths,State,Imo,6067722,0.75,2
PACE-FLU-SEV,2025/2026,40,45,5,Deaths,State,Imo,6067722,0.9,3
PACE-FLU-SEV,2025/2026,40,45,5,Deaths,State,Imo,6067722,0.95,4
PACE-FLU-SEV,2025/2026,40,45,5,Deaths,State,Jigawa,6979080,0.05,0
PACE-FLU-SEV,2025/2026,40,45,5,Deaths,State,Jigawa,6979080,0.1,0
PACE-FLU-SEV,2025/2026,40,45,5,Deaths,State,Jigawa,6979080,0.25,1
PACE-FLU-SEV,2025/2026,40,45,5,Deaths,State,Jigawa,6979080,0.5,2
PACE-FLU-SEV,2025/2026,40,45,5,Deaths,State,Jigawa,6979080,0.75,3
PACE-FLU-SEV,2025/2026,40,45,5,Deaths,State,Jigawa,6979080,0.9,5
PACE-FLU-SEV,2025/2026,40,45,5,Deaths,State,Jigawa,6979080,0.95,6
PACE-FLU-SEV,2025/2026,40,45,5,Deaths,State,Kaduna,8324285,0.05,0
PACE-FLU-SEV,2025/2026,40,45,5,Deaths,State,Kaduna,8324285,0.1,0
PACE-FLU-SEV,2025/2026,40,45,5,Deaths,State,Kaduna,8324285,0.25,1
PACE-FLU-SEV,2025/2026,40,45,5,Deaths,State,Kaduna,8324285,0.5,1
PACE-FLU-SEV,2025/2026,40,45,5,Deaths,State,Kaduna,8324285,0.75,3
PACE-FLU-SEV,2025/2026,40,45,5,Deaths,State,Kaduna,8324285,0.9,5
PACE-FLU-SEV,2025/2026,40,45,5,Deaths,State,Kaduna,8324285,0.95,6
PACE-FLU-SEV,2025/2026,40,45,5,Deaths,State,Kano,16253549,0.05,0
PACE-FLU-SEV,2025/2026,40,45,5,Deaths,State,Kano,16253549,0.1,1
PACE-FLU-SEV,2025/2026,40,45,5,Deaths,State,Kano,16253549,0.25,2
PACE-FLU-SEV,2025/2026,40,45,5,Deaths,State,Kano,16253549,0.5,3
PACE-FLU-SEV,2025/2026,40,45,5,Deaths,State,Kano,16253549,0.75,6
PACE-FLU-SEV,2025/2026,40,45,5,Deaths,State,Kano,16253549,0.9,9
PACE-FLU-SEV,2025/2026,40,45,5,Deaths,State,Kano,16253549,0.95,11
PACE-FLU-SEV,2025/2026,40,45,5,Deaths,State,Katsina,9300382,0.05,0
PACE-FLU-SEV,2025/2026,40,45,5,Deaths,State,Katsina,9300382,0.1,0
PACE-FLU-SEV,2025/2026,40,45,5,Deaths,State,Katsina,9300382,0.25,1
PACE-FLU-SEV,2025/2026,40,45,5,Deaths,State,Katsina,9300382,0.5,2
PACE-FLU-SEV,2025/2026,40,45,5,Deaths,State,Katsina,9300382,0.75,4
PACE-FLU-SEV,2025/2026,40,45,5,Deaths,State,Katsina,9300382,0.9,6
PACE-FLU-SEV,2025/2026,40,45,5,Deaths,State,Katsina,9300382,0.95,7
PACE-FLU-SEV,2025/2026,40,45,5,Deaths,State,Kebbi,6001610,0.05,0
PACE-FLU-SEV,2025/2026,40,45,5,Deaths,State,Kebbi,6001610,0.1,0
PACE-FLU-SEV,2025/2026,40,45,5,Deaths,State,Kebbi,6001610,0.25,0
PACE-FLU-SEV,2025/2026,40,45,5,Deaths,State,Kebbi,6001610,0.5,1
PACE-FLU-SEV,2025/2026,40,45,5,Deaths,State,Kebbi,6001610,0.75,2
PACE-FLU-SEV,2025/2026,40,45,5,Deaths,State,Kebbi,6001610,0.9,4
PACE-FLU-SEV,2025/2026,40,45,5,Deaths,State,Kebbi,6001610,0.95,5
PACE-FLU-SEV,2025/2026,40,45,5,Deaths,State,Kogi,5053734,0.05,0
PACE-FLU-SEV,2025/2026,40,45,5,Deaths,State,Kogi,5053734,0.1,0
PACE-FLU-SEV,2025/2026,40,45,5,Deaths,State,Kogi,5053734,0.25,0
PACE-FLU-SEV,2025/2026,40,45,5,Deaths,State,Kogi,5053734,0.5,1
PACE-FLU-SEV,2025/2026,40,45,5,Deaths,State,Kogi,5053734,0.75,2
PACE-FLU-SEV,2025/2026,40,45,5,Deaths,State,Kogi,5053734,0.9,3
PACE-FLU-SEV,2025/2026,40,45,5,Deaths,State,Kogi,5053734,0.95,4
PACE-FLU-SEV,2025/2026,40,45,5,Deaths,State,Kwara,4259613,0.05,0
PACE-FLU-SEV,2025/2026,40,45,5,Deaths,State,Kwara,4259613,0.1,0
PACE-FLU-SEV,2025/2026,40,45,5,Deaths,State,Kwara,4259613,0.25,0
PACE-FLU-SEV,2025/2026,40,45,5,Deaths,State,Kwara,4259613,0.5,1
PACE-FLU-SEV,2025/2026,40,45,5,Deaths,State,Kwara,4259613,0.75,1
PACE-FLU-SEV,2025/2026,40,45,5,Deaths,State,Kwara,4259613,0.9,3
PACE-FLU-SEV,2025/2026,40,45,5,Deaths,State,Kwara,4259613,0.95,4
PACE-FLU-SEV,2025/2026,40,45,5,Deaths,State,Lagos,15772884,0.05,0
PACE-FLU-SEV,2025/2026,40,45,5,Deaths,State,Lagos,15772884,0.1,0
PACE-FLU-SEV,2025/2026,40,45,5,Deaths,State,Lagos,15772884,0.25,0
PACE-FLU-SEV,2025/2026,40,45,5,Deaths,State,Lagos,15772884,0.5,1
PACE-FLU-SEV,2025/2026,40,45,5,Deaths,State,Lagos,15772884,0.75,3
PACE-FLU-SEV,2025/2026,40,45,5,Deaths,State,Lagos,15772884,0.9,4
PACE-FLU-SEV,2025/2026,40,45,5,Deaths,State,Lagos,15772884,0.95,6
PACE-FLU-SEV,2025/2026,40,45,5,Deaths,State,Nasarawa,3632239,0.05,0
PACE-FLU-SEV,2025/2026,40,45,5,Deaths,State,Nasarawa,3632239,0.1,0
PACE-FLU-SEV,2025/2026,40,45,5,Deaths,State,Nasarawa,3632239,0.25,0
PACE-FLU-SEV,2025/2026,40,45,5,Deaths,State,Nasarawa,3632239,0.5,1
PACE-FLU-SEV,2025/2026,40,45,5,Deaths,State,Nasarawa,3632239,0.75,1
PACE-FLU-SEV,2025/2026,40,45,5,Deaths,State,Nasarawa,3632239,0.9,2
PACE-FLU-SEV,2025/2026,40,45,5,Deaths,State,Nasarawa,3632239,0.95,3
PACE-FLU-SEV,2025/2026,40,45,5,Deaths,State,Niger,6720617,0.05,0
PACE-FLU-SEV,2025/2026,40,45,5,Deaths,State,Niger,6720617,0.1,0
PACE-FLU-SEV,2025/2026,40,45,5,Deaths,State,Niger,6720617,0.25,0
PACE-FLU-SEV,2025/2026,40,45,5,Deaths,State,Niger,6720617,0.5,1
PACE-FLU-SEV,2025/2026,40,45,5,Deaths,State,Niger,6720617,0.75,3
PACE-FLU-SEV,2025/2026,40,45,5,Deaths,State,Niger,6720617,0.9,4
PACE-FLU-SEV,2025/2026,40,45,5,Deaths,State,Niger,6720617,0.95,5
PACE-FLU-SEV,2025/2026,40,45,5,Deaths,State,Ogun,6445275,0.05,0
PACE-FLU-SEV,2025/2026,40,45,5,Deaths,State,Ogun,6445275,0.1,0
PACE-FLU-SEV,2025/2026,40,45,5,Deaths,State,Ogun,6445275,0.25,0
PACE-FLU-SEV,2025/2026,40,45,5,Deaths,State,Ogun,6445275,0.5,1
PACE-FLU-SEV,2025/2026,40,45,5,Deaths,State,Ogun,6445275,0.75,2
PACE-FLU-SEV,2025/2026,40,45,5,Deaths,State,Ogun,6445275,0.9,3
PACE-FLU-SEV,2025/2026,40,45,5,Deaths,State,Ogun,6445275,0.95,4
PACE-FLU-SEV,2025/2026,40,45,5,Deaths,State,Ondo,5469707,0.05,0
PACE-FLU-SEV,2025/2026,40,45,5,Deaths,State,Ondo,5469707,0.1,0
PACE-FLU-SEV,2025/2026,40,45,5,Deaths,State,Ondo,5469707,0.25,0
PACE-FLU-SEV,2025/2026,40,45,5,Deaths,State,Ondo,5469707,0.5,1
PACE-FLU-SEV,2025/2026,40,45,5,Deaths,State,Ondo,5469707,0.75,1
PACE-FLU-SEV,2025/2026,40,45,5,Deaths,State,Ondo,5469707,0.9,3
PACE-FLU-SEV,2025/2026,40,45,5,Deaths,State,Ondo,5469707,0.95,3
PACE-FLU-SEV,2025/2026,40,45,5,Deaths,State,Osun,4237396,0.05,0
PACE-FLU-SEV,2025/2026,40,45,5,Deaths,State,Osun,4237396,0.1,0
PACE-FLU-SEV,2025/2026,40,45,5,Deaths,State,Osun,4237396,0.25,0
PACE-FLU-SEV,2025/2026,40,45,5,Deaths,State,Osun,4237396,0.5,1
PACE-FLU-SEV,2025/2026,40,45,5,Deaths,State,Osun,4237396,0.75,1
PACE-FLU-SEV,2025/2026,40,45,5,Deaths,State,Osun,4237396,0.9,2
PACE-FLU-SEV,2025/2026,40,45,5,Deaths,State,Osun,4237396,0.95,3
PACE-FLU-SEV,2025/2026,40,45,5,Deaths,State,Oyo,7512855,0.05,0
PACE-FLU-SEV,2025/2026,40,45,5,Deaths,State,Oyo,7512855,0.1,0
PACE-FLU-SEV,2025/2026,40,45,5,Deaths,State,Oyo,7512855,0.25,0
PACE-FLU-SEV,2025/2026,40,45,5,Deaths,State,Oyo,7512855,0.5,1
PACE-FLU-SEV,2025/2026,40,45,5,Deaths,State,Oyo,7512855,0.75,2
PACE-FLU-SEV,2025/2026,40,45,5,Deaths,State,Oyo,7512855,0.9,4
PACE-FLU-SEV,2025/2026,40,45,5,Deaths,State,Oyo,7512855,0.95,4
PACE-FLU-SEV,2025/2026,40,45,5,Deaths,State,Plateau,5400974,0.05,0
PACE-FLU-SEV,2025/2026,40,45,5,Deaths,State,Plateau,5400974,0.1,0
PACE-FLU-SEV,2025/2026,40,45,5,Deaths,State,Plateau,5400974,0.25,0
PACE-FLU-SEV,2025/2026,40,45,5,Deaths,State,Plateau,5400974,0.5,1
PACE-FLU-SEV,2025/2026,40,45,5,Deaths,State,Plateau,5400974,0.75,2
PACE-FLU-SEV,2025/2026,40,45,5,Deaths,State,Plateau,5400974,0.9,3
PACE-FLU-SEV,2025/2026,40,45,5,Deaths,State,Plateau,5400974,0.95,4
PACE-FLU-SEV,2025/2026,40,45,5,Deaths,State,Rivers,7234973,0.05,0
PACE-FLU-SEV,2025/2026,40,45,5,Deaths,State,Rivers,7234973,0.1,0
PACE-FLU-SEV,2025/2026,40,45,5,Deaths,State,Rivers,7234973,0.25,0
PACE-FLU-SEV,2025/2026,40,45,5,Deaths,State,Rivers,7234973,0.5,1
PACE-FLU-SEV,2025/2026,40,45,5,Deaths,State,Rivers,7234973,0.75,2
PACE-FLU-SEV,2025/2026,40,45,5,Deaths,State,Rivers,7234973,0.9,3
PACE-FLU-SEV,2025/2026,40,45,5,Deaths,State,Rivers,7234973,0.95,4
PACE-FLU-SEV,2025/2026,40,45,5,Deaths,State,Sokoto,6163187,0.05,0
PACE-FLU-SEV,2025/2026,40,45,5,Deaths,State,Sokoto,6163187,0.1,0
PACE-FLU-SEV,2025/2026,40,45,5,Deaths,State,Sokoto,6163187,0.25,0
PACE-FLU-SEV,2025/2026,40,45,5,Deaths,State,Sokoto,6163187,0.5,1
PACE-FLU-SEV,2025/2026,40,45,5,Deaths,State,Sokoto,6163187,0.75,3
PACE-FLU-SEV,2025/2026,40,45,5,Deaths,State,Sokoto,6163187,0.9,4
PACE-FLU-SEV,2025/2026,40,45,5,Deaths,State,Sokoto,6163187,0.95,5
PACE-FLU-SEV,2025/2026,40,45,5,Deaths,State,Taraba,4331885,0.05,0
PACE-FLU-SEV,2025/2026,40,45,5,Deaths,State,Taraba,4331885,0.1,0
PACE-FLU-SEV,2025/2026,40,45,5,Deaths,State,Taraba,4331885,0.25,0
PACE-FLU-SEV,2025/2026,40,45,5,Deaths,State,Taraba,4331885,0.5,1
PACE-FLU-SEV,2025/2026,40,45,5,Deaths,State,Taraba,4331885,0.75,2
PACE-FLU-SEV,2025/2026,40,45,5,Deaths,State,Taraba,4331885,0.9,3
PACE-FLU-SEV,2025/2026,40,45,5,Deaths,State,Taraba,4331885,0.95,4
PACE-FLU-SEV,2025/2026,40,45,5,Deaths,State,Yobe,4350401,0.05,0
PACE-FLU-SEV,2025/2026,40,45,5,Deaths,State,Yobe,4350401,0.1,0
PACE-FLU-SEV,2025/2026,40,45,5,Deaths,State,Yobe,4350401,0.25,0
PACE-FLU-SEV,2025/2026,40,45,5,Deaths,State,Yobe,4350401,0.5,1
PACE-FLU-SEV,2025/2026,40,45,5,Deaths,State,Yobe,4350401,0.75,2
PACE-FLU-SEV,2025/2026,40,45,5,Deaths,State,Yobe,4350401,0.9,3
PACE-FLU-SEV,2025/2026,40,45,5,Deaths,State,Yobe,4350401,0.95,4
PACE-FLU-SEV,2025/2026,40,45,5,Deaths,State,Zamfara,5517793,0.05,0
PACE-FLU-SEV,2025/2026,40,45,5,Deaths,State,Zamfara,5517793,0.1,0
PACE-FLU-SEV,2025/2026,40,45,5,Deaths,State,Zamfara,5517793,0.25,0
PACE-FLU-SEV,2025/2026,40,45,5,Deaths,State,Zamfara,5517793,0.5,1
PACE-FLU-SEV,2025/2026,40,45,5,Deaths,State,Zamfara,5517793,0.75,3
PACE-FLU-SEV,2025/2026,40,45,5,Deaths,State,Zamfara,5517793,0.9,4
PACE-FLU-SEV,2025/2026,40,45,5,Deaths,State,Zamfara,5517793,0.95,5
PACE-FLU-SEV,2025/2026,40,45,5,Deaths,Zone,NC,36557326,0.05,3
PACE-FLU-SEV,2025/2026,40,45,5,Deaths,Zone,NC,36557326,0.1,4
PACE-FLU-SEV,2025/2026,40,45,5,Deaths,Zone,NC,36557326,0.25,6
PACE-FLU-SEV,2025/2026,40,45,5,Deaths,Zone,NC,36557326,0.5,8
PACE-FLU-SEV,2025/2026,40,45,5,Deaths,Zone,NC,36557326,0.75,11
PACE-FLU-SEV,2025/2026,40,45,5,Deaths,Zone,NC,36557326,0.9,15
PACE-FLU-SEV,2025/2026,40,45,5,Deaths,Zone,NC,36557326,0.95,17
PACE-FLU-SEV,2025/2026,40,45,5,Deaths,Zone,NE,32734949,0.05,3
PACE-FLU-SEV,2025/2026,40,45,5,Deaths,Zone,NE,32734949,0.1,4
PACE-FLU-SEV,2025/2026,40,45,5,Deaths,Zone,NE,32734949,0.25,6
PACE-FLU-SEV,2025/2026,40,45,5,Deaths,Zone,NE,32734949,0.5,9
PACE-FLU-SEV,2025/2026,40,45,5,Deaths,Zone,NE,32734949,0.75,13
PACE-FLU-SEV,2025/2026,40,45,5,Deaths,Zone,NE,32734949,0.9,16
PACE-FLU-SEV,2025/2026,40,45,5,Deaths,Zone,NE,32734949,0.95,18
PACE-FLU-SEV,2025/2026,40,45,5,Deaths,Zone,NW,58539886,0.05,7
PACE-FLU-SEV,2025/2026,40,45,5,Deaths,Zone,NW,58539886,0.1,8
PACE-FLU-SEV,2025/2026,40,45,5,Deaths,Zone,NW,58539886,0.25,11
PACE-FLU-SEV,2025/2026,40,45,5,Deaths,Zone,NW,58539886,0.5,15
PACE-FLU-SEV,2025/2026,40,45,5,Deaths,Zone,NW,58539886,0.75,20
PACE-FLU-SEV,2025/2026,40,45,5,Deaths,Zone,NW,58539886,0.9,25
PACE-FLU-SEV,2025/2026,40,45,5,Deaths,Zone,NW,58539886,0.95,29
PACE-FLU-SEV,2025/2026,40,45,5,Deaths,Zone,SE,27612828,0.05,1
PACE-FLU-SEV,2025/2026,40,45,5,Deaths,Zone,SE,27612828,0.1,2
PACE-FLU-SEV,2025/2026,40,45,5,Deaths,Zone,SE,27612828,0.25,3
PACE-FLU-SEV,2025/2026,40,45,5,Deaths,Zone,SE,27612828,0.5,5
PACE-FLU-SEV,2025/2026,40,45,5,Deaths,Zone,SE,27612828,0.75,7
PACE-FLU-SEV,2025/2026,40,45,5,Deaths,Zone,SE,27612828,0.9,9
PACE-FLU-SEV,2025/2026,40,45,5,Deaths,Zone,SE,27612828,0.95,11
PACE-FLU-SEV,2025/2026,40,45,5,Deaths,Zone,SS,31220652,0.05,2
PACE-FLU-SEV,2025/2026,40,45,5,Deaths,Zone,SS,31220652,0.1,2
PACE-FLU-SEV,2025/2026,40,45,5,Deaths,Zone,SS,31220652,0.25,4
PACE-FLU-SEV,2025/2026,40,45,5,Deaths,Zone,SS,31220652,0.5,6
PACE-FLU-SEV,2025/2026,40,45,5,Deaths,Zone,SS,31220652,0.75,8
PACE-FLU-SEV,2025/2026,40,45,5,Deaths,Zone,SS,31220652,0.9,10.63333333333344
PACE-FLU-SEV,2025/2026,40,45,5,Deaths,Zone,SS,31220652,0.95,12
PACE-FLU-SEV,2025/2026,40,45,5,Deaths,Zone,SW,42836294,0.05,2
PACE-FLU-SEV,2025/2026,40,45,5,Deaths,Zone,SW,42836294,0.1,3
PACE-FLU-SEV,2025/2026,40,45,5,Deaths,Zone,SW,42836294,0.25,4
PACE-FLU-SEV,2025/2026,40,45,5,Deaths,Zone,SW,42836294,0.5,6
PACE-FLU-SEV,2025/2026,40,45,5,Deaths,Zone,SW,42836294,0.75,9
PACE-FLU-SEV,2025/2026,40,45,5,Deaths,Zone,SW,42836294,0.9,12
PACE-FLU-SEV,2025/2026,40,45,5,Deaths,Zone,SW,42836294,0.95,14.650000000000091
PACE-FLU-SEV,2025/2026,40,46,6,Deaths,Macro,North,127832161,0.05,21
PACE-FLU-SEV,2025/2026,40,46,6,Deaths,Macro,North,127832161,0.1,24
PACE-FLU-SEV,2025/2026,40,46,6,Deaths,Macro,North,127832161,0.25,29
PACE-FLU-SEV,2025/2026,40,46,6,Deaths,Macro,North,127832161,0.5,37
PACE-FLU-SEV,2025/2026,40,46,6,Deaths,Macro,North,127832161,0.75,46
PACE-FLU-SEV,2025/2026,40,46,6,Deaths,Macro,North,127832161,0.9,56
PACE-FLU-SEV,2025/2026,40,46,6,Deaths,Macro,North,127832161,0.95,63
PACE-FLU-SEV,2025/2026,40,46,6,Deaths,Macro,South,101669774,0.05,9
PACE-FLU-SEV,2025/2026,40,46,6,Deaths,Macro,South,101669774,0.1,11
PACE-FLU-SEV,2025/2026,40,46,6,Deaths,Macro,South,101669774,0.25,15
PACE-FLU-SEV,2025/2026,40,46,6,Deaths,Macro,South,101669774,0.5,19
PACE-FLU-SEV,2025/2026,40,46,6,Deaths,Macro,South,101669774,0.75,24
PACE-FLU-SEV,2025/2026,40,46,6,Deaths,Macro,South,101669774,0.9,31
PACE-FLU-SEV,2025/2026,40,46,6,Deaths,Macro,South,101669774,0.95,35
PACE-FLU-SEV,2025/2026,40,46,6,Deaths,National,Nigeria,229501935,0.05,35
PACE-FLU-SEV,2025/2026,40,46,6,Deaths,National,Nigeria,229501935,0.1,39
PACE-FLU-SEV,2025/2026,40,46,6,Deaths,National,Nigeria,229501935,0.25,46
PACE-FLU-SEV,2025/2026,40,46,6,Deaths,National,Nigeria,229501935,0.5,57
PACE-FLU-SEV,2025/2026,40,46,6,Deaths,National,Nigeria,229501935,0.75,69
PACE-FLU-SEV,2025/2026,40,46,6,Deaths,National,Nigeria,229501935,0.9,82
PACE-FLU-SEV,2025/2026,40,46,6,Deaths,National,Nigeria,229501935,0.95,91
PACE-FLU-SEV,2025/2026,40,46,6,Deaths,State,Abia,4841943,0.05,0
PACE-FLU-SEV,2025/2026,40,46,6,Deaths,State,Abia,4841943,0.1,0
PACE-FLU-SEV,2025/2026,40,46,6,Deaths,State,Abia,4841943,0.25,0
PACE-FLU-SEV,2025/2026,40,46,6,Deaths,State,Abia,4841943,0.5,1
PACE-FLU-SEV,2025/2026,40,46,6,Deaths,State,Abia,4841943,0.75,2
PACE-FLU-SEV,2025/2026,40,46,6,Deaths,State,Abia,4841943,0.9,3
PACE-FLU-SEV,2025/2026,40,46,6,Deaths,State,Abia,4841943,0.95,3
PACE-FLU-SEV,2025/2026,40,46,6,Deaths,State,Adamawa,5236948,0.05,0
PACE-FLU-SEV,2025/2026,40,46,6,Deaths,State,Adamawa,5236948,0.1,0
PACE-FLU-SEV,2025/2026,40,46,6,Deaths,State,Adamawa,5236948,0.25,0
PACE-FLU-SEV,2025/2026,40,46,6,Deaths,State,Adamawa,5236948,0.5,1
PACE-FLU-SEV,2025/2026,40,46,6,Deaths,State,Adamawa,5236948,0.75,2
PACE-FLU-SEV,2025/2026,40,46,6,Deaths,State,Adamawa,5236948,0.9,4
PACE-FLU-SEV,2025/2026,40,46,6,Deaths,State,Adamawa,5236948,0.95,5
PACE-FLU-SEV,2025/2026,40,46,6,Deaths,State,Akwa Ibom,5780581,0.05,0
PACE-FLU-SEV,2025/2026,40,46,6,Deaths,State,Akwa Ibom,5780581,0.1,0
PACE-FLU-SEV,2025/2026,40,46,6,Deaths,State,Akwa Ibom,5780581,0.25,0
PACE-FLU-SEV,2025/2026,40,46,6,Deaths,State,Akwa Ibom,5780581,0.5,1
PACE-FLU-SEV,2025/2026,40,46,6,Deaths,State,Akwa Ibom,5780581,0.75,2
PACE-FLU-SEV,2025/2026,40,46,6,Deaths,State,Akwa Ibom,5780581,0.9,3
PACE-FLU-SEV,2025/2026,40,46,6,Deaths,State,Akwa Ibom,5780581,0.95,4
PACE-FLU-SEV,2025/2026,40,46,6,Deaths,State,Anambra,7299910,0.05,0
PACE-FLU-SEV,2025/2026,40,46,6,Deaths,State,Anambra,7299910,0.1,0
PACE-FLU-SEV,2025/2026,40,46,6,Deaths,State,Anambra,7299910,0.25,0
PACE-FLU-SEV,2025/2026,40,46,6,Deaths,State,Anambra,7299910,0.5,1
PACE-FLU-SEV,2025/2026,40,46,6,Deaths,State,Anambra,7299910,0.75,2
PACE-FLU-SEV,2025/2026,40,46,6,Deaths,State,Anambra,7299910,0.9,4
PACE-FLU-SEV,2025/2026,40,46,6,Deaths,State,Anambra,7299910,0.95,5
PACE-FLU-SEV,2025/2026,40,46,6,Deaths,State,Bauchi,7540663,0.05,0
PACE-FLU-SEV,2025/2026,40,46,6,Deaths,State,Bauchi,7540663,0.1,0
PACE-FLU-SEV,2025/2026,40,46,6,Deaths,State,Bauchi,7540663,0.25,1
PACE-FLU-SEV,2025/2026,40,46,6,Deaths,State,Bauchi,7540663,0.5,2
PACE-FLU-SEV,2025/2026,40,46,6,Deaths,State,Bauchi,7540663,0.75,3
PACE-FLU-SEV,2025/2026,40,46,6,Deaths,State,Bauchi,7540663,0.9,5
PACE-FLU-SEV,2025/2026,40,46,6,Deaths,State,Bauchi,7540663,0.95,7
PACE-FLU-SEV,2025/2026,40,46,6,Deaths,State,Bayelsa,2394725,0.05,0
PACE-FLU-SEV,2025/2026,40,46,6,Deaths,State,Bayelsa,2394725,0.1,0
PACE-FLU-SEV,2025/2026,40,46,6,Deaths,State,Bayelsa,2394725,0.25,0
PACE-FLU-SEV,2025/2026,40,46,6,Deaths,State,Bayelsa,2394725,0.5,0
PACE-FLU-SEV,2025/2026,40,46,6,Deaths,State,Bayelsa,2394725,0.75,1
PACE-FLU-SEV,2025/2026,40,46,6,Deaths,State,Bayelsa,2394725,0.9,2
PACE-FLU-SEV,2025/2026,40,46,6,Deaths,State,Bayelsa,2394725,0.95,3
PACE-FLU-SEV,2025/2026,40,46,6,Deaths,State,Benue,6687706,0.05,0
PACE-FLU-SEV,2025/2026,40,46,6,Deaths,State,Benue,6687706,0.1,0
PACE-FLU-SEV,2025/2026,40,46,6,Deaths,State,Benue,6687706,0.25,1
PACE-FLU-SEV,2025/2026,40,46,6,Deaths,State,Benue,6687706,0.5,1
PACE-FLU-SEV,2025/2026,40,46,6,Deaths,State,Benue,6687706,0.75,3
PACE-FLU-SEV,2025/2026,40,46,6,Deaths,State,Benue,6687706,0.9,5
PACE-FLU-SEV,2025/2026,40,46,6,Deaths,State,Benue,6687706,0.95,6
PACE-FLU-SEV,2025/2026,40,46,6,Deaths,State,Borno,6651590,0.05,0
PACE-FLU-SEV,2025/2026,40,46,6,Deaths,State,Borno,6651590,0.1,0
PACE-FLU-SEV,2025/2026,40,46,6,Deaths,State,Borno,6651590,0.25,1
PACE-FLU-SEV,2025/2026,40,46,6,Deaths,State,Borno,6651590,0.5,2
PACE-FLU-SEV,2025/2026,40,46,6,Deaths,State,Borno,6651590,0.75,3
PACE-FLU-SEV,2025/2026,40,46,6,Deaths,State,Borno,6651590,0.9,5
PACE-FLU-SEV,2025/2026,40,46,6,Deaths,State,Borno,6651590,0.95,6
PACE-FLU-SEV,2025/2026,40,46,6,Deaths,State,Cross River,4175020,0.05,0
PACE-FLU-SEV,2025/2026,40,46,6,Deaths,State,Cross River,4175020,0.1,0
PACE-FLU-SEV,2025/2026,40,46,6,Deaths,State,Cross River,4175020,0.25,0
PACE-FLU-SEV,2025/2026,40,46,6,Deaths,State,Cross River,4175020,0.5,1
PACE-FLU-SEV,2025/2026,40,46,6,Deaths,State,Cross River,4175020,0.75,2
PACE-FLU-SEV,2025/2026,40,46,6,Deaths,State,Cross River,4175020,0.9,3
PACE-FLU-SEV,2025/2026,40,46,6,Deaths,State,Cross River,4175020,0.95,3
PACE-FLU-SEV,2025/2026,40,46,6,Deaths,State,Delta,6107543,0.05,0
PACE-FLU-SEV,2025/2026,40,46,6,Deaths,State,Delta,6107543,0.1,0
PACE-FLU-SEV,2025/2026,40,46,6,Deaths,State,Delta,6107543,0.25,0
PACE-FLU-SEV,2025/2026,40,46,6,Deaths,State,Delta,6107543,0.5,1
PACE-FLU-SEV,2025/2026,40,46,6,Deaths,State,Delta,6107543,0.75,2
PACE-FLU-SEV,2025/2026,40,46,6,Deaths,State,Delta,6107543,0.9,3
PACE-FLU-SEV,2025/2026,40,46,6,Deaths,State,Delta,6107543,0.95,4
PACE-FLU-SEV,2025/2026,40,46,6,Deaths,State,Ebonyi,4007155,0.05,0
PACE-FLU-SEV,2025/2026,40,46,6,Deaths,State,Ebonyi,4007155,0.1,0
PACE-FLU-SEV,2025/2026,40,46,6,Deaths,State,Ebonyi,4007155,0.25,0
PACE-FLU-SEV,2025/2026,40,46,6,Deaths,State,Ebonyi,4007155,0.5,1
PACE-FLU-SEV,2025/2026,40,46,6,Deaths,State,Ebonyi,4007155,0.75,1
PACE-FLU-SEV,2025/2026,40,46,6,Deaths,State,Ebonyi,4007155,0.9,2
PACE-FLU-SEV,2025/2026,40,46,6,Deaths,State,Ebonyi,4007155,0.95,3
PACE-FLU-SEV,2025/2026,40,46,6,Deaths,State,Edo,5527810,0.05,0
PACE-FLU-SEV,2025/2026,40,46,6,Deaths,State,Edo,5527810,0.1,0
PACE-FLU-SEV,2025/2026,40,46,6,Deaths,State,Edo,5527810,0.25,0
PACE-FLU-SEV,2025/2026,40,46,6,Deaths,State,Edo,5527810,0.5,1
PACE-FLU-SEV,2025/2026,40,46,6,Deaths,State,Edo,5527810,0.75,2
PACE-FLU-SEV,2025/2026,40,46,6,Deaths,State,Edo,5527810,0.9,3
PACE-FLU-SEV,2025/2026,40,46,6,Deaths,State,Edo,5527810,0.95,4
PACE-FLU-SEV,2025/2026,40,46,6,Deaths,State,Ekiti,3398177,0.05,0
PACE-FLU-SEV,2025/2026,40,46,6,Deaths,State,Ekiti,3398177,0.1,0
PACE-FLU-SEV,2025/2026,40,46,6,Deaths,State,Ekiti,3398177,0.25,0
PACE-FLU-SEV,2025/2026,40,46,6,Deaths,State,Ekiti,3398177,0.5,0
PACE-FLU-SEV,2025/2026,40,46,6,Deaths,State,Ekiti,3398177,0.75,1
PACE-FLU-SEV,2025/2026,40,46,6,Deaths,State,Ekiti,3398177,0.9,2
PACE-FLU-SEV,2025/2026,40,46,6,Deaths,State,Ekiti,3398177,0.95,3
PACE-FLU-SEV,2025/2026,40,46,6,Deaths,State,Enugu,5396098,0.05,0
PACE-FLU-SEV,2025/2026,40,46,6,Deaths,State,Enugu,5396098,0.1,0
PACE-FLU-SEV,2025/2026,40,46,6,Deaths,State,Enugu,5396098,0.25,0
PACE-FLU-SEV,2025/2026,40,46,6,Deaths,State,Enugu,5396098,0.5,1
PACE-FLU-SEV,2025/2026,40,46,6,Deaths,State,Enugu,5396098,0.75,2
PACE-FLU-SEV,2025/2026,40,46,6,Deaths,State,Enugu,5396098,0.9,3
PACE-FLU-SEV,2025/2026,40,46,6,Deaths,State,Enugu,5396098,0.95,3
PACE-FLU-SEV,2025/2026,40,46,6,Deaths,State,FCT,4802443,0.05,0
PACE-FLU-SEV,2025/2026,40,46,6,Deaths,State,FCT,4802443,0.1,0
PACE-FLU-SEV,2025/2026,40,46,6,Deaths,State,FCT,4802443,0.25,0
PACE-FLU-SEV,2025/2026,40,46,6,Deaths,State,FCT,4802443,0.5,1
PACE-FLU-SEV,2025/2026,40,46,6,Deaths,State,FCT,4802443,0.75,1
PACE-FLU-SEV,2025/2026,40,46,6,Deaths,State,FCT,4802443,0.9,2
PACE-FLU-SEV,2025/2026,40,46,6,Deaths,State,FCT,4802443,0.95,3
PACE-FLU-SEV,2025/2026,40,46,6,Deaths,State,Gombe,4623462,0.05,0
PACE-FLU-SEV,2025/2026,40,46,6,Deaths,State,Gombe,4623462,0.1,0
PACE-FLU-SEV,2025/2026,40,46,6,Deaths,State,Gombe,4623462,0.25,0
PACE-FLU-SEV,2025/2026,40,46,6,Deaths,State,Gombe,4623462,0.5,1
PACE-FLU-SEV,2025/2026,40,46,6,Deaths,State,Gombe,4623462,0.75,2
PACE-FLU-SEV,2025/2026,40,46,6,Deaths,State,Gombe,4623462,0.9,4
PACE-FLU-SEV,2025/2026,40,46,6,Deaths,State,Gombe,4623462,0.95,5
PACE-FLU-SEV,2025/2026,40,46,6,Deaths,State,Imo,6067722,0.05,0
PACE-FLU-SEV,2025/2026,40,46,6,Deaths,State,Imo,6067722,0.1,0
PACE-FLU-SEV,2025/2026,40,46,6,Deaths,State,Imo,6067722,0.25,0
PACE-FLU-SEV,2025/2026,40,46,6,Deaths,State,Imo,6067722,0.5,1
PACE-FLU-SEV,2025/2026,40,46,6,Deaths,State,Imo,6067722,0.75,2
PACE-FLU-SEV,2025/2026,40,46,6,Deaths,State,Imo,6067722,0.9,3
PACE-FLU-SEV,2025/2026,40,46,6,Deaths,State,Imo,6067722,0.95,4
PACE-FLU-SEV,2025/2026,40,46,6,Deaths,State,Jigawa,6979080,0.05,0
PACE-FLU-SEV,2025/2026,40,46,6,Deaths,State,Jigawa,6979080,0.1,0
PACE-FLU-SEV,2025/2026,40,46,6,Deaths,State,Jigawa,6979080,0.25,1
PACE-FLU-SEV,2025/2026,40,46,6,Deaths,State,Jigawa,6979080,0.5,2
PACE-FLU-SEV,2025/2026,40,46,6,Deaths,State,Jigawa,6979080,0.75,3
PACE-FLU-SEV,2025/2026,40,46,6,Deaths,State,Jigawa,6979080,0.9,5
PACE-FLU-SEV,2025/2026,40,46,6,Deaths,State,Jigawa,6979080,0.95,7
PACE-FLU-SEV,2025/2026,40,46,6,Deaths,State,Kaduna,8324285,0.05,0
PACE-FLU-SEV,2025/2026,40,46,6,Deaths,State,Kaduna,8324285,0.1,0
PACE-FLU-SEV,2025/2026,40,46,6,Deaths,State,Kaduna,8324285,0.25,1
PACE-FLU-SEV,2025/2026,40,46,6,Deaths,State,Kaduna,8324285,0.5,2
PACE-FLU-SEV,2025/2026,40,46,6,Deaths,State,Kaduna,8324285,0.75,3
PACE-FLU-SEV,2025/2026,40,46,6,Deaths,State,Kaduna,8324285,0.9,5
PACE-FLU-SEV,2025/2026,40,46,6,Deaths,State,Kaduna,8324285,0.95,7
PACE-FLU-SEV,2025/2026,40,46,6,Deaths,State,Kano,16253549,0.05,0
PACE-FLU-SEV,2025/2026,40,46,6,Deaths,State,Kano,16253549,0.1,1
PACE-FLU-SEV,2025/2026,40,46,6,Deaths,State,Kano,16253549,0.25,2
PACE-FLU-SEV,2025/2026,40,46,6,Deaths,State,Kano,16253549,0.5,4
PACE-FLU-SEV,2025/2026,40,46,6,Deaths,State,Kano,16253549,0.75,6
PACE-FLU-SEV,2025/2026,40,46,6,Deaths,State,Kano,16253549,0.9,9.63333333333344
PACE-FLU-SEV,2025/2026,40,46,6,Deaths,State,Kano,16253549,0.95,12
PACE-FLU-SEV,2025/2026,40,46,6,Deaths,State,Katsina,9300382,0.05,0
PACE-FLU-SEV,2025/2026,40,46,6,Deaths,State,Katsina,9300382,0.1,0
PACE-FLU-SEV,2025/2026,40,46,6,Deaths,State,Katsina,9300382,0.25,1
PACE-FLU-SEV,2025/2026,40,46,6,Deaths,State,Katsina,9300382,0.5,2
PACE-FLU-SEV,2025/2026,40,46,6,Deaths,State,Katsina,9300382,0.75,4
PACE-FLU-SEV,2025/2026,40,46,6,Deaths,State,Katsina,9300382,0.9,6
PACE-FLU-SEV,2025/2026,40,46,6,Deaths,State,Katsina,9300382,0.95,8
PACE-FLU-SEV,2025/2026,40,46,6,Deaths,State,Kebbi,6001610,0.05,0
PACE-FLU-SEV,2025/2026,40,46,6,Deaths,State,Kebbi,6001610,0.1,0
PACE-FLU-SEV,2025/2026,40,46,6,Deaths,State,Kebbi,6001610,0.25,1
PACE-FLU-SEV,2025/2026,40,46,6,Deaths,State,Kebbi,6001610,0.5,1
PACE-FLU-SEV,2025/2026,40,46,6,Deaths,State,Kebbi,6001610,0.75,3
PACE-FLU-SEV,2025/2026,40,46,6,Deaths,State,Kebbi,6001610,0.9,5
PACE-FLU-SEV,2025/2026,40,46,6,Deaths,State,Kebbi,6001610,0.95,6
PACE-FLU-SEV,2025/2026,40,46,6,Deaths,State,Kogi,5053734,0.05,0
PACE-FLU-SEV,2025/2026,40,46,6,Deaths,State,Kogi,5053734,0.1,0
PACE-FLU-SEV,2025/2026,40,46,6,Deaths,State,Kogi,5053734,0.25,0
PACE-FLU-SEV,2025/2026,40,46,6,Deaths,State,Kogi,5053734,0.5,1
PACE-FLU-SEV,2025/2026,40,46,6,Deaths,State,Kogi,5053734,0.75,2
PACE-FLU-SEV,2025/2026,40,46,6,Deaths,State,Kogi,5053734,0.9,3
PACE-FLU-SEV,2025/2026,40,46,6,Deaths,State,Kogi,5053734,0.95,4
PACE-FLU-SEV,2025/2026,40,46,6,Deaths,State,Kwara,4259613,0.05,0
PACE-FLU-SEV,2025/2026,40,46,6,Deaths,State,Kwara,4259613,0.1,0
PACE-FLU-SEV,2025/2026,40,46,6,Deaths,State,Kwara,4259613,0.25,0
PACE-FLU-SEV,2025/2026,40,46,6,Deaths,State,Kwara,4259613,0.5,1
PACE-FLU-SEV,2025/2026,40,46,6,Deaths,State,Kwara,4259613,0.75,2
PACE-FLU-SEV,2025/2026,40,46,6,Deaths,State,Kwara,4259613,0.9,3
PACE-FLU-SEV,2025/2026,40,46,6,Deaths,State,Kwara,4259613,0.95,4
PACE-FLU-SEV,2025/2026,40,46,6,Deaths,State,Lagos,15772884,0.05,0
PACE-FLU-SEV,2025/2026,40,46,6,Deaths,State,Lagos,15772884,0.1,0
PACE-FLU-SEV,2025/2026,40,46,6,Deaths,State,Lagos,15772884,0.25,1
PACE-FLU-SEV,2025/2026,40,46,6,Deaths,State,Lagos,15772884,0.5,2
PACE-FLU-SEV,2025/2026,40,46,6,Deaths,State,Lagos,15772884,0.75,3
PACE-FLU-SEV,2025/2026,40,46,6,Deaths,State,Lagos,15772884,0.9,5
PACE-FLU-SEV,2025/2026,40,46,6,Deaths,State,Lagos,15772884,0.95,6
PACE-FLU-SEV,2025/2026,40,46,6,Deaths,State,Nasarawa,3632239,0.05,0
PACE-FLU-SEV,2025/2026,40,46,6,Deaths,State,Nasarawa,3632239,0.1,0
PACE-FLU-SEV,2025/2026,40,46,6,Deaths,State,Nasarawa,3632239,0.25,0
PACE-FLU-SEV,2025/2026,40,46,6,Deaths,State,Nasarawa,3632239,0.5,1
PACE-FLU-SEV,2025/2026,40,46,6,Deaths,State,Nasarawa,3632239,0.75,1
PACE-FLU-SEV,2025/2026,40,46,6,Deaths,State,Nasarawa,3632239,0.9,2
PACE-FLU-SEV,2025/2026,40,46,6,Deaths,State,Nasarawa,3632239,0.95,3
PACE-FLU-SEV,2025/2026,40,46,6,Deaths,State,Niger,6720617,0.05,0
PACE-FLU-SEV,2025/2026,40,46,6,Deaths,State,Niger,6720617,0.1,0
PACE-FLU-SEV,2025/2026,40,46,6,Deaths,State,Niger,6720617,0.25,1
PACE-FLU-SEV,2025/2026,40,46,6,Deaths,State,Niger,6720617,0.5,1
PACE-FLU-SEV,2025/2026,40,46,6,Deaths,State,Niger,6720617,0.75,3
PACE-FLU-SEV,2025/2026,40,46,6,Deaths,State,Niger,6720617,0.9,5
PACE-FLU-SEV,2025/2026,40,46,6,Deaths,State,Niger,6720617,0.95,6
PACE-FLU-SEV,2025/2026,40,46,6,Deaths,State,Ogun,6445275,0.05,0
PACE-FLU-SEV,2025/2026,40,46,6,Deaths,State,Ogun,6445275,0.1,0
PACE-FLU-SEV,2025/2026,40,46,6,Deaths,State,Ogun,6445275,0.25,0
PACE-FLU-SEV,2025/2026,40,46,6,Deaths,State,Ogun,6445275,0.5,1
PACE-FLU-SEV,2025/2026,40,46,6,Deaths,State,Ogun,6445275,0.75,2
PACE-FLU-SEV,2025/2026,40,46,6,Deaths,State,Ogun,6445275,0.9,3
PACE-FLU-SEV,2025/2026,40,46,6,Deaths,State,Ogun,6445275,0.95,4
PACE-FLU-SEV,2025/2026,40,46,6,Deaths,State,Ondo,5469707,0.05,0
PACE-FLU-SEV,2025/2026,40,46,6,Deaths,State,Ondo,5469707,0.1,0
PACE-FLU-SEV,2025/2026,40,46,6,Deaths,State,Ondo,5469707,0.25,0
PACE-FLU-SEV,2025/2026,40,46,6,Deaths,State,Ondo,5469707,0.5,1
PACE-FLU-SEV,2025/2026,40,46,6,Deaths,State,Ondo,5469707,0.75,2
PACE-FLU-SEV,2025/2026,40,46,6,Deaths,State,Ondo,5469707,0.9,3
PACE-FLU-SEV,2025/2026,40,46,6,Deaths,State,Ondo,5469707,0.95,4
PACE-FLU-SEV,2025/2026,40,46,6,Deaths,State,Osun,4237396,0.05,0
PACE-FLU-SEV,2025/2026,40,46,6,Deaths,State,Osun,4237396,0.1,0
PACE-FLU-SEV,2025/2026,40,46,6,Deaths,State,Osun,4237396,0.25,0
PACE-FLU-SEV,2025/2026,40,46,6,Deaths,State,Osun,4237396,0.5,1
PACE-FLU-SEV,2025/2026,40,46,6,Deaths,State,Osun,4237396,0.75,2
PACE-FLU-SEV,2025/2026,40,46,6,Deaths,State,Osun,4237396,0.9,3
PACE-FLU-SEV,2025/2026,40,46,6,Deaths,State,Osun,4237396,0.95,3
PACE-FLU-SEV,2025/2026,40,46,6,Deaths,State,Oyo,7512855,0.05,0
PACE-FLU-SEV,2025/2026,40,46,6,Deaths,State,Oyo,7512855,0.1,0
PACE-FLU-SEV,2025/2026,40,46,6,Deaths,State,Oyo,7512855,0.25,0
PACE-FLU-SEV,2025/2026,40,46,6,Deaths,State,Oyo,7512855,0.5,1
PACE-FLU-SEV,2025/2026,40,46,6,Deaths,State,Oyo,7512855,0.75,2
PACE-FLU-SEV,2025/2026,40,46,6,Deaths,State,Oyo,7512855,0.9,4
PACE-FLU-SEV,2025/2026,40,46,6,Deaths,State,Oyo,7512855,0.95,5
PACE-FLU-SEV,2025/2026,40,46,6,Deaths,State,Plateau,5400974,0.05,0
PACE-FLU-SEV,2025/2026,40,46,6,Deaths,State,Plateau,5400974,0.1,0
PACE-FLU-SEV,2025/2026,40,46,6,Deaths,State,Plateau,5400974,0.25,0
PACE-FLU-SEV,2025/2026,40,46,6,Deaths,State,Plateau,5400974,0.5,1
PACE-FLU-SEV,2025/2026,40,46,6,Deaths,State,Plateau,5400974,0.75,2
PACE-FLU-SEV,2025/2026,40,46,6,Deaths,State,Plateau,5400974,0.9,3
PACE-FLU-SEV,2025/2026,40,46,6,Deaths,State,Plateau,5400974,0.95,4
PACE-FLU-SEV,2025/2026,40,46,6,Deaths,State,Rivers,7234973,0.05,0
PACE-FLU-SEV,2025/2026,40,46,6,Deaths,State,Rivers,7234973,0.1,0
PACE-FLU-SEV,2025/2026,40,46,6,Deaths,State,Rivers,7234973,0.25,0
PACE-FLU-SEV,2025/2026,40,46,6,Deaths,State,Rivers,7234973,0.5,1
PACE-FLU-SEV,2025/2026,40,46,6,Deaths,State,Rivers,7234973,0.75,2
PACE-FLU-SEV,2025/2026,40,46,6,Deaths,State,Rivers,7234973,0.9,4
PACE-FLU-SEV,2025/2026,40,46,6,Deaths,State,Rivers,7234973,0.95,4
PACE-FLU-SEV,2025/2026,40,46,6,Deaths,State,Sokoto,6163187,0.05,0
PACE-FLU-SEV,2025/2026,40,46,6,Deaths,State,Sokoto,6163187,0.1,0
PACE-FLU-SEV,2025/2026,40,46,6,Deaths,State,Sokoto,6163187,0.25,1
PACE-FLU-SEV,2025/2026,40,46,6,Deaths,State,Sokoto,6163187,0.5,2
PACE-FLU-SEV,2025/2026,40,46,6,Deaths,State,Sokoto,6163187,0.75,3
PACE-FLU-SEV,2025/2026,40,46,6,Deaths,State,Sokoto,6163187,0.9,5
PACE-FLU-SEV,2025/2026,40,46,6,Deaths,State,Sokoto,6163187,0.95,6
PACE-FLU-SEV,2025/2026,40,46,6,Deaths,State,Taraba,4331885,0.05,0
PACE-FLU-SEV,2025/2026,40,46,6,Deaths,State,Taraba,4331885,0.1,0
PACE-FLU-SEV,2025/2026,40,46,6,Deaths,State,Taraba,4331885,0.25,0
PACE-FLU-SEV,2025/2026,40,46,6,Deaths,State,Taraba,4331885,0.5,1
PACE-FLU-SEV,2025/2026,40,46,6,Deaths,State,Taraba,4331885,0.75,2
PACE-FLU-SEV,2025/2026,40,46,6,Deaths,State,Taraba,4331885,0.9,4
PACE-FLU-SEV,2025/2026,40,46,6,Deaths,State,Taraba,4331885,0.95,5
PACE-FLU-SEV,2025/2026,40,46,6,Deaths,State,Yobe,4350401,0.05,0
PACE-FLU-SEV,2025/2026,40,46,6,Deaths,State,Yobe,4350401,0.1,0
PACE-FLU-SEV,2025/2026,40,46,6,Deaths,State,Yobe,4350401,0.25,0
PACE-FLU-SEV,2025/2026,40,46,6,Deaths,State,Yobe,4350401,0.5,1
PACE-FLU-SEV,2025/2026,40,46,6,Deaths,State,Yobe,4350401,0.75,2
PACE-FLU-SEV,2025/2026,40,46,6,Deaths,State,Yobe,4350401,0.9,4
PACE-FLU-SEV,2025/2026,40,46,6,Deaths,State,Yobe,4350401,0.95,5
PACE-FLU-SEV,2025/2026,40,46,6,Deaths,State,Zamfara,5517793,0.05,0
PACE-FLU-SEV,2025/2026,40,46,6,Deaths,State,Zamfara,5517793,0.1,0
PACE-FLU-SEV,2025/2026,40,46,6,Deaths,State,Zamfara,5517793,0.25,1
PACE-FLU-SEV,2025/2026,40,46,6,Deaths,State,Zamfara,5517793,0.5,1
PACE-FLU-SEV,2025/2026,40,46,6,Deaths,State,Zamfara,5517793,0.75,3
PACE-FLU-SEV,2025/2026,40,46,6,Deaths,State,Zamfara,5517793,0.9,4
PACE-FLU-SEV,2025/2026,40,46,6,Deaths,State,Zamfara,5517793,0.95,6
PACE-FLU-SEV,2025/2026,40,46,6,Deaths,Zone,NC,36557326,0.05,3
PACE-FLU-SEV,2025/2026,40,46,6,Deaths,Zone,NC,36557326,0.1,4
PACE-FLU-SEV,2025/2026,40,46,6,Deaths,Zone,NC,36557326,0.25,6
PACE-FLU-SEV,2025/2026,40,46,6,Deaths,Zone,NC,36557326,0.5,9
PACE-FLU-SEV,2025/2026,40,46,6,Deaths,Zone,NC,36557326,0.75,12
PACE-FLU-SEV,2025/2026,40,46,6,Deaths,Zone,NC,36557326,0.9,16
PACE-FLU-SEV,2025/2026,40,46,6,Deaths,Zone,NC,36557326,0.95,19
PACE-FLU-SEV,2025/2026,40,46,6,Deaths,Zone,NE,32734949,0.05,4
PACE-FLU-SEV,2025/2026,40,46,6,Deaths,Zone,NE,32734949,0.1,5
PACE-FLU-SEV,2025/2026,40,46,6,Deaths,Zone,NE,32734949,0.25,7
PACE-FLU-SEV,2025/2026,40,46,6,Deaths,Zone,NE,32734949,0.5,10
PACE-FLU-SEV,2025/2026,40,46,6,Deaths,Zone,NE,32734949,0.75,14
PACE-FLU-SEV,2025/2026,40,46,6,Deaths,Zone,NE,32734949,0.9,18
PACE-FLU-SEV,2025/2026,40,46,6,Deaths,Zone,NE,32734949,0.95,20.65000000000009
PACE-FLU-SEV,2025/2026,40,46,6,Deaths,Zone,NW,58539886,0.05,7
PACE-FLU-SEV,2025/2026,40,46,6,Deaths,Zone,NW,58539886,0.1,9
PACE-FLU-SEV,2025/2026,40,46,6,Deaths,Zone,NW,58539886,0.25,12
PACE-FLU-SEV,2025/2026,40,46,6,Deaths,Zone,NW,58539886,0.5,17
PACE-FLU-SEV,2025/2026,40,46,6,Deaths,Zone,NW,58539886,0.75,22
PACE-FLU-SEV,2025/2026,40,46,6,Deaths,Zone,NW,58539886,0.9,28
PACE-FLU-SEV,2025/2026,40,46,6,Deaths,Zone,NW,58539886,0.95,33
PACE-FLU-SEV,2025/2026,40,46,6,Deaths,Zone,SE,27612828,0.05,1
PACE-FLU-SEV,2025/2026,40,46,6,Deaths,Zone,SE,27612828,0.1,2
PACE-FLU-SEV,2025/2026,40,46,6,Deaths,Zone,SE,27612828,0.25,3
PACE-FLU-SEV,2025/2026,40,46,6,Deaths,Zone,SE,27612828,0.5,5
PACE-FLU-SEV,2025/2026,40,46,6,Deaths,Zone,SE,27612828,0.75,7
PACE-FLU-SEV,2025/2026,40,46,6,Deaths,Zone,SE,27612828,0.9,10
PACE-FLU-SEV,2025/2026,40,46,6,Deaths,Zone,SE,27612828,0.95,12
PACE-FLU-SEV,2025/2026,40,46,6,Deaths,Zone,SS,31220652,0.05,2
PACE-FLU-SEV,2025/2026,40,46,6,Deaths,Zone,SS,31220652,0.1,3
PACE-FLU-SEV,2025/2026,40,46,6,Deaths,Zone,SS,31220652,0.25,4
PACE-FLU-SEV,2025/2026,40,46,6,Deaths,Zone,SS,31220652,0.5,6
PACE-FLU-SEV,2025/2026,40,46,6,Deaths,Zone,SS,31220652,0.75,9
PACE-FLU-SEV,2025/2026,40,46,6,Deaths,Zone,SS,31220652,0.9,12
PACE-FLU-SEV,2025/2026,40,46,6,Deaths,Zone,SS,31220652,0.95,14
PACE-FLU-SEV,2025/2026,40,46,6,Deaths,Zone,SW,42836294,0.05,2
PACE-FLU-SEV,2025/2026,40,46,6,Deaths,Zone,SW,42836294,0.1,3
PACE-FLU-SEV,2025/2026,40,46,6,Deaths,Zone,SW,42836294,0.25,5
PACE-FLU-SEV,2025/2026,40,46,6,Deaths,Zone,SW,42836294,0.5,7
PACE-FLU-SEV,2025/2026,40,46,6,Deaths,Zone,SW,42836294,0.75,10
PACE-FLU-SEV,2025/2026,40,46,6,Deaths,Zone,SW,42836294,0.9,13
PACE-FLU-SEV,2025/2026,40,46,6,Deaths,Zone,SW,42836294,0.95,15
PACE-FLU-SEV,2025/2026,40,47,7,Deaths,Macro,North,127832161,0.05,22
PACE-FLU-SEV,2025/2026,40,47,7,Deaths,Macro,North,127832161,0.1,25
PACE-FLU-SEV,2025/2026,40,47,7,Deaths,Macro,North,127832161,0.25,31
PACE-FLU-SEV,2025/2026,40,47,7,Deaths,Macro,North,127832161,0.5,40
PACE-FLU-SEV,2025/2026,40,47,7,Deaths,Macro,North,127832161,0.75,50
PACE-FLU-SEV,2025/2026,40,47,7,Deaths,Macro,North,127832161,0.9,62
PACE-FLU-SEV,2025/2026,40,47,7,Deaths,Macro,North,127832161,0.95,70
PACE-FLU-SEV,2025/2026,40,47,7,Deaths,Macro,South,101669774,0.05,9
PACE-FLU-SEV,2025/2026,40,47,7,Deaths,Macro,South,101669774,0.1,11
PACE-FLU-SEV,2025/2026,40,47,7,Deaths,Macro,South,101669774,0.25,15
PACE-FLU-SEV,2025/2026,40,47,7,Deaths,Macro,South,101669774,0.5,20
PACE-FLU-SEV,2025/2026,40,47,7,Deaths,Macro,South,101669774,0.75,26
PACE-FLU-SEV,2025/2026,40,47,7,Deaths,Macro,South,101669774,0.9,33
PACE-FLU-SEV,2025/2026,40,47,7,Deaths,Macro,South,101669774,0.95,38
PACE-FLU-SEV,2025/2026,40,47,7,Deaths,National,Nigeria,229501935,0.05,36
PACE-FLU-SEV,2025/2026,40,47,7,Deaths,National,Nigeria,229501935,0.1,41
PACE-FLU-SEV,2025/2026,40,47,7,Deaths,National,Nigeria,229501935,0.25,49
PACE-FLU-SEV,2025/2026,40,47,7,Deaths,National,Nigeria,229501935,0.5,61
PACE-FLU-SEV,2025/2026,40,47,7,Deaths,National,Nigeria,229501935,0.75,74
PACE-FLU-SEV,2025/2026,40,47,7,Deaths,National,Nigeria,229501935,0.9,90
PACE-FLU-SEV,2025/2026,40,47,7,Deaths,National,Nigeria,229501935,0.95,102
PACE-FLU-SEV,2025/2026,40,47,7,Deaths,State,Abia,4841943,0.05,0
PACE-FLU-SEV,2025/2026,40,47,7,Deaths,State,Abia,4841943,0.1,0
PACE-FLU-SEV,2025/2026,40,47,7,Deaths,State,Abia,4841943,0.25,0
PACE-FLU-SEV,2025/2026,40,47,7,Deaths,State,Abia,4841943,0.5,1
PACE-FLU-SEV,2025/2026,40,47,7,Deaths,State,Abia,4841943,0.75,2
PACE-FLU-SEV,2025/2026,40,47,7,Deaths,State,Abia,4841943,0.9,3
PACE-FLU-SEV,2025/2026,40,47,7,Deaths,State,Abia,4841943,0.95,4
PACE-FLU-SEV,2025/2026,40,47,7,Deaths,State,Adamawa,5236948,0.05,0
PACE-FLU-SEV,2025/2026,40,47,7,Deaths,State,Adamawa,5236948,0.1,0
PACE-FLU-SEV,2025/2026,40,47,7,Deaths,State,Adamawa,5236948,0.25,0
PACE-FLU-SEV,2025/2026,40,47,7,Deaths,State,Adamawa,5236948,0.5,1
PACE-FLU-SEV,2025/2026,40,47,7,Deaths,State,Adamawa,5236948,0.75,2
PACE-FLU-SEV,2025/2026,40,47,7,Deaths,State,Adamawa,5236948,0.9,4
PACE-FLU-SEV,2025/2026,40,47,7,Deaths,State,Adamawa,5236948,0.95,5
PACE-FLU-SEV,2025/2026,40,47,7,Deaths,State,Akwa Ibom,5780581,0.05,0
PACE-FLU-SEV,2025/2026,40,47,7,Deaths,State,Akwa Ibom,5780581,0.1,0
PACE-FLU-SEV,2025/2026,40,47,7,Deaths,State,Akwa Ibom,5780581,0.25,0
PACE-FLU-SEV,2025/2026,40,47,7,Deaths,State,Akwa Ibom,5780581,0.5,1
PACE-FLU-SEV,2025/2026,40,47,7,Deaths,State,Akwa Ibom,5780581,0.75,2
PACE-FLU-SEV,2025/2026,40,47,7,Deaths,State,Akwa Ibom,5780581,0.9,3
PACE-FLU-SEV,2025/2026,40,47,7,Deaths,State,Akwa Ibom,5780581,0.95,4.650000000000091
PACE-FLU-SEV,2025/2026,40,47,7,Deaths,State,Anambra,7299910,0.05,0
PACE-FLU-SEV,2025/2026,40,47,7,Deaths,State,Anambra,7299910,0.1,0
PACE-FLU-SEV,2025/2026,40,47,7,Deaths,State,Anambra,7299910,0.25,0
PACE-FLU-SEV,2025/2026,40,47,7,Deaths,State,Anambra,7299910,0.5,1
PACE-FLU-SEV,2025/2026,40,47,7,Deaths,State,Anambra,7299910,0.75,2
PACE-FLU-SEV,2025/2026,40,47,7,Deaths,State,Anambra,7299910,0.9,4
PACE-FLU-SEV,2025/2026,40,47,7,Deaths,State,Anambra,7299910,0.95,5
PACE-FLU-SEV,2025/2026,40,47,7,Deaths,State,Bauchi,7540663,0.05,0
PACE-FLU-SEV,2025/2026,40,47,7,Deaths,State,Bauchi,7540663,0.1,0
PACE-FLU-SEV,2025/2026,40,47,7,Deaths,State,Bauchi,7540663,0.25,1
PACE-FLU-SEV,2025/2026,40,47,7,Deaths,State,Bauchi,7540663,0.5,2
PACE-FLU-SEV,2025/2026,40,47,7,Deaths,State,Bauchi,7540663,0.75,4
PACE-FLU-SEV,2025/2026,40,47,7,Deaths,State,Bauchi,7540663,0.9,5
PACE-FLU-SEV,2025/2026,40,47,7,Deaths,State,Bauchi,7540663,0.95,7
PACE-FLU-SEV,2025/2026,40,47,7,Deaths,State,Bayelsa,2394725,0.05,0
PACE-FLU-SEV,2025/2026,40,47,7,Deaths,State,Bayelsa,2394725,0.1,0
PACE-FLU-SEV,2025/2026,40,47,7,Deaths,State,Bayelsa,2394725,0.25,0
PACE-FLU-SEV,2025/2026,40,47,7,Deaths,State,Bayelsa,2394725,0.5,0
PACE-FLU-SEV,2025/2026,40,47,7,Deaths,State,Bayelsa,2394725,0.75,1
PACE-FLU-SEV,2025/2026,40,47,7,Deaths,State,Bayelsa,2394725,0.9,2
PACE-FLU-SEV,2025/2026,40,47,7,Deaths,State,Bayelsa,2394725,0.95,3
PACE-FLU-SEV,2025/2026,40,47,7,Deaths,State,Benue,6687706,0.05,0
PACE-FLU-SEV,2025/2026,40,47,7,Deaths,State,Benue,6687706,0.1,0
PACE-FLU-SEV,2025/2026,40,47,7,Deaths,State,Benue,6687706,0.25,1
PACE-FLU-SEV,2025/2026,40,47,7,Deaths,State,Benue,6687706,0.5,2
PACE-FLU-SEV,2025/2026,40,47,7,Deaths,State,Benue,6687706,0.75,3
PACE-FLU-SEV,2025/2026,40,47,7,Deaths,State,Benue,6687706,0.9,5
PACE-FLU-SEV,2025/2026,40,47,7,Deaths,State,Benue,6687706,0.95,6
PACE-FLU-SEV,2025/2026,40,47,7,Deaths,State,Borno,6651590,0.05,0
PACE-FLU-SEV,2025/2026,40,47,7,Deaths,State,Borno,6651590,0.1,0
PACE-FLU-SEV,2025/2026,40,47,7,Deaths,State,Borno,6651590,0.25,1
PACE-FLU-SEV,2025/2026,40,47,7,Deaths,State,Borno,6651590,0.5,2
PACE-FLU-SEV,2025/2026,40,47,7,Deaths,State,Borno,6651590,0.75,4
PACE-FLU-SEV,2025/2026,40,47,7,Deaths,State,Borno,6651590,0.9,6
PACE-FLU-SEV,2025/2026,40,47,7,Deaths,State,Borno,6651590,0.95,7
PACE-FLU-SEV,2025/2026,40,47,7,Deaths,State,Cross River,4175020,0.05,0
PACE-FLU-SEV,2025/2026,40,47,7,Deaths,State,Cross River,4175020,0.1,0
PACE-FLU-SEV,2025/2026,40,47,7,Deaths,State,Cross River,4175020,0.25,0
PACE-FLU-SEV,2025/2026,40,47,7,Deaths,State,Cross River,4175020,0.5,1
PACE-FLU-SEV,2025/2026,40,47,7,Deaths,State,Cross River,4175020,0.75,2
PACE-FLU-SEV,2025/2026,40,47,7,Deaths,State,Cross River,4175020,0.9,3
PACE-FLU-SEV,2025/2026,40,47,7,Deaths,State,Cross River,4175020,0.95,3
PACE-FLU-SEV,2025/2026,40,47,7,Deaths,State,Delta,6107543,0.05,0
PACE-FLU-SEV,2025/2026,40,47,7,Deaths,State,Delta,6107543,0.1,0
PACE-FLU-SEV,2025/2026,40,47,7,Deaths,State,Delta,6107543,0.25,0
PACE-FLU-SEV,2025/2026,40,47,7,Deaths,State,Delta,6107543,0.5,1
PACE-FLU-SEV,2025/2026,40,47,7,Deaths,State,Delta,6107543,0.75,2
PACE-FLU-SEV,2025/2026,40,47,7,Deaths,State,Delta,6107543,0.9,3
PACE-FLU-SEV,2025/2026,40,47,7,Deaths,State,Delta,6107543,0.95,4
PACE-FLU-SEV,2025/2026,40,47,7,Deaths,State,Ebonyi,4007155,0.05,0
PACE-FLU-SEV,2025/2026,40,47,7,Deaths,State,Ebonyi,4007155,0.1,0
PACE-FLU-SEV,2025/2026,40,47,7,Deaths,State,Ebonyi,4007155,0.25,0
PACE-FLU-SEV,2025/2026,40,47,7,Deaths,State,Ebonyi,4007155,0.5,1
PACE-FLU-SEV,2025/2026,40,47,7,Deaths,State,Ebonyi,4007155,0.75,1
PACE-FLU-SEV,2025/2026,40,47,7,Deaths,State,Ebonyi,4007155,0.9,2
PACE-FLU-SEV,2025/2026,40,47,7,Deaths,State,Ebonyi,4007155,0.95,3
PACE-FLU-SEV,2025/2026,40,47,7,Deaths,State,Edo,5527810,0.05,0
PACE-FLU-SEV,2025/2026,40,47,7,Deaths,State,Edo,5527810,0.1,0
PACE-FLU-SEV,2025/2026,40,47,7,Deaths,State,Edo,5527810,0.25,0
PACE-FLU-SEV,2025/2026,40,47,7,Deaths,State,Edo,5527810,0.5,1
PACE-FLU-SEV,2025/2026,40,47,7,Deaths,State,Edo,5527810,0.75,2
PACE-FLU-SEV,2025/2026,40,47,7,Deaths,State,Edo,5527810,0.9,3
PACE-FLU-SEV,2025/2026,40,47,7,Deaths,State,Edo,5527810,0.95,3
PACE-FLU-SEV,2025/2026,40,47,7,Deaths,State,Ekiti,3398177,0.05,0
PACE-FLU-SEV,2025/2026,40,47,7,Deaths,State,Ekiti,3398177,0.1,0
PACE-FLU-SEV,2025/2026,40,47,7,Deaths,State,Ekiti,3398177,0.25,0
PACE-FLU-SEV,2025/2026,40,47,7,Deaths,State,Ekiti,3398177,0.5,0
PACE-FLU-SEV,2025/2026,40,47,7,Deaths,State,Ekiti,3398177,0.75,1
PACE-FLU-SEV,2025/2026,40,47,7,Deaths,State,Ekiti,3398177,0.9,2
PACE-FLU-SEV,2025/2026,40,47,7,Deaths,State,Ekiti,3398177,0.95,3
PACE-FLU-SEV,2025/2026,40,47,7,Deaths,State,Enugu,5396098,0.05,0
PACE-FLU-SEV,2025/2026,40,47,7,Deaths,State,Enugu,5396098,0.1,0
PACE-FLU-SEV,2025/2026,40,47,7,Deaths,State,Enugu,5396098,0.25,0
PACE-FLU-SEV,2025/2026,40,47,7,Deaths,State,Enugu,5396098,0.5,1
PACE-FLU-SEV,2025/2026,40,47,7,Deaths,State,Enugu,5396098,0.75,2
PACE-FLU-SEV,2025/2026,40,47,7,Deaths,State,Enugu,5396098,0.9,3
PACE-FLU-SEV,2025/2026,40,47,7,Deaths,State,Enugu,5396098,0.95,4
PACE-FLU-SEV,2025/2026,40,47,7,Deaths,State,FCT,4802443,0.05,0
PACE-FLU-SEV,2025/2026,40,47,7,Deaths,State,FCT,4802443,0.1,0
PACE-FLU-SEV,2025/2026,40,47,7,Deaths,State,FCT,4802443,0.25,0
PACE-FLU-SEV,2025/2026,40,47,7,Deaths,State,FCT,4802443,0.5,1
PACE-FLU-SEV,2025/2026,40,47,7,Deaths,State,FCT,4802443,0.75,1
PACE-FLU-SEV,2025/2026,40,47,7,Deaths,State,FCT,4802443,0.9,2
PACE-FLU-SEV,2025/2026,40,47,7,Deaths,State,FCT,4802443,0.95,3
PACE-FLU-SEV,2025/2026,40,47,7,Deaths,State,Gombe,4623462,0.05,0
PACE-FLU-SEV,2025/2026,40,47,7,Deaths,State,Gombe,4623462,0.1,0
PACE-FLU-SEV,2025/2026,40,47,7,Deaths,State,Gombe,4623462,0.25,0
PACE-FLU-SEV,2025/2026,40,47,7,Deaths,State,Gombe,4623462,0.5,1
PACE-FLU-SEV,2025/2026,40,47,7,Deaths,State,Gombe,4623462,0.75,3
PACE-FLU-SEV,2025/2026,40,47,7,Deaths,State,Gombe,4623462,0.9,4
PACE-FLU-SEV,2025/2026,40,47,7,Deaths,State,Gombe,4623462,0.95,5
PACE-FLU-SEV,2025/2026,40,47,7,Deaths,State,Imo,6067722,0.05,0
PACE-FLU-SEV,2025/2026,40,47,7,Deaths,State,Imo,6067722,0.1,0
PACE-FLU-SEV,2025/2026,40,47,7,Deaths,State,Imo,6067722,0.25,0
PACE-FLU-SEV,2025/2026,40,47,7,Deaths,State,Imo,6067722,0.5,1
PACE-FLU-SEV,2025/2026,40,47,7,Deaths,State,Imo,6067722,0.75,2
PACE-FLU-SEV,2025/2026,40,47,7,Deaths,State,Imo,6067722,0.9,3
PACE-FLU-SEV,2025/2026,40,47,7,Deaths,State,Imo,6067722,0.95,4
PACE-FLU-SEV,2025/2026,40,47,7,Deaths,State,Jigawa,6979080,0.05,0
PACE-FLU-SEV,2025/2026,40,47,7,Deaths,State,Jigawa,6979080,0.1,0
PACE-FLU-SEV,2025/2026,40,47,7,Deaths,State,Jigawa,6979080,0.25,1
PACE-FLU-SEV,2025/2026,40,47,7,Deaths,State,Jigawa,6979080,0.5,2
PACE-FLU-SEV,2025/2026,40,47,7,Deaths,State,Jigawa,6979080,0.75,3
PACE-FLU-SEV,2025/2026,40,47,7,Deaths,State,Jigawa,6979080,0.9,6
PACE-FLU-SEV,2025/2026,40,47,7,Deaths,State,Jigawa,6979080,0.95,7
PACE-FLU-SEV,2025/2026,40,47,7,Deaths,State,Kaduna,8324285,0.05,0
PACE-FLU-SEV,2025/2026,40,47,7,Deaths,State,Kaduna,8324285,0.1,0
PACE-FLU-SEV,2025/2026,40,47,7,Deaths,State,Kaduna,8324285,0.25,1
PACE-FLU-SEV,2025/2026,40,47,7,Deaths,State,Kaduna,8324285,0.5,2
PACE-FLU-SEV,2025/2026,40,47,7,Deaths,State,Kaduna,8324285,0.75,3
PACE-FLU-SEV,2025/2026,40,47,7,Deaths,State,Kaduna,8324285,0.9,5
PACE-FLU-SEV,2025/2026,40,47,7,Deaths,State,Kaduna,8324285,0.95,7
PACE-FLU-SEV,2025/2026,40,47,7,Deaths,State,Kano,16253549,0.05,0
PACE-FLU-SEV,2025/2026,40,47,7,Deaths,State,Kano,16253549,0.1,1
PACE-FLU-SEV,2025/2026,40,47,7,Deaths,State,Kano,16253549,0.25,2
PACE-FLU-SEV,2025/2026,40,47,7,Deaths,State,Kano,16253549,0.5,4
PACE-FLU-SEV,2025/2026,40,47,7,Deaths,State,Kano,16253549,0.75,7
PACE-FLU-SEV,2025/2026,40,47,7,Deaths,State,Kano,16253549,0.9,11
PACE-FLU-SEV,2025/2026,40,47,7,Deaths,State,Kano,16253549,0.95,14
PACE-FLU-SEV,2025/2026,40,47,7,Deaths,State,Katsina,9300382,0.05,0
PACE-FLU-SEV,2025/2026,40,47,7,Deaths,State,Katsina,9300382,0.1,0
PACE-FLU-SEV,2025/2026,40,47,7,Deaths,State,Katsina,9300382,0.25,1
PACE-FLU-SEV,2025/2026,40,47,7,Deaths,State,Katsina,9300382,0.5,2
PACE-FLU-SEV,2025/2026,40,47,7,Deaths,State,Katsina,9300382,0.75,4
PACE-FLU-SEV,2025/2026,40,47,7,Deaths,State,Katsina,9300382,0.9,7
PACE-FLU-SEV,2025/2026,40,47,7,Deaths,State,Katsina,9300382,0.95,8
PACE-FLU-SEV,2025/2026,40,47,7,Deaths,State,Kebbi,6001610,0.05,0
PACE-FLU-SEV,2025/2026,40,47,7,Deaths,State,Kebbi,6001610,0.1,0
PACE-FLU-SEV,2025/2026,40,47,7,Deaths,State,Kebbi,6001610,0.25,1
PACE-FLU-SEV,2025/2026,40,47,7,Deaths,State,Kebbi,6001610,0.5,2
PACE-FLU-SEV,2025/2026,40,47,7,Deaths,State,Kebbi,6001610,0.75,3
PACE-FLU-SEV,2025/2026,40,47,7,Deaths,State,Kebbi,6001610,0.9,5
PACE-FLU-SEV,2025/2026,40,47,7,Deaths,State,Kebbi,6001610,0.95,6
PACE-FLU-SEV,2025/2026,40,47,7,Deaths,State,Kogi,5053734,0.05,0
PACE-FLU-SEV,2025/2026,40,47,7,Deaths,State,Kogi,5053734,0.1,0
PACE-FLU-SEV,2025/2026,40,47,7,Deaths,State,Kogi,5053734,0.25,0
PACE-FLU-SEV,2025/2026,40,47,7,Deaths,State,Kogi,5053734,0.5,1
PACE-FLU-SEV,2025/2026,40,47,7,Deaths,State,Kogi,5053734,0.75,2
PACE-FLU-SEV,2025/2026,40,47,7,Deaths,State,Kogi,5053734,0.9,4
PACE-FLU-SEV,2025/2026,40,47,7,Deaths,State,Kogi,5053734,0.95,5
PACE-FLU-SEV,2025/2026,40,47,7,Deaths,State,Kwara,4259613,0.05,0
PACE-FLU-SEV,2025/2026,40,47,7,Deaths,State,Kwara,4259613,0.1,0
PACE-FLU-SEV,2025/2026,40,47,7,Deaths,State,Kwara,4259613,0.25,0
PACE-FLU-SEV,2025/2026,40,47,7,Deaths,State,Kwara,4259613,0.5,1
PACE-FLU-SEV,2025/2026,40,47,7,Deaths,State,Kwara,4259613,0.75,2
PACE-FLU-SEV,2025/2026,40,47,7,Deaths,State,Kwara,4259613,0.9,3
PACE-FLU-SEV,2025/2026,40,47,7,Deaths,State,Kwara,4259613,0.95,4
PACE-FLU-SEV,2025/2026,40,47,7,Deaths,State,Lagos,15772884,0.05,0
PACE-FLU-SEV,2025/2026,40,47,7,Deaths,State,Lagos,15772884,0.1,0
PACE-FLU-SEV,2025/2026,40,47,7,Deaths,State,Lagos,15772884,0.25,1
PACE-FLU-SEV,2025/2026,40,47,7,Deaths,State,Lagos,15772884,0.5,2
PACE-FLU-SEV,2025/2026,40,47,7,Deaths,State,Lagos,15772884,0.75,3
PACE-FLU-SEV,2025/2026,40,47,7,Deaths,State,Lagos,15772884,0.9,5
PACE-FLU-SEV,2025/2026,40,47,7,Deaths,State,Lagos,15772884,0.95,7
PACE-FLU-SEV,2025/2026,40,47,7,Deaths,State,Nasarawa,3632239,0.05,0
PACE-FLU-SEV,2025/2026,40,47,7,Deaths,State,Nasarawa,3632239,0.1,0
PACE-FLU-SEV,2025/2026,40,47,7,Deaths,State,Nasarawa,3632239,0.25,0
PACE-FLU-SEV,2025/2026,40,47,7,Deaths,State,Nasarawa,3632239,0.5,1
PACE-FLU-SEV,2025/2026,40,47,7,Deaths,State,Nasarawa,3632239,0.75,2
PACE-FLU-SEV,2025/2026,40,47,7,Deaths,State,Nasarawa,3632239,0.9,3
PACE-FLU-SEV,2025/2026,40,47,7,Deaths,State,Nasarawa,3632239,0.95,4
PACE-FLU-SEV,2025/2026,40,47,7,Deaths,State,Niger,6720617,0.05,0
PACE-FLU-SEV,2025/2026,40,47,7,Deaths,State,Niger,6720617,0.1,0
PACE-FLU-SEV,2025/2026,40,47,7,Deaths,State,Niger,6720617,0.25,1
PACE-FLU-SEV,2025/2026,40,47,7,Deaths,State,Niger,6720617,0.5,2
PACE-FLU-SEV,2025/2026,40,47,7,Deaths,State,Niger,6720617,0.75,3
PACE-FLU-SEV,2025/2026,40,47,7,Deaths,State,Niger,6720617,0.9,5
PACE-FLU-SEV,2025/2026,40,47,7,Deaths,State,Niger,6720617,0.95,6
PACE-FLU-SEV,2025/2026,40,47,7,Deaths,State,Ogun,6445275,0.05,0
PACE-FLU-SEV,2025/2026,40,47,7,Deaths,State,Ogun,6445275,0.1,0
PACE-FLU-SEV,2025/2026,40,47,7,Deaths,State,Ogun,6445275,0.25,0
PACE-FLU-SEV,2025/2026,40,47,7,Deaths,State,Ogun,6445275,0.5,1
PACE-FLU-SEV,2025/2026,40,47,7,Deaths,State,Ogun,6445275,0.75,2
PACE-FLU-SEV,2025/2026,40,47,7,Deaths,State,Ogun,6445275,0.9,3
PACE-FLU-SEV,2025/2026,40,47,7,Deaths,State,Ogun,6445275,0.95,4
PACE-FLU-SEV,2025/2026,40,47,7,Deaths,State,Ondo,5469707,0.05,0
PACE-FLU-SEV,2025/2026,40,47,7,Deaths,State,Ondo,5469707,0.1,0
PACE-FLU-SEV,2025/2026,40,47,7,Deaths,State,Ondo,5469707,0.25,0
PACE-FLU-SEV,2025/2026,40,47,7,Deaths,State,Ondo,5469707,0.5,1
PACE-FLU-SEV,2025/2026,40,47,7,Deaths,State,Ondo,5469707,0.75,2
PACE-FLU-SEV,2025/2026,40,47,7,Deaths,State,Ondo,5469707,0.9,3
PACE-FLU-SEV,2025/2026,40,47,7,Deaths,State,Ondo,5469707,0.95,4
PACE-FLU-SEV,2025/2026,40,47,7,Deaths,State,Osun,4237396,0.05,0
PACE-FLU-SEV,2025/2026,40,47,7,Deaths,State,Osun,4237396,0.1,0
PACE-FLU-SEV,2025/2026,40,47,7,Deaths,State,Osun,4237396,0.25,0
PACE-FLU-SEV,2025/2026,40,47,7,Deaths,State,Osun,4237396,0.5,1
PACE-FLU-SEV,2025/2026,40,47,7,Deaths,State,Osun,4237396,0.75,2
PACE-FLU-SEV,2025/2026,40,47,7,Deaths,State,Osun,4237396,0.9,3
PACE-FLU-SEV,2025/2026,40,47,7,Deaths,State,Osun,4237396,0.95,4
PACE-FLU-SEV,2025/2026,40,47,7,Deaths,State,Oyo,7512855,0.05,0
PACE-FLU-SEV,2025/2026,40,47,7,Deaths,State,Oyo,7512855,0.1,0
PACE-FLU-SEV,2025/2026,40,47,7,Deaths,State,Oyo,7512855,0.25,0
PACE-FLU-SEV,2025/2026,40,47,7,Deaths,State,Oyo,7512855,0.5,1
PACE-FLU-SEV,2025/2026,40,47,7,Deaths,State,Oyo,7512855,0.75,2
PACE-FLU-SEV,2025/2026,40,47,7,Deaths,State,Oyo,7512855,0.9,4
PACE-FLU-SEV,2025/2026,40,47,7,Deaths,State,Oyo,7512855,0.95,5
PACE-FLU-SEV,2025/2026,40,47,7,Deaths,State,Plateau,5400974,0.05,0
PACE-FLU-SEV,2025/2026,40,47,7,Deaths,State,Plateau,5400974,0.1,0
PACE-FLU-SEV,2025/2026,40,47,7,Deaths,State,Plateau,5400974,0.25,0
PACE-FLU-SEV,2025/2026,40,47,7,Deaths,State,Plateau,5400974,0.5,1
PACE-FLU-SEV,2025/2026,40,47,7,Deaths,State,Plateau,5400974,0.75,2
PACE-FLU-SEV,2025/2026,40,47,7,Deaths,State,Plateau,5400974,0.9,4
PACE-FLU-SEV,2025/2026,40,47,7,Deaths,State,Plateau,5400974,0.95,5
PACE-FLU-SEV,2025/2026,40,47,7,Deaths,State,Rivers,7234973,0.05,0
PACE-FLU-SEV,2025/2026,40,47,7,Deaths,State,Rivers,7234973,0.1,0
PACE-FLU-SEV,2025/2026,40,47,7,Deaths,State,Rivers,7234973,0.25,0
PACE-FLU-SEV,2025/2026,40,47,7,Deaths,State,Rivers,7234973,0.5,1
PACE-FLU-SEV,2025/2026,40,47,7,Deaths,State,Rivers,7234973,0.75,2
PACE-FLU-SEV,2025/2026,40,47,7,Deaths,State,Rivers,7234973,0.9,4
PACE-FLU-SEV,2025/2026,40,47,7,Deaths,State,Rivers,7234973,0.95,5
PACE-FLU-SEV,2025/2026,40,47,7,Deaths,State,Sokoto,6163187,0.05,0
PACE-FLU-SEV,2025/2026,40,47,7,Deaths,State,Sokoto,6163187,0.1,0
PACE-FLU-SEV,2025/2026,40,47,7,Deaths,State,Sokoto,6163187,0.25,1
PACE-FLU-SEV,2025/2026,40,47,7,Deaths,State,Sokoto,6163187,0.5,2
PACE-FLU-SEV,2025/2026,40,47,7,Deaths,State,Sokoto,6163187,0.75,3
PACE-FLU-SEV,2025/2026,40,47,7,Deaths,State,Sokoto,6163187,0.9,5
PACE-FLU-SEV,2025/2026,40,47,7,Deaths,State,Sokoto,6163187,0.95,7
PACE-FLU-SEV,2025/2026,40,47,7,Deaths,State,Taraba,4331885,0.05,0
PACE-FLU-SEV,2025/2026,40,47,7,Deaths,State,Taraba,4331885,0.1,0
PACE-FLU-SEV,2025/2026,40,47,7,Deaths,State,Taraba,4331885,0.25,0
PACE-FLU-SEV,2025/2026,40,47,7,Deaths,State,Taraba,4331885,0.5,1
PACE-FLU-SEV,2025/2026,40,47,7,Deaths,State,Taraba,4331885,0.75,2
PACE-FLU-SEV,2025/2026,40,47,7,Deaths,State,Taraba,4331885,0.9,4
PACE-FLU-SEV,2025/2026,40,47,7,Deaths,State,Taraba,4331885,0.95,5
PACE-FLU-SEV,2025/2026,40,47,7,Deaths,State,Yobe,4350401,0.05,0
PACE-FLU-SEV,2025/2026,40,47,7,Deaths,State,Yobe,4350401,0.1,0
PACE-FLU-SEV,2025/2026,40,47,7,Deaths,State,Yobe,4350401,0.25,0
PACE-FLU-SEV,2025/2026,40,47,7,Deaths,State,Yobe,4350401,0.5,1
PACE-FLU-SEV,2025/2026,40,47,7,Deaths,State,Yobe,4350401,0.75,2
PACE-FLU-SEV,2025/2026,40,47,7,Deaths,State,Yobe,4350401,0.9,4
PACE-FLU-SEV,2025/2026,40,47,7,Deaths,State,Yobe,4350401,0.95,5
PACE-FLU-SEV,2025/2026,40,47,7,Deaths,State,Zamfara,5517793,0.05,0
PACE-FLU-SEV,2025/2026,40,47,7,Deaths,State,Zamfara,5517793,0.1,0
PACE-FLU-SEV,2025/2026,40,47,7,Deaths,State,Zamfara,5517793,0.25,1
PACE-FLU-SEV,2025/2026,40,47,7,Deaths,State,Zamfara,5517793,0.5,2
PACE-FLU-SEV,2025/2026,40,47,7,Deaths,State,Zamfara,5517793,0.75,3
PACE-FLU-SEV,2025/2026,40,47,7,Deaths,State,Zamfara,5517793,0.9,5
PACE-FLU-SEV,2025/2026,40,47,7,Deaths,State,Zamfara,5517793,0.95,6
PACE-FLU-SEV,2025/2026,40,47,7,Deaths,Zone,NC,36557326,0.05,3
PACE-FLU-SEV,2025/2026,40,47,7,Deaths,Zone,NC,36557326,0.1,4
PACE-FLU-SEV,2025/2026,40,47,7,Deaths,Zone,NC,36557326,0.25,7
PACE-FLU-SEV,2025/2026,40,47,7,Deaths,Zone,NC,36557326,0.5,10
PACE-FLU-SEV,2025/2026,40,47,7,Deaths,Zone,NC,36557326,0.75,13
PACE-FLU-SEV,2025/2026,40,47,7,Deaths,Zone,NC,36557326,0.9,18
PACE-FLU-SEV,2025/2026,40,47,7,Deaths,Zone,NC,36557326,0.95,21
PACE-FLU-SEV,2025/2026,40,47,7,Deaths,Zone,NE,32734949,0.05,4
PACE-FLU-SEV,2025/2026,40,47,7,Deaths,Zone,NE,32734949,0.1,5
PACE-FLU-SEV,2025/2026,40,47,7,Deaths,Zone,NE,32734949,0.25,8
PACE-FLU-SEV,2025/2026,40,47,7,Deaths,Zone,NE,32734949,0.5,11
PACE-FLU-SEV,2025/2026,40,47,7,Deaths,Zone,NE,32734949,0.75,15
PACE-FLU-SEV,2025/2026,40,47,7,Deaths,Zone,NE,32734949,0.9,19
PACE-FLU-SEV,2025/2026,40,47,7,Deaths,Zone,NE,32734949,0.95,22
PACE-FLU-SEV,2025/2026,40,47,7,Deaths,Zone,NW,58539886,0.05,8
PACE-FLU-SEV,2025/2026,40,47,7,Deaths,Zone,NW,58539886,0.1,10
PACE-FLU-SEV,2025/2026,40,47,7,Deaths,Zone,NW,58539886,0.25,13
PACE-FLU-SEV,2025/2026,40,47,7,Deaths,Zone,NW,58539886,0.5,18
PACE-FLU-SEV,2025/2026,40,47,7,Deaths,Zone,NW,58539886,0.75,24
PACE-FLU-SEV,2025/2026,40,47,7,Deaths,Zone,NW,58539886,0.9,31
PACE-FLU-SEV,2025/2026,40,47,7,Deaths,Zone,NW,58539886,0.95,37
PACE-FLU-SEV,2025/2026,40,47,7,Deaths,Zone,SE,27612828,0.05,1
PACE-FLU-SEV,2025/2026,40,47,7,Deaths,Zone,SE,27612828,0.1,2
PACE-FLU-SEV,2025/2026,40,47,7,Deaths,Zone,SE,27612828,0.25,3
PACE-FLU-SEV,2025/2026,40,47,7,Deaths,Zone,SE,27612828,0.5,5
PACE-FLU-SEV,2025/2026,40,47,7,Deaths,Zone,SE,27612828,0.75,8
PACE-FLU-SEV,2025/2026,40,47,7,Deaths,Zone,SE,27612828,0.9,11
PACE-FLU-SEV,2025/2026,40,47,7,Deaths,Zone,SE,27612828,0.95,13
PACE-FLU-SEV,2025/2026,40,47,7,Deaths,Zone,SS,31220652,0.05,2
PACE-FLU-SEV,2025/2026,40,47,7,Deaths,Zone,SS,31220652,0.1,3
PACE-FLU-SEV,2025/2026,40,47,7,Deaths,Zone,SS,31220652,0.25,4
PACE-FLU-SEV,2025/2026,40,47,7,Deaths,Zone,SS,31220652,0.5,6
PACE-FLU-SEV,2025/2026,40,47,7,Deaths,Zone,SS,31220652,0.75,9
PACE-FLU-SEV,2025/2026,40,47,7,Deaths,Zone,SS,31220652,0.9,12
PACE-FLU-SEV,2025/2026,40,47,7,Deaths,Zone,SS,31220652,0.95,15
PACE-FLU-SEV,2025/2026,40,47,7,Deaths,Zone,SW,42836294,0.05,2
PACE-FLU-SEV,2025/2026,40,47,7,Deaths,Zone,SW,42836294,0.1,3
PACE-FLU-SEV,2025/2026,40,47,7,Deaths,Zone,SW,42836294,0.25,5
PACE-FLU-SEV,2025/2026,40,47,7,Deaths,Zone,SW,42836294,0.5,8
PACE-FLU-SEV,2025/2026,40,47,7,Deaths,Zone,SW,42836294,0.75,11
PACE-FLU-SEV,2025/2026,40,47,7,Deaths,Zone,SW,42836294,0.9,15
PACE-FLU-SEV,2025/2026,40,47,7,Deaths,Zone,SW,42836294,0.95,17
PACE-FLU-SEV,2025/2026,40,48,8,Deaths,Macro,North,127832161,0.05,23
PACE-FLU-SEV,2025/2026,40,48,8,Deaths,Macro,North,127832161,0.1,27
PACE-FLU-SEV,2025/2026,40,48,8,Deaths,Macro,North,127832161,0.25,33
PACE-FLU-SEV,2025/2026,40,48,8,Deaths,Macro,North,127832161,0.5,42
PACE-FLU-SEV,2025/2026,40,48,8,Deaths,Macro,North,127832161,0.75,54
PACE-FLU-SEV,2025/2026,40,48,8,Deaths,Macro,North,127832161,0.9,67
PACE-FLU-SEV,2025/2026,40,48,8,Deaths,Macro,North,127832161,0.95,76
PACE-FLU-SEV,2025/2026,40,48,8,Deaths,Macro,South,101669774,0.05,10
PACE-FLU-SEV,2025/2026,40,48,8,Deaths,Macro,South,101669774,0.1,12
PACE-FLU-SEV,2025/2026,40,48,8,Deaths,Macro,South,101669774,0.25,16
PACE-FLU-SEV,2025/2026,40,48,8,Deaths,Macro,South,101669774,0.5,21
PACE-FLU-SEV,2025/2026,40,48,8,Deaths,Macro,South,101669774,0.75,27
PACE-FLU-SEV,2025/2026,40,48,8,Deaths,Macro,South,101669774,0.9,34
PACE-FLU-SEV,2025/2026,40,48,8,Deaths,Macro,South,101669774,0.95,39
PACE-FLU-SEV,2025/2026,40,48,8,Deaths,National,Nigeria,229501935,0.05,39
PACE-FLU-SEV,2025/2026,40,48,8,Deaths,National,Nigeria,229501935,0.1,43
PACE-FLU-SEV,2025/2026,40,48,8,Deaths,National,Nigeria,229501935,0.25,52
PACE-FLU-SEV,2025/2026,40,48,8,Deaths,National,Nigeria,229501935,0.5,63.500000000000114
PACE-FLU-SEV,2025/2026,40,48,8,Deaths,National,Nigeria,229501935,0.75,79
PACE-FLU-SEV,2025/2026,40,48,8,Deaths,National,Nigeria,229501935,0.9,95
PACE-FLU-SEV,2025/2026,40,48,8,Deaths,National,Nigeria,229501935,0.95,110
PACE-FLU-SEV,2025/2026,40,48,8,Deaths,State,Abia,4841943,0.05,0
PACE-FLU-SEV,2025/2026,40,48,8,Deaths,State,Abia,4841943,0.1,0
PACE-FLU-SEV,2025/2026,40,48,8,Deaths,State,Abia,4841943,0.25,0
PACE-FLU-SEV,2025/2026,40,48,8,Deaths,State,Abia,4841943,0.5,1
PACE-FLU-SEV,2025/2026,40,48,8,Deaths,State,Abia,4841943,0.75,2
PACE-FLU-SEV,2025/2026,40,48,8,Deaths,State,Abia,4841943,0.9,3
PACE-FLU-SEV,2025/2026,40,48,8,Deaths,State,Abia,4841943,0.95,4
PACE-FLU-SEV,2025/2026,40,48,8,Deaths,State,Adamawa,5236948,0.05,0
PACE-FLU-SEV,2025/2026,40,48,8,Deaths,State,Adamawa,5236948,0.1,0
PACE-FLU-SEV,2025/2026,40,48,8,Deaths,State,Adamawa,5236948,0.25,0
PACE-FLU-SEV,2025/2026,40,48,8,Deaths,State,Adamawa,5236948,0.5,1
PACE-FLU-SEV,2025/2026,40,48,8,Deaths,State,Adamawa,5236948,0.75,3
PACE-FLU-SEV,2025/2026,40,48,8,Deaths,State,Adamawa,5236948,0.9,4
PACE-FLU-SEV,2025/2026,40,48,8,Deaths,State,Adamawa,5236948,0.95,6
PACE-FLU-SEV,2025/2026,40,48,8,Deaths,State,Akwa Ibom,5780581,0.05,0
PACE-FLU-SEV,2025/2026,40,48,8,Deaths,State,Akwa Ibom,5780581,0.1,0
PACE-FLU-SEV,2025/2026,40,48,8,Deaths,State,Akwa Ibom,5780581,0.25,0
PACE-FLU-SEV,2025/2026,40,48,8,Deaths,State,Akwa Ibom,5780581,0.5,1
PACE-FLU-SEV,2025/2026,40,48,8,Deaths,State,Akwa Ibom,5780581,0.75,2
PACE-FLU-SEV,2025/2026,40,48,8,Deaths,State,Akwa Ibom,5780581,0.9,3
PACE-FLU-SEV,2025/2026,40,48,8,Deaths,State,Akwa Ibom,5780581,0.95,4
PACE-FLU-SEV,2025/2026,40,48,8,Deaths,State,Anambra,7299910,0.05,0
PACE-FLU-SEV,2025/2026,40,48,8,Deaths,State,Anambra,7299910,0.1,0
PACE-FLU-SEV,2025/2026,40,48,8,Deaths,State,Anambra,7299910,0.25,0
PACE-FLU-SEV,2025/2026,40,48,8,Deaths,State,Anambra,7299910,0.5,1
PACE-FLU-SEV,2025/2026,40,48,8,Deaths,State,Anambra,7299910,0.75,2
PACE-FLU-SEV,2025/2026,40,48,8,Deaths,State,Anambra,7299910,0.9,4
PACE-FLU-SEV,2025/2026,40,48,8,Deaths,State,Anambra,7299910,0.95,5
PACE-FLU-SEV,2025/2026,40,48,8,Deaths,State,Bauchi,7540663,0.05,0
PACE-FLU-SEV,2025/2026,40,48,8,Deaths,State,Bauchi,7540663,0.1,0
PACE-FLU-SEV,2025/2026,40,48,8,Deaths,State,Bauchi,7540663,0.25,1
PACE-FLU-SEV,2025/2026,40,48,8,Deaths,State,Bauchi,7540663,0.5,2
PACE-FLU-SEV,2025/2026,40,48,8,Deaths,State,Bauchi,7540663,0.75,4
PACE-FLU-SEV,2025/2026,40,48,8,Deaths,State,Bauchi,7540663,0.9,6
PACE-FLU-SEV,2025/2026,40,48,8,Deaths,State,Bauchi,7540663,0.95,8
PACE-FLU-SEV,2025/2026,40,48,8,Deaths,State,Bayelsa,2394725,0.05,0
PACE-FLU-SEV,2025/2026,40,48,8,Deaths,State,Bayelsa,2394725,0.1,0
PACE-FLU-SEV,2025/2026,40,48,8,Deaths,State,Bayelsa,2394725,0.25,0
PACE-FLU-SEV,2025/2026,40,48,8,Deaths,State,Bayelsa,2394725,0.5,0
PACE-FLU-SEV,2025/2026,40,48,8,Deaths,State,Bayelsa,2394725,0.75,1
PACE-FLU-SEV,2025/2026,40,48,8,Deaths,State,Bayelsa,2394725,0.9,2
PACE-FLU-SEV,2025/2026,40,48,8,Deaths,State,Bayelsa,2394725,0.95,3
PACE-FLU-SEV,2025/2026,40,48,8,Deaths,State,Benue,6687706,0.05,0
PACE-FLU-SEV,2025/2026,40,48,8,Deaths,State,Benue,6687706,0.1,0
PACE-FLU-SEV,2025/2026,40,48,8,Deaths,State,Benue,6687706,0.25,1
PACE-FLU-SEV,2025/2026,40,48,8,Deaths,State,Benue,6687706,0.5,2
PACE-FLU-SEV,2025/2026,40,48,8,Deaths,State,Benue,6687706,0.75,3
PACE-FLU-SEV,2025/2026,40,48,8,Deaths,State,Benue,6687706,0.9,5
PACE-FLU-SEV,2025/2026,40,48,8,Deaths,State,Benue,6687706,0.95,7
PACE-FLU-SEV,2025/2026,40,48,8,Deaths,State,Borno,6651590,0.05,0
PACE-FLU-SEV,2025/2026,40,48,8,Deaths,State,Borno,6651590,0.1,0
PACE-FLU-SEV,2025/2026,40,48,8,Deaths,State,Borno,6651590,0.25,1
PACE-FLU-SEV,2025/2026,40,48,8,Deaths,State,Borno,6651590,0.5,2
PACE-FLU-SEV,2025/2026,40,48,8,Deaths,State,Borno,6651590,0.75,4
PACE-FLU-SEV,2025/2026,40,48,8,Deaths,State,Borno,6651590,0.9,6
PACE-FLU-SEV,2025/2026,40,48,8,Deaths,State,Borno,6651590,0.95,8
PACE-FLU-SEV,2025/2026,40,48,8,Deaths,State,Cross River,4175020,0.05,0
PACE-FLU-SEV,2025/2026,40,48,8,Deaths,State,Cross River,4175020,0.1,0
PACE-FLU-SEV,2025/2026,40,48,8,Deaths,State,Cross River,4175020,0.25,0
PACE-FLU-SEV,2025/2026,40,48,8,Deaths,State,Cross River,4175020,0.5,1
PACE-FLU-SEV,2025/2026,40,48,8,Deaths,State,Cross River,4175020,0.75,2
PACE-FLU-SEV,2025/2026,40,48,8,Deaths,State,Cross River,4175020,0.9,3
PACE-FLU-SEV,2025/2026,40,48,8,Deaths,State,Cross River,4175020,0.95,4
PACE-FLU-SEV,2025/2026,40,48,8,Deaths,State,Delta,6107543,0.05,0
PACE-FLU-SEV,2025/2026,40,48,8,Deaths,State,Delta,6107543,0.1,0
PACE-FLU-SEV,2025/2026,40,48,8,Deaths,State,Delta,6107543,0.25,0
PACE-FLU-SEV,2025/2026,40,48,8,Deaths,State,Delta,6107543,0.5,1
PACE-FLU-SEV,2025/2026,40,48,8,Deaths,State,Delta,6107543,0.75,2
PACE-FLU-SEV,2025/2026,40,48,8,Deaths,State,Delta,6107543,0.9,3
PACE-FLU-SEV,2025/2026,40,48,8,Deaths,State,Delta,6107543,0.95,5
PACE-FLU-SEV,2025/2026,40,48,8,Deaths,State,Ebonyi,4007155,0.05,0
PACE-FLU-SEV,2025/2026,40,48,8,Deaths,State,Ebonyi,4007155,0.1,0
PACE-FLU-SEV,2025/2026,40,48,8,Deaths,State,Ebonyi,4007155,0.25,0
PACE-FLU-SEV,2025/2026,40,48,8,Deaths,State,Ebonyi,4007155,0.5,1
PACE-FLU-SEV,2025/2026,40,48,8,Deaths,State,Ebonyi,4007155,0.75,1
PACE-FLU-SEV,2025/2026,40,48,8,Deaths,State,Ebonyi,4007155,0.9,2
PACE-FLU-SEV,2025/2026,40,48,8,Deaths,State,Ebonyi,4007155,0.95,3
PACE-FLU-SEV,2025/2026,40,48,8,Deaths,State,Edo,5527810,0.05,0
PACE-FLU-SEV,2025/2026,40,48,8,Deaths,State,Edo,5527810,0.1,0
PACE-FLU-SEV,2025/2026,40,48,8,Deaths,State,Edo,5527810,0.25,0
PACE-FLU-SEV,2025/2026,40,48,8,Deaths,State,Edo,5527810,0.5,1
PACE-FLU-SEV,2025/2026,40,48,8,Deaths,State,Edo,5527810,0.75,2
PACE-FLU-SEV,2025/2026,40,48,8,Deaths,State,Edo,5527810,0.9,3
PACE-FLU-SEV,2025/2026,40,48,8,Deaths,State,Edo,5527810,0.95,4
PACE-FLU-SEV,2025/2026,40,48,8,Deaths,State,Ekiti,3398177,0.05,0
PACE-FLU-SEV,2025/2026,40,48,8,Deaths,State,Ekiti,3398177,0.1,0
PACE-FLU-SEV,2025/2026,40,48,8,Deaths,State,Ekiti,3398177,0.25,0
PACE-FLU-SEV,2025/2026,40,48,8,Deaths,State,Ekiti,3398177,0.5,0
PACE-FLU-SEV,2025/2026,40,48,8,Deaths,State,Ekiti,3398177,0.75,1
PACE-FLU-SEV,2025/2026,40,48,8,Deaths,State,Ekiti,3398177,0.9,2
PACE-FLU-SEV,2025/2026,40,48,8,Deaths,State,Ekiti,3398177,0.95,3
PACE-FLU-SEV,2025/2026,40,48,8,Deaths,State,Enugu,5396098,0.05,0
PACE-FLU-SEV,2025/2026,40,48,8,Deaths,State,Enugu,5396098,0.1,0
PACE-FLU-SEV,2025/2026,40,48,8,Deaths,State,Enugu,5396098,0.25,0
PACE-FLU-SEV,2025/2026,40,48,8,Deaths,State,Enugu,5396098,0.5,1
PACE-FLU-SEV,2025/2026,40,48,8,Deaths,State,Enugu,5396098,0.75,2
PACE-FLU-SEV,2025/2026,40,48,8,Deaths,State,Enugu,5396098,0.9,3
PACE-FLU-SEV,2025/2026,40,48,8,Deaths,State,Enugu,5396098,0.95,4
PACE-FLU-SEV,2025/2026,40,48,8,Deaths,State,FCT,4802443,0.05,0
PACE-FLU-SEV,2025/2026,40,48,8,Deaths,State,FCT,4802443,0.1,0
PACE-FLU-SEV,2025/2026,40,48,8,Deaths,State,FCT,4802443,0.25,0
PACE-FLU-SEV,2025/2026,40,48,8,Deaths,State,FCT,4802443,0.5,1
PACE-FLU-SEV,2025/2026,40,48,8,Deaths,State,FCT,4802443,0.75,1
PACE-FLU-SEV,2025/2026,40,48,8,Deaths,State,FCT,4802443,0.9,3
PACE-FLU-SEV,2025/2026,40,48,8,Deaths,State,FCT,4802443,0.95,3
PACE-FLU-SEV,2025/2026,40,48,8,Deaths,State,Gombe,4623462,0.05,0
PACE-FLU-SEV,2025/2026,40,48,8,Deaths,State,Gombe,4623462,0.1,0
PACE-FLU-SEV,2025/2026,40,48,8,Deaths,State,Gombe,4623462,0.25,0
PACE-FLU-SEV,2025/2026,40,48,8,Deaths,State,Gombe,4623462,0.5,1
PACE-FLU-SEV,2025/2026,40,48,8,Deaths,State,Gombe,4623462,0.75,3
PACE-FLU-SEV,2025/2026,40,48,8,Deaths,State,Gombe,4623462,0.9,4
PACE-FLU-SEV,2025/2026,40,48,8,Deaths,State,Gombe,4623462,0.95,6
PACE-FLU-SEV,2025/2026,40,48,8,Deaths,State,Imo,6067722,0.05,0
PACE-FLU-SEV,2025/2026,40,48,8,Deaths,State,Imo,6067722,0.1,0
PACE-FLU-SEV,2025/2026,40,48,8,Deaths,State,Imo,6067722,0.25,0
PACE-FLU-SEV,2025/2026,40,48,8,Deaths,State,Imo,6067722,0.5,1
PACE-FLU-SEV,2025/2026,40,48,8,Deaths,State,Imo,6067722,0.75,2
PACE-FLU-SEV,2025/2026,40,48,8,Deaths,State,Imo,6067722,0.9,3
PACE-FLU-SEV,2025/2026,40,48,8,Deaths,State,Imo,6067722,0.95,4
PACE-FLU-SEV,2025/2026,40,48,8,Deaths,State,Jigawa,6979080,0.05,0
PACE-FLU-SEV,2025/2026,40,48,8,Deaths,State,Jigawa,6979080,0.1,0
PACE-FLU-SEV,2025/2026,40,48,8,Deaths,State,Jigawa,6979080,0.25,1
PACE-FLU-SEV,2025/2026,40,48,8,Deaths,State,Jigawa,6979080,0.5,2
PACE-FLU-SEV,2025/2026,40,48,8,Deaths,State,Jigawa,6979080,0.75,4
PACE-FLU-SEV,2025/2026,40,48,8,Deaths,State,Jigawa,6979080,0.9,6
PACE-FLU-SEV,2025/2026,40,48,8,Deaths,State,Jigawa,6979080,0.95,8
PACE-FLU-SEV,2025/2026,40,48,8,Deaths,State,Kaduna,8324285,0.05,0
PACE-FLU-SEV,2025/2026,40,48,8,Deaths,State,Kaduna,8324285,0.1,0
PACE-FLU-SEV,2025/2026,40,48,8,Deaths,State,Kaduna,8324285,0.25,1
PACE-FLU-SEV,2025/2026,40,48,8,Deaths,State,Kaduna,8324285,0.5,2
PACE-FLU-SEV,2025/2026,40,48,8,Deaths,State,Kaduna,8324285,0.75,4
PACE-FLU-SEV,2025/2026,40,48,8,Deaths,State,Kaduna,8324285,0.9,6
PACE-FLU-SEV,2025/2026,40,48,8,Deaths,State,Kaduna,8324285,0.95,8
PACE-FLU-SEV,2025/2026,40,48,8,Deaths,State,Kano,16253549,0.05,1
PACE-FLU-SEV,2025/2026,40,48,8,Deaths,State,Kano,16253549,0.1,1
PACE-FLU-SEV,2025/2026,40,48,8,Deaths,State,Kano,16253549,0.25,2
PACE-FLU-SEV,2025/2026,40,48,8,Deaths,State,Kano,16253549,0.5,4
PACE-FLU-SEV,2025/2026,40,48,8,Deaths,State,Kano,16253549,0.75,8
PACE-FLU-SEV,2025/2026,40,48,8,Deaths,State,Kano,16253549,0.9,11
PACE-FLU-SEV,2025/2026,40,48,8,Deaths,State,Kano,16253549,0.95,14
PACE-FLU-SEV,2025/2026,40,48,8,Deaths,State,Katsina,9300382,0.05,0
PACE-FLU-SEV,2025/2026,40,48,8,Deaths,State,Katsina,9300382,0.1,0
PACE-FLU-SEV,2025/2026,40,48,8,Deaths,State,Katsina,9300382,0.25,1
PACE-FLU-SEV,2025/2026,40,48,8,Deaths,State,Katsina,9300382,0.5,3
PACE-FLU-SEV,2025/2026,40,48,8,Deaths,State,Katsina,9300382,0.75,5
PACE-FLU-SEV,2025/2026,40,48,8,Deaths,State,Katsina,9300382,0.9,7
PACE-FLU-SEV,2025/2026,40,48,8,Deaths,State,Katsina,9300382,0.95,9
PACE-FLU-SEV,2025/2026,40,48,8,Deaths,State,Kebbi,6001610,0.05,0
PACE-FLU-SEV,2025/2026,40,48,8,Deaths,State,Kebbi,6001610,0.1,0
PACE-FLU-SEV,2025/2026,40,48,8,Deaths,State,Kebbi,6001610,0.25,1
PACE-FLU-SEV,2025/2026,40,48,8,Deaths,State,Kebbi,6001610,0.5,2
PACE-FLU-SEV,2025/2026,40,48,8,Deaths,State,Kebbi,6001610,0.75,3
PACE-FLU-SEV,2025/2026,40,48,8,Deaths,State,Kebbi,6001610,0.9,5
PACE-FLU-SEV,2025/2026,40,48,8,Deaths,State,Kebbi,6001610,0.95,7
PACE-FLU-SEV,2025/2026,40,48,8,Deaths,State,Kogi,5053734,0.05,0
PACE-FLU-SEV,2025/2026,40,48,8,Deaths,State,Kogi,5053734,0.1,0
PACE-FLU-SEV,2025/2026,40,48,8,Deaths,State,Kogi,5053734,0.25,0
PACE-FLU-SEV,2025/2026,40,48,8,Deaths,State,Kogi,5053734,0.5,1
PACE-FLU-SEV,2025/2026,40,48,8,Deaths,State,Kogi,5053734,0.75,2
PACE-FLU-SEV,2025/2026,40,48,8,Deaths,State,Kogi,5053734,0.9,4
PACE-FLU-SEV,2025/2026,40,48,8,Deaths,State,Kogi,5053734,0.95,5
PACE-FLU-SEV,2025/2026,40,48,8,Deaths,State,Kwara,4259613,0.05,0
PACE-FLU-SEV,2025/2026,40,48,8,Deaths,State,Kwara,4259613,0.1,0
PACE-FLU-SEV,2025/2026,40,48,8,Deaths,State,Kwara,4259613,0.25,0
PACE-FLU-SEV,2025/2026,40,48,8,Deaths,State,Kwara,4259613,0.5,1
PACE-FLU-SEV,2025/2026,40,48,8,Deaths,State,Kwara,4259613,0.75,2
PACE-FLU-SEV,2025/2026,40,48,8,Deaths,State,Kwara,4259613,0.9,3
PACE-FLU-SEV,2025/2026,40,48,8,Deaths,State,Kwara,4259613,0.95,4
PACE-FLU-SEV,2025/2026,40,48,8,Deaths,State,Lagos,15772884,0.05,0
PACE-FLU-SEV,2025/2026,40,48,8,Deaths,State,Lagos,15772884,0.1,0
PACE-FLU-SEV,2025/2026,40,48,8,Deaths,State,Lagos,15772884,0.25,1
PACE-FLU-SEV,2025/2026,40,48,8,Deaths,State,Lagos,15772884,0.5,2
PACE-FLU-SEV,2025/2026,40,48,8,Deaths,State,Lagos,15772884,0.75,3
PACE-FLU-SEV,2025/2026,40,48,8,Deaths,State,Lagos,15772884,0.9,5
PACE-FLU-SEV,2025/2026,40,48,8,Deaths,State,Lagos,15772884,0.95,7
PACE-FLU-SEV,2025/2026,40,48,8,Deaths,State,Nasarawa,3632239,0.05,0
PACE-FLU-SEV,2025/2026,40,48,8,Deaths,State,Nasarawa,3632239,0.1,0
PACE-FLU-SEV,2025/2026,40,48,8,Deaths,State,Nasarawa,3632239,0.25,0
PACE-FLU-SEV,2025/2026,40,48,8,Deaths,State,Nasarawa,3632239,0.5,1
PACE-FLU-SEV,2025/2026,40,48,8,Deaths,State,Nasarawa,3632239,0.75,2
PACE-FLU-SEV,2025/2026,40,48,8,Deaths,State,Nasarawa,3632239,0.9,3
PACE-FLU-SEV,2025/2026,40,48,8,Deaths,State,Nasarawa,3632239,0.95,4
PACE-FLU-SEV,2025/2026,40,48,8,Deaths,State,Niger,6720617,0.05,0
PACE-FLU-SEV,2025/2026,40,48,8,Deaths,State,Niger,6720617,0.1,0
PACE-FLU-SEV,2025/2026,40,48,8,Deaths,State,Niger,6720617,0.25,1
PACE-FLU-SEV,2025/2026,40,48,8,Deaths,State,Niger,6720617,0.5,2
PACE-FLU-SEV,2025/2026,40,48,8,Deaths,State,Niger,6720617,0.75,3
PACE-FLU-SEV,2025/2026,40,48,8,Deaths,State,Niger,6720617,0.9,5
PACE-FLU-SEV,2025/2026,40,48,8,Deaths,State,Niger,6720617,0.95,7
PACE-FLU-SEV,2025/2026,40,48,8,Deaths,State,Ogun,6445275,0.05,0
PACE-FLU-SEV,2025/2026,40,48,8,Deaths,State,Ogun,6445275,0.1,0
PACE-FLU-SEV,2025/2026,40,48,8,Deaths,State,Ogun,6445275,0.25,0
PACE-FLU-SEV,2025/2026,40,48,8,Deaths,State,Ogun,6445275,0.5,1
PACE-FLU-SEV,2025/2026,40,48,8,Deaths,State,Ogun,6445275,0.75,2
PACE-FLU-SEV,2025/2026,40,48,8,Deaths,State,Ogun,6445275,0.9,3
PACE-FLU-SEV,2025/2026,40,48,8,Deaths,State,Ogun,6445275,0.95,4
PACE-FLU-SEV,2025/2026,40,48,8,Deaths,State,Ondo,5469707,0.05,0
PACE-FLU-SEV,2025/2026,40,48,8,Deaths,State,Ondo,5469707,0.1,0
PACE-FLU-SEV,2025/2026,40,48,8,Deaths,State,Ondo,5469707,0.25,0
PACE-FLU-SEV,2025/2026,40,48,8,Deaths,State,Ondo,5469707,0.5,1
PACE-FLU-SEV,2025/2026,40,48,8,Deaths,State,Ondo,5469707,0.75,2
PACE-FLU-SEV,2025/2026,40,48,8,Deaths,State,Ondo,5469707,0.9,3
PACE-FLU-SEV,2025/2026,40,48,8,Deaths,State,Ondo,5469707,0.95,4
PACE-FLU-SEV,2025/2026,40,48,8,Deaths,State,Osun,4237396,0.05,0
PACE-FLU-SEV,2025/2026,40,48,8,Deaths,State,Osun,4237396,0.1,0
PACE-FLU-SEV,2025/2026,40,48,8,Deaths,State,Osun,4237396,0.25,0
PACE-FLU-SEV,2025/2026,40,48,8,Deaths,State,Osun,4237396,0.5,1
PACE-FLU-SEV,2025/2026,40,48,8,Deaths,State,Osun,4237396,0.75,2
PACE-FLU-SEV,2025/2026,40,48,8,Deaths,State,Osun,4237396,0.9,3
PACE-FLU-SEV,2025/2026,40,48,8,Deaths,State,Osun,4237396,0.95,4
PACE-FLU-SEV,2025/2026,40,48,8,Deaths,State,Oyo,7512855,0.05,0
PACE-FLU-SEV,2025/2026,40,48,8,Deaths,State,Oyo,7512855,0.1,0
PACE-FLU-SEV,2025/2026,40,48,8,Deaths,State,Oyo,7512855,0.25,0
PACE-FLU-SEV,2025/2026,40,48,8,Deaths,State,Oyo,7512855,0.5,1
PACE-FLU-SEV,2025/2026,40,48,8,Deaths,State,Oyo,7512855,0.75,2
PACE-FLU-SEV,2025/2026,40,48,8,Deaths,State,Oyo,7512855,0.9,4
PACE-FLU-SEV,2025/2026,40,48,8,Deaths,State,Oyo,7512855,0.95,5
PACE-FLU-SEV,2025/2026,40,48,8,Deaths,State,Plateau,5400974,0.05,0
PACE-FLU-SEV,2025/2026,40,48,8,Deaths,State,Plateau,5400974,0.1,0
PACE-FLU-SEV,2025/2026,40,48,8,Deaths,State,Plateau,5400974,0.25,0
PACE-FLU-SEV,2025/2026,40,48,8,Deaths,State,Plateau,5400974,0.5,1
PACE-FLU-SEV,2025/2026,40,48,8,Deaths,State,Plateau,5400974,0.75,2
PACE-FLU-SEV,2025/2026,40,48,8,Deaths,State,Plateau,5400974,0.9,4
PACE-FLU-SEV,2025/2026,40,48,8,Deaths,State,Plateau,5400974,0.95,5
PACE-FLU-SEV,2025/2026,40,48,8,Deaths,State,Rivers,7234973,0.05,0
PACE-FLU-SEV,2025/2026,40,48,8,Deaths,State,Rivers,7234973,0.1,0
PACE-FLU-SEV,2025/2026,40,48,8,Deaths,State,Rivers,7234973,0.25,0
PACE-FLU-SEV,2025/2026,40,48,8,Deaths,State,Rivers,7234973,0.5,1
PACE-FLU-SEV,2025/2026,40,48,8,Deaths,State,Rivers,7234973,0.75,2
PACE-FLU-SEV,2025/2026,40,48,8,Deaths,State,Rivers,7234973,0.9,4
PACE-FLU-SEV,2025/2026,40,48,8,Deaths,State,Rivers,7234973,0.95,5
PACE-FLU-SEV,2025/2026,40,48,8,Deaths,State,Sokoto,6163187,0.05,0
PACE-FLU-SEV,2025/2026,40,48,8,Deaths,State,Sokoto,6163187,0.1,0
PACE-FLU-SEV,2025/2026,40,48,8,Deaths,State,Sokoto,6163187,0.25,1
PACE-FLU-SEV,2025/2026,40,48,8,Deaths,State,Sokoto,6163187,0.5,2
PACE-FLU-SEV,2025/2026,40,48,8,Deaths,State,Sokoto,6163187,0.75,3
PACE-FLU-SEV,2025/2026,40,48,8,Deaths,State,Sokoto,6163187,0.9,5
PACE-FLU-SEV,2025/2026,40,48,8,Deaths,State,Sokoto,6163187,0.95,7
PACE-FLU-SEV,2025/2026,40,48,8,Deaths,State,Taraba,4331885,0.05,0
PACE-FLU-SEV,2025/2026,40,48,8,Deaths,State,Taraba,4331885,0.1,0
PACE-FLU-SEV,2025/2026,40,48,8,Deaths,State,Taraba,4331885,0.25,0
PACE-FLU-SEV,2025/2026,40,48,8,Deaths,State,Taraba,4331885,0.5,1
PACE-FLU-SEV,2025/2026,40,48,8,Deaths,State,Taraba,4331885,0.75,2
PACE-FLU-SEV,2025/2026,40,48,8,Deaths,State,Taraba,4331885,0.9,4
PACE-FLU-SEV,2025/2026,40,48,8,Deaths,State,Taraba,4331885,0.95,5
PACE-FLU-SEV,2025/2026,40,48,8,Deaths,State,Yobe,4350401,0.05,0
PACE-FLU-SEV,2025/2026,40,48,8,Deaths,State,Yobe,4350401,0.1,0
PACE-FLU-SEV,2025/2026,40,48,8,Deaths,State,Yobe,4350401,0.25,0
PACE-FLU-SEV,2025/2026,40,48,8,Deaths,State,Yobe,4350401,0.5,1
PACE-FLU-SEV,2025/2026,40,48,8,Deaths,State,Yobe,4350401,0.75,3
PACE-FLU-SEV,2025/2026,40,48,8,Deaths,State,Yobe,4350401,0.9,4
PACE-FLU-SEV,2025/2026,40,48,8,Deaths,State,Yobe,4350401,0.95,5
PACE-FLU-SEV,2025/2026,40,48,8,Deaths,State,Zamfara,5517793,0.05,0
PACE-FLU-SEV,2025/2026,40,48,8,Deaths,State,Zamfara,5517793,0.1,0
PACE-FLU-SEV,2025/2026,40,48,8,Deaths,State,Zamfara,5517793,0.25,1
PACE-FLU-SEV,2025/2026,40,48,8,Deaths,State,Zamfara,5517793,0.5,2
PACE-FLU-SEV,2025/2026,40,48,8,Deaths,State,Zamfara,5517793,0.75,3
PACE-FLU-SEV,2025/2026,40,48,8,Deaths,State,Zamfara,5517793,0.9,5
PACE-FLU-SEV,2025/2026,40,48,8,Deaths,State,Zamfara,5517793,0.95,7
PACE-FLU-SEV,2025/2026,40,48,8,Deaths,Zone,NC,36557326,0.05,4
PACE-FLU-SEV,2025/2026,40,48,8,Deaths,Zone,NC,36557326,0.1,5
PACE-FLU-SEV,2025/2026,40,48,8,Deaths,Zone,NC,36557326,0.25,7
PACE-FLU-SEV,2025/2026,40,48,8,Deaths,Zone,NC,36557326,0.5,10
PACE-FLU-SEV,2025/2026,40,48,8,Deaths,Zone,NC,36557326,0.75,14
PACE-FLU-SEV,2025/2026,40,48,8,Deaths,Zone,NC,36557326,0.9,18
PACE-FLU-SEV,2025/2026,40,48,8,Deaths,Zone,NC,36557326,0.95,22
PACE-FLU-SEV,2025/2026,40,48,8,Deaths,Zone,NE,32734949,0.05,4
PACE-FLU-SEV,2025/2026,40,48,8,Deaths,Zone,NE,32734949,0.1,6
PACE-FLU-SEV,2025/2026,40,48,8,Deaths,Zone,NE,32734949,0.25,8
PACE-FLU-SEV,2025/2026,40,48,8,Deaths,Zone,NE,32734949,0.5,12
PACE-FLU-SEV,2025/2026,40,48,8,Deaths,Zone,NE,32734949,0.75,16
PACE-FLU-SEV,2025/2026,40,48,8,Deaths,Zone,NE,32734949,0.9,21
PACE-FLU-SEV,2025/2026,40,48,8,Deaths,Zone,NE,32734949,0.95,25
PACE-FLU-SEV,2025/2026,40,48,8,Deaths,Zone,NW,58539886,0.05,9
PACE-FLU-SEV,2025/2026,40,48,8,Deaths,Zone,NW,58539886,0.1,11
PACE-FLU-SEV,2025/2026,40,48,8,Deaths,Zone,NW,58539886,0.25,14
PACE-FLU-SEV,2025/2026,40,48,8,Deaths,Zone,NW,58539886,0.5,20
PACE-FLU-SEV,2025/2026,40,48,8,Deaths,Zone,NW,58539886,0.75,26
PACE-FLU-SEV,2025/2026,40,48,8,Deaths,Zone,NW,58539886,0.9,34
PACE-FLU-SEV,2025/2026,40,48,8,Deaths,Zone,NW,58539886,0.95,41
PACE-FLU-SEV,2025/2026,40,48,8,Deaths,Zone,SE,27612828,0.05,1
PACE-FLU-SEV,2025/2026,40,48,8,Deaths,Zone,SE,27612828,0.1,2
PACE-FLU-SEV,2025/2026,40,48,8,Deaths,Zone,SE,27612828,0.25,4
PACE-FLU-SEV,2025/2026,40,48,8,Deaths,Zone,SE,27612828,0.5,6
PACE-FLU-SEV,2025/2026,40,48,8,Deaths,Zone,SE,27612828,0.75,8
PACE-FLU-SEV,2025/2026,40,48,8,Deaths,Zone,SE,27612828,0.9,11
PACE-FLU-SEV,2025/2026,40,48,8,Deaths,Zone,SE,27612828,0.95,13
PACE-FLU-SEV,2025/2026,40,48,8,Deaths,Zone,SS,31220652,0.05,2
PACE-FLU-SEV,2025/2026,40,48,8,Deaths,Zone,SS,31220652,0.1,3
PACE-FLU-SEV,2025/2026,40,48,8,Deaths,Zone,SS,31220652,0.25,4
PACE-FLU-SEV,2025/2026,40,48,8,Deaths,Zone,SS,31220652,0.5,7
PACE-FLU-SEV,2025/2026,40,48,8,Deaths,Zone,SS,31220652,0.75,10
PACE-FLU-SEV,2025/2026,40,48,8,Deaths,Zone,SS,31220652,0.9,13
PACE-FLU-SEV,2025/2026,40,48,8,Deaths,Zone,SS,31220652,0.95,16
PACE-FLU-SEV,2025/2026,40,48,8,Deaths,Zone,SW,42836294,0.05,2
PACE-FLU-SEV,2025/2026,40,48,8,Deaths,Zone,SW,42836294,0.1,3
PACE-FLU-SEV,2025/2026,40,48,8,Deaths,Zone,SW,42836294,0.25,5
PACE-FLU-SEV,2025/2026,40,48,8,Deaths,Zone,SW,42836294,0.5,8
PACE-FLU-SEV,2025/2026,40,48,8,Deaths,Zone,SW,42836294,0.75,11
PACE-FLU-SEV,2025/2026,40,48,8,Deaths,Zone,SW,42836294,0.9,15
PACE-FLU-SEV,2025/2026,40,48,8,Deaths,Zone,SW,42836294,0.95,17
PACE-FLU-SEV,2025/2026,40,49,9,Deaths,Macro,North,127832161,0.05,24
PACE-FLU-SEV,2025/2026,40,49,9,Deaths,Macro,North,127832161,0.1,28
PACE-FLU-SEV,2025/2026,40,49,9,Deaths,Macro,North,127832161,0.25,35
PACE-FLU-SEV,2025/2026,40,49,9,Deaths,Macro,North,127832161,0.5,45
PACE-FLU-SEV,2025/2026,40,49,9,Deaths,Macro,North,127832161,0.75,57
PACE-FLU-SEV,2025/2026,40,49,9,Deaths,Macro,North,127832161,0.9,72.63333333333344
PACE-FLU-SEV,2025/2026,40,49,9,Deaths,Macro,North,127832161,0.95,85
PACE-FLU-SEV,2025/2026,40,49,9,Deaths,Macro,South,101669774,0.05,11
PACE-FLU-SEV,2025/2026,40,49,9,Deaths,Macro,South,101669774,0.1,12
PACE-FLU-SEV,2025/2026,40,49,9,Deaths,Macro,South,101669774,0.25,16
PACE-FLU-SEV,2025/2026,40,49,9,Deaths,Macro,South,101669774,0.5,22
PACE-FLU-SEV,2025/2026,40,49,9,Deaths,Macro,South,101669774,0.75,28
PACE-FLU-SEV,2025/2026,40,49,9,Deaths,Macro,South,101669774,0.9,37
PACE-FLU-SEV,2025/2026,40,49,9,Deaths,Macro,South,101669774,0.95,43
PACE-FLU-SEV,2025/2026,40,49,9,Deaths,National,Nigeria,229501935,0.05,39
PACE-FLU-SEV,2025/2026,40,49,9,Deaths,National,Nigeria,229501935,0.1,44
PACE-FLU-SEV,2025/2026,40,49,9,Deaths,National,Nigeria,229501935,0.25,54
PACE-FLU-SEV,2025/2026,40,49,9,Deaths,National,Nigeria,229501935,0.5,67
PACE-FLU-SEV,2025/2026,40,49,9,Deaths,National,Nigeria,229501935,0.75,83.58333333333326
PACE-FLU-SEV,2025/2026,40,49,9,Deaths,National,Nigeria,229501935,0.9,104
PACE-FLU-SEV,2025/2026,40,49,9,Deaths,National,Nigeria,229501935,0.95,119
PACE-FLU-SEV,2025/2026,40,49,9,Deaths,State,Abia,4841943,0.05,0
PACE-FLU-SEV,2025/2026,40,49,9,Deaths,State,Abia,4841943,0.1,0
PACE-FLU-SEV,2025/2026,40,49,9,Deaths,State,Abia,4841943,0.25,0
PACE-FLU-SEV,2025/2026,40,49,9,Deaths,State,Abia,4841943,0.5,1
PACE-FLU-SEV,2025/2026,40,49,9,Deaths,State,Abia,4841943,0.75,2
PACE-FLU-SEV,2025/2026,40,49,9,Deaths,State,Abia,4841943,0.9,3
PACE-FLU-SEV,2025/2026,40,49,9,Deaths,State,Abia,4841943,0.95,4
PACE-FLU-SEV,2025/2026,40,49,9,Deaths,State,Adamawa,5236948,0.05,0
PACE-FLU-SEV,2025/2026,40,49,9,Deaths,State,Adamawa,5236948,0.1,0
PACE-FLU-SEV,2025/2026,40,49,9,Deaths,State,Adamawa,5236948,0.25,0
PACE-FLU-SEV,2025/2026,40,49,9,Deaths,State,Adamawa,5236948,0.5,1
PACE-FLU-SEV,2025/2026,40,49,9,Deaths,State,Adamawa,5236948,0.75,3
PACE-FLU-SEV,2025/2026,40,49,9,Deaths,State,Adamawa,5236948,0.9,4
PACE-FLU-SEV,2025/2026,40,49,9,Deaths,State,Adamawa,5236948,0.95,5
PACE-FLU-SEV,2025/2026,40,49,9,Deaths,State,Akwa Ibom,5780581,0.05,0
PACE-FLU-SEV,2025/2026,40,49,9,Deaths,State,Akwa Ibom,5780581,0.1,0
PACE-FLU-SEV,2025/2026,40,49,9,Deaths,State,Akwa Ibom,5780581,0.25,0
PACE-FLU-SEV,2025/2026,40,49,9,Deaths,State,Akwa Ibom,5780581,0.5,1
PACE-FLU-SEV,2025/2026,40,49,9,Deaths,State,Akwa Ibom,5780581,0.75,2
PACE-FLU-SEV,2025/2026,40,49,9,Deaths,State,Akwa Ibom,5780581,0.9,4
PACE-FLU-SEV,2025/2026,40,49,9,Deaths,State,Akwa Ibom,5780581,0.95,5
PACE-FLU-SEV,2025/2026,40,49,9,Deaths,State,Anambra,7299910,0.05,0
PACE-FLU-SEV,2025/2026,40,49,9,Deaths,State,Anambra,7299910,0.1,0
PACE-FLU-SEV,2025/2026,40,49,9,Deaths,State,Anambra,7299910,0.25,0
PACE-FLU-SEV,2025/2026,40,49,9,Deaths,State,Anambra,7299910,0.5,1
PACE-FLU-SEV,2025/2026,40,49,9,Deaths,State,Anambra,7299910,0.75,3
PACE-FLU-SEV,2025/2026,40,49,9,Deaths,State,Anambra,7299910,0.9,4
PACE-FLU-SEV,2025/2026,40,49,9,Deaths,State,Anambra,7299910,0.95,6
PACE-FLU-SEV,2025/2026,40,49,9,Deaths,State,Bauchi,7540663,0.05,0
PACE-FLU-SEV,2025/2026,40,49,9,Deaths,State,Bauchi,7540663,0.1,0
PACE-FLU-SEV,2025/2026,40,49,9,Deaths,State,Bauchi,7540663,0.25,1
PACE-FLU-SEV,2025/2026,40,49,9,Deaths,State,Bauchi,7540663,0.5,2
PACE-FLU-SEV,2025/2026,40,49,9,Deaths,State,Bauchi,7540663,0.75,5
PACE-FLU-SEV,2025/2026,40,49,9,Deaths,State,Bauchi,7540663,0.9,7
PACE-FLU-SEV,2025/2026,40,49,9,Deaths,State,Bauchi,7540663,0.95,10
PACE-FLU-SEV,2025/2026,40,49,9,Deaths,State,Bayelsa,2394725,0.05,0
PACE-FLU-SEV,2025/2026,40,49,9,Deaths,State,Bayelsa,2394725,0.1,0
PACE-FLU-SEV,2025/2026,40,49,9,Deaths,State,Bayelsa,2394725,0.25,0
PACE-FLU-SEV,2025/2026,40,49,9,Deaths,State,Bayelsa,2394725,0.5,0
PACE-FLU-SEV,2025/2026,40,49,9,Deaths,State,Bayelsa,2394725,0.75,1
PACE-FLU-SEV,2025/2026,40,49,9,Deaths,State,Bayelsa,2394725,0.9,2
PACE-FLU-SEV,2025/2026,40,49,9,Deaths,State,Bayelsa,2394725,0.95,3
PACE-FLU-SEV,2025/2026,40,49,9,Deaths,State,Benue,6687706,0.05,0
PACE-FLU-SEV,2025/2026,40,49,9,Deaths,State,Benue,6687706,0.1,0
PACE-FLU-SEV,2025/2026,40,49,9,Deaths,State,Benue,6687706,0.25,1
PACE-FLU-SEV,2025/2026,40,49,9,Deaths,State,Benue,6687706,0.5,2
PACE-FLU-SEV,2025/2026,40,49,9,Deaths,State,Benue,6687706,0.75,3
PACE-FLU-SEV,2025/2026,40,49,9,Deaths,State,Benue,6687706,0.9,5
PACE-FLU-SEV,2025/2026,40,49,9,Deaths,State,Benue,6687706,0.95,7
PACE-FLU-SEV,2025/2026,40,49,9,Deaths,State,Borno,6651590,0.05,0
PACE-FLU-SEV,2025/2026,40,49,9,Deaths,State,Borno,6651590,0.1,0
PACE-FLU-SEV,2025/2026,40,49,9,Deaths,State,Borno,6651590,0.25,1
PACE-FLU-SEV,2025/2026,40,49,9,Deaths,State,Borno,6651590,0.5,2
PACE-FLU-SEV,2025/2026,40,49,9,Deaths,State,Borno,6651590,0.75,4
PACE-FLU-SEV,2025/2026,40,49,9,Deaths,State,Borno,6651590,0.9,7
PACE-FLU-SEV,2025/2026,40,49,9,Deaths,State,Borno,6651590,0.95,9
PACE-FLU-SEV,2025/2026,40,49,9,Deaths,State,Cross River,4175020,0.05,0
PACE-FLU-SEV,2025/2026,40,49,9,Deaths,State,Cross River,4175020,0.1,0
PACE-FLU-SEV,2025/2026,40,49,9,Deaths,State,Cross River,4175020,0.25,0
PACE-FLU-SEV,2025/2026,40,49,9,Deaths,State,Cross River,4175020,0.5,1
PACE-FLU-SEV,2025/2026,40,49,9,Deaths,State,Cross River,4175020,0.75,2
PACE-FLU-SEV,2025/2026,40,49,9,Deaths,State,Cross River,4175020,0.9,3
PACE-FLU-SEV,2025/2026,40,49,9,Deaths,State,Cross River,4175020,0.95,4
PACE-FLU-SEV,2025/2026,40,49,9,Deaths,State,Delta,6107543,0.05,0
PACE-FLU-SEV,2025/2026,40,49,9,Deaths,State,Delta,6107543,0.1,0
PACE-FLU-SEV,2025/2026,40,49,9,Deaths,State,Delta,6107543,0.25,0
PACE-FLU-SEV,2025/2026,40,49,9,Deaths,State,Delta,6107543,0.5,1
PACE-FLU-SEV,2025/2026,40,49,9,Deaths,State,Delta,6107543,0.75,2
PACE-FLU-SEV,2025/2026,40,49,9,Deaths,State,Delta,6107543,0.9,4
PACE-FLU-SEV,2025/2026,40,49,9,Deaths,State,Delta,6107543,0.95,5
PACE-FLU-SEV,2025/2026,40,49,9,Deaths,State,Ebonyi,4007155,0.05,0
PACE-FLU-SEV,2025/2026,40,49,9,Deaths,State,Ebonyi,4007155,0.1,0
PACE-FLU-SEV,2025/2026,40,49,9,Deaths,State,Ebonyi,4007155,0.25,0
PACE-FLU-SEV,2025/2026,40,49,9,Deaths,State,Ebonyi,4007155,0.5,1
PACE-FLU-SEV,2025/2026,40,49,9,Deaths,State,Ebonyi,4007155,0.75,2
PACE-FLU-SEV,2025/2026,40,49,9,Deaths,State,Ebonyi,4007155,0.9,3
PACE-FLU-SEV,2025/2026,40,49,9,Deaths,State,Ebonyi,4007155,0.95,3
PACE-FLU-SEV,2025/2026,40,49,9,Deaths,State,Edo,5527810,0.05,0
PACE-FLU-SEV,2025/2026,40,49,9,Deaths,State,Edo,5527810,0.1,0
PACE-FLU-SEV,2025/2026,40,49,9,Deaths,State,Edo,5527810,0.25,0
PACE-FLU-SEV,2025/2026,40,49,9,Deaths,State,Edo,5527810,0.5,1
PACE-FLU-SEV,2025/2026,40,49,9,Deaths,State,Edo,5527810,0.75,2
PACE-FLU-SEV,2025/2026,40,49,9,Deaths,State,Edo,5527810,0.9,3
PACE-FLU-SEV,2025/2026,40,49,9,Deaths,State,Edo,5527810,0.95,4
PACE-FLU-SEV,2025/2026,40,49,9,Deaths,State,Ekiti,3398177,0.05,0
PACE-FLU-SEV,2025/2026,40,49,9,Deaths,State,Ekiti,3398177,0.1,0
PACE-FLU-SEV,2025/2026,40,49,9,Deaths,State,Ekiti,3398177,0.25,0
PACE-FLU-SEV,2025/2026,40,49,9,Deaths,State,Ekiti,3398177,0.5,0
PACE-FLU-SEV,2025/2026,40,49,9,Deaths,State,Ekiti,3398177,0.75,1
PACE-FLU-SEV,2025/2026,40,49,9,Deaths,State,Ekiti,3398177,0.9,2
PACE-FLU-SEV,2025/2026,40,49,9,Deaths,State,Ekiti,3398177,0.95,3
PACE-FLU-SEV,2025/2026,40,49,9,Deaths,State,Enugu,5396098,0.05,0
PACE-FLU-SEV,2025/2026,40,49,9,Deaths,State,Enugu,5396098,0.1,0
PACE-FLU-SEV,2025/2026,40,49,9,Deaths,State,Enugu,5396098,0.25,0
PACE-FLU-SEV,2025/2026,40,49,9,Deaths,State,Enugu,5396098,0.5,1
PACE-FLU-SEV,2025/2026,40,49,9,Deaths,State,Enugu,5396098,0.75,2
PACE-FLU-SEV,2025/2026,40,49,9,Deaths,State,Enugu,5396098,0.9,3
PACE-FLU-SEV,2025/2026,40,49,9,Deaths,State,Enugu,5396098,0.95,4
PACE-FLU-SEV,2025/2026,40,49,9,Deaths,State,FCT,4802443,0.05,0
PACE-FLU-SEV,2025/2026,40,49,9,Deaths,State,FCT,4802443,0.1,0
PACE-FLU-SEV,2025/2026,40,49,9,Deaths,State,FCT,4802443,0.25,0
PACE-FLU-SEV,2025/2026,40,49,9,Deaths,State,FCT,4802443,0.5,1
PACE-FLU-SEV,2025/2026,40,49,9,Deaths,State,FCT,4802443,0.75,2
PACE-FLU-SEV,2025/2026,40,49,9,Deaths,State,FCT,4802443,0.9,3
PACE-FLU-SEV,2025/2026,40,49,9,Deaths,State,FCT,4802443,0.95,4
PACE-FLU-SEV,2025/2026,40,49,9,Deaths,State,Gombe,4623462,0.05,0
PACE-FLU-SEV,2025/2026,40,49,9,Deaths,State,Gombe,4623462,0.1,0
PACE-FLU-SEV,2025/2026,40,49,9,Deaths,State,Gombe,4623462,0.25,0
PACE-FLU-SEV,2025/2026,40,49,9,Deaths,State,Gombe,4623462,0.5,1
PACE-FLU-SEV,2025/2026,40,49,9,Deaths,State,Gombe,4623462,0.75,3
PACE-FLU-SEV,2025/2026,40,49,9,Deaths,State,Gombe,4623462,0.9,4
PACE-FLU-SEV,2025/2026,40,49,9,Deaths,State,Gombe,4623462,0.95,6
PACE-FLU-SEV,2025/2026,40,49,9,Deaths,State,Imo,6067722,0.05,0
PACE-FLU-SEV,2025/2026,40,49,9,Deaths,State,Imo,6067722,0.1,0
PACE-FLU-SEV,2025/2026,40,49,9,Deaths,State,Imo,6067722,0.25,0
PACE-FLU-SEV,2025/2026,40,49,9,Deaths,State,Imo,6067722,0.5,1
PACE-FLU-SEV,2025/2026,40,49,9,Deaths,State,Imo,6067722,0.75,2
PACE-FLU-SEV,2025/2026,40,49,9,Deaths,State,Imo,6067722,0.9,3
PACE-FLU-SEV,2025/2026,40,49,9,Deaths,State,Imo,6067722,0.95,5
PACE-FLU-SEV,2025/2026,40,49,9,Deaths,State,Jigawa,6979080,0.05,0
PACE-FLU-SEV,2025/2026,40,49,9,Deaths,State,Jigawa,6979080,0.1,0
PACE-FLU-SEV,2025/2026,40,49,9,Deaths,State,Jigawa,6979080,0.25,1
PACE-FLU-SEV,2025/2026,40,49,9,Deaths,State,Jigawa,6979080,0.5,2
PACE-FLU-SEV,2025/2026,40,49,9,Deaths,State,Jigawa,6979080,0.75,4
PACE-FLU-SEV,2025/2026,40,49,9,Deaths,State,Jigawa,6979080,0.9,7
PACE-FLU-SEV,2025/2026,40,49,9,Deaths,State,Jigawa,6979080,0.95,9
PACE-FLU-SEV,2025/2026,40,49,9,Deaths,State,Kaduna,8324285,0.05,0
PACE-FLU-SEV,2025/2026,40,49,9,Deaths,State,Kaduna,8324285,0.1,0
PACE-FLU-SEV,2025/2026,40,49,9,Deaths,State,Kaduna,8324285,0.25,1
PACE-FLU-SEV,2025/2026,40,49,9,Deaths,State,Kaduna,8324285,0.5,2
PACE-FLU-SEV,2025/2026,40,49,9,Deaths,State,Kaduna,8324285,0.75,4
PACE-FLU-SEV,2025/2026,40,49,9,Deaths,State,Kaduna,8324285,0.9,6
PACE-FLU-SEV,2025/2026,40,49,9,Deaths,State,Kaduna,8324285,0.95,8
PACE-FLU-SEV,2025/2026,40,49,9,Deaths,State,Kano,16253549,0.05,0
PACE-FLU-SEV,2025/2026,40,49,9,Deaths,State,Kano,16253549,0.1,1
PACE-FLU-SEV,2025/2026,40,49,9,Deaths,State,Kano,16253549,0.25,2
PACE-FLU-SEV,2025/2026,40,49,9,Deaths,State,Kano,16253549,0.5,4
PACE-FLU-SEV,2025/2026,40,49,9,Deaths,State,Kano,16253549,0.75,8
PACE-FLU-SEV,2025/2026,40,49,9,Deaths,State,Kano,16253549,0.9,12
PACE-FLU-SEV,2025/2026,40,49,9,Deaths,State,Kano,16253549,0.95,16
PACE-FLU-SEV,2025/2026,40,49,9,Deaths,State,Katsina,9300382,0.05,0
PACE-FLU-SEV,2025/2026,40,49,9,Deaths,State,Katsina,9300382,0.1,0
PACE-FLU-SEV,2025/2026,40,49,9,Deaths,State,Katsina,9300382,0.25,1
PACE-FLU-SEV,2025/2026,40,49,9,Deaths,State,Katsina,9300382,0.5,3
PACE-FLU-SEV,2025/2026,40,49,9,Deaths,State,Katsina,9300382,0.75,5
PACE-FLU-SEV,2025/2026,40,49,9,Deaths,State,Katsina,9300382,0.9,7
PACE-FLU-SEV,2025/2026,40,49,9,Deaths,State,Katsina,9300382,0.95,10
PACE-FLU-SEV,2025/2026,40,49,9,Deaths,State,Kebbi,6001610,0.05,0
PACE-FLU-SEV,2025/2026,40,49,9,Deaths,State,Kebbi,6001610,0.1,0
PACE-FLU-SEV,2025/2026,40,49,9,Deaths,State,Kebbi,6001610,0.25,1
PACE-FLU-SEV,2025/2026,40,49,9,Deaths,State,Kebbi,6001610,0.5,2
PACE-FLU-SEV,2025/2026,40,49,9,Deaths,State,Kebbi,6001610,0.75,4
PACE-FLU-SEV,2025/2026,40,49,9,Deaths,State,Kebbi,6001610,0.9,6
PACE-FLU-SEV,2025/2026,40,49,9,Deaths,State,Kebbi,6001610,0.95,7
PACE-FLU-SEV,2025/2026,40,49,9,Deaths,State,Kogi,5053734,0.05,0
PACE-FLU-SEV,2025/2026,40,49,9,Deaths,State,Kogi,5053734,0.1,0
PACE-FLU-SEV,2025/2026,40,49,9,Deaths,State,Kogi,5053734,0.25,0
PACE-FLU-SEV,2025/2026,40,49,9,Deaths,State,Kogi,5053734,0.5,1
PACE-FLU-SEV,2025/2026,40,49,9,Deaths,State,Kogi,5053734,0.75,2
PACE-FLU-SEV,2025/2026,40,49,9,Deaths,State,Kogi,5053734,0.9,4
PACE-FLU-SEV,2025/2026,40,49,9,Deaths,State,Kogi,5053734,0.95,5
PACE-FLU-SEV,2025/2026,40,49,9,Deaths,State,Kwara,4259613,0.05,0
PACE-FLU-SEV,2025/2026,40,49,9,Deaths,State,Kwara,4259613,0.1,0
PACE-FLU-SEV,2025/2026,40,49,9,Deaths,State,Kwara,4259613,0.25,0
PACE-FLU-SEV,2025/2026,40,49,9,Deaths,State,Kwara,4259613,0.5,1
PACE-FLU-SEV,2025/2026,40,49,9,Deaths,State,Kwara,4259613,0.75,2
PACE-FLU-SEV,2025/2026,40,49,9,Deaths,State,Kwara,4259613,0.9,3
PACE-FLU-SEV,2025/2026,40,49,9,Deaths,State,Kwara,4259613,0.95,4
PACE-FLU-SEV,2025/2026,40,49,9,Deaths,State,Lagos,15772884,0.05,0
PACE-FLU-SEV,2025/2026,40,49,9,Deaths,State,Lagos,15772884,0.1,0
PACE-FLU-SEV,2025/2026,40,49,9,Deaths,State,Lagos,15772884,0.25,1
PACE-FLU-SEV,2025/2026,40,49,9,Deaths,State,Lagos,15772884,0.5,2
PACE-FLU-SEV,2025/2026,40,49,9,Deaths,State,Lagos,15772884,0.75,4
PACE-FLU-SEV,2025/2026,40,49,9,Deaths,State,Lagos,15772884,0.9,6
PACE-FLU-SEV,2025/2026,40,49,9,Deaths,State,Lagos,15772884,0.95,7
PACE-FLU-SEV,2025/2026,40,49,9,Deaths,State,Nasarawa,3632239,0.05,0
PACE-FLU-SEV,2025/2026,40,49,9,Deaths,State,Nasarawa,3632239,0.1,0
PACE-FLU-SEV,2025/2026,40,49,9,Deaths,State,Nasarawa,3632239,0.25,0
PACE-FLU-SEV,2025/2026,40,49,9,Deaths,State,Nasarawa,3632239,0.5,1
PACE-FLU-SEV,2025/2026,40,49,9,Deaths,State,Nasarawa,3632239,0.75,2
PACE-FLU-SEV,2025/2026,40,49,9,Deaths,State,Nasarawa,3632239,0.9,3
PACE-FLU-SEV,2025/2026,40,49,9,Deaths,State,Nasarawa,3632239,0.95,4
PACE-FLU-SEV,2025/2026,40,49,9,Deaths,State,Niger,6720617,0.05,0
PACE-FLU-SEV,2025/2026,40,49,9,Deaths,State,Niger,6720617,0.1,0
PACE-FLU-SEV,2025/2026,40,49,9,Deaths,State,Niger,6720617,0.25,1
PACE-FLU-SEV,2025/2026,40,49,9,Deaths,State,Niger,6720617,0.5,2
PACE-FLU-SEV,2025/2026,40,49,9,Deaths,State,Niger,6720617,0.75,3
PACE-FLU-SEV,2025/2026,40,49,9,Deaths,State,Niger,6720617,0.9,5
PACE-FLU-SEV,2025/2026,40,49,9,Deaths,State,Niger,6720617,0.95,7
PACE-FLU-SEV,2025/2026,40,49,9,Deaths,State,Ogun,6445275,0.05,0
PACE-FLU-SEV,2025/2026,40,49,9,Deaths,State,Ogun,6445275,0.1,0
PACE-FLU-SEV,2025/2026,40,49,9,Deaths,State,Ogun,6445275,0.25,0
PACE-FLU-SEV,2025/2026,40,49,9,Deaths,State,Ogun,6445275,0.5,1
PACE-FLU-SEV,2025/2026,40,49,9,Deaths,State,Ogun,6445275,0.75,2
PACE-FLU-SEV,2025/2026,40,49,9,Deaths,State,Ogun,6445275,0.9,4
PACE-FLU-SEV,2025/2026,40,49,9,Deaths,State,Ogun,6445275,0.95,5
PACE-FLU-SEV,2025/2026,40,49,9,Deaths,State,Ondo,5469707,0.05,0
PACE-FLU-SEV,2025/2026,40,49,9,Deaths,State,Ondo,5469707,0.1,0
PACE-FLU-SEV,2025/2026,40,49,9,Deaths,State,Ondo,5469707,0.25,0
PACE-FLU-SEV,2025/2026,40,49,9,Deaths,State,Ondo,5469707,0.5,1
PACE-FLU-SEV,2025/2026,40,49,9,Deaths,State,Ondo,5469707,0.75,2
PACE-FLU-SEV,2025/2026,40,49,9,Deaths,State,Ondo,5469707,0.9,3
PACE-FLU-SEV,2025/2026,40,49,9,Deaths,State,Ondo,5469707,0.95,4
PACE-FLU-SEV,2025/2026,40,49,9,Deaths,State,Osun,4237396,0.05,0
PACE-FLU-SEV,2025/2026,40,49,9,Deaths,State,Osun,4237396,0.1,0
PACE-FLU-SEV,2025/2026,40,49,9,Deaths,State,Osun,4237396,0.25,0
PACE-FLU-SEV,2025/2026,40,49,9,Deaths,State,Osun,4237396,0.5,1
PACE-FLU-SEV,2025/2026,40,49,9,Deaths,State,Osun,4237396,0.75,2
PACE-FLU-SEV,2025/2026,40,49,9,Deaths,State,Osun,4237396,0.9,3
PACE-FLU-SEV,2025/2026,40,49,9,Deaths,State,Osun,4237396,0.95,4
PACE-FLU-SEV,2025/2026,40,49,9,Deaths,State,Oyo,7512855,0.05,0
PACE-FLU-SEV,2025/2026,40,49,9,Deaths,State,Oyo,7512855,0.1,0
PACE-FLU-SEV,2025/2026,40,49,9,Deaths,State,Oyo,7512855,0.25,0
PACE-FLU-SEV,2025/2026,40,49,9,Deaths,State,Oyo,7512855,0.5,1
PACE-FLU-SEV,2025/2026,40,49,9,Deaths,State,Oyo,7512855,0.75,2
PACE-FLU-SEV,2025/2026,40,49,9,Deaths,State,Oyo,7512855,0.9,4
PACE-FLU-SEV,2025/2026,40,49,9,Deaths,State,Oyo,7512855,0.95,5
PACE-FLU-SEV,2025/2026,40,49,9,Deaths,State,Plateau,5400974,0.05,0
PACE-FLU-SEV,2025/2026,40,49,9,Deaths,State,Plateau,5400974,0.1,0
PACE-FLU-SEV,2025/2026,40,49,9,Deaths,State,Plateau,5400974,0.25,0
PACE-FLU-SEV,2025/2026,40,49,9,Deaths,State,Plateau,5400974,0.5,1
PACE-FLU-SEV,2025/2026,40,49,9,Deaths,State,Plateau,5400974,0.75,2
PACE-FLU-SEV,2025/2026,40,49,9,Deaths,State,Plateau,5400974,0.9,4
PACE-FLU-SEV,2025/2026,40,49,9,Deaths,State,Plateau,5400974,0.95,5
PACE-FLU-SEV,2025/2026,40,49,9,Deaths,State,Rivers,7234973,0.05,0
PACE-FLU-SEV,2025/2026,40,49,9,Deaths,State,Rivers,7234973,0.1,0
PACE-FLU-SEV,2025/2026,40,49,9,Deaths,State,Rivers,7234973,0.25,0
PACE-FLU-SEV,2025/2026,40,49,9,Deaths,State,Rivers,7234973,0.5,1
PACE-FLU-SEV,2025/2026,40,49,9,Deaths,State,Rivers,7234973,0.75,3
PACE-FLU-SEV,2025/2026,40,49,9,Deaths,State,Rivers,7234973,0.9,4
PACE-FLU-SEV,2025/2026,40,49,9,Deaths,State,Rivers,7234973,0.95,6
PACE-FLU-SEV,2025/2026,40,49,9,Deaths,State,Sokoto,6163187,0.05,0
PACE-FLU-SEV,2025/2026,40,49,9,Deaths,State,Sokoto,6163187,0.1,0
PACE-FLU-SEV,2025/2026,40,49,9,Deaths,State,Sokoto,6163187,0.25,1
PACE-FLU-SEV,2025/2026,40,49,9,Deaths,State,Sokoto,6163187,0.5,2
PACE-FLU-SEV,2025/2026,40,49,9,Deaths,State,Sokoto,6163187,0.75,4
PACE-FLU-SEV,2025/2026,40,49,9,Deaths,State,Sokoto,6163187,0.9,6
PACE-FLU-SEV,2025/2026,40,49,9,Deaths,State,Sokoto,6163187,0.95,7.650000000000091
PACE-FLU-SEV,2025/2026,40,49,9,Deaths,State,Taraba,4331885,0.05,0
PACE-FLU-SEV,2025/2026,40,49,9,Deaths,State,Taraba,4331885,0.1,0
PACE-FLU-SEV,2025/2026,40,49,9,Deaths,State,Taraba,4331885,0.25,0
PACE-FLU-SEV,2025/2026,40,49,9,Deaths,State,Taraba,4331885,0.5,1
PACE-FLU-SEV,2025/2026,40,49,9,Deaths,State,Taraba,4331885,0.75,3
PACE-FLU-SEV,2025/2026,40,49,9,Deaths,State,Taraba,4331885,0.9,4
PACE-FLU-SEV,2025/2026,40,49,9,Deaths,State,Taraba,4331885,0.95,5
PACE-FLU-SEV,2025/2026,40,49,9,Deaths,State,Yobe,4350401,0.05,0
PACE-FLU-SEV,2025/2026,40,49,9,Deaths,State,Yobe,4350401,0.1,0
PACE-FLU-SEV,2025/2026,40,49,9,Deaths,State,Yobe,4350401,0.25,0
PACE-FLU-SEV,2025/2026,40,49,9,Deaths,State,Yobe,4350401,0.5,1
PACE-FLU-SEV,2025/2026,40,49,9,Deaths,State,Yobe,4350401,0.75,3
PACE-FLU-SEV,2025/2026,40,49,9,Deaths,State,Yobe,4350401,0.9,5
PACE-FLU-SEV,2025/2026,40,49,9,Deaths,State,Yobe,4350401,0.95,6
PACE-FLU-SEV,2025/2026,40,49,9,Deaths,State,Zamfara,5517793,0.05,0
PACE-FLU-SEV,2025/2026,40,49,9,Deaths,State,Zamfara,5517793,0.1,0
PACE-FLU-SEV,2025/2026,40,49,9,Deaths,State,Zamfara,5517793,0.25,1
PACE-FLU-SEV,2025/2026,40,49,9,Deaths,State,Zamfara,5517793,0.5,2
PACE-FLU-SEV,2025/2026,40,49,9,Deaths,State,Zamfara,5517793,0.75,3
PACE-FLU-SEV,2025/2026,40,49,9,Deaths,State,Zamfara,5517793,0.9,6
PACE-FLU-SEV,2025/2026,40,49,9,Deaths,State,Zamfara,5517793,0.95,7
PACE-FLU-SEV,2025/2026,40,49,9,Deaths,Zone,NC,36557326,0.05,4
PACE-FLU-SEV,2025/2026,40,49,9,Deaths,Zone,NC,36557326,0.1,5
PACE-FLU-SEV,2025/2026,40,49,9,Deaths,Zone,NC,36557326,0.25,7
PACE-FLU-SEV,2025/2026,40,49,9,Deaths,Zone,NC,36557326,0.5,10.500000000000114
PACE-FLU-SEV,2025/2026,40,49,9,Deaths,Zone,NC,36557326,0.75,15
PACE-FLU-SEV,2025/2026,40,49,9,Deaths,Zone,NC,36557326,0.9,19
PACE-FLU-SEV,2025/2026,40,49,9,Deaths,Zone,NC,36557326,0.95,23
PACE-FLU-SEV,2025/2026,40,49,9,Deaths,Zone,NE,32734949,0.05,5
PACE-FLU-SEV,2025/2026,40,49,9,Deaths,Zone,NE,32734949,0.1,6
PACE-FLU-SEV,2025/2026,40,49,9,Deaths,Zone,NE,32734949,0.25,9
PACE-FLU-SEV,2025/2026,40,49,9,Deaths,Zone,NE,32734949,0.5,12
PACE-FLU-SEV,2025/2026,40,49,9,Deaths,Zone,NE,32734949,0.75,17
PACE-FLU-SEV,2025/2026,40,49,9,Deaths,Zone,NE,32734949,0.9,23
PACE-FLU-SEV,2025/2026,40,49,9,Deaths,Zone,NE,32734949,0.95,28
PACE-FLU-SEV,2025/2026,40,49,9,Deaths,Zone,NW,58539886,0.05,9
PACE-FLU-SEV,2025/2026,40,49,9,Deaths,Zone,NW,58539886,0.1,11
PACE-FLU-SEV,2025/2026,40,49,9,Deaths,Zone,NW,58539886,0.25,15
PACE-FLU-SEV,2025/2026,40,49,9,Deaths,Zone,NW,58539886,0.5,20
PACE-FLU-SEV,2025/2026,40,49,9,Deaths,Zone,NW,58539886,0.75,28
PACE-FLU-SEV,2025/2026,40,49,9,Deaths,Zone,NW,58539886,0.9,38
PACE-FLU-SEV,2025/2026,40,49,9,Deaths,Zone,NW,58539886,0.95,43
PACE-FLU-SEV,2025/2026,40,49,9,Deaths,Zone,SE,27612828,0.05,2
PACE-FLU-SEV,2025/2026,40,49,9,Deaths,Zone,SE,27612828,0.1,2
PACE-FLU-SEV,2025/2026,40,49,9,Deaths,Zone,SE,27612828,0.25,4
PACE-FLU-SEV,2025/2026,40,49,9,Deaths,Zone,SE,27612828,0.5,6
PACE-FLU-SEV,2025/2026,40,49,9,Deaths,Zone,SE,27612828,0.75,9
PACE-FLU-SEV,2025/2026,40,49,9,Deaths,Zone,SE,27612828,0.9,12
PACE-FLU-SEV,2025/2026,40,49,9,Deaths,Zone,SE,27612828,0.95,14
PACE-FLU-SEV,2025/2026,40,49,9,Deaths,Zone,SS,31220652,0.05,2
PACE-FLU-SEV,2025/2026,40,49,9,Deaths,Zone,SS,31220652,0.1,3
PACE-FLU-SEV,2025/2026,40,49,9,Deaths,Zone,SS,31220652,0.25,5
PACE-FLU-SEV,2025/2026,40,49,9,Deaths,Zone,SS,31220652,0.5,7
PACE-FLU-SEV,2025/2026,40,49,9,Deaths,Zone,SS,31220652,0.75,10
PACE-FLU-SEV,2025/2026,40,49,9,Deaths,Zone,SS,31220652,0.9,14
PACE-FLU-SEV,2025/2026,40,49,9,Deaths,Zone,SS,31220652,0.95,16
PACE-FLU-SEV,2025/2026,40,49,9,Deaths,Zone,SW,42836294,0.05,3
PACE-FLU-SEV,2025/2026,40,49,9,Deaths,Zone,SW,42836294,0.1,4
PACE-FLU-SEV,2025/2026,40,49,9,Deaths,Zone,SW,42836294,0.25,5
PACE-FLU-SEV,2025/2026,40,49,9,Deaths,Zone,SW,42836294,0.5,8
PACE-FLU-SEV,2025/2026,40,49,9,Deaths,Zone,SW,42836294,0.75,11
PACE-FLU-SEV,2025/2026,40,49,9,Deaths,Zone,SW,42836294,0.9,15
PACE-FLU-SEV,2025/2026,40,49,9,Deaths,Zone,SW,42836294,0.95,18
PACE-FLU-SEV,2025/2026,40,50,10,Deaths,Macro,North,127832161,0.05,26
PACE-FLU-SEV,2025/2026,40,50,10,Deaths,Macro,North,127832161,0.1,29
PACE-FLU-SEV,2025/2026,40,50,10,Deaths,Macro,North,127832161,0.25,36
PACE-FLU-SEV,2025/2026,40,50,10,Deaths,Macro,North,127832161,0.5,46
PACE-FLU-SEV,2025/2026,40,50,10,Deaths,Macro,North,127832161,0.75,58
PACE-FLU-SEV,2025/2026,40,50,10,Deaths,Macro,North,127832161,0.9,75
PACE-FLU-SEV,2025/2026,40,50,10,Deaths,Macro,North,127832161,0.95,86
PACE-FLU-SEV,2025/2026,40,50,10,Deaths,Macro,South,101669774,0.05,10.350000000000009
PACE-FLU-SEV,2025/2026,40,50,10,Deaths,Macro,South,101669774,0.1,13
PACE-FLU-SEV,2025/2026,40,50,10,Deaths,Macro,South,101669774,0.25,17
PACE-FLU-SEV,2025/2026,40,50,10,Deaths,Macro,South,101669774,0.5,22
PACE-FLU-SEV,2025/2026,40,50,10,Deaths,Macro,South,101669774,0.75,30
PACE-FLU-SEV,2025/2026,40,50,10,Deaths,Macro,South,101669774,0.9,38
PACE-FLU-SEV,2025/2026,40,50,10,Deaths,Macro,South,101669774,0.95,44
PACE-FLU-SEV,2025/2026,40,50,10,Deaths,National,Nigeria,229501935,0.05,40.35000000000001
PACE-FLU-SEV,2025/2026,40,50,10,Deaths,National,Nigeria,229501935,0.1,46
PACE-FLU-SEV,2025/2026,40,50,10,Deaths,National,Nigeria,229501935,0.25,56
PACE-FLU-SEV,2025/2026,40,50,10,Deaths,National,Nigeria,229501935,0.5,69
PACE-FLU-SEV,2025/2026,40,50,10,Deaths,National,Nigeria,229501935,0.75,88
PACE-FLU-SEV,2025/2026,40,50,10,Deaths,National,Nigeria,229501935,0.9,106
PACE-FLU-SEV,2025/2026,40,50,10,Deaths,National,Nigeria,229501935,0.95,123
PACE-FLU-SEV,2025/2026,40,50,10,Deaths,State,Abia,4841943,0.05,0
PACE-FLU-SEV,2025/2026,40,50,10,Deaths,State,Abia,4841943,0.1,0
PACE-FLU-SEV,2025/2026,40,50,10,Deaths,State,Abia,4841943,0.25,0
PACE-FLU-SEV,2025/2026,40,50,10,Deaths,State,Abia,4841943,0.5,1
PACE-FLU-SEV,2025/2026,40,50,10,Deaths,State,Abia,4841943,0.75,2
PACE-FLU-SEV,2025/2026,40,50,10,Deaths,State,Abia,4841943,0.9,3
PACE-FLU-SEV,2025/2026,40,50,10,Deaths,State,Abia,4841943,0.95,4
PACE-FLU-SEV,2025/2026,40,50,10,Deaths,State,Adamawa,5236948,0.05,0
PACE-FLU-SEV,2025/2026,40,50,10,Deaths,State,Adamawa,5236948,0.1,0
PACE-FLU-SEV,2025/2026,40,50,10,Deaths,State,Adamawa,5236948,0.25,0
PACE-FLU-SEV,2025/2026,40,50,10,Deaths,State,Adamawa,5236948,0.5,1
PACE-FLU-SEV,2025/2026,40,50,10,Deaths,State,Adamawa,5236948,0.75,3
PACE-FLU-SEV,2025/2026,40,50,10,Deaths,State,Adamawa,5236948,0.9,4
PACE-FLU-SEV,2025/2026,40,50,10,Deaths,State,Adamawa,5236948,0.95,6
PACE-FLU-SEV,2025/2026,40,50,10,Deaths,State,Akwa Ibom,5780581,0.05,0
PACE-FLU-SEV,2025/2026,40,50,10,Deaths,State,Akwa Ibom,5780581,0.1,0
PACE-FLU-SEV,2025/2026,40,50,10,Deaths,State,Akwa Ibom,5780581,0.25,0
PACE-FLU-SEV,2025/2026,40,50,10,Deaths,State,Akwa Ibom,5780581,0.5,1
PACE-FLU-SEV,2025/2026,40,50,10,Deaths,State,Akwa Ibom,5780581,0.75,2
PACE-FLU-SEV,2025/2026,40,50,10,Deaths,State,Akwa Ibom,5780581,0.9,4
PACE-FLU-SEV,2025/2026,40,50,10,Deaths,State,Akwa Ibom,5780581,0.95,5
PACE-FLU-SEV,2025/2026,40,50,10,Deaths,State,Anambra,7299910,0.05,0
PACE-FLU-SEV,2025/2026,40,50,10,Deaths,State,Anambra,7299910,0.1,0
PACE-FLU-SEV,2025/2026,40,50,10,Deaths,State,Anambra,7299910,0.25,0
PACE-FLU-SEV,2025/2026,40,50,10,Deaths,State,Anambra,7299910,0.5,1
PACE-FLU-SEV,2025/2026,40,50,10,Deaths,State,Anambra,7299910,0.75,3
PACE-FLU-SEV,2025/2026,40,50,10,Deaths,State,Anambra,7299910,0.9,4
PACE-FLU-SEV,2025/2026,40,50,10,Deaths,State,Anambra,7299910,0.95,6
PACE-FLU-SEV,2025/2026,40,50,10,Deaths,State,Bauchi,7540663,0.05,0
PACE-FLU-SEV,2025/2026,40,50,10,Deaths,State,Bauchi,7540663,0.1,0
PACE-FLU-SEV,2025/2026,40,50,10,Deaths,State,Bauchi,7540663,0.25,1
PACE-FLU-SEV,2025/2026,40,50,10,Deaths,State,Bauchi,7540663,0.5,2
PACE-FLU-SEV,2025/2026,40,50,10,Deaths,State,Bauchi,7540663,0.75,5
PACE-FLU-SEV,2025/2026,40,50,10,Deaths,State,Bauchi,7540663,0.9,7
PACE-FLU-SEV,2025/2026,40,50,10,Deaths,State,Bauchi,7540663,0.95,9
PACE-FLU-SEV,2025/2026,40,50,10,Deaths,State,Bayelsa,2394725,0.05,0
PACE-FLU-SEV,2025/2026,40,50,10,Deaths,State,Bayelsa,2394725,0.1,0
PACE-FLU-SEV,2025/2026,40,50,10,Deaths,State,Bayelsa,2394725,0.25,0
PACE-FLU-SEV,2025/2026,40,50,10,Deaths,State,Bayelsa,2394725,0.5,0
PACE-FLU-SEV,2025/2026,40,50,10,Deaths,State,Bayelsa,2394725,0.75,1
PACE-FLU-SEV,2025/2026,40,50,10,Deaths,State,Bayelsa,2394725,0.9,2
PACE-FLU-SEV,2025/2026,40,50,10,Deaths,State,Bayelsa,2394725,0.95,3
PACE-FLU-SEV,2025/2026,40,50,10,Deaths,State,Benue,6687706,0.05,0
PACE-FLU-SEV,2025/2026,40,50,10,Deaths,State,Benue,6687706,0.1,0
PACE-FLU-SEV,2025/2026,40,50,10,Deaths,State,Benue,6687706,0.25,1
PACE-FLU-SEV,2025/2026,40,50,10,Deaths,State,Benue,6687706,0.5,2
PACE-FLU-SEV,2025/2026,40,50,10,Deaths,State,Benue,6687706,0.75,4
PACE-FLU-SEV,2025/2026,40,50,10,Deaths,State,Benue,6687706,0.9,6
PACE-FLU-SEV,2025/2026,40,50,10,Deaths,State,Benue,6687706,0.95,8
PACE-FLU-SEV,2025/2026,40,50,10,Deaths,State,Borno,6651590,0.05,0
PACE-FLU-SEV,2025/2026,40,50,10,Deaths,State,Borno,6651590,0.1,0
PACE-FLU-SEV,2025/2026,40,50,10,Deaths,State,Borno,6651590,0.25,1
PACE-FLU-SEV,2025/2026,40,50,10,Deaths,State,Borno,6651590,0.5,2
PACE-FLU-SEV,2025/2026,40,50,10,Deaths,State,Borno,6651590,0.75,4
PACE-FLU-SEV,2025/2026,40,50,10,Deaths,State,Borno,6651590,0.9,7
PACE-FLU-SEV,2025/2026,40,50,10,Deaths,State,Borno,6651590,0.95,9
PACE-FLU-SEV,2025/2026,40,50,10,Deaths,State,Cross River,4175020,0.05,0
PACE-FLU-SEV,2025/2026,40,50,10,Deaths,State,Cross River,4175020,0.1,0
PACE-FLU-SEV,2025/2026,40,50,10,Deaths,State,Cross River,4175020,0.25,0
PACE-FLU-SEV,2025/2026,40,50,10,Deaths,State,Cross River,4175020,0.5,1
PACE-FLU-SEV,2025/2026,40,50,10,Deaths,State,Cross River,4175020,0.75,2
PACE-FLU-SEV,2025/2026,40,50,10,Deaths,State,Cross River,4175020,0.9,3
PACE-FLU-SEV,2025/2026,40,50,10,Deaths,State,Cross River,4175020,0.95,4
PACE-FLU-SEV,2025/2026,40,50,10,Deaths,State,Delta,6107543,0.05,0
PACE-FLU-SEV,2025/2026,40,50,10,Deaths,State,Delta,6107543,0.1,0
PACE-FLU-SEV,2025/2026,40,50,10,Deaths,State,Delta,6107543,0.25,0
PACE-FLU-SEV,2025/2026,40,50,10,Deaths,State,Delta,6107543,0.5,1
PACE-FLU-SEV,2025/2026,40,50,10,Deaths,State,Delta,6107543,0.75,2
PACE-FLU-SEV,2025/2026,40,50,10,Deaths,State,Delta,6107543,0.9,4
PACE-FLU-SEV,2025/2026,40,50,10,Deaths,State,Delta,6107543,0.95,5
PACE-FLU-SEV,2025/2026,40,50,10,Deaths,State,Ebonyi,4007155,0.05,0
PACE-FLU-SEV,2025/2026,40,50,10,Deaths,State,Ebonyi,4007155,0.1,0
PACE-FLU-SEV,2025/2026,40,50,10,Deaths,State,Ebonyi,4007155,0.25,0
PACE-FLU-SEV,2025/2026,40,50,10,Deaths,State,Ebonyi,4007155,0.5,1
PACE-FLU-SEV,2025/2026,40,50,10,Deaths,State,Ebonyi,4007155,0.75,2
PACE-FLU-SEV,2025/2026,40,50,10,Deaths,State,Ebonyi,4007155,0.9,3
PACE-FLU-SEV,2025/2026,40,50,10,Deaths,State,Ebonyi,4007155,0.95,3
PACE-FLU-SEV,2025/2026,40,50,10,Deaths,State,Edo,5527810,0.05,0
PACE-FLU-SEV,2025/2026,40,50,10,Deaths,State,Edo,5527810,0.1,0
PACE-FLU-SEV,2025/2026,40,50,10,Deaths,State,Edo,5527810,0.25,0
PACE-FLU-SEV,2025/2026,40,50,10,Deaths,State,Edo,5527810,0.5,1
PACE-FLU-SEV,2025/2026,40,50,10,Deaths,State,Edo,5527810,0.75,2
PACE-FLU-SEV,2025/2026,40,50,10,Deaths,State,Edo,5527810,0.9,3
PACE-FLU-SEV,2025/2026,40,50,10,Deaths,State,Edo,5527810,0.95,4
PACE-FLU-SEV,2025/2026,40,50,10,Deaths,State,Ekiti,3398177,0.05,0
PACE-FLU-SEV,2025/2026,40,50,10,Deaths,State,Ekiti,3398177,0.1,0
PACE-FLU-SEV,2025/2026,40,50,10,Deaths,State,Ekiti,3398177,0.25,0
PACE-FLU-SEV,2025/2026,40,50,10,Deaths,State,Ekiti,3398177,0.5,0
PACE-FLU-SEV,2025/2026,40,50,10,Deaths,State,Ekiti,3398177,0.75,1
PACE-FLU-SEV,2025/2026,40,50,10,Deaths,State,Ekiti,3398177,0.9,2
PACE-FLU-SEV,2025/2026,40,50,10,Deaths,State,Ekiti,3398177,0.95,3
PACE-FLU-SEV,2025/2026,40,50,10,Deaths,State,Enugu,5396098,0.05,0
PACE-FLU-SEV,2025/2026,40,50,10,Deaths,State,Enugu,5396098,0.1,0
PACE-FLU-SEV,2025/2026,40,50,10,Deaths,State,Enugu,5396098,0.25,0
PACE-FLU-SEV,2025/2026,40,50,10,Deaths,State,Enugu,5396098,0.5,1
PACE-FLU-SEV,2025/2026,40,50,10,Deaths,State,Enugu,5396098,0.75,2
PACE-FLU-SEV,2025/2026,40,50,10,Deaths,State,Enugu,5396098,0.9,3
PACE-FLU-SEV,2025/2026,40,50,10,Deaths,State,Enugu,5396098,0.95,4
PACE-FLU-SEV,2025/2026,40,50,10,Deaths,State,FCT,4802443,0.05,0
PACE-FLU-SEV,2025/2026,40,50,10,Deaths,State,FCT,4802443,0.1,0
PACE-FLU-SEV,2025/2026,40,50,10,Deaths,State,FCT,4802443,0.25,0
PACE-FLU-SEV,2025/2026,40,50,10,Deaths,State,FCT,4802443,0.5,1
PACE-FLU-SEV,2025/2026,40,50,10,Deaths,State,FCT,4802443,0.75,2
PACE-FLU-SEV,2025/2026,40,50,10,Deaths,State,FCT,4802443,0.9,3
PACE-FLU-SEV,2025/2026,40,50,10,Deaths,State,FCT,4802443,0.95,4
PACE-FLU-SEV,2025/2026,40,50,10,Deaths,State,Gombe,4623462,0.05,0
PACE-FLU-SEV,2025/2026,40,50,10,Deaths,State,Gombe,4623462,0.1,0
PACE-FLU-SEV,2025/2026,40,50,10,Deaths,State,Gombe,4623462,0.25,0
PACE-FLU-SEV,2025/2026,40,50,10,Deaths,State,Gombe,4623462,0.5,1
PACE-FLU-SEV,2025/2026,40,50,10,Deaths,State,Gombe,4623462,0.75,3
PACE-FLU-SEV,2025/2026,40,50,10,Deaths,State,Gombe,4623462,0.9,5
PACE-FLU-SEV,2025/2026,40,50,10,Deaths,State,Gombe,4623462,0.95,6
PACE-FLU-SEV,2025/2026,40,50,10,Deaths,State,Imo,6067722,0.05,0
PACE-FLU-SEV,2025/2026,40,50,10,Deaths,State,Imo,6067722,0.1,0
PACE-FLU-SEV,2025/2026,40,50,10,Deaths,State,Imo,6067722,0.25,0
PACE-FLU-SEV,2025/2026,40,50,10,Deaths,State,Imo,6067722,0.5,1
PACE-FLU-SEV,2025/2026,40,50,10,Deaths,State,Imo,6067722,0.75,2
PACE-FLU-SEV,2025/2026,40,50,10,Deaths,State,Imo,6067722,0.9,3
PACE-FLU-SEV,2025/2026,40,50,10,Deaths,State,Imo,6067722,0.95,5
PACE-FLU-SEV,2025/2026,40,50,10,Deaths,State,Jigawa,6979080,0.05,0
PACE-FLU-SEV,2025/2026,40,50,10,Deaths,State,Jigawa,6979080,0.1,0
PACE-FLU-SEV,2025/2026,40,50,10,Deaths,State,Jigawa,6979080,0.25,1
PACE-FLU-SEV,2025/2026,40,50,10,Deaths,State,Jigawa,6979080,0.5,2
PACE-FLU-SEV,2025/2026,40,50,10,Deaths,State,Jigawa,6979080,0.75,4
PACE-FLU-SEV,2025/2026,40,50,10,Deaths,State,Jigawa,6979080,0.9,7
PACE-FLU-SEV,2025/2026,40,50,10,Deaths,State,Jigawa,6979080,0.95,9
PACE-FLU-SEV,2025/2026,40,50,10,Deaths,State,Kaduna,8324285,0.05,0
PACE-FLU-SEV,2025/2026,40,50,10,Deaths,State,Kaduna,8324285,0.1,0
PACE-FLU-SEV,2025/2026,40,50,10,Deaths,State,Kaduna,8324285,0.25,1
PACE-FLU-SEV,2025/2026,40,50,10,Deaths,State,Kaduna,8324285,0.5,2
PACE-FLU-SEV,2025/2026,40,50,10,Deaths,State,Kaduna,8324285,0.75,4
PACE-FLU-SEV,2025/2026,40,50,10,Deaths,State,Kaduna,8324285,0.9,6
PACE-FLU-SEV,2025/2026,40,50,10,Deaths,State,Kaduna,8324285,0.95,8
PACE-FLU-SEV,2025/2026,40,50,10,Deaths,State,Kano,16253549,0.05,0
PACE-FLU-SEV,2025/2026,40,50,10,Deaths,State,Kano,16253549,0.1,1
PACE-FLU-SEV,2025/2026,40,50,10,Deaths,State,Kano,16253549,0.25,2
PACE-FLU-SEV,2025/2026,40,50,10,Deaths,State,Kano,16253549,0.5,4
PACE-FLU-SEV,2025/2026,40,50,10,Deaths,State,Kano,16253549,0.75,8
PACE-FLU-SEV,2025/2026,40,50,10,Deaths,State,Kano,16253549,0.9,13
PACE-FLU-SEV,2025/2026,40,50,10,Deaths,State,Kano,16253549,0.95,17
PACE-FLU-SEV,2025/2026,40,50,10,Deaths,State,Katsina,9300382,0.05,0
PACE-FLU-SEV,2025/2026,40,50,10,Deaths,State,Katsina,9300382,0.1,0
PACE-FLU-SEV,2025/2026,40,50,10,Deaths,State,Katsina,9300382,0.25,1
PACE-FLU-SEV,2025/2026,40,50,10,Deaths,State,Katsina,9300382,0.5,3
PACE-FLU-SEV,2025/2026,40,50,10,Deaths,State,Katsina,9300382,0.75,5
PACE-FLU-SEV,2025/2026,40,50,10,Deaths,State,Katsina,9300382,0.9,8
PACE-FLU-SEV,2025/2026,40,50,10,Deaths,State,Katsina,9300382,0.95,10
PACE-FLU-SEV,2025/2026,40,50,10,Deaths,State,Kebbi,6001610,0.05,0
PACE-FLU-SEV,2025/2026,40,50,10,Deaths,State,Kebbi,6001610,0.1,0
PACE-FLU-SEV,2025/2026,40,50,10,Deaths,State,Kebbi,6001610,0.25,1
PACE-FLU-SEV,2025/2026,40,50,10,Deaths,State,Kebbi,6001610,0.5,2
PACE-FLU-SEV,2025/2026,40,50,10,Deaths,State,Kebbi,6001610,0.75,4
PACE-FLU-SEV,2025/2026,40,50,10,Deaths,State,Kebbi,6001610,0.9,6
PACE-FLU-SEV,2025/2026,40,50,10,Deaths,State,Kebbi,6001610,0.95,8
PACE-FLU-SEV,2025/2026,40,50,10,Deaths,State,Kogi,5053734,0.05,0
PACE-FLU-SEV,2025/2026,40,50,10,Deaths,State,Kogi,5053734,0.1,0
PACE-FLU-SEV,2025/2026,40,50,10,Deaths,State,Kogi,5053734,0.25,0
PACE-FLU-SEV,2025/2026,40,50,10,Deaths,State,Kogi,5053734,0.5,1
PACE-FLU-SEV,2025/2026,40,50,10,Deaths,State,Kogi,5053734,0.75,3
PACE-FLU-SEV,2025/2026,40,50,10,Deaths,State,Kogi,5053734,0.9,4
PACE-FLU-SEV,2025/2026,40,50,10,Deaths,State,Kogi,5053734,0.95,5
PACE-FLU-SEV,2025/2026,40,50,10,Deaths,State,Kwara,4259613,0.05,0
PACE-FLU-SEV,2025/2026,40,50,10,Deaths,State,Kwara,4259613,0.1,0
PACE-FLU-SEV,2025/2026,40,50,10,Deaths,State,Kwara,4259613,0.25,0
PACE-FLU-SEV,2025/2026,40,50,10,Deaths,State,Kwara,4259613,0.5,1
PACE-FLU-SEV,2025/2026,40,50,10,Deaths,State,Kwara,4259613,0.75,2
PACE-FLU-SEV,2025/2026,40,50,10,Deaths,State,Kwara,4259613,0.9,3
PACE-FLU-SEV,2025/2026,40,50,10,Deaths,State,Kwara,4259613,0.95,4
PACE-FLU-SEV,2025/2026,40,50,10,Deaths,State,Lagos,15772884,0.05,0
PACE-FLU-SEV,2025/2026,40,50,10,Deaths,State,Lagos,15772884,0.1,0
PACE-FLU-SEV,2025/2026,40,50,10,Deaths,State,Lagos,15772884,0.25,1
PACE-FLU-SEV,2025/2026,40,50,10,Deaths,State,Lagos,15772884,0.5,2
PACE-FLU-SEV,2025/2026,40,50,10,Deaths,State,Lagos,15772884,0.75,4
PACE-FLU-SEV,2025/2026,40,50,10,Deaths,State,Lagos,15772884,0.9,6
PACE-FLU-SEV,2025/2026,40,50,10,Deaths,State,Lagos,15772884,0.95,8
PACE-FLU-SEV,2025/2026,40,50,10,Deaths,State,Nasarawa,3632239,0.05,0
PACE-FLU-SEV,2025/2026,40,50,10,Deaths,State,Nasarawa,3632239,0.1,0
PACE-FLU-SEV,2025/2026,40,50,10,Deaths,State,Nasarawa,3632239,0.25,0
PACE-FLU-SEV,2025/2026,40,50,10,Deaths,State,Nasarawa,3632239,0.5,1
PACE-FLU-SEV,2025/2026,40,50,10,Deaths,State,Nasarawa,3632239,0.75,2
PACE-FLU-SEV,2025/2026,40,50,10,Deaths,State,Nasarawa,3632239,0.9,3
PACE-FLU-SEV,2025/2026,40,50,10,Deaths,State,Nasarawa,3632239,0.95,4
PACE-FLU-SEV,2025/2026,40,50,10,Deaths,State,Niger,6720617,0.05,0
PACE-FLU-SEV,2025/2026,40,50,10,Deaths,State,Niger,6720617,0.1,0
PACE-FLU-SEV,2025/2026,40,50,10,Deaths,State,Niger,6720617,0.25,1
PACE-FLU-SEV,2025/2026,40,50,10,Deaths,State,Niger,6720617,0.5,2
PACE-FLU-SEV,2025/2026,40,50,10,Deaths,State,Niger,6720617,0.75,3
PACE-FLU-SEV,2025/2026,40,50,10,Deaths,State,Niger,6720617,0.9,5
PACE-FLU-SEV,2025/2026,40,50,10,Deaths,State,Niger,6720617,0.95,7
PACE-FLU-SEV,2025/2026,40,50,10,Deaths,State,Ogun,6445275,0.05,0
PACE-FLU-SEV,2025/2026,40,50,10,Deaths,State,Ogun,6445275,0.1,0
PACE-FLU-SEV,2025/2026,40,50,10,Deaths,State,Ogun,6445275,0.25,0
PACE-FLU-SEV,2025/2026,40,50,10,Deaths,State,Ogun,6445275,0.5,1
PACE-FLU-SEV,2025/2026,40,50,10,Deaths,State,Ogun,6445275,0.75,2
PACE-FLU-SEV,2025/2026,40,50,10,Deaths,State,Ogun,6445275,0.9,4
PACE-FLU-SEV,2025/2026,40,50,10,Deaths,State,Ogun,6445275,0.95,5
PACE-FLU-SEV,2025/2026,40,50,10,Deaths,State,Ondo,5469707,0.05,0
PACE-FLU-SEV,2025/2026,40,50,10,Deaths,State,Ondo,5469707,0.1,0
PACE-FLU-SEV,2025/2026,40,50,10,Deaths,State,Ondo,5469707,0.25,0
PACE-FLU-SEV,2025/2026,40,50,10,Deaths,State,Ondo,5469707,0.5,1
PACE-FLU-SEV,2025/2026,40,50,10,Deaths,State,Ondo,5469707,0.75,2
PACE-FLU-SEV,2025/2026,40,50,10,Deaths,State,Ondo,5469707,0.9,3
PACE-FLU-SEV,2025/2026,40,50,10,Deaths,State,Ondo,5469707,0.95,4
PACE-FLU-SEV,2025/2026,40,50,10,Deaths,State,Osun,4237396,0.05,0
PACE-FLU-SEV,2025/2026,40,50,10,Deaths,State,Osun,4237396,0.1,0
PACE-FLU-SEV,2025/2026,40,50,10,Deaths,State,Osun,4237396,0.25,0
PACE-FLU-SEV,2025/2026,40,50,10,Deaths,State,Osun,4237396,0.5,1
PACE-FLU-SEV,2025/2026,40,50,10,Deaths,State,Osun,4237396,0.75,2
PACE-FLU-SEV,2025/2026,40,50,10,Deaths,State,Osun,4237396,0.9,3
PACE-FLU-SEV,2025/2026,40,50,10,Deaths,State,Osun,4237396,0.95,4
PACE-FLU-SEV,2025/2026,40,50,10,Deaths,State,Oyo,7512855,0.05,0
PACE-FLU-SEV,2025/2026,40,50,10,Deaths,State,Oyo,7512855,0.1,0
PACE-FLU-SEV,2025/2026,40,50,10,Deaths,State,Oyo,7512855,0.25,0
PACE-FLU-SEV,2025/2026,40,50,10,Deaths,State,Oyo,7512855,0.5,1
PACE-FLU-SEV,2025/2026,40,50,10,Deaths,State,Oyo,7512855,0.75,3
PACE-FLU-SEV,2025/2026,40,50,10,Deaths,State,Oyo,7512855,0.9,4
PACE-FLU-SEV,2025/2026,40,50,10,Deaths,State,Oyo,7512855,0.95,6
PACE-FLU-SEV,2025/2026,40,50,10,Deaths,State,Plateau,5400974,0.05,0
PACE-FLU-SEV,2025/2026,40,50,10,Deaths,State,Plateau,5400974,0.1,0
PACE-FLU-SEV,2025/2026,40,50,10,Deaths,State,Plateau,5400974,0.25,0
PACE-FLU-SEV,2025/2026,40,50,10,Deaths,State,Plateau,5400974,0.5,1
PACE-FLU-SEV,2025/2026,40,50,10,Deaths,State,Plateau,5400974,0.75,3
PACE-FLU-SEV,2025/2026,40,50,10,Deaths,State,Plateau,5400974,0.9,4
PACE-FLU-SEV,2025/2026,40,50,10,Deaths,State,Plateau,5400974,0.95,6
PACE-FLU-SEV,2025/2026,40,50,10,Deaths,State,Rivers,7234973,0.05,0
PACE-FLU-SEV,2025/2026,40,50,10,Deaths,State,Rivers,7234973,0.1,0
PACE-FLU-SEV,2025/2026,40,50,10,Deaths,State,Rivers,7234973,0.25,0
PACE-FLU-SEV,2025/2026,40,50,10,Deaths,State,Rivers,7234973,0.5,1
PACE-FLU-SEV,2025/2026,40,50,10,Deaths,State,Rivers,7234973,0.75,3
PACE-FLU-SEV,2025/2026,40,50,10,Deaths,State,Rivers,7234973,0.9,4
PACE-FLU-SEV,2025/2026,40,50,10,Deaths,State,Rivers,7234973,0.95,6
PACE-FLU-SEV,2025/2026,40,50,10,Deaths,State,Sokoto,6163187,0.05,0
PACE-FLU-SEV,2025/2026,40,50,10,Deaths,State,Sokoto,6163187,0.1,0
PACE-FLU-SEV,2025/2026,40,50,10,Deaths,State,Sokoto,6163187,0.25,1
PACE-FLU-SEV,2025/2026,40,50,10,Deaths,State,Sokoto,6163187,0.5,2
PACE-FLU-SEV,2025/2026,40,50,10,Deaths,State,Sokoto,6163187,0.75,4
PACE-FLU-SEV,2025/2026,40,50,10,Deaths,State,Sokoto,6163187,0.9,6
PACE-FLU-SEV,2025/2026,40,50,10,Deaths,State,Sokoto,6163187,0.95,8
PACE-FLU-SEV,2025/2026,40,50,10,Deaths,State,Taraba,4331885,0.05,0
PACE-FLU-SEV,2025/2026,40,50,10,Deaths,State,Taraba,4331885,0.1,0
PACE-FLU-SEV,2025/2026,40,50,10,Deaths,State,Taraba,4331885,0.25,0
PACE-FLU-SEV,2025/2026,40,50,10,Deaths,State,Taraba,4331885,0.5,1
PACE-FLU-SEV,2025/2026,40,50,10,Deaths,State,Taraba,4331885,0.75,3
PACE-FLU-SEV,2025/2026,40,50,10,Deaths,State,Taraba,4331885,0.9,4
PACE-FLU-SEV,2025/2026,40,50,10,Deaths,State,Taraba,4331885,0.95,6
PACE-FLU-SEV,2025/2026,40,50,10,Deaths,State,Yobe,4350401,0.05,0
PACE-FLU-SEV,2025/2026,40,50,10,Deaths,State,Yobe,4350401,0.1,0
PACE-FLU-SEV,2025/2026,40,50,10,Deaths,State,Yobe,4350401,0.25,1
PACE-FLU-SEV,2025/2026,40,50,10,Deaths,State,Yobe,4350401,0.5,1
PACE-FLU-SEV,2025/2026,40,50,10,Deaths,State,Yobe,4350401,0.75,3
PACE-FLU-SEV,2025/2026,40,50,10,Deaths,State,Yobe,4350401,0.9,5
PACE-FLU-SEV,2025/2026,40,50,10,Deaths,State,Yobe,4350401,0.95,6
PACE-FLU-SEV,2025/2026,40,50,10,Deaths,State,Zamfara,5517793,0.05,0
PACE-FLU-SEV,2025/2026,40,50,10,Deaths,State,Zamfara,5517793,0.1,0
PACE-FLU-SEV,2025/2026,40,50,10,Deaths,State,Zamfara,5517793,0.25,1
PACE-FLU-SEV,2025/2026,40,50,10,Deaths,State,Zamfara,5517793,0.5,2
PACE-FLU-SEV,2025/2026,40,50,10,Deaths,State,Zamfara,5517793,0.75,4
PACE-FLU-SEV,2025/2026,40,50,10,Deaths,State,Zamfara,5517793,0.9,6
PACE-FLU-SEV,2025/2026,40,50,10,Deaths,State,Zamfara,5517793,0.95,7
PACE-FLU-SEV,2025/2026,40,50,10,Deaths,Zone,NC,36557326,0.05,4
PACE-FLU-SEV,2025/2026,40,50,10,Deaths,Zone,NC,36557326,0.1,5
PACE-FLU-SEV,2025/2026,40,50,10,Deaths,Zone,NC,36557326,0.25,7
PACE-FLU-SEV,2025/2026,40,50,10,Deaths,Zone,NC,36557326,0.5,11
PACE-FLU-SEV,2025/2026,40,50,10,Deaths,Zone,NC,36557326,0.75,15
PACE-FLU-SEV,2025/2026,40,50,10,Deaths,Zone,NC,36557326,0.9,20
PACE-FLU-SEV,2025/2026,40,50,10,Deaths,Zone,NC,36557326,0.95,24
PACE-FLU-SEV,2025/2026,40,50,10,Deaths,Zone,NE,32734949,0.05,5
PACE-FLU-SEV,2025/2026,40,50,10,Deaths,Zone,NE,32734949,0.1,6
PACE-FLU-SEV,2025/2026,40,50,10,Deaths,Zone,NE,32734949,0.25,9
PACE-FLU-SEV,2025/2026,40,50,10,Deaths,Zone,NE,32734949,0.5,13
PACE-FLU-SEV,2025/2026,40,50,10,Deaths,Zone,NE,32734949,0.75,17
PACE-FLU-SEV,2025/2026,40,50,10,Deaths,Zone,NE,32734949,0.9,23.63333333333344
PACE-FLU-SEV,2025/2026,40,50,10,Deaths,Zone,NE,32734949,0.95,28
PACE-FLU-SEV,2025/2026,40,50,10,Deaths,Zone,NW,58539886,0.05,10
PACE-FLU-SEV,2025/2026,40,50,10,Deaths,Zone,NW,58539886,0.1,12
PACE-FLU-SEV,2025/2026,40,50,10,Deaths,Zone,NW,58539886,0.25,16
PACE-FLU-SEV,2025/2026,40,50,10,Deaths,Zone,NW,58539886,0.5,21
PACE-FLU-SEV,2025/2026,40,50,10,Deaths,Zone,NW,58539886,0.75,29
PACE-FLU-SEV,2025/2026,40,50,10,Deaths,Zone,NW,58539886,0.9,38
PACE-FLU-SEV,2025/2026,40,50,10,Deaths,Zone,NW,58539886,0.95,45
PACE-FLU-SEV,2025/2026,40,50,10,Deaths,Zone,SE,27612828,0.05,2
PACE-FLU-SEV,2025/2026,40,50,10,Deaths,Zone,SE,27612828,0.1,2
PACE-FLU-SEV,2025/2026,40,50,10,Deaths,Zone,SE,27612828,0.25,4
PACE-FLU-SEV,2025/2026,40,50,10,Deaths,Zone,SE,27612828,0.5,6
PACE-FLU-SEV,2025/2026,40,50,10,Deaths,Zone,SE,27612828,0.75,9
PACE-FLU-SEV,2025/2026,40,50,10,Deaths,Zone,SE,27612828,0.9,12
PACE-FLU-SEV,2025/2026,40,50,10,Deaths,Zone,SE,27612828,0.95,15
PACE-FLU-SEV,2025/2026,40,50,10,Deaths,Zone,SS,31220652,0.05,2
PACE-FLU-SEV,2025/2026,40,50,10,Deaths,Zone,SS,31220652,0.1,3
PACE-FLU-SEV,2025/2026,40,50,10,Deaths,Zone,SS,31220652,0.25,5
PACE-FLU-SEV,2025/2026,40,50,10,Deaths,Zone,SS,31220652,0.5,7
PACE-FLU-SEV,2025/2026,40,50,10,Deaths,Zone,SS,31220652,0.75,11
PACE-FLU-SEV,2025/2026,40,50,10,Deaths,Zone,SS,31220652,0.9,14
PACE-FLU-SEV,2025/2026,40,50,10,Deaths,Zone,SS,31220652,0.95,17
PACE-FLU-SEV,2025/2026,40,50,10,Deaths,Zone,SW,42836294,0.05,3
PACE-FLU-SEV,2025/2026,40,50,10,Deaths,Zone,SW,42836294,0.1,3
PACE-FLU-SEV,2025/2026,40,50,10,Deaths,Zone,SW,42836294,0.25,6
PACE-FLU-SEV,2025/2026,40,50,10,Deaths,Zone,SW,42836294,0.5,8
PACE-FLU-SEV,2025/2026,40,50,10,Deaths,Zone,SW,42836294,0.75,12
PACE-FLU-SEV,2025/2026,40,50,10,Deaths,Zone,SW,42836294,0.9,16
PACE-FLU-SEV,2025/2026,40,50,10,Deaths,Zone,SW,42836294,0.95,19
PACE-FLU-SEV,2025/2026,40,51,11,Deaths,Macro,North,127832161,0.05,26
PACE-FLU-SEV,2025/2026,40,51,11,Deaths,Macro,North,127832161,0.1,29
PACE-FLU-SEV,2025/2026,40,51,11,Deaths,Macro,North,127832161,0.25,37
PACE-FLU-SEV,2025/2026,40,51,11,Deaths,Macro,North,127832161,0.5,46
PACE-FLU-SEV,2025/2026,40,51,11,Deaths,Macro,North,127832161,0.75,60
PACE-FLU-SEV,2025/2026,40,51,11,Deaths,Macro,North,127832161,0.9,75
PACE-FLU-SEV,2025/2026,40,51,11,Deaths,Macro,North,127832161,0.95,87
PACE-FLU-SEV,2025/2026,40,51,11,Deaths,Macro,South,101669774,0.05,10
PACE-FLU-SEV,2025/2026,40,51,11,Deaths,Macro,South,101669774,0.1,13
PACE-FLU-SEV,2025/2026,40,51,11,Deaths,Macro,South,101669774,0.25,17
PACE-FLU-SEV,2025/2026,40,51,11,Deaths,Macro,South,101669774,0.5,23
PACE-FLU-SEV,2025/2026,40,51,11,Deaths,Macro,South,101669774,0.75,31
PACE-FLU-SEV,2025/2026,40,51,11,Deaths,Macro,South,101669774,0.9,40
PACE-FLU-SEV,2025/2026,40,51,11,Deaths,Macro,South,101669774,0.95,47
PACE-FLU-SEV,2025/2026,40,51,11,Deaths,National,Nigeria,229501935,0.05,41
PACE-FLU-SEV,2025/2026,40,51,11,Deaths,National,Nigeria,229501935,0.1,46
PACE-FLU-SEV,2025/2026,40,51,11,Deaths,National,Nigeria,229501935,0.25,56
PACE-FLU-SEV,2025/2026,40,51,11,Deaths,National,Nigeria,229501935,0.5,70
PACE-FLU-SEV,2025/2026,40,51,11,Deaths,National,Nigeria,229501935,0.75,90
PACE-FLU-SEV,2025/2026,40,51,11,Deaths,National,Nigeria,229501935,0.9,109
PACE-FLU-SEV,2025/2026,40,51,11,Deaths,National,Nigeria,229501935,0.95,124
PACE-FLU-SEV,2025/2026,40,51,11,Deaths,State,Abia,4841943,0.05,0
PACE-FLU-SEV,2025/2026,40,51,11,Deaths,State,Abia,4841943,0.1,0
PACE-FLU-SEV,2025/2026,40,51,11,Deaths,State,Abia,4841943,0.25,0
PACE-FLU-SEV,2025/2026,40,51,11,Deaths,State,Abia,4841943,0.5,1
PACE-FLU-SEV,2025/2026,40,51,11,Deaths,State,Abia,4841943,0.75,2
PACE-FLU-SEV,2025/2026,40,51,11,Deaths,State,Abia,4841943,0.9,3
PACE-FLU-SEV,2025/2026,40,51,11,Deaths,State,Abia,4841943,0.95,4
PACE-FLU-SEV,2025/2026,40,51,11,Deaths,State,Adamawa,5236948,0.05,0
PACE-FLU-SEV,2025/2026,40,51,11,Deaths,State,Adamawa,5236948,0.1,0
PACE-FLU-SEV,2025/2026,40,51,11,Deaths,State,Adamawa,5236948,0.25,0
PACE-FLU-SEV,2025/2026,40,51,11,Deaths,State,Adamawa,5236948,0.5,1
PACE-FLU-SEV,2025/2026,40,51,11,Deaths,State,Adamawa,5236948,0.75,3
PACE-FLU-SEV,2025/2026,40,51,11,Deaths,State,Adamawa,5236948,0.9,5
PACE-FLU-SEV,2025/2026,40,51,11,Deaths,State,Adamawa,5236948,0.95,6
PACE-FLU-SEV,2025/2026,40,51,11,Deaths,State,Akwa Ibom,5780581,0.05,0
PACE-FLU-SEV,2025/2026,40,51,11,Deaths,State,Akwa Ibom,5780581,0.1,0
PACE-FLU-SEV,2025/2026,40,51,11,Deaths,State,Akwa Ibom,5780581,0.25,0
PACE-FLU-SEV,2025/2026,40,51,11,Deaths,State,Akwa Ibom,5780581,0.5,1
PACE-FLU-SEV,2025/2026,40,51,11,Deaths,State,Akwa Ibom,5780581,0.75,2
PACE-FLU-SEV,2025/2026,40,51,11,Deaths,State,Akwa Ibom,5780581,0.9,4
PACE-FLU-SEV,2025/2026,40,51,11,Deaths,State,Akwa Ibom,5780581,0.95,5
PACE-FLU-SEV,2025/2026,40,51,11,Deaths,State,Anambra,7299910,0.05,0
PACE-FLU-SEV,2025/2026,40,51,11,Deaths,State,Anambra,7299910,0.1,0
PACE-FLU-SEV,2025/2026,40,51,11,Deaths,State,Anambra,7299910,0.25,0
PACE-FLU-SEV,2025/2026,40,51,11,Deaths,State,Anambra,7299910,0.5,1
PACE-FLU-SEV,2025/2026,40,51,11,Deaths,State,Anambra,7299910,0.75,3
PACE-FLU-SEV,2025/2026,40,51,11,Deaths,State,Anambra,7299910,0.9,5
PACE-FLU-SEV,2025/2026,40,51,11,Deaths,State,Anambra,7299910,0.95,6
PACE-FLU-SEV,2025/2026,40,51,11,Deaths,State,Bauchi,7540663,0.05,0
PACE-FLU-SEV,2025/2026,40,51,11,Deaths,State,Bauchi,7540663,0.1,0
PACE-FLU-SEV,2025/2026,40,51,11,Deaths,State,Bauchi,7540663,0.25,1
PACE-FLU-SEV,2025/2026,40,51,11,Deaths,State,Bauchi,7540663,0.5,3
PACE-FLU-SEV,2025/2026,40,51,11,Deaths,State,Bauchi,7540663,0.75,4
PACE-FLU-SEV,2025/2026,40,51,11,Deaths,State,Bauchi,7540663,0.9,7
PACE-FLU-SEV,2025/2026,40,51,11,Deaths,State,Bauchi,7540663,0.95,9
PACE-FLU-SEV,2025/2026,40,51,11,Deaths,State,Bayelsa,2394725,0.05,0
PACE-FLU-SEV,2025/2026,40,51,11,Deaths,State,Bayelsa,2394725,0.1,0
PACE-FLU-SEV,2025/2026,40,51,11,Deaths,State,Bayelsa,2394725,0.25,0
PACE-FLU-SEV,2025/2026,40,51,11,Deaths,State,Bayelsa,2394725,0.5,0
PACE-FLU-SEV,2025/2026,40,51,11,Deaths,State,Bayelsa,2394725,0.75,1
PACE-FLU-SEV,2025/2026,40,51,11,Deaths,State,Bayelsa,2394725,0.9,2
PACE-FLU-SEV,2025/2026,40,51,11,Deaths,State,Bayelsa,2394725,0.95,3
PACE-FLU-SEV,2025/2026,40,51,11,Deaths,State,Benue,6687706,0.05,0
PACE-FLU-SEV,2025/2026,40,51,11,Deaths,State,Benue,6687706,0.1,0
PACE-FLU-SEV,2025/2026,40,51,11,Deaths,State,Benue,6687706,0.25,1
PACE-FLU-SEV,2025/2026,40,51,11,Deaths,State,Benue,6687706,0.5,2
PACE-FLU-SEV,2025/2026,40,51,11,Deaths,State,Benue,6687706,0.75,3
PACE-FLU-SEV,2025/2026,40,51,11,Deaths,State,Benue,6687706,0.9,5
PACE-FLU-SEV,2025/2026,40,51,11,Deaths,State,Benue,6687706,0.95,7
PACE-FLU-SEV,2025/2026,40,51,11,Deaths,State,Borno,6651590,0.05,0
PACE-FLU-SEV,2025/2026,40,51,11,Deaths,State,Borno,6651590,0.1,0
PACE-FLU-SEV,2025/2026,40,51,11,Deaths,State,Borno,6651590,0.25,1
PACE-FLU-SEV,2025/2026,40,51,11,Deaths,State,Borno,6651590,0.5,2
PACE-FLU-SEV,2025/2026,40,51,11,Deaths,State,Borno,6651590,0.75,4
PACE-FLU-SEV,2025/2026,40,51,11,Deaths,State,Borno,6651590,0.9,7
PACE-FLU-SEV,2025/2026,40,51,11,Deaths,State,Borno,6651590,0.95,9
PACE-FLU-SEV,2025/2026,40,51,11,Deaths,State,Cross River,4175020,0.05,0
PACE-FLU-SEV,2025/2026,40,51,11,Deaths,State,Cross River,4175020,0.1,0
PACE-FLU-SEV,2025/2026,40,51,11,Deaths,State,Cross River,4175020,0.25,0
PACE-FLU-SEV,2025/2026,40,51,11,Deaths,State,Cross River,4175020,0.5,1
PACE-FLU-SEV,2025/2026,40,51,11,Deaths,State,Cross River,4175020,0.75,2
PACE-FLU-SEV,2025/2026,40,51,11,Deaths,State,Cross River,4175020,0.9,3
PACE-FLU-SEV,2025/2026,40,51,11,Deaths,State,Cross River,4175020,0.95,4
PACE-FLU-SEV,2025/2026,40,51,11,Deaths,State,Delta,6107543,0.05,0
PACE-FLU-SEV,2025/2026,40,51,11,Deaths,State,Delta,6107543,0.1,0
PACE-FLU-SEV,2025/2026,40,51,11,Deaths,State,Delta,6107543,0.25,0
PACE-FLU-SEV,2025/2026,40,51,11,Deaths,State,Delta,6107543,0.5,1
PACE-FLU-SEV,2025/2026,40,51,11,Deaths,State,Delta,6107543,0.75,2
PACE-FLU-SEV,2025/2026,40,51,11,Deaths,State,Delta,6107543,0.9,4
PACE-FLU-SEV,2025/2026,40,51,11,Deaths,State,Delta,6107543,0.95,5
PACE-FLU-SEV,2025/2026,40,51,11,Deaths,State,Ebonyi,4007155,0.05,0
PACE-FLU-SEV,2025/2026,40,51,11,Deaths,State,Ebonyi,4007155,0.1,0
PACE-FLU-SEV,2025/2026,40,51,11,Deaths,State,Ebonyi,4007155,0.25,0
PACE-FLU-SEV,2025/2026,40,51,11,Deaths,State,Ebonyi,4007155,0.5,1
PACE-FLU-SEV,2025/2026,40,51,11,Deaths,State,Ebonyi,4007155,0.75,2
PACE-FLU-SEV,2025/2026,40,51,11,Deaths,State,Ebonyi,4007155,0.9,3
PACE-FLU-SEV,2025/2026,40,51,11,Deaths,State,Ebonyi,4007155,0.95,4
PACE-FLU-SEV,2025/2026,40,51,11,Deaths,State,Edo,5527810,0.05,0
PACE-FLU-SEV,2025/2026,40,51,11,Deaths,State,Edo,5527810,0.1,0
PACE-FLU-SEV,2025/2026,40,51,11,Deaths,State,Edo,5527810,0.25,0
PACE-FLU-SEV,2025/2026,40,51,11,Deaths,State,Edo,5527810,0.5,1
PACE-FLU-SEV,2025/2026,40,51,11,Deaths,State,Edo,5527810,0.75,2
PACE-FLU-SEV,2025/2026,40,51,11,Deaths,State,Edo,5527810,0.9,3
PACE-FLU-SEV,2025/2026,40,51,11,Deaths,State,Edo,5527810,0.95,4
PACE-FLU-SEV,2025/2026,40,51,11,Deaths,State,Ekiti,3398177,0.05,0
PACE-FLU-SEV,2025/2026,40,51,11,Deaths,State,Ekiti,3398177,0.1,0
PACE-FLU-SEV,2025/2026,40,51,11,Deaths,State,Ekiti,3398177,0.25,0
PACE-FLU-SEV,2025/2026,40,51,11,Deaths,State,Ekiti,3398177,0.5,1
PACE-FLU-SEV,2025/2026,40,51,11,Deaths,State,Ekiti,3398177,0.75,1
PACE-FLU-SEV,2025/2026,40,51,11,Deaths,State,Ekiti,3398177,0.9,2
PACE-FLU-SEV,2025/2026,40,51,11,Deaths,State,Ekiti,3398177,0.95,3
PACE-FLU-SEV,2025/2026,40,51,11,Deaths,State,Enugu,5396098,0.05,0
PACE-FLU-SEV,2025/2026,40,51,11,Deaths,State,Enugu,5396098,0.1,0
PACE-FLU-SEV,2025/2026,40,51,11,Deaths,State,Enugu,5396098,0.25,0
PACE-FLU-SEV,2025/2026,40,51,11,Deaths,State,Enugu,5396098,0.5,1
PACE-FLU-SEV,2025/2026,40,51,11,Deaths,State,Enugu,5396098,0.75,2
PACE-FLU-SEV,2025/2026,40,51,11,Deaths,State,Enugu,5396098,0.9,3
PACE-FLU-SEV,2025/2026,40,51,11,Deaths,State,Enugu,5396098,0.95,4
PACE-FLU-SEV,2025/2026,40,51,11,Deaths,State,FCT,4802443,0.05,0
PACE-FLU-SEV,2025/2026,40,51,11,Deaths,State,FCT,4802443,0.1,0
PACE-FLU-SEV,2025/2026,40,51,11,Deaths,State,FCT,4802443,0.25,0
PACE-FLU-SEV,2025/2026,40,51,11,Deaths,State,FCT,4802443,0.5,1
PACE-FLU-SEV,2025/2026,40,51,11,Deaths,State,FCT,4802443,0.75,2
PACE-FLU-SEV,2025/2026,40,51,11,Deaths,State,FCT,4802443,0.9,3
PACE-FLU-SEV,2025/2026,40,51,11,Deaths,State,FCT,4802443,0.95,4
PACE-FLU-SEV,2025/2026,40,51,11,Deaths,State,Gombe,4623462,0.05,0
PACE-FLU-SEV,2025/2026,40,51,11,Deaths,State,Gombe,4623462,0.1,0
PACE-FLU-SEV,2025/2026,40,51,11,Deaths,State,Gombe,4623462,0.25,1
PACE-FLU-SEV,2025/2026,40,51,11,Deaths,State,Gombe,4623462,0.5,1
PACE-FLU-SEV,2025/2026,40,51,11,Deaths,State,Gombe,4623462,0.75,3
PACE-FLU-SEV,2025/2026,40,51,11,Deaths,State,Gombe,4623462,0.9,5
PACE-FLU-SEV,2025/2026,40,51,11,Deaths,State,Gombe,4623462,0.95,6
PACE-FLU-SEV,2025/2026,40,51,11,Deaths,State,Imo,6067722,0.05,0
PACE-FLU-SEV,2025/2026,40,51,11,Deaths,State,Imo,6067722,0.1,0
PACE-FLU-SEV,2025/2026,40,51,11,Deaths,State,Imo,6067722,0.25,0
PACE-FLU-SEV,2025/2026,40,51,11,Deaths,State,Imo,6067722,0.5,1
PACE-FLU-SEV,2025/2026,40,51,11,Deaths,State,Imo,6067722,0.75,2
PACE-FLU-SEV,2025/2026,40,51,11,Deaths,State,Imo,6067722,0.9,4
PACE-FLU-SEV,2025/2026,40,51,11,Deaths,State,Imo,6067722,0.95,5
PACE-FLU-SEV,2025/2026,40,51,11,Deaths,State,Jigawa,6979080,0.05,0
PACE-FLU-SEV,2025/2026,40,51,11,Deaths,State,Jigawa,6979080,0.1,0
PACE-FLU-SEV,2025/2026,40,51,11,Deaths,State,Jigawa,6979080,0.25,1
PACE-FLU-SEV,2025/2026,40,51,11,Deaths,State,Jigawa,6979080,0.5,2
PACE-FLU-SEV,2025/2026,40,51,11,Deaths,State,Jigawa,6979080,0.75,4
PACE-FLU-SEV,2025/2026,40,51,11,Deaths,State,Jigawa,6979080,0.9,7
PACE-FLU-SEV,2025/2026,40,51,11,Deaths,State,Jigawa,6979080,0.95,9
PACE-FLU-SEV,2025/2026,40,51,11,Deaths,State,Kaduna,8324285,0.05,0
PACE-FLU-SEV,2025/2026,40,51,11,Deaths,State,Kaduna,8324285,0.1,0
PACE-FLU-SEV,2025/2026,40,51,11,Deaths,State,Kaduna,8324285,0.25,1
PACE-FLU-SEV,2025/2026,40,51,11,Deaths,State,Kaduna,8324285,0.5,2
PACE-FLU-SEV,2025/2026,40,51,11,Deaths,State,Kaduna,8324285,0.75,4
PACE-FLU-SEV,2025/2026,40,51,11,Deaths,State,Kaduna,8324285,0.9,6.633333333333439
PACE-FLU-SEV,2025/2026,40,51,11,Deaths,State,Kaduna,8324285,0.95,8
PACE-FLU-SEV,2025/2026,40,51,11,Deaths,State,Kano,16253549,0.05,0
PACE-FLU-SEV,2025/2026,40,51,11,Deaths,State,Kano,16253549,0.1,1
PACE-FLU-SEV,2025/2026,40,51,11,Deaths,State,Kano,16253549,0.25,2
PACE-FLU-SEV,2025/2026,40,51,11,Deaths,State,Kano,16253549,0.5,5
PACE-FLU-SEV,2025/2026,40,51,11,Deaths,State,Kano,16253549,0.75,8
PACE-FLU-SEV,2025/2026,40,51,11,Deaths,State,Kano,16253549,0.9,12.63333333333344
PACE-FLU-SEV,2025/2026,40,51,11,Deaths,State,Kano,16253549,0.95,16
PACE-FLU-SEV,2025/2026,40,51,11,Deaths,State,Katsina,9300382,0.05,0
PACE-FLU-SEV,2025/2026,40,51,11,Deaths,State,Katsina,9300382,0.1,0
PACE-FLU-SEV,2025/2026,40,51,11,Deaths,State,Katsina,9300382,0.25,1
PACE-FLU-SEV,2025/2026,40,51,11,Deaths,State,Katsina,9300382,0.5,3
PACE-FLU-SEV,2025/2026,40,51,11,Deaths,State,Katsina,9300382,0.75,5
PACE-FLU-SEV,2025/2026,40,51,11,Deaths,State,Katsina,9300382,0.9,8
PACE-FLU-SEV,2025/2026,40,51,11,Deaths,State,Katsina,9300382,0.95,10
PACE-FLU-SEV,2025/2026,40,51,11,Deaths,State,Kebbi,6001610,0.05,0
PACE-FLU-SEV,2025/2026,40,51,11,Deaths,State,Kebbi,6001610,0.1,0
PACE-FLU-SEV,2025/2026,40,51,11,Deaths,State,Kebbi,6001610,0.25,1
PACE-FLU-SEV,2025/2026,40,51,11,Deaths,State,Kebbi,6001610,0.5,2
PACE-FLU-SEV,2025/2026,40,51,11,Deaths,State,Kebbi,6001610,0.75,4
PACE-FLU-SEV,2025/2026,40,51,11,Deaths,State,Kebbi,6001610,0.9,6
PACE-FLU-SEV,2025/2026,40,51,11,Deaths,State,Kebbi,6001610,0.95,8
PACE-FLU-SEV,2025/2026,40,51,11,Deaths,State,Kogi,5053734,0.05,0
PACE-FLU-SEV,2025/2026,40,51,11,Deaths,State,Kogi,5053734,0.1,0
PACE-FLU-SEV,2025/2026,40,51,11,Deaths,State,Kogi,5053734,0.25,0
PACE-FLU-SEV,2025/2026,40,51,11,Deaths,State,Kogi,5053734,0.5,1
PACE-FLU-SEV,2025/2026,40,51,11,Deaths,State,Kogi,5053734,0.75,3
PACE-FLU-SEV,2025/2026,40,51,11,Deaths,State,Kogi,5053734,0.9,4
PACE-FLU-SEV,2025/2026,40,51,11,Deaths,State,Kogi,5053734,0.95,6
PACE-FLU-SEV,2025/2026,40,51,11,Deaths,State,Kwara,4259613,0.05,0
PACE-FLU-SEV,2025/2026,40,51,11,Deaths,State,Kwara,4259613,0.1,0
PACE-FLU-SEV,2025/2026,40,51,11,Deaths,State,Kwara,4259613,0.25,0
PACE-FLU-SEV,2025/2026,40,51,11,Deaths,State,Kwara,4259613,0.5,1
PACE-FLU-SEV,2025/2026,40,51,11,Deaths,State,Kwara,4259613,0.75,2
PACE-FLU-SEV,2025/2026,40,51,11,Deaths,State,Kwara,4259613,0.9,3
PACE-FLU-SEV,2025/2026,40,51,11,Deaths,State,Kwara,4259613,0.95,4
PACE-FLU-SEV,2025/2026,40,51,11,Deaths,State,Lagos,15772884,0.05,0
PACE-FLU-SEV,2025/2026,40,51,11,Deaths,State,Lagos,15772884,0.1,0
PACE-FLU-SEV,2025/2026,40,51,11,Deaths,State,Lagos,15772884,0.25,1
PACE-FLU-SEV,2025/2026,40,51,11,Deaths,State,Lagos,15772884,0.5,2
PACE-FLU-SEV,2025/2026,40,51,11,Deaths,State,Lagos,15772884,0.75,4
PACE-FLU-SEV,2025/2026,40,51,11,Deaths,State,Lagos,15772884,0.9,6
PACE-FLU-SEV,2025/2026,40,51,11,Deaths,State,Lagos,15772884,0.95,8
PACE-FLU-SEV,2025/2026,40,51,11,Deaths,State,Nasarawa,3632239,0.05,0
PACE-FLU-SEV,2025/2026,40,51,11,Deaths,State,Nasarawa,3632239,0.1,0
PACE-FLU-SEV,2025/2026,40,51,11,Deaths,State,Nasarawa,3632239,0.25,0
PACE-FLU-SEV,2025/2026,40,51,11,Deaths,State,Nasarawa,3632239,0.5,1
PACE-FLU-SEV,2025/2026,40,51,11,Deaths,State,Nasarawa,3632239,0.75,2
PACE-FLU-SEV,2025/2026,40,51,11,Deaths,State,Nasarawa,3632239,0.9,3
PACE-FLU-SEV,2025/2026,40,51,11,Deaths,State,Nasarawa,3632239,0.95,4
PACE-FLU-SEV,2025/2026,40,51,11,Deaths,State,Niger,6720617,0.05,0
PACE-FLU-SEV,2025/2026,40,51,11,Deaths,State,Niger,6720617,0.1,0
PACE-FLU-SEV,2025/2026,40,51,11,Deaths,State,Niger,6720617,0.25,1
PACE-FLU-SEV,2025/2026,40,51,11,Deaths,State,Niger,6720617,0.5,2
PACE-FLU-SEV,2025/2026,40,51,11,Deaths,State,Niger,6720617,0.75,4
PACE-FLU-SEV,2025/2026,40,51,11,Deaths,State,Niger,6720617,0.9,6
PACE-FLU-SEV,2025/2026,40,51,11,Deaths,State,Niger,6720617,0.95,8
PACE-FLU-SEV,2025/2026,40,51,11,Deaths,State,Ogun,6445275,0.05,0
PACE-FLU-SEV,2025/2026,40,51,11,Deaths,State,Ogun,6445275,0.1,0
PACE-FLU-SEV,2025/2026,40,51,11,Deaths,State,Ogun,6445275,0.25,0
PACE-FLU-SEV,2025/2026,40,51,11,Deaths,State,Ogun,6445275,0.5,1
PACE-FLU-SEV,2025/2026,40,51,11,Deaths,State,Ogun,6445275,0.75,2
PACE-FLU-SEV,2025/2026,40,51,11,Deaths,State,Ogun,6445275,0.9,4
PACE-FLU-SEV,2025/2026,40,51,11,Deaths,State,Ogun,6445275,0.95,5
PACE-FLU-SEV,2025/2026,40,51,11,Deaths,State,Ondo,5469707,0.05,0
PACE-FLU-SEV,2025/2026,40,51,11,Deaths,State,Ondo,5469707,0.1,0
PACE-FLU-SEV,2025/2026,40,51,11,Deaths,State,Ondo,5469707,0.25,0
PACE-FLU-SEV,2025/2026,40,51,11,Deaths,State,Ondo,5469707,0.5,1
PACE-FLU-SEV,2025/2026,40,51,11,Deaths,State,Ondo,5469707,0.75,2
PACE-FLU-SEV,2025/2026,40,51,11,Deaths,State,Ondo,5469707,0.9,3
PACE-FLU-SEV,2025/2026,40,51,11,Deaths,State,Ondo,5469707,0.95,4
PACE-FLU-SEV,2025/2026,40,51,11,Deaths,State,Osun,4237396,0.05,0
PACE-FLU-SEV,2025/2026,40,51,11,Deaths,State,Osun,4237396,0.1,0
PACE-FLU-SEV,2025/2026,40,51,11,Deaths,State,Osun,4237396,0.25,0
PACE-FLU-SEV,2025/2026,40,51,11,Deaths,State,Osun,4237396,0.5,1
PACE-FLU-SEV,2025/2026,40,51,11,Deaths,State,Osun,4237396,0.75,2
PACE-FLU-SEV,2025/2026,40,51,11,Deaths,State,Osun,4237396,0.9,3
PACE-FLU-SEV,2025/2026,40,51,11,Deaths,State,Osun,4237396,0.95,4
PACE-FLU-SEV,2025/2026,40,51,11,Deaths,State,Oyo,7512855,0.05,0
PACE-FLU-SEV,2025/2026,40,51,11,Deaths,State,Oyo,7512855,0.1,0
PACE-FLU-SEV,2025/2026,40,51,11,Deaths,State,Oyo,7512855,0.25,0
PACE-FLU-SEV,2025/2026,40,51,11,Deaths,State,Oyo,7512855,0.5,1
PACE-FLU-SEV,2025/2026,40,51,11,Deaths,State,Oyo,7512855,0.75,3
PACE-FLU-SEV,2025/2026,40,51,11,Deaths,State,Oyo,7512855,0.9,4
PACE-FLU-SEV,2025/2026,40,51,11,Deaths,State,Oyo,7512855,0.95,6
PACE-FLU-SEV,2025/2026,40,51,11,Deaths,State,Plateau,5400974,0.05,0
PACE-FLU-SEV,2025/2026,40,51,11,Deaths,State,Plateau,5400974,0.1,0
PACE-FLU-SEV,2025/2026,40,51,11,Deaths,State,Plateau,5400974,0.25,0
PACE-FLU-SEV,2025/2026,40,51,11,Deaths,State,Plateau,5400974,0.5,1
PACE-FLU-SEV,2025/2026,40,51,11,Deaths,State,Plateau,5400974,0.75,3
PACE-FLU-SEV,2025/2026,40,51,11,Deaths,State,Plateau,5400974,0.9,5
PACE-FLU-SEV,2025/2026,40,51,11,Deaths,State,Plateau,5400974,0.95,6
PACE-FLU-SEV,2025/2026,40,51,11,Deaths,State,Rivers,7234973,0.05,0
PACE-FLU-SEV,2025/2026,40,51,11,Deaths,State,Rivers,7234973,0.1,0
PACE-FLU-SEV,2025/2026,40,51,11,Deaths,State,Rivers,7234973,0.25,0
PACE-FLU-SEV,2025/2026,40,51,11,Deaths,State,Rivers,7234973,0.5,1
PACE-FLU-SEV,2025/2026,40,51,11,Deaths,State,Rivers,7234973,0.75,3
PACE-FLU-SEV,2025/2026,40,51,11,Deaths,State,Rivers,7234973,0.9,5
PACE-FLU-SEV,2025/2026,40,51,11,Deaths,State,Rivers,7234973,0.95,6
PACE-FLU-SEV,2025/2026,40,51,11,Deaths,State,Sokoto,6163187,0.05,0
PACE-FLU-SEV,2025/2026,40,51,11,Deaths,State,Sokoto,6163187,0.1,0
PACE-FLU-SEV,2025/2026,40,51,11,Deaths,State,Sokoto,6163187,0.25,1
PACE-FLU-SEV,2025/2026,40,51,11,Deaths,State,Sokoto,6163187,0.5,2
PACE-FLU-SEV,2025/2026,40,51,11,Deaths,State,Sokoto,6163187,0.75,4
PACE-FLU-SEV,2025/2026,40,51,11,Deaths,State,Sokoto,6163187,0.9,6
PACE-FLU-SEV,2025/2026,40,51,11,Deaths,State,Sokoto,6163187,0.95,8
PACE-FLU-SEV,2025/2026,40,51,11,Deaths,State,Taraba,4331885,0.05,0
PACE-FLU-SEV,2025/2026,40,51,11,Deaths,State,Taraba,4331885,0.1,0
PACE-FLU-SEV,2025/2026,40,51,11,Deaths,State,Taraba,4331885,0.25,0
PACE-FLU-SEV,2025/2026,40,51,11,Deaths,State,Taraba,4331885,0.5,1
PACE-FLU-SEV,2025/2026,40,51,11,Deaths,State,Taraba,4331885,0.75,3
PACE-FLU-SEV,2025/2026,40,51,11,Deaths,State,Taraba,4331885,0.9,4
PACE-FLU-SEV,2025/2026,40,51,11,Deaths,State,Taraba,4331885,0.95,6
PACE-FLU-SEV,2025/2026,40,51,11,Deaths,State,Yobe,4350401,0.05,0
PACE-FLU-SEV,2025/2026,40,51,11,Deaths,State,Yobe,4350401,0.1,0
PACE-FLU-SEV,2025/2026,40,51,11,Deaths,State,Yobe,4350401,0.25,0
PACE-FLU-SEV,2025/2026,40,51,11,Deaths,State,Yobe,4350401,0.5,1
PACE-FLU-SEV,2025/2026,40,51,11,Deaths,State,Yobe,4350401,0.75,3
PACE-FLU-SEV,2025/2026,40,51,11,Deaths,State,Yobe,4350401,0.9,5
PACE-FLU-SEV,2025/2026,40,51,11,Deaths,State,Yobe,4350401,0.95,6
PACE-FLU-SEV,2025/2026,40,51,11,Deaths,State,Zamfara,5517793,0.05,0
PACE-FLU-SEV,2025/2026,40,51,11,Deaths,State,Zamfara,5517793,0.1,0
PACE-FLU-SEV,2025/2026,40,51,11,Deaths,State,Zamfara,5517793,0.25,1
PACE-FLU-SEV,2025/2026,40,51,11,Deaths,State,Zamfara,5517793,0.5,2
PACE-FLU-SEV,2025/2026,40,51,11,Deaths,State,Zamfara,5517793,0.75,3
PACE-FLU-SEV,2025/2026,40,51,11,Deaths,State,Zamfara,5517793,0.9,5
PACE-FLU-SEV,2025/2026,40,51,11,Deaths,State,Zamfara,5517793,0.95,7
PACE-FLU-SEV,2025/2026,40,51,11,Deaths,Zone,NC,36557326,0.05,4
PACE-FLU-SEV,2025/2026,40,51,11,Deaths,Zone,NC,36557326,0.1,5
PACE-FLU-SEV,2025/2026,40,51,11,Deaths,Zone,NC,36557326,0.25,8
PACE-FLU-SEV,2025/2026,40,51,11,Deaths,Zone,NC,36557326,0.5,11
PACE-FLU-SEV,2025/2026,40,51,11,Deaths,Zone,NC,36557326,0.75,15
PACE-FLU-SEV,2025/2026,40,51,11,Deaths,Zone,NC,36557326,0.9,21
PACE-FLU-SEV,2025/2026,40,51,11,Deaths,Zone,NC,36557326,0.95,26
PACE-FLU-SEV,2025/2026,40,51,11,Deaths,Zone,NE,32734949,0.05,5
PACE-FLU-SEV,2025/2026,40,51,11,Deaths,Zone,NE,32734949,0.1,7
PACE-FLU-SEV,2025/2026,40,51,11,Deaths,Zone,NE,32734949,0.25,9
PACE-FLU-SEV,2025/2026,40,51,11,Deaths,Zone,NE,32734949,0.5,13
PACE-FLU-SEV,2025/2026,40,51,11,Deaths,Zone,NE,32734949,0.75,18
PACE-FLU-SEV,2025/2026,40,51,11,Deaths,Zone,NE,32734949,0.9,23
PACE-FLU-SEV,2025/2026,40,51,11,Deaths,Zone,NE,32734949,0.95,27
PACE-FLU-SEV,2025/2026,40,51,11,Deaths,Zone,NW,58539886,0.05,9
PACE-FLU-SEV,2025/2026,40,51,11,Deaths,Zone,NW,58539886,0.1,12
PACE-FLU-SEV,2025/2026,40,51,11,Deaths,Zone,NW,58539886,0.25,16
PACE-FLU-SEV,2025/2026,40,51,11,Deaths,Zone,NW,58539886,0.5,22
PACE-FLU-SEV,2025/2026,40,51,11,Deaths,Zone,NW,58539886,0.75,29
PACE-FLU-SEV,2025/2026,40,51,11,Deaths,Zone,NW,58539886,0.9,39
PACE-FLU-SEV,2025/2026,40,51,11,Deaths,Zone,NW,58539886,0.95,46.65000000000009
PACE-FLU-SEV,2025/2026,40,51,11,Deaths,Zone,SE,27612828,0.05,2
PACE-FLU-SEV,2025/2026,40,51,11,Deaths,Zone,SE,27612828,0.1,3
PACE-FLU-SEV,2025/2026,40,51,11,Deaths,Zone,SE,27612828,0.25,4
PACE-FLU-SEV,2025/2026,40,51,11,Deaths,Zone,SE,27612828,0.5,6
PACE-FLU-SEV,2025/2026,40,51,11,Deaths,Zone,SE,27612828,0.75,9
PACE-FLU-SEV,2025/2026,40,51,11,Deaths,Zone,SE,27612828,0.9,13
PACE-FLU-SEV,2025/2026,40,51,11,Deaths,Zone,SE,27612828,0.95,16
PACE-FLU-SEV,2025/2026,40,51,11,Deaths,Zone,SS,31220652,0.05,2
PACE-FLU-SEV,2025/2026,40,51,11,Deaths,Zone,SS,31220652,0.1,3
PACE-FLU-SEV,2025/2026,40,51,11,Deaths,Zone,SS,31220652,0.25,5
PACE-FLU-SEV,2025/2026,40,51,11,Deaths,Zone,SS,31220652,0.5,7
PACE-FLU-SEV,2025/2026,40,51,11,Deaths,Zone,SS,31220652,0.75,11
PACE-FLU-SEV,2025/2026,40,51,11,Deaths,Zone,SS,31220652,0.9,14
PACE-FLU-SEV,2025/2026,40,51,11,Deaths,Zone,SS,31220652,0.95,17
PACE-FLU-SEV,2025/2026,40,51,11,Deaths,Zone,SW,42836294,0.05,3
PACE-FLU-SEV,2025/2026,40,51,11,Deaths,Zone,SW,42836294,0.1,4
PACE-FLU-SEV,2025/2026,40,51,11,Deaths,Zone,SW,42836294,0.25,6
PACE-FLU-SEV,2025/2026,40,51,11,Deaths,Zone,SW,42836294,0.5,8
PACE-FLU-SEV,2025/2026,40,51,11,Deaths,Zone,SW,42836294,0.75,12
PACE-FLU-SEV,2025/2026,40,51,11,Deaths,Zone,SW,42836294,0.9,17
PACE-FLU-SEV,2025/2026,40,51,11,Deaths,Zone,SW,42836294,0.95,20
PACE-FLU-SEV,2025/2026,40,52,12,Deaths,Macro,North,127832161,0.05,25
PACE-FLU-SEV,2025/2026,40,52,12,Deaths,Macro,North,127832161,0.1,29
PACE-FLU-SEV,2025/2026,40,52,12,Deaths,Macro,North,127832161,0.25,37
PACE-FLU-SEV,2025/2026,40,52,12,Deaths,Macro,North,127832161,0.5,47
PACE-FLU-SEV,2025/2026,40,52,12,Deaths,Macro,North,127832161,0.75,61
PACE-FLU-SEV,2025/2026,40,52,12,Deaths,Macro,North,127832161,0.9,77
PACE-FLU-SEV,2025/2026,40,52,12,Deaths,Macro,North,127832161,0.95,87.65000000000009
PACE-FLU-SEV,2025/2026,40,52,12,Deaths,Macro,South,101669774,0.05,11
PACE-FLU-SEV,2025/2026,40,52,12,Deaths,Macro,South,101669774,0.1,13
PACE-FLU-SEV,2025/2026,40,52,12,Deaths,Macro,South,101669774,0.25,18
PACE-FLU-SEV,2025/2026,40,52,12,Deaths,Macro,South,101669774,0.5,24
PACE-FLU-SEV,2025/2026,40,52,12,Deaths,Macro,South,101669774,0.75,32
PACE-FLU-SEV,2025/2026,40,52,12,Deaths,Macro,South,101669774,0.9,42
PACE-FLU-SEV,2025/2026,40,52,12,Deaths,Macro,South,101669774,0.95,48
PACE-FLU-SEV,2025/2026,40,52,12,Deaths,National,Nigeria,229501935,0.05,41
PACE-FLU-SEV,2025/2026,40,52,12,Deaths,National,Nigeria,229501935,0.1,47
PACE-FLU-SEV,2025/2026,40,52,12,Deaths,National,Nigeria,229501935,0.25,57
PACE-FLU-SEV,2025/2026,40,52,12,Deaths,National,Nigeria,229501935,0.5,73
PACE-FLU-SEV,2025/2026,40,52,12,Deaths,National,Nigeria,229501935,0.75,92
PACE-FLU-SEV,2025/2026,40,52,12,Deaths,National,Nigeria,229501935,0.9,113
PACE-FLU-SEV,2025/2026,40,52,12,Deaths,National,Nigeria,229501935,0.95,128
PACE-FLU-SEV,2025/2026,40,52,12,Deaths,State,Abia,4841943,0.05,0
PACE-FLU-SEV,2025/2026,40,52,12,Deaths,State,Abia,4841943,0.1,0
PACE-FLU-SEV,2025/2026,40,52,12,Deaths,State,Abia,4841943,0.25,0
PACE-FLU-SEV,2025/2026,40,52,12,Deaths,State,Abia,4841943,0.5,1
PACE-FLU-SEV,2025/2026,40,52,12,Deaths,State,Abia,4841943,0.75,2
PACE-FLU-SEV,2025/2026,40,52,12,Deaths,State,Abia,4841943,0.9,3
PACE-FLU-SEV,2025/2026,40,52,12,Deaths,State,Abia,4841943,0.95,4
PACE-FLU-SEV,2025/2026,40,52,12,Deaths,State,Adamawa,5236948,0.05,0
PACE-FLU-SEV,2025/2026,40,52,12,Deaths,State,Adamawa,5236948,0.1,0
PACE-FLU-SEV,2025/2026,40,52,12,Deaths,State,Adamawa,5236948,0.25,0
PACE-FLU-SEV,2025/2026,40,52,12,Deaths,State,Adamawa,5236948,0.5,1
PACE-FLU-SEV,2025/2026,40,52,12,Deaths,State,Adamawa,5236948,0.75,3
PACE-FLU-SEV,2025/2026,40,52,12,Deaths,State,Adamawa,5236948,0.9,5
PACE-FLU-SEV,2025/2026,40,52,12,Deaths,State,Adamawa,5236948,0.95,6
PACE-FLU-SEV,2025/2026,40,52,12,Deaths,State,Akwa Ibom,5780581,0.05,0
PACE-FLU-SEV,2025/2026,40,52,12,Deaths,State,Akwa Ibom,5780581,0.1,0
PACE-FLU-SEV,2025/2026,40,52,12,Deaths,State,Akwa Ibom,5780581,0.25,0
PACE-FLU-SEV,2025/2026,40,52,12,Deaths,State,Akwa Ibom,5780581,0.5,1
PACE-FLU-SEV,2025/2026,40,52,12,Deaths,State,Akwa Ibom,5780581,0.75,2
PACE-FLU-SEV,2025/2026,40,52,12,Deaths,State,Akwa Ibom,5780581,0.9,4
PACE-FLU-SEV,2025/2026,40,52,12,Deaths,State,Akwa Ibom,5780581,0.95,5
PACE-FLU-SEV,2025/2026,40,52,12,Deaths,State,Anambra,7299910,0.05,0
PACE-FLU-SEV,2025/2026,40,52,12,Deaths,State,Anambra,7299910,0.1,0
PACE-FLU-SEV,2025/2026,40,52,12,Deaths,State,Anambra,7299910,0.25,1
PACE-FLU-SEV,2025/2026,40,52,12,Deaths,State,Anambra,7299910,0.5,1
PACE-FLU-SEV,2025/2026,40,52,12,Deaths,State,Anambra,7299910,0.75,3
PACE-FLU-SEV,2025/2026,40,52,12,Deaths,State,Anambra,7299910,0.9,5
PACE-FLU-SEV,2025/2026,40,52,12,Deaths,State,Anambra,7299910,0.95,6
PACE-FLU-SEV,2025/2026,40,52,12,Deaths,State,Bauchi,7540663,0.05,0
PACE-FLU-SEV,2025/2026,40,52,12,Deaths,State,Bauchi,7540663,0.1,0
PACE-FLU-SEV,2025/2026,40,52,12,Deaths,State,Bauchi,7540663,0.25,1
PACE-FLU-SEV,2025/2026,40,52,12,Deaths,State,Bauchi,7540663,0.5,2
PACE-FLU-SEV,2025/2026,40,52,12,Deaths,State,Bauchi,7540663,0.75,5
PACE-FLU-SEV,2025/2026,40,52,12,Deaths,State,Bauchi,7540663,0.9,7
PACE-FLU-SEV,2025/2026,40,52,12,Deaths,State,Bauchi,7540663,0.95,10
PACE-FLU-SEV,2025/2026,40,52,12,Deaths,State,Bayelsa,2394725,0.05,0
PACE-FLU-SEV,2025/2026,40,52,12,Deaths,State,Bayelsa,2394725,0.1,0
PACE-FLU-SEV,2025/2026,40,52,12,Deaths,State,Bayelsa,2394725,0.25,0
PACE-FLU-SEV,2025/2026,40,52,12,Deaths,State,Bayelsa,2394725,0.5,0
PACE-FLU-SEV,2025/2026,40,52,12,Deaths,State,Bayelsa,2394725,0.75,1
PACE-FLU-SEV,2025/2026,40,52,12,Deaths,State,Bayelsa,2394725,0.9,2
PACE-FLU-SEV,2025/2026,40,52,12,Deaths,State,Bayelsa,2394725,0.95,3
PACE-FLU-SEV,2025/2026,40,52,12,Deaths,State,Benue,6687706,0.05,0
PACE-FLU-SEV,2025/2026,40,52,12,Deaths,State,Benue,6687706,0.1,0
PACE-FLU-SEV,2025/2026,40,52,12,Deaths,State,Benue,6687706,0.25,1
PACE-FLU-SEV,2025/2026,40,52,12,Deaths,State,Benue,6687706,0.5,2
PACE-FLU-SEV,2025/2026,40,52,12,Deaths,State,Benue,6687706,0.75,3
PACE-FLU-SEV,2025/2026,40,52,12,Deaths,State,Benue,6687706,0.9,6
PACE-FLU-SEV,2025/2026,40,52,12,Deaths,State,Benue,6687706,0.95,7
PACE-FLU-SEV,2025/2026,40,52,12,Deaths,State,Borno,6651590,0.05,0
PACE-FLU-SEV,2025/2026,40,52,12,Deaths,State,Borno,6651590,0.1,0
PACE-FLU-SEV,2025/2026,40,52,12,Deaths,State,Borno,6651590,0.25,1
PACE-FLU-SEV,2025/2026,40,52,12,Deaths,State,Borno,6651590,0.5,2
PACE-FLU-SEV,2025/2026,40,52,12,Deaths,State,Borno,6651590,0.75,4
PACE-FLU-SEV,2025/2026,40,52,12,Deaths,State,Borno,6651590,0.9,7
PACE-FLU-SEV,2025/2026,40,52,12,Deaths,State,Borno,6651590,0.95,9
PACE-FLU-SEV,2025/2026,40,52,12,Deaths,State,Cross River,4175020,0.05,0
PACE-FLU-SEV,2025/2026,40,52,12,Deaths,State,Cross River,4175020,0.1,0
PACE-FLU-SEV,2025/2026,40,52,12,Deaths,State,Cross River,4175020,0.25,0
PACE-FLU-SEV,2025/2026,40,52,12,Deaths,State,Cross River,4175020,0.5,1
PACE-FLU-SEV,2025/2026,40,52,12,Deaths,State,Cross River,4175020,0.75,2
PACE-FLU-SEV,2025/2026,40,52,12,Deaths,State,Cross River,4175020,0.9,3
PACE-FLU-SEV,2025/2026,40,52,12,Deaths,State,Cross River,4175020,0.95,4
PACE-FLU-SEV,2025/2026,40,52,12,Deaths,State,Delta,6107543,0.05,0
PACE-FLU-SEV,2025/2026,40,52,12,Deaths,State,Delta,6107543,0.1,0
PACE-FLU-SEV,2025/2026,40,52,12,Deaths,State,Delta,6107543,0.25,0
PACE-FLU-SEV,2025/2026,40,52,12,Deaths,State,Delta,6107543,0.5,1
PACE-FLU-SEV,2025/2026,40,52,12,Deaths,State,Delta,6107543,0.75,3
PACE-FLU-SEV,2025/2026,40,52,12,Deaths,State,Delta,6107543,0.9,4
PACE-FLU-SEV,2025/2026,40,52,12,Deaths,State,Delta,6107543,0.95,6
PACE-FLU-SEV,2025/2026,40,52,12,Deaths,State,Ebonyi,4007155,0.05,0
PACE-FLU-SEV,2025/2026,40,52,12,Deaths,State,Ebonyi,4007155,0.1,0
PACE-FLU-SEV,2025/2026,40,52,12,Deaths,State,Ebonyi,4007155,0.25,0
PACE-FLU-SEV,2025/2026,40,52,12,Deaths,State,Ebonyi,4007155,0.5,1
PACE-FLU-SEV,2025/2026,40,52,12,Deaths,State,Ebonyi,4007155,0.75,2
PACE-FLU-SEV,2025/2026,40,52,12,Deaths,State,Ebonyi,4007155,0.9,3
PACE-FLU-SEV,2025/2026,40,52,12,Deaths,State,Ebonyi,4007155,0.95,4
PACE-FLU-SEV,2025/2026,40,52,12,Deaths,State,Edo,5527810,0.05,0
PACE-FLU-SEV,2025/2026,40,52,12,Deaths,State,Edo,5527810,0.1,0
PACE-FLU-SEV,2025/2026,40,52,12,Deaths,State,Edo,5527810,0.25,0
PACE-FLU-SEV,2025/2026,40,52,12,Deaths,State,Edo,5527810,0.5,1
PACE-FLU-SEV,2025/2026,40,52,12,Deaths,State,Edo,5527810,0.75,2
PACE-FLU-SEV,2025/2026,40,52,12,Deaths,State,Edo,5527810,0.9,3
PACE-FLU-SEV,2025/2026,40,52,12,Deaths,State,Edo,5527810,0.95,4
PACE-FLU-SEV,2025/2026,40,52,12,Deaths,State,Ekiti,3398177,0.05,0
PACE-FLU-SEV,2025/2026,40,52,12,Deaths,State,Ekiti,3398177,0.1,0
PACE-FLU-SEV,2025/2026,40,52,12,Deaths,State,Ekiti,3398177,0.25,0
PACE-FLU-SEV,2025/2026,40,52,12,Deaths,State,Ekiti,3398177,0.5,1
PACE-FLU-SEV,2025/2026,40,52,12,Deaths,State,Ekiti,3398177,0.75,1
PACE-FLU-SEV,2025/2026,40,52,12,Deaths,State,Ekiti,3398177,0.9,2
PACE-FLU-SEV,2025/2026,40,52,12,Deaths,State,Ekiti,3398177,0.95,3
PACE-FLU-SEV,2025/2026,40,52,12,Deaths,State,Enugu,5396098,0.05,0
PACE-FLU-SEV,2025/2026,40,52,12,Deaths,State,Enugu,5396098,0.1,0
PACE-FLU-SEV,2025/2026,40,52,12,Deaths,State,Enugu,5396098,0.25,0
PACE-FLU-SEV,2025/2026,40,52,12,Deaths,State,Enugu,5396098,0.5,1
PACE-FLU-SEV,2025/2026,40,52,12,Deaths,State,Enugu,5396098,0.75,2
PACE-FLU-SEV,2025/2026,40,52,12,Deaths,State,Enugu,5396098,0.9,3
PACE-FLU-SEV,2025/2026,40,52,12,Deaths,State,Enugu,5396098,0.95,4
PACE-FLU-SEV,2025/2026,40,52,12,Deaths,State,FCT,4802443,0.05,0
PACE-FLU-SEV,2025/2026,40,52,12,Deaths,State,FCT,4802443,0.1,0
PACE-FLU-SEV,2025/2026,40,52,12,Deaths,State,FCT,4802443,0.25,0
PACE-FLU-SEV,2025/2026,40,52,12,Deaths,State,FCT,4802443,0.5,1
PACE-FLU-SEV,2025/2026,40,52,12,Deaths,State,FCT,4802443,0.75,2
PACE-FLU-SEV,2025/2026,40,52,12,Deaths,State,FCT,4802443,0.9,3
PACE-FLU-SEV,2025/2026,40,52,12,Deaths,State,FCT,4802443,0.95,4
PACE-FLU-SEV,2025/2026,40,52,12,Deaths,State,Gombe,4623462,0.05,0
PACE-FLU-SEV,2025/2026,40,52,12,Deaths,State,Gombe,4623462,0.1,0
PACE-FLU-SEV,2025/2026,40,52,12,Deaths,State,Gombe,4623462,0.25,1
PACE-FLU-SEV,2025/2026,40,52,12,Deaths,State,Gombe,4623462,0.5,1
PACE-FLU-SEV,2025/2026,40,52,12,Deaths,State,Gombe,4623462,0.75,3
PACE-FLU-SEV,2025/2026,40,52,12,Deaths,State,Gombe,4623462,0.9,5
PACE-FLU-SEV,2025/2026,40,52,12,Deaths,State,Gombe,4623462,0.95,6
PACE-FLU-SEV,2025/2026,40,52,12,Deaths,State,Imo,6067722,0.05,0
PACE-FLU-SEV,2025/2026,40,52,12,Deaths,State,Imo,6067722,0.1,0
PACE-FLU-SEV,2025/2026,40,52,12,Deaths,State,Imo,6067722,0.25,0
PACE-FLU-SEV,2025/2026,40,52,12,Deaths,State,Imo,6067722,0.5,1
PACE-FLU-SEV,2025/2026,40,52,12,Deaths,State,Imo,6067722,0.75,2
PACE-FLU-SEV,2025/2026,40,52,12,Deaths,State,Imo,6067722,0.9,4
PACE-FLU-SEV,2025/2026,40,52,12,Deaths,State,Imo,6067722,0.95,5
PACE-FLU-SEV,2025/2026,40,52,12,Deaths,State,Jigawa,6979080,0.05,0
PACE-FLU-SEV,2025/2026,40,52,12,Deaths,State,Jigawa,6979080,0.1,0
PACE-FLU-SEV,2025/2026,40,52,12,Deaths,State,Jigawa,6979080,0.25,1
PACE-FLU-SEV,2025/2026,40,52,12,Deaths,State,Jigawa,6979080,0.5,2
PACE-FLU-SEV,2025/2026,40,52,12,Deaths,State,Jigawa,6979080,0.75,4
PACE-FLU-SEV,2025/2026,40,52,12,Deaths,State,Jigawa,6979080,0.9,7
PACE-FLU-SEV,2025/2026,40,52,12,Deaths,State,Jigawa,6979080,0.95,9
PACE-FLU-SEV,2025/2026,40,52,12,Deaths,State,Kaduna,8324285,0.05,0
PACE-FLU-SEV,2025/2026,40,52,12,Deaths,State,Kaduna,8324285,0.1,0
PACE-FLU-SEV,2025/2026,40,52,12,Deaths,State,Kaduna,8324285,0.25,1
PACE-FLU-SEV,2025/2026,40,52,12,Deaths,State,Kaduna,8324285,0.5,2
PACE-FLU-SEV,2025/2026,40,52,12,Deaths,State,Kaduna,8324285,0.75,4
PACE-FLU-SEV,2025/2026,40,52,12,Deaths,State,Kaduna,8324285,0.9,7
PACE-FLU-SEV,2025/2026,40,52,12,Deaths,State,Kaduna,8324285,0.95,9
PACE-FLU-SEV,2025/2026,40,52,12,Deaths,State,Kano,16253549,0.05,0
PACE-FLU-SEV,2025/2026,40,52,12,Deaths,State,Kano,16253549,0.1,1
PACE-FLU-SEV,2025/2026,40,52,12,Deaths,State,Kano,16253549,0.25,2
PACE-FLU-SEV,2025/2026,40,52,12,Deaths,State,Kano,16253549,0.5,5
PACE-FLU-SEV,2025/2026,40,52,12,Deaths,State,Kano,16253549,0.75,9
PACE-FLU-SEV,2025/2026,40,52,12,Deaths,State,Kano,16253549,0.9,13
PACE-FLU-SEV,2025/2026,40,52,12,Deaths,State,Kano,16253549,0.95,18
PACE-FLU-SEV,2025/2026,40,52,12,Deaths,State,Katsina,9300382,0.05,0
PACE-FLU-SEV,2025/2026,40,52,12,Deaths,State,Katsina,9300382,0.1,0
PACE-FLU-SEV,2025/2026,40,52,12,Deaths,State,Katsina,9300382,0.25,1
PACE-FLU-SEV,2025/2026,40,52,12,Deaths,State,Katsina,9300382,0.5,3
PACE-FLU-SEV,2025/2026,40,52,12,Deaths,State,Katsina,9300382,0.75,5
PACE-FLU-SEV,2025/2026,40,52,12,Deaths,State,Katsina,9300382,0.9,8
PACE-FLU-SEV,2025/2026,40,52,12,Deaths,State,Katsina,9300382,0.95,10
PACE-FLU-SEV,2025/2026,40,52,12,Deaths,State,Kebbi,6001610,0.05,0
PACE-FLU-SEV,2025/2026,40,52,12,Deaths,State,Kebbi,6001610,0.1,0
PACE-FLU-SEV,2025/2026,40,52,12,Deaths,State,Kebbi,6001610,0.25,1
PACE-FLU-SEV,2025/2026,40,52,12,Deaths,State,Kebbi,6001610,0.5,2
PACE-FLU-SEV,2025/2026,40,52,12,Deaths,State,Kebbi,6001610,0.75,4
PACE-FLU-SEV,2025/2026,40,52,12,Deaths,State,Kebbi,6001610,0.9,6
PACE-FLU-SEV,2025/2026,40,52,12,Deaths,State,Kebbi,6001610,0.95,7.650000000000091
PACE-FLU-SEV,2025/2026,40,52,12,Deaths,State,Kogi,5053734,0.05,0
PACE-FLU-SEV,2025/2026,40,52,12,Deaths,State,Kogi,5053734,0.1,0
PACE-FLU-SEV,2025/2026,40,52,12,Deaths,State,Kogi,5053734,0.25,0
PACE-FLU-SEV,2025/2026,40,52,12,Deaths,State,Kogi,5053734,0.5,1
PACE-FLU-SEV,2025/2026,40,52,12,Deaths,State,Kogi,5053734,0.75,3
PACE-FLU-SEV,2025/2026,40,52,12,Deaths,State,Kogi,5053734,0.9,4
PACE-FLU-SEV,2025/2026,40,52,12,Deaths,State,Kogi,5053734,0.95,6
PACE-FLU-SEV,2025/2026,40,52,12,Deaths,State,Kwara,4259613,0.05,0
PACE-FLU-SEV,2025/2026,40,52,12,Deaths,State,Kwara,4259613,0.1,0
PACE-FLU-SEV,2025/2026,40,52,12,Deaths,State,Kwara,4259613,0.25,0
PACE-FLU-SEV,2025/2026,40,52,12,Deaths,State,Kwara,4259613,0.5,1
PACE-FLU-SEV,2025/2026,40,52,12,Deaths,State,Kwara,4259613,0.75,2
PACE-FLU-SEV,2025/2026,40,52,12,Deaths,State,Kwara,4259613,0.9,3
PACE-FLU-SEV,2025/2026,40,52,12,Deaths,State,Kwara,4259613,0.95,4
PACE-FLU-SEV,2025/2026,40,52,12,Deaths,State,Lagos,15772884,0.05,0
PACE-FLU-SEV,2025/2026,40,52,12,Deaths,State,Lagos,15772884,0.1,0
PACE-FLU-SEV,2025/2026,40,52,12,Deaths,State,Lagos,15772884,0.25,1
PACE-FLU-SEV,2025/2026,40,52,12,Deaths,State,Lagos,15772884,0.5,2
PACE-FLU-SEV,2025/2026,40,52,12,Deaths,State,Lagos,15772884,0.75,4
PACE-FLU-SEV,2025/2026,40,52,12,Deaths,State,Lagos,15772884,0.9,6
PACE-FLU-SEV,2025/2026,40,52,12,Deaths,State,Lagos,15772884,0.95,8
PACE-FLU-SEV,2025/2026,40,52,12,Deaths,State,Nasarawa,3632239,0.05,0
PACE-FLU-SEV,2025/2026,40,52,12,Deaths,State,Nasarawa,3632239,0.1,0
PACE-FLU-SEV,2025/2026,40,52,12,Deaths,State,Nasarawa,3632239,0.25,0
PACE-FLU-SEV,2025/2026,40,52,12,Deaths,State,Nasarawa,3632239,0.5,1
PACE-FLU-SEV,2025/2026,40,52,12,Deaths,State,Nasarawa,3632239,0.75,2
PACE-FLU-SEV,2025/2026,40,52,12,Deaths,State,Nasarawa,3632239,0.9,3
PACE-FLU-SEV,2025/2026,40,52,12,Deaths,State,Nasarawa,3632239,0.95,4
PACE-FLU-SEV,2025/2026,40,52,12,Deaths,State,Niger,6720617,0.05,0
PACE-FLU-SEV,2025/2026,40,52,12,Deaths,State,Niger,6720617,0.1,0
PACE-FLU-SEV,2025/2026,40,52,12,Deaths,State,Niger,6720617,0.25,1
PACE-FLU-SEV,2025/2026,40,52,12,Deaths,State,Niger,6720617,0.5,2
PACE-FLU-SEV,2025/2026,40,52,12,Deaths,State,Niger,6720617,0.75,3
PACE-FLU-SEV,2025/2026,40,52,12,Deaths,State,Niger,6720617,0.9,6
PACE-FLU-SEV,2025/2026,40,52,12,Deaths,State,Niger,6720617,0.95,7.650000000000091
PACE-FLU-SEV,2025/2026,40,52,12,Deaths,State,Ogun,6445275,0.05,0
PACE-FLU-SEV,2025/2026,40,52,12,Deaths,State,Ogun,6445275,0.1,0
PACE-FLU-SEV,2025/2026,40,52,12,Deaths,State,Ogun,6445275,0.25,0
PACE-FLU-SEV,2025/2026,40,52,12,Deaths,State,Ogun,6445275,0.5,1
PACE-FLU-SEV,2025/2026,40,52,12,Deaths,State,Ogun,6445275,0.75,2
PACE-FLU-SEV,2025/2026,40,52,12,Deaths,State,Ogun,6445275,0.9,4
PACE-FLU-SEV,2025/2026,40,52,12,Deaths,State,Ogun,6445275,0.95,5
PACE-FLU-SEV,2025/2026,40,52,12,Deaths,State,Ondo,5469707,0.05,0
PACE-FLU-SEV,2025/2026,40,52,12,Deaths,State,Ondo,5469707,0.1,0
PACE-FLU-SEV,2025/2026,40,52,12,Deaths,State,Ondo,5469707,0.25,0
PACE-FLU-SEV,2025/2026,40,52,12,Deaths,State,Ondo,5469707,0.5,1
PACE-FLU-SEV,2025/2026,40,52,12,Deaths,State,Ondo,5469707,0.75,2
PACE-FLU-SEV,2025/2026,40,52,12,Deaths,State,Ondo,5469707,0.9,3
PACE-FLU-SEV,2025/2026,40,52,12,Deaths,State,Ondo,5469707,0.95,4
PACE-FLU-SEV,2025/2026,40,52,12,Deaths,State,Osun,4237396,0.05,0
PACE-FLU-SEV,2025/2026,40,52,12,Deaths,State,Osun,4237396,0.1,0
PACE-FLU-SEV,2025/2026,40,52,12,Deaths,State,Osun,4237396,0.25,0
PACE-FLU-SEV,2025/2026,40,52,12,Deaths,State,Osun,4237396,0.5,1
PACE-FLU-SEV,2025/2026,40,52,12,Deaths,State,Osun,4237396,0.75,2
PACE-FLU-SEV,2025/2026,40,52,12,Deaths,State,Osun,4237396,0.9,3
PACE-FLU-SEV,2025/2026,40,52,12,Deaths,State,Osun,4237396,0.95,4
PACE-FLU-SEV,2025/2026,40,52,12,Deaths,State,Oyo,7512855,0.05,0
PACE-FLU-SEV,2025/2026,40,52,12,Deaths,State,Oyo,7512855,0.1,0
PACE-FLU-SEV,2025/2026,40,52,12,Deaths,State,Oyo,7512855,0.25,0
PACE-FLU-SEV,2025/2026,40,52,12,Deaths,State,Oyo,7512855,0.5,1
PACE-FLU-SEV,2025/2026,40,52,12,Deaths,State,Oyo,7512855,0.75,3
PACE-FLU-SEV,2025/2026,40,52,12,Deaths,State,Oyo,7512855,0.9,5
PACE-FLU-SEV,2025/2026,40,52,12,Deaths,State,Oyo,7512855,0.95,6
PACE-FLU-SEV,2025/2026,40,52,12,Deaths,State,Plateau,5400974,0.05,0
PACE-FLU-SEV,2025/2026,40,52,12,Deaths,State,Plateau,5400974,0.1,0
PACE-FLU-SEV,2025/2026,40,52,12,Deaths,State,Plateau,5400974,0.25,0
PACE-FLU-SEV,2025/2026,40,52,12,Deaths,State,Plateau,5400974,0.5,1
PACE-FLU-SEV,2025/2026,40,52,12,Deaths,State,Plateau,5400974,0.75,3
PACE-FLU-SEV,2025/2026,40,52,12,Deaths,State,Plateau,5400974,0.9,5
PACE-FLU-SEV,2025/2026,40,52,12,Deaths,State,Plateau,5400974,0.95,6
PACE-FLU-SEV,2025/2026,40,52,12,Deaths,State,Rivers,7234973,0.05,0
PACE-FLU-SEV,2025/2026,40,52,12,Deaths,State,Rivers,7234973,0.1,0
PACE-FLU-SEV,2025/2026,40,52,12,Deaths,State,Rivers,7234973,0.25,0
PACE-FLU-SEV,2025/2026,40,52,12,Deaths,State,Rivers,7234973,0.5,1
PACE-FLU-SEV,2025/2026,40,52,12,Deaths,State,Rivers,7234973,0.75,3
PACE-FLU-SEV,2025/2026,40,52,12,Deaths,State,Rivers,7234973,0.9,5
PACE-FLU-SEV,2025/2026,40,52,12,Deaths,State,Rivers,7234973,0.95,6
PACE-FLU-SEV,2025/2026,40,52,12,Deaths,State,Sokoto,6163187,0.05,0
PACE-FLU-SEV,2025/2026,40,52,12,Deaths,State,Sokoto,6163187,0.1,0
PACE-FLU-SEV,2025/2026,40,52,12,Deaths,State,Sokoto,6163187,0.25,1
PACE-FLU-SEV,2025/2026,40,52,12,Deaths,State,Sokoto,6163187,0.5,2
PACE-FLU-SEV,2025/2026,40,52,12,Deaths,State,Sokoto,6163187,0.75,4
PACE-FLU-SEV,2025/2026,40,52,12,Deaths,State,Sokoto,6163187,0.9,6
PACE-FLU-SEV,2025/2026,40,52,12,Deaths,State,Sokoto,6163187,0.95,8
PACE-FLU-SEV,2025/2026,40,52,12,Deaths,State,Taraba,4331885,0.05,0
PACE-FLU-SEV,2025/2026,40,52,12,Deaths,State,Taraba,4331885,0.1,0
PACE-FLU-SEV,2025/2026,40,52,12,Deaths,State,Taraba,4331885,0.25,0
PACE-FLU-SEV,2025/2026,40,52,12,Deaths,State,Taraba,4331885,0.5,1
PACE-FLU-SEV,2025/2026,40,52,12,Deaths,State,Taraba,4331885,0.75,3
PACE-FLU-SEV,2025/2026,40,52,12,Deaths,State,Taraba,4331885,0.9,4
PACE-FLU-SEV,2025/2026,40,52,12,Deaths,State,Taraba,4331885,0.95,6
PACE-FLU-SEV,2025/2026,40,52,12,Deaths,State,Yobe,4350401,0.05,0
PACE-FLU-SEV,2025/2026,40,52,12,Deaths,State,Yobe,4350401,0.1,0
PACE-FLU-SEV,2025/2026,40,52,12,Deaths,State,Yobe,4350401,0.25,1
PACE-FLU-SEV,2025/2026,40,52,12,Deaths,State,Yobe,4350401,0.5,2
PACE-FLU-SEV,2025/2026,40,52,12,Deaths,State,Yobe,4350401,0.75,3
PACE-FLU-SEV,2025/2026,40,52,12,Deaths,State,Yobe,4350401,0.9,5
PACE-FLU-SEV,2025/2026,40,52,12,Deaths,State,Yobe,4350401,0.95,6
PACE-FLU-SEV,2025/2026,40,52,12,Deaths,State,Zamfara,5517793,0.05,0
PACE-FLU-SEV,2025/2026,40,52,12,Deaths,State,Zamfara,5517793,0.1,0
PACE-FLU-SEV,2025/2026,40,52,12,Deaths,State,Zamfara,5517793,0.25,1
PACE-FLU-SEV,2025/2026,40,52,12,Deaths,State,Zamfara,5517793,0.5,2
PACE-FLU-SEV,2025/2026,40,52,12,Deaths,State,Zamfara,5517793,0.75,4
PACE-FLU-SEV,2025/2026,40,52,12,Deaths,State,Zamfara,5517793,0.9,6
PACE-FLU-SEV,2025/2026,40,52,12,Deaths,State,Zamfara,5517793,0.95,8
PACE-FLU-SEV,2025/2026,40,52,12,Deaths,Zone,NC,36557326,0.05,4
PACE-FLU-SEV,2025/2026,40,52,12,Deaths,Zone,NC,36557326,0.1,5
PACE-FLU-SEV,2025/2026,40,52,12,Deaths,Zone,NC,36557326,0.25,8
PACE-FLU-SEV,2025/2026,40,52,12,Deaths,Zone,NC,36557326,0.5,11
PACE-FLU-SEV,2025/2026,40,52,12,Deaths,Zone,NC,36557326,0.75,16
PACE-FLU-SEV,2025/2026,40,52,12,Deaths,Zone,NC,36557326,0.9,21
PACE-FLU-SEV,2025/2026,40,52,12,Deaths,Zone,NC,36557326,0.95,25
PACE-FLU-SEV,2025/2026,40,52,12,Deaths,Zone,NE,32734949,0.05,5
PACE-FLU-SEV,2025/2026,40,52,12,Deaths,Zone,NE,32734949,0.1,6
PACE-FLU-SEV,2025/2026,40,52,12,Deaths,Zone,NE,32734949,0.25,9
PACE-FLU-SEV,2025/2026,40,52,12,Deaths,Zone,NE,32734949,0.5,13
PACE-FLU-SEV,2025/2026,40,52,12,Deaths,Zone,NE,32734949,0.75,18
PACE-FLU-SEV,2025/2026,40,52,12,Deaths,Zone,NE,32734949,0.9,24
PACE-FLU-SEV,2025/2026,40,52,12,Deaths,Zone,NE,32734949,0.95,28
PACE-FLU-SEV,2025/2026,40,52,12,Deaths,Zone,NW,58539886,0.05,9
PACE-FLU-SEV,2025/2026,40,52,12,Deaths,Zone,NW,58539886,0.1,12
PACE-FLU-SEV,2025/2026,40,52,12,Deaths,Zone,NW,58539886,0.25,16
PACE-FLU-SEV,2025/2026,40,52,12,Deaths,Zone,NW,58539886,0.5,22
PACE-FLU-SEV,2025/2026,40,52,12,Deaths,Zone,NW,58539886,0.75,30
PACE-FLU-SEV,2025/2026,40,52,12,Deaths,Zone,NW,58539886,0.9,40.63333333333344
PACE-FLU-SEV,2025/2026,40,52,12,Deaths,Zone,NW,58539886,0.95,47.65000000000009
PACE-FLU-SEV,2025/2026,40,52,12,Deaths,Zone,SE,27612828,0.05,2
PACE-FLU-SEV,2025/2026,40,52,12,Deaths,Zone,SE,27612828,0.1,3
PACE-FLU-SEV,2025/2026,40,52,12,Deaths,Zone,SE,27612828,0.25,4
PACE-FLU-SEV,2025/2026,40,52,12,Deaths,Zone,SE,27612828,0.5,7
PACE-FLU-SEV,2025/2026,40,52,12,Deaths,Zone,SE,27612828,0.75,10
PACE-FLU-SEV,2025/2026,40,52,12,Deaths,Zone,SE,27612828,0.9,13
PACE-FLU-SEV,2025/2026,40,52,12,Deaths,Zone,SE,27612828,0.95,16
PACE-FLU-SEV,2025/2026,40,52,12,Deaths,Zone,SS,31220652,0.05,2
PACE-FLU-SEV,2025/2026,40,52,12,Deaths,Zone,SS,31220652,0.1,3
PACE-FLU-SEV,2025/2026,40,52,12,Deaths,Zone,SS,31220652,0.25,5
PACE-FLU-SEV,2025/2026,40,52,12,Deaths,Zone,SS,31220652,0.5,8
PACE-FLU-SEV,2025/2026,40,52,12,Deaths,Zone,SS,31220652,0.75,11
PACE-FLU-SEV,2025/2026,40,52,12,Deaths,Zone,SS,31220652,0.9,15
PACE-FLU-SEV,2025/2026,40,52,12,Deaths,Zone,SS,31220652,0.95,19
PACE-FLU-SEV,2025/2026,40,52,12,Deaths,Zone,SW,42836294,0.05,3
PACE-FLU-SEV,2025/2026,40,52,12,Deaths,Zone,SW,42836294,0.1,4
PACE-FLU-SEV,2025/2026,40,52,12,Deaths,Zone,SW,42836294,0.25,6
PACE-FLU-SEV,2025/2026,40,52,12,Deaths,Zone,SW,42836294,0.5,9
PACE-FLU-SEV,2025/2026,40,52,12,Deaths,Zone,SW,42836294,0.75,13
PACE-FLU-SEV,2025/2026,40,52,12,Deaths,Zone,SW,42836294,0.9,17
PACE-FLU-SEV,2025/2026,40,52,12,Deaths,Zone,SW,42836294,0.95,20
