model,season,origin_week,target_week,horizon,outcome,spatial_level,location,population,q05,q05_per100k,q10,q10_per100k,q25,q25_per100k,median,median_per100k,q75,q75_per100k,q90,q90_per100k,q95,q95_per100k
PACE-FLU-SEV,2025/2026,40,41,1,Cases,Macro,North,127832161,15652.35,12.244453881992968,16287.833333333332,12.741577085075901,17510.166666666664,13.697778813789018,19012.5,14.873017753333606,20631.583333333336,16.139587387037395,22150.166666666668,17.32753830756774,23034.95,18.01968285586598
PACE-FLU-SEV,2025/2026,40,41,1,Cases,Macro,South,101669774,7098.5,6.981917752664622,7486.733333333334,7.363774934065786,8148,8.014181284596935,8907,8.760715844612776,9758.583333333334,9.59831319516195,10592.433333333334,10.418468455859195,11091.900000000001,10.909732129433081
PACE-FLU-SEV,2025/2026,40,41,1,Cases,National,Nigeria,229501935,24227.050000000003,10.556359797140708,24954.1,10.873154511747362,26327.25,11.471471907197646,27977,12.190311162300222,29831.25,12.99825641992953,31418.4,13.689819216556934,32398.05,14.116678362646486
PACE-FLU-SEV,2025/2026,40,41,1,Cases,State,Abia,4841943,158.35000000000002,3.270381332452695,200,4.130573201708487,285.4166666666667,5.894672173271488,408,8.426369331485315,558,11.52429923276668,715,14.766799196107844,818,16.894044394987716
PACE-FLU-SEV,2025/2026,40,41,1,Cases,State,Adamawa,5236948,193,3.6853526137742825,245.3666666666667,4.68529889291753,350,6.683281942077714,507,9.681211270381146,711,13.5766098880493,927,17.701149600874402,1043.9500000000003,19.934320524091518
PACE-FLU-SEV,2025/2026,40,41,1,Cases,State,Akwa Ibom,5780581,166,2.8716836594799036,208,3.598254223926626,300,5.189789746048018,430,7.43869863600216,600,10.379579492096036,765.2666666666669,13.238576998863383,882,15.257981853381175
PACE-FLU-SEV,2025/2026,40,41,1,Cases,State,Anambra,7299910,214.35000000000002,2.936337571285126,274,3.7534709332032863,396,5.424724414410589,562,7.698725052774623,765,10.479581255111365,975.6333333333334,13.365004956682116,1121.9000000000005,15.368682627594048
PACE-FLU-SEV,2025/2026,40,41,1,Cases,State,Bauchi,7540663,451,5.980906453451109,566.7333333333333,7.515696343058076,819.4166666666667,10.866639533773975,1152.5,15.283801968076283,1574,20.87349613687815,2108.3333333333344,27.95952203849097,2389.3,31.68554276991294
PACE-FLU-SEV,2025/2026,40,41,1,Cases,State,Bayelsa,2394725,84,3.5077096535092758,103,4.301120170374469,150,6.263767238409421,212,8.852791030285315,286.58333333333326,11.967275296049994,373,15.575901199511426,435.6500000000001,18.192067982753763
PACE-FLU-SEV,2025/2026,40,41,1,Cases,State,Benue,6687706,331.05,4.95012789138757,408,6.100746653635791,597,8.926827824070017,850,12.70988886174123,1185.5833333333333,17.727802827058085,1543,23.072186486666727,1805.3000000000002,26.99430866129582
PACE-FLU-SEV,2025/2026,40,41,1,Cases,State,Borno,6651590,339,5.096525793081053,413,6.209041747912905,577.4166666666667,8.680881814222865,835,12.553389490332387,1156.5833333333333,17.388073127377563,1514.5333333333338,22.769493208891916,1753.150000000001,26.35685602991166
PACE-FLU-SEV,2025/2026,40,41,1,Cases,State,Cross River,4175020,137.35000000000002,3.289804599738445,173,4.143692724825271,252,6.035899229225249,364,8.718521108880916,492,11.78437468563025,638.6333333333334,15.296533509619916,734.6000000000004,17.595125292812977
PACE-FLU-SEV,2025/2026,40,41,1,Cases,State,Delta,6107543,172.35000000000002,2.821920369615081,220.3666666666667,3.608106675084673,319,5.223049596212421,463.5000000000001,7.588976450923065,639,10.462472388651214,830,13.589752867888118,943.2000000000007,15.443198680713353
PACE-FLU-SEV,2025/2026,40,41,1,Cases,State,Ebonyi,4007155,121,3.0195986928381857,152.3666666666667,3.802365185940317,223,5.565045524817482,321,8.010670912405434,434,10.83062671646093,567,14.149689742473152,649.9500000000003,16.219736945538674
PACE-FLU-SEV,2025/2026,40,41,1,Cases,State,Edo,5527810,178,3.2200817321868875,226.3666666666667,4.095051506232426,319,5.770820632402343,455,8.231107798567606,627.5833333333333,11.353200152200117,830,15.014987852332117,959.6500000000001,17.360401316253636
PACE-FLU-SEV,2025/2026,40,41,1,Cases,State,Ekiti,3398177,95,2.795616590895648,120,3.531305167447134,172,5.061537406674225,242,7.121465421018387,337,9.917082011914035,446,13.124684205678514,517.6500000000001,15.23316766607508
PACE-FLU-SEV,2025/2026,40,41,1,Cases,State,Enugu,5396098,153.35000000000002,2.84186832781762,191,3.539594721963908,270,5.003615575551074,383.5000000000001,7.106987308236436,528,9.784848236633211,688,12.7499537628857,794.3000000000002,14.719895746889701
PACE-FLU-SEV,2025/2026,40,41,1,Cases,State,FCT,4802443,238.70000000000002,4.970386946810197,294,6.121884216012559,421.83333333333337,8.7837238949704,606.5000000000001,12.628989037454481,847,17.63685690803618,1085,22.592667940046347,1259.9500000000003,26.235605503282393
PACE-FLU-SEV,2025/2026,40,41,1,Cases,State,Gombe,4623462,290,6.272356082952558,363.4666666666668,7.861352957300543,520.4166666666667,11.255995327022623,733.5000000000001,15.864735127054146,1009,21.823473405859072,1330.2666666666669,28.772090409019626,1554.3000000000002,33.6176657232178
PACE-FLU-SEV,2025/2026,40,41,1,Cases,State,Imo,6067722,182.35000000000002,3.0052464499856786,229,3.774068752655445,332,5.471575658871649,483.5000000000001,7.968394069471214,682,11.23980301009176,889,14.651297472099085,1035.65,17.068184732260313
PACE-FLU-SEV,2025/2026,40,41,1,Cases,State,Jigawa,6979080,391.1,5.603890484132579,498,7.135610997438058,680,9.743404574815019,973.5000000000001,13.948829931738853,1340.5833333333333,19.20859673958936,1709.2666666666669,24.491289205262973,1968.0500000000015,28.199275549212814
PACE-FLU-SEV,2025/2026,40,41,1,Cases,State,Kaduna,8324285,316,3.796121829082017,397.10000000000014,4.77037967825465,590,7.087695820121488,844.0000000000002,10.139008935902606,1160.5833333333333,13.942138373846323,1494.6333333333334,17.955095642849006,1730.9500000000003,20.793978101422528
PACE-FLU-SEV,2025/2026,40,41,1,Cases,State,Kano,16253549,820.4,5.047513007774487,1056.5666666666668,6.500529002414592,1532.25,9.427171874893292,2184,13.437065344928667,3008,18.506727361513477,3895,23.963997032278918,4424.6,27.222362328375176
PACE-FLU-SEV,2025/2026,40,41,1,Cases,State,Katsina,9300382,590.35,6.3475887334520245,721.3666666666668,7.756312231762811,1014,10.902777971915562,1440,15.483234989702574,1999.5833333333333,21.500012938536646,2605.166666666667,28.011394227319556,3042.9000000000005,32.718010937615254
PACE-FLU-SEV,2025/2026,40,41,1,Cases,State,Kebbi,6001610,400.35,6.670710026142986,515.3666666666667,8.587140228483136,751,12.51330892877078,1081,18.01183349134649,1506.5833333333333,25.102986254243998,1954,32.55793028870586,2309.9500000000003,38.48883882824776
PACE-FLU-SEV,2025/2026,40,41,1,Cases,State,Kogi,5053734,205.35,4.063332181709603,274.3666666666667,5.428989073557625,394.4166666666667,7.804460358749919,562.5000000000001,11.13038398934333,791,15.651793307681015,1020.9000000000003,20.200904915058853,1143,22.616940266345637
PACE-FLU-SEV,2025/2026,40,41,1,Cases,State,Kwara,4259613,223.35000000000002,5.243434086617729,294.3666666666667,6.910643447342909,427,10.024384844350884,589,13.827547244315387,812.5833333333333,19.076459136858986,1057.6333333333334,24.82932917458308,1198,28.124620710848614
PACE-FLU-SEV,2025/2026,40,41,1,Cases,State,Lagos,15772884,465.7,2.9525355033359784,591,3.746936831590215,857,5.433375405537757,1238.5,7.852083360278311,1701.7499999999998,10.789085876748981,2249.266666666667,14.260338608124341,2606.2000000000007,16.523294027902576
PACE-FLU-SEV,2025/2026,40,41,1,Cases,State,Nasarawa,3632239,131,3.606590865854367,163.3666666666667,4.497684944924238,238,6.552432260101827,340,9.360617514431182,477.58333333333326,13.148455631177718,630.6333333333334,17.362110074070937,730.6500000000001,20.115691726232775
PACE-FLU-SEV,2025/2026,40,41,1,Cases,State,Niger,6720617,300,4.463875861397845,371.3666666666667,5.525782330203711,529,7.871301102264867,745.5000000000001,11.092731515573647,1034,15.385492135617906,1341.1666666666672,19.956005031482484,1561.3000000000002,23.23149794133485
PACE-FLU-SEV,2025/2026,40,41,1,Cases,State,Ogun,6445275,218.35000000000002,3.387753043896498,273.3666666666667,4.241349929470297,390,6.050944296403179,559.5000000000001,8.680777779070716,761,11.807098998879024,995.6333333333334,15.44749189651851,1157.3000000000002,17.955789318531796
PACE-FLU-SEV,2025/2026,40,41,1,Cases,State,Ondo,5469707,191,3.4919603554632817,252,4.607193767417524,356,6.508575322224756,510,9.324082624535464,692,12.65150034544812,879,16.070330641111124,1020.6500000000001,18.660048883788477
PACE-FLU-SEV,2025/2026,40,41,1,Cases,State,Osun,4237396,149,3.516310488800197,190,4.483885858201593,270,6.371837798497001,398,9.392560902969654,550.5833333333333,12.993435905762247,704.6333333333334,16.628923360793596,806.9500000000003,19.043535227767247
PACE-FLU-SEV,2025/2026,40,41,1,Cases,State,Oyo,7512855,236,3.1412825084471883,288.3666666666667,3.838310025505174,421,5.6037285426112975,610,8.119416653189766,853.1666666666665,11.356091215212679,1081.2666666666669,14.392220622741512,1234.3000000000002,16.42917372956087
PACE-FLU-SEV,2025/2026,40,41,1,Cases,State,Plateau,5400974,213.35,3.950213424467513,260,4.8139465214977895,370.4166666666667,6.858330861556946,532,9.85007519014163,726.5833333333333,13.452820423377954,944.6333333333334,17.490055188811006,1081.9500000000003,20.0324978420559
PACE-FLU-SEV,2025/2026,40,41,1,Cases,State,Rivers,7234973,249.7,3.4512913869892814,325,4.492069286229541,452,6.2474317457715465,650.5000000000001,8.991049448284052,908,12.550150498142841,1218.6333333333334,16.843647285668286,1407.9000000000005,19.459644147946378
PACE-FLU-SEV,2025/2026,40,41,1,Cases,State,Sokoto,6163187,520.7,8.448551049968142,653.1000000000001,10.596790264517368,916,14.862440487364735,1302,21.125433967848128,1761.5833333333333,28.582344383406397,2275.9000000000005,36.92732347728538,2711.6000000000004,43.99671793181028
PACE-FLU-SEV,2025/2026,40,41,1,Cases,State,Taraba,4331885,252.35000000000002,5.825408569248722,331,7.641015400916691,473.83333333333337,10.93827129144318,681.5000000000001,15.732181255965939,908,20.960851915505607,1199,27.678481769483724,1399,32.29540950417659
PACE-FLU-SEV,2025/2026,40,41,1,Cases,State,Yobe,4350401,206,4.735195675065356,253,5.815555853356966,367.4166666666667,8.445581606538495,531,12.205771376017982,729,16.757075956906043,939.6333333333334,21.59877522401575,1102.8500000000008,25.350536651678794
PACE-FLU-SEV,2025/2026,40,41,1,Cases,State,Zamfara,5517793,433.7,7.860026644711029,553.3666666666668,10.028768144558281,795.4166666666667,14.415485805043188,1151,20.859789412179833,1583.1666666666665,28.692027168591977,2033.700000000001,36.85712747832333,2329.9000000000005,42.225215770145795
PACE-FLU-SEV,2025/2026,40,41,1,Cases,Zone,NC,36557326,3258.75,8.914081954462425,3523,9.636919286711507,3990.416666666667,10.915504779169753,4559,12.470824589303934,5150.75,14.089515190470987,5748,15.723250655696207,6107.9000000000005,16.707731851065915
PACE-FLU-SEV,2025/2026,40,41,1,Cases,Zone,NE,32734949,3378.7,10.321384646116297,3621.1000000000004,11.061877628097115,4147.416666666667,12.669690325977495,4732,14.455498311605739,5412.583333333333,16.53457084455312,6091.266666666666,18.60783918333481,6594.9,20.146357949114265
PACE-FLU-SEV,2025/2026,40,41,1,Cases,Zone,NW,58539886,6894.45,11.777354674042241,7446.366666666667,12.720159152114963,8390.833333333334,14.33353206962742,9616.5,16.427261235185867,10860.583333333332,18.552450432399773,12191.166666666668,20.82540213123522,12927.700000000003,22.08357563251832
PACE-FLU-SEV,2025/2026,40,41,1,Cases,Zone,SE,27612828,1560.7,5.6520831549742026,1699.3666666666668,6.1542652084265566,1956,7.083664157832729,2298.5,8.32402968649209,2645,9.578881235924115,3022.633333333333,10.946482313703376,3253.850000000001,11.783834672783247
PACE-FLU-SEV,2025/2026,40,41,1,Cases,Zone,SS,31220652,1896.6999999999998,6.07514538773886,2072,6.6366327006879935,2375,7.607144142921807,2753,8.817881189668942,3173,10.163144574943534,3603,11.540438040819904,3888,12.45329533797052
PACE-FLU-SEV,2025/2026,40,41,1,Cases,Zone,SW,42836294,2548.35,5.9490440512897775,2801.566666666667,6.54017050743621,3215,7.505317803636328,3750,8.754258713417178,4392.75,10.254738656896883,5022.8,11.725570844200483,5464,12.75553856269639
PACE-FLU-SEV,2025/2026,40,42,2,Cases,Macro,North,127832161,13474.099999999999,10.54046172308704,14391.4,11.258043271286011,15824.75,12.379318221804919,17593,13.762577321993328,19832.583333333336,15.514549060414721,21973.7,17.189492713027047,23294.4,18.222644299973933
PACE-FLU-SEV,2025/2026,40,42,2,Cases,Macro,South,101669774,7123,7.006015376802155,7646.366666666667,7.520786528616329,8683,8.540394709641038,9943,9.77970109385706,11428.083333333332,11.240394154248175,13028.400000000001,12.814428012793659,14048.650000000001,13.81792193223524
PACE-FLU-SEV,2025/2026,40,42,2,Cases,National,Nigeria,229501935,22440.4,9.7778696288552,23538.4,10.256296967605088,25389.75,11.062978619330595,27859,12.13889547380069,30519.75,13.298253890539094,33232.63333333333,14.480328165134353,35007.65,15.253749385598862
PACE-FLU-SEV,2025/2026,40,42,2,Cases,State,Abia,4841943,149,3.0772770352728234,195,4.027308871665776,283.4166666666667,5.853366441254403,426.5000000000001,8.808447352643352,602,12.433025337142547,820.2666666666669,16.940857557940415,964.6500000000001,19.922787195140465
PACE-FLU-SEV,2025/2026,40,42,2,Cases,State,Adamawa,5236948,191,3.647162431248124,248,4.735582633243637,358,6.836042672182347,539,10.29225419079968,743,14.187652808467833,995.6333333333334,19.011709364563742,1143.9500000000003,21.843829650399435
PACE-FLU-SEV,2025/2026,40,42,2,Cases,State,Akwa Ibom,5780581,193,3.338764736624225,239,4.134532497684921,352,6.089353302029675,514,8.891839764895606,721.5833333333333,12.482885947508274,971.6333333333334,16.808575700839302,1139.6000000000004,19.714281315321077
PACE-FLU-SEV,2025/2026,40,42,2,Cases,State,Anambra,7299910,264,3.6164829429403924,329,4.506904879649201,480,6.5754235326188955,701,9.602858117428845,975,13.356329050632132,1320.2666666666669,18.086067727775642,1536.3000000000002,21.04546494408835
PACE-FLU-SEV,2025/2026,40,42,2,Cases,State,Bauchi,7540663,332.35,4.407437383158484,432,5.7289392192702415,600.4166666666667,7.962385624005033,887.5000000000001,11.769522122922083,1272,16.868543256740157,1681.6333333333334,22.300868416123798,2019.65,26.78345392175728
PACE-FLU-SEV,2025/2026,40,42,2,Cases,State,Bayelsa,2394725,70.35000000000001,2.9377068348140187,90.3666666666667,3.773571774072877,135,5.637390514568478,196,8.184655858188309,276.58333333333326,11.549690813489367,368,15.367108958231112,427,17.83085740533882
PACE-FLU-SEV,2025/2026,40,42,2,Cases,State,Benue,6687706,230,3.4391463978829213,293,4.38117345469433,415,6.205416326614836,602,9.001591876197907,850.5833333333333,12.718611334489484,1124.9000000000003,16.820416447732605,1350.9500000000003,20.200499244434493
PACE-FLU-SEV,2025/2026,40,42,2,Cases,State,Borno,6651590,329.35,4.951447698971224,414.3666666666667,6.2295882137453855,611,9.185773627057591,891.5000000000001,13.402810455845898,1247.5833333333333,18.756167071832948,1645.5333333333338,24.738947128932086,1938.9500000000003,29.150173116502977
PACE-FLU-SEV,2025/2026,40,42,2,Cases,State,Cross River,4175020,120.35000000000001,2.882620921576424,157.3666666666667,3.7692434207900014,228,5.461051683584749,339,8.119721582172062,481,11.520902893878352,655.6333333333334,15.703717187781939,775.3000000000002,18.56997092229499
PACE-FLU-SEV,2025/2026,40,42,2,Cases,State,Delta,6107543,206.35000000000002,3.3786090413117025,257,4.207911430177405,367,6.0089630150782405,544.5000000000001,8.915205345259135,774.5833333333333,12.68240491034338,1027.2666666666669,16.819638710143618,1180.3000000000002,19.32528350598596
PACE-FLU-SEV,2025/2026,40,42,2,Cases,State,Ebonyi,4007155,138.35000000000002,3.452574207885645,175,4.367188192121343,260,6.488393885437424,378,9.433126494982101,535.5833333333333,13.365675481316128,708,17.66839565726806,845.6500000000001,21.103501112385224
PACE-FLU-SEV,2025/2026,40,42,2,Cases,State,Edo,5527810,193,3.491436934337468,254.3666666666667,4.601581216913511,355.4166666666667,6.42961076206792,527.5000000000001,9.542657942295413,759.5833333333333,13.741125931125225,1009.6333333333334,18.264617150975404,1176.65,21.286006574032033
PACE-FLU-SEV,2025/2026,40,42,2,Cases,State,Ekiti,3398177,112,3.2958848229506588,140,4.119856028688323,204,6.003218784660128,298,8.769407832493716,419,12.33014054300291,568.2666666666669,16.722691804066322,661,19.451605964021297
PACE-FLU-SEV,2025/2026,40,42,2,Cases,State,Enugu,5396098,166,3.076296983486957,212,3.9287648222845473,319.4166666666667,5.9194007719405155,473,8.76559321198392,649.1666666666665,12.030297942451499,866.6333333333334,16.06037053688301,1036.2000000000007,19.202764664392692
PACE-FLU-SEV,2025/2026,40,42,2,Cases,State,FCT,4802443,201,4.185369821151443,245.1000000000001,5.1036524535533285,359.4166666666667,7.484038158634402,533,11.09851798345134,748,15.57540610060338,984.2666666666669,20.49512439120395,1157.9500000000003,24.111686489563755
PACE-FLU-SEV,2025/2026,40,42,2,Cases,State,Gombe,4623462,243.70000000000005,5.270941991088064,302.3666666666667,6.539832417064673,459,9.927625662328358,672,14.534563061186617,965.5833333333333,20.88442239458945,1312.6333333333334,28.390702320757335,1600.8500000000008,34.624487018602096
PACE-FLU-SEV,2025/2026,40,42,2,Cases,State,Imo,6067722,191,3.1478040688086897,244.3666666666667,4.0273214011233005,365.4166666666667,6.022304032166712,537,8.850108821729144,764,12.591216275234759,1023.2666666666669,16.864099355024287,1234.65,20.347833997668317
PACE-FLU-SEV,2025/2026,40,42,2,Cases,State,Jigawa,6979080,335,4.80005960671034,447,6.404855654326932,664.4166666666667,9.520118219975508,973.5000000000001,13.948829931738853,1384.1666666666665,19.83308210633302,1830,26.221221135163947,2177.3,31.197521736389326
PACE-FLU-SEV,2025/2026,40,42,2,Cases,State,Kaduna,8324285,363,4.360734885939153,453,5.441908824601753,673,8.084778452443663,987,11.856874193999845,1385,16.63806561164112,1808.6333333333334,21.727191384405188,2135,25.647848433829452
PACE-FLU-SEV,2025/2026,40,42,2,Cases,State,Kano,16253549,917.7,5.646151495897911,1183.7333333333333,7.282922230297723,1701.6666666666667,10.469508331175344,2501,15.387408620726465,3543.583333333333,21.801905130586146,4831.700000000001,29.72704607467576,5675.3,34.91729713922787
PACE-FLU-SEV,2025/2026,40,42,2,Cases,State,Katsina,9300382,488.35,5.250859588348091,607.3666666666667,6.530556128411357,911,9.795296580291003,1373.5,14.768210596080893,1964.5833333333333,21.123684310314708,2584.166666666667,27.785597050386393,3041.65,32.70457062946447
PACE-FLU-SEV,2025/2026,40,42,2,Cases,State,Kebbi,6001610,319,5.315240410489852,404.7333333333334,6.743745983716593,610,10.163939342942976,891,14.846016318954414,1269.7499999999998,21.156822919183348,1740.9000000000003,29.007216396933494,2076.9500000000003,34.60654724315643
PACE-FLU-SEV,2025/2026,40,42,2,Cases,State,Kogi,5053734,172.35000000000002,3.4103496543347953,222.7333333333334,4.407302270624719,335.83333333333337,6.645251478082016,489.5000000000001,9.685907489392994,696,13.771995122814142,932,18.44180956100974,1090.65,21.58107252973742
PACE-FLU-SEV,2025/2026,40,42,2,Cases,State,Kwara,4259613,147,3.451017733301124,185,4.34311755551502,274,6.432509244384407,402,9.437477066578584,561,13.170210533210412,735.9000000000003,17.27621734650543,891.3000000000002,20.924436093138045
PACE-FLU-SEV,2025/2026,40,42,2,Cases,State,Lagos,15772884,533.7,3.3836551387812146,671,4.254136402702258,1003,6.359014622817235,1468.5000000000005,9.310282127225436,2095.1666666666665,13.283345434269766,2841,18.011924769116415,3312.0500000000015,20.998379243770522
PACE-FLU-SEV,2025/2026,40,42,2,Cases,State,Nasarawa,3632239,147,4.0470905135923045,189,5.203402088904392,284,7.818868747348398,416,11.452990841186386,580.5833333333333,15.984172113490695,754.6333333333334,20.775982344039956,883.3000000000002,24.318333677932543
PACE-FLU-SEV,2025/2026,40,42,2,Cases,State,Niger,6720617,239.35000000000002,3.561428958085248,301.3666666666667,4.484211295877547,432,6.427981240412897,631.5000000000001,9.396458688242465,895.5833333333333,13.32590941178962,1201.2666666666669,17.87435092145062,1403.9500000000003,20.890195052031682
PACE-FLU-SEV,2025/2026,40,42,2,Cases,State,Ogun,6445275,190.35000000000002,2.9533262738983206,253.3666666666667,3.9310450937573136,368,5.709608977118897,529,8.207562904608414,764.5833333333333,11.862695281944266,1037,16.089305731718195,1204.9000000000005,18.694314827528704
PACE-FLU-SEV,2025/2026,40,42,2,Cases,State,Ondo,5469707,191,3.4919603554632817,245.3666666666667,4.485919751582063,363,6.636552926875242,547,10.000535677688037,762,13.931276391952988,1008.6333333333334,18.44035399580514,1194.3000000000002,21.834807604868054
PACE-FLU-SEV,2025/2026,40,42,2,Cases,State,Osun,4237396,134,3.1623194999948083,171,4.035497272381434,248,5.8526510149157644,369,8.708178324612568,543,12.81447379475508,744.5333333333338,17.57053939101594,873.9500000000003,20.62469497776465
PACE-FLU-SEV,2025/2026,40,42,2,Cases,State,Oyo,7512855,258,3.4341139287261635,321,4.2726766322523195,472.4166666666667,6.288111066520873,673,8.957979356715922,943.5833333333333,12.559583984162256,1272.2666666666669,16.934529771527163,1457.2500000000005,19.396753963706214
PACE-FLU-SEV,2025/2026,40,42,2,Cases,State,Plateau,5400974,223.35000000000002,4.13536521375589,277.3666666666667,5.135493462228604,399,7.387556392606222,582,10.775834136583512,818,15.145416363789199,1110,20.55184861100979,1321.500000000001,24.46780895445897
PACE-FLU-SEV,2025/2026,40,42,2,Cases,State,Rivers,7234973,229,3.1651811278355844,291.3666666666667,4.027197705736659,444,6.136857732572049,634,8.762990546060088,916,12.660724511342337,1244.700000000001,17.203934278676655,1494.65,20.65868110357841
PACE-FLU-SEV,2025/2026,40,42,2,Cases,State,Sokoto,6163187,335,5.4354995232174526,421.10000000000014,6.832504027542894,627,10.173308062857739,918.5000000000001,14.90300391664248,1317.5833333333333,21.378279343679388,1756.2666666666669,28.496079490475736,2014.9000000000005,32.692501460689094
PACE-FLU-SEV,2025/2026,40,42,2,Cases,State,Taraba,4331885,181.35000000000002,4.186399223432755,228.3666666666667,5.2717619850634705,331,7.641015400916691,484.5000000000001,11.184507437293467,677.5833333333333,15.641766421161533,904.2666666666669,20.87466926445801,1130.3000000000002,26.09256709261673
PACE-FLU-SEV,2025/2026,40,42,2,Cases,State,Yobe,4350401,235.70000000000005,5.417891362198565,304,6.987861578737224,448,10.297901273928542,665,15.285947203487678,931.5833333333333,21.413734810499843,1267.6333333333334,29.13831008528486,1489,34.2267299037491
PACE-FLU-SEV,2025/2026,40,42,2,Cases,State,Zamfara,5517793,261.35,4.736495189290356,363,6.578717251625786,521,9.442180958944999,760,13.773622895965833,1099,19.917383635087436,1459.9000000000003,26.45804219186911,1729.65,31.346772160535927
PACE-FLU-SEV,2025/2026,40,42,2,Cases,Zone,NC,36557326,2695.35,7.372940788940635,2908,7.954629942025847,3367.416666666667,9.211331995854037,3954.5,10.817257257820227,4607,12.602125221084277,5263.433333333334,14.397752541674777,5712.200000000001,15.625322267826704
PACE-FLU-SEV,2025/2026,40,42,2,Cases,Zone,NE,32734949,2989.7,9.133052261666881,3225.7333333333336,9.854096101794243,3792.416666666667,11.585222468703607,4485.5,13.702480489583168,5233.75,15.988263797203409,6114,18.677285857387467,6750.300000000001,20.621079935087113
PACE-FLU-SEV,2025/2026,40,42,2,Cases,Zone,NW,58539886,6003.05,10.254632200684505,6533.033333333334,11.15996934693951,7710.083333333334,13.170649723050936,9059,15.47491910045742,10721.166666666666,18.314293722175453,12418,21.21288722700963,13416.500000000004,22.91856188445601
PACE-FLU-SEV,2025/2026,40,42,2,Cases,Zone,SE,27612828,1690.75,6.123059905345443,1879,6.804808257958946,2205.4166666666665,7.986927911428221,2688,9.734605959230253,3252.583333333333,11.7792474328719,3814.8,13.815318010889722,4240.600000000002,15.35735492213982
PACE-FLU-SEV,2025/2026,40,42,2,Cases,Zone,SS,31220652,1905.1,6.102050655444351,2093.366666666667,6.705070306240455,2487.416666666667,7.967215632353439,2976.5,9.533753491118636,3549.75,11.369877861615446,4188.433333333334,13.415585726183213,4564.65,14.620610741889696
PACE-FLU-SEV,2025/2026,40,42,2,Cases,Zone,SW,42836294,2570.75,6.001336156671257,2848.366666666667,6.649423656179657,3426.4166666666665,7.998863455990535,4168.5,9.731233985834535,5093.583333333334,11.890812340893294,6012.333333333334,14.035605725680504,6640,15.500874095224017
PACE-FLU-SEV,2025/2026,40,43,3,Cases,Macro,North,127832161,12463.900000000001,9.7502067574372,13280.366666666665,10.388908833878407,14855.833333333334,11.621358206823503,16948.5,13.258400599204453,19313.5,15.108482754977443,21907.63333333333,17.13781036161419,23586.15,18.450873250902802
PACE-FLU-SEV,2025/2026,40,43,3,Cases,Macro,South,101669774,7304.15,7.184190258945594,8077.733333333334,7.945068642852824,9332.416666666666,9.179145678701584,11176,10.992450912697022,13087.583333333332,12.87263934838031,15230.633333333333,14.980492956867726,16664.949999999997,16.39125311717522
PACE-FLU-SEV,2025/2026,40,43,3,Cases,National,Nigeria,229501935,21333.8,9.295695045011277,22523.566666666666,9.814107522303317,25218.75,10.988469443623647,28246,12.307521503032207,31708.083333333336,13.816041826982126,35468.16666666667,15.454408550702054,37709.9,16.431190438546846
PACE-FLU-SEV,2025/2026,40,43,3,Cases,State,Abia,4841943,171.35000000000002,3.538868590563747,210,4.337101861793912,319,6.588264256725038,475,9.810111354057659,680.1666666666665,14.047391030143611,949.2666666666669,19.60507727304239,1141.9500000000003,23.584540338455042
PACE-FLU-SEV,2025/2026,40,43,3,Cases,State,Adamawa,5236948,210.35000000000002,4.016652447188706,260,4.964723728400587,393,7.5043708663901185,579,11.056057841322847,836.5833333333333,15.974635099170992,1165.2666666666669,22.25087334582407,1365,26.064799574103084
PACE-FLU-SEV,2025/2026,40,43,3,Cases,State,Akwa Ibom,5780581,203,3.511757728159159,266.3666666666667,4.607956651185525,385,6.6602301740949565,577,9.981695611565689,826.5833333333333,14.29931235862508,1167,20.188282112126792,1365.3000000000002,23.618733134264534
PACE-FLU-SEV,2025/2026,40,43,3,Cases,State,Anambra,7299910,266,3.643880540992971,334.3666666666667,4.580421767756954,501,6.863098312170972,736,10.082316083348973,1078.5833333333333,14.775296316438602,1497.6333333333334,20.515778048405164,1751.9000000000005,23.998926014156346
PACE-FLU-SEV,2025/2026,40,43,3,Cases,State,Bauchi,7540663,321.7,4.2662031176834185,430.3666666666667,5.707278878086273,615.4166666666667,8.161307124674138,924.5000000000001,12.260195157905878,1345,17.836627893329805,1831.2666666666669,24.285220897242944,2215.5500000000006,29.381368720495804
PACE-FLU-SEV,2025/2026,40,43,3,Cases,State,Bayelsa,2394725,80.35000000000001,3.355291317374647,100,4.175844825606281,150,6.263767238409421,230,9.604443098894444,328,13.6967710279886,448.63333333333344,18.734231835944982,539,22.507803610017852
PACE-FLU-SEV,2025/2026,40,43,3,Cases,State,Benue,6687706,232.35000000000002,3.4742855023830295,296,4.426031885971064,425.4166666666667,6.36117476854794,635.5000000000001,9.5025110254547691,900,13.457529383020127,1233.6333333333334,18.446285368007107,1510.9500000000003,22.59294891252696
PACE-FLU-SEV,2025/2026,40,43,3,Cases,State,Borno,6651590,328.70000000000005,4.941675599367971,422,6.344347742419481,593,8.915161638044438,894,13.440395454319944,1314,19.754675197960186,1840.5333333333338,27.67057700990791,2201.3,33.094342856369686
PACE-FLU-SEV,2025/2026,40,43,3,Cases,State,Cross River,4175020,137,3.2814214063645206,176,4.2155486680303325,260,6.2275150777720825,386,9.245464692384708,565,13.532869303620103,780.2666666666669,18.68893242826781,908.6500000000001,21.763967597760015
PACE-FLU-SEV,2025/2026,40,43,3,Cases,State,Delta,6107543,218.70000000000002,3.580818014707387,277.7333333333334,4.5473823652708365,411,6.729383649038574,608,9.954903305633705,869,14.228307520716596,1203.1666666666672,19.699683926362322,1449.2500000000005,23.728854631068508
PACE-FLU-SEV,2025/2026,40,43,3,Cases,State,Ebonyi,4007155,142.35000000000002,3.5523956522769895,178,4.4420542754148515,263,6.563259968730932,405.5000000000001,10.1193989251726,588.5833333333333,14.688309619501448,802,20.014199600464668,937.9500000000003,23.406880941715514
PACE-FLU-SEV,2025/2026,40,43,3,Cases,State,Edo,5527810,190,3.437165893907352,244,4.414044621649442,361,6.530615198423969,542,9.804967971040973,784,14.182831899070337,1094.6333333333334,19.802296629828692,1338.3000000000002,24.21031113587479
PACE-FLU-SEV,2025/2026,40,43,3,Cases,State,Ekiti,3398177,118,3.4724500813230152,159,4.678979346867453,233,6.856617533459852,344,10.12307481334845,495.58333333333326,14.583799882505627,693.6333333333334,20.411924785946503,821.5500000000006,24.176198002634962
PACE-FLU-SEV,2025/2026,40,43,3,Cases,State,Enugu,5396098,189,3.502530902885752,240,4.447658289378732,361.4166666666667,6.697740972581793,540,10.007231151102149,788.5833333333333,14.613954997357965,1086.1666666666672,20.12874241102862,1336.5500000000006,24.76882369445478
PACE-FLU-SEV,2025/2026,40,43,3,Cases,State,FCT,4802443,182,3.7897378480077744,234,4.87252009029571,343,7.142198252014651,501.5000000000001,10.442601817449997,728.7499999999998,15.174568443602553,1007.9000000000003,20.987235038500202,1181.65,24.60518531922191
PACE-FLU-SEV,2025/2026,40,43,3,Cases,State,Gombe,4623462,222.35000000000002,4.80916681049828,285,6.164212012556824,423,9.148988355479077,616,13.3233494727544,894.1666666666665,19.339764589103716,1202.6333333333334,26.01153277205119,1440.6000000000004,31.15846956241882
PACE-FLU-SEV,2025/2026,40,43,3,Cases,State,Imo,6067722,205,3.378533162857494,268.7333333333334,4.428899895765386,403,6.641701778690586,611.5000000000001,10.077917215060282,889.7499999999998,14.663657959280268,1250.2666666666669,20.605206808529907,1490,24.55616786662276
PACE-FLU-SEV,2025/2026,40,43,3,Cases,State,Jigawa,6979080,358,5.129615937917318,446,6.390527118187498,643.4166666666667,9.219218961047398,942,13.497481043346687,1357.5833333333333,19.452181853959736,1892,27.109590375808846,2224.9000000000005,31.87956005662638
PACE-FLU-SEV,2025/2026,40,43,3,Cases,State,Kaduna,8324285,319,3.8321609603707705,413.36666666666673,4.965791856798112,630.8333333333334,7.578228440440631,955,11.472456793586476,1376,16.52994821777486,1836.9000000000003,22.066760088103663,2165,26.008239746716985
PACE-FLU-SEV,2025/2026,40,43,3,Cases,State,Kano,16253549,810.05,4.983834607444811,1011,6.22017997423209,1475.8333333333335,9.080068195157459,2207.5,13.581649152440493,3275,20.14944551494569,4473.433333333334,27.5228095312189,5345.3,32.88697133161502
PACE-FLU-SEV,2025/2026,40,43,3,Cases,State,Katsina,9300382,447,4.806254194720174,574.3666666666667,6.175731993230673,818.4166666666667,8.79981775658964,1197.5,12.875815208450579,1739.333333333333,18.70174078154352,2304.266666666667,24.776043249262955,2741.3,29.475133386994212
PACE-FLU-SEV,2025/2026,40,43,3,Cases,State,Kebbi,6001610,274,4.565441606502255,346,5.7651196928824096,502.4166666666667,8.37136479489115,737.5000000000001,12.288369287574502,1057.1666666666665,17.614717828493795,1447.2666666666669,24.11464034928406,1777.500000000001,29.61705275751008
PACE-FLU-SEV,2025/2026,40,43,3,Cases,State,Kogi,5053734,196.35000000000002,3.88524603788011,254.3666666666667,5.033242087269862,368,7.281744547694833,545.5000000000001,10.793999050998728,776.5833333333333,15.366525688398582,1073.6333333333334,21.24435780223758,1305.9000000000005,25.840299469659474
PACE-FLU-SEV,2025/2026,40,43,3,Cases,State,Kwara,4259613,141,3.3101598666357717,186.3666666666667,4.375201847366572,272,6.385556622162624,400.5000000000001,9.402262599912248,570.5833333333333,13.395191848023124,796.9000000000003,18.708272324269842,951.6500000000001,22.341231468680373
PACE-FLU-SEV,2025/2026,40,43,3,Cases,State,Lagos,15772884,589,3.7342568423124143,738.3666666666668,4.681240708209524,1104,6.999354081346189,1645.0000000000005,10.429291180991381,2356.583333333333,14.940725699455683,3188.8000000000006,20.216974904526026,3742.3,23.726161937157467
PACE-FLU-SEV,2025/2026,40,43,3,Cases,State,Nasarawa,3632239,146,4.0195592856086835,196.3666666666667,5.406215468383736,286,7.873931203315641,420.5000000000001,11.576881367112684,607.5833333333333,16.727515269048464,817,22.493013262618458,949.6500000000001,26.1450306546458
PACE-FLU-SEV,2025/2026,40,43,3,Cases,State,Niger,6720617,245,3.645498620141573,329,4.89538386133297,478,7.112442205827233,704,10.475228688080277,1012.1666666666665,15.060621170149503,1388.9000000000003,20.66625727965156,1704.65,25.364486623772788
PACE-FLU-SEV,2025/2026,40,43,3,Cases,State,Ogun,6445275,212.35000000000002,3.294661593182603,271,4.204630523910927,407,6.314703406759215,603,9.355690796746455,889,13.79304994744212,1219.2666666666669,18.917217134515855,1435.9500000000003,22.279111442102938
PACE-FLU-SEV,2025/2026,40,43,3,Cases,State,Ondo,5469707,189.35000000000002,3.461794205795667,238,4.35123855811655,365.4166666666667,6.68073567133791,540.5000000000001,9.881699330512587,801.5833333333333,14.654959275393239,1097.8000000000006,20.07054491218635,1288.65,23.55976289040711
PACE-FLU-SEV,2025/2026,40,43,3,Cases,State,Osun,4237396,141,3.3275152947706563,178,4.200693067157283,275.4166666666667,6.499667877787837,404,9.53415729849181,573.5833333333333,13.536222088597178,791.6333333333334,18.682071095864853,959.6500000000001,22.647163493806104
PACE-FLU-SEV,2025/2026,40,43,3,Cases,State,Oyo,7512855,260,3.4607349669333427,343.3666666666667,4.570388576202611,493.4166666666667,6.567631967696258,731.5000000000001,9.736644724275926,1071,14.255565959944654,1516,20.17874696104211,1811,24.105350096601093
PACE-FLU-SEV,2025/2026,40,43,3,Cases,State,Plateau,5400974,219.35000000000002,4.061304498040539,286.3666666666667,5.302130072588143,417.4166666666667,7.728544271212316,610,11.294259146590967,869.1666666666665,16.092776352314722,1168.2666666666669,21.63066636993007,1385.3000000000002,25.649077370118803
PACE-FLU-SEV,2025/2026,40,43,3,Cases,State,Rivers,7234973,247.35000000000002,3.4188102706119294,320,4.422960527979856,465.4166666666667,6.432873580408202,683.5000000000001,9.447167252731976,985.5833333333333,13.622488063650456,1355.5333333333338,18.73584508654467,1684.9000000000005,23.288269354978944
PACE-FLU-SEV,2025/2026,40,43,3,Cases,State,Sokoto,6163187,248.05000000000004,4.02470345293758,324.3666666666667,5.262969737356123,470,7.62592470421553,714,11.584915401723167,1048.1666666666665,17.006893781848035,1436.9000000000003,23.3142366116751,1718.6000000000004,27.884923822691093
PACE-FLU-SEV,2025/2026,40,43,3,Cases,State,Taraba,4331885,149.70000000000002,3.4557704094176094,191,4.4091659866316855,286,6.602206660610796,418,9.649378965508086,600,13.850783204078594,809.5333333333338,18.68778449412516,952.6000000000004,21.99042680034212
PACE-FLU-SEV,2025/2026,40,43,3,Cases,State,Yobe,4350401,226,5.194923410508594,284,6.528133843293986,414.4166666666667,9.525941784830103,636.5000000000001,14.630835180481066,902,20.733720868490053,1245.2666666666669,28.624181234480844,1516.7000000000016,34.86345281733803
PACE-FLU-SEV,2025/2026,40,43,3,Cases,State,Zamfara,5517793,224.35000000000002,4.065937232513072,293.3666666666667,5.316739259096286,434,7.865463601117331,652,11.816318589697003,917.5833333333333,16.629535274942956,1279.6333333333334,23.19103549794879,1530.65,27.7402577443554
PACE-FLU-SEV,2025/2026,40,43,3,Cases,Zone,NC,36557326,2668.4,7.299220955055629,2982.366666666667,8.158054740291089,3473.416666666667,9.501287557702296,4141,11.327414920883436,4984.583333333333,13.634977933925839,5964.0666666666675,16.314285860696344,6486.6500000000005,17.74377589870769
PACE-FLU-SEV,2025/2026,40,43,3,Cases,Zone,NE,32734949,2861.7,8.742032865241367,3188.7333333333336,9.741067057514993,3711.4166666666665,11.337780506903087,4467,13.645965967443543,5310,16.221195273589704,6261.800000000001,19.128791066697556,6911.200000000001,21.112603535750125
PACE-FLU-SEV,2025/2026,40,43,3,Cases,Zone,NW,58539886,5121.65,8.748992097456426,5667.733333333334,9.68183185962018,6757.416666666666,11.543269262032158,8082.5,13.806825657296294,9733,16.626270847196388,11427.433333333334,19.52076458319945,12592.550000000003,21.511059997622823
PACE-FLU-SEV,2025/2026,40,43,3,Cases,Zone,SE,27612828,1773,6.420928707483348,1961.3666666666666,7.103099569036054,2383,8.63004687531462,3039.5,11.007565034628108,3750.166666666667,13.581248058571425,4522.533333333334,16.378377952933086,5023.3,18.19190703683085
PACE-FLU-SEV,2025/2026,40,43,3,Cases,Zone,SS,31220652,1995.4,6.3912822832783895,2248,7.2003621192792515,2691,8.619294689937929,3296.5,10.55871607037547,4033.1666666666665,12.918265341372969,4848.166666666667,15.528716910417717,5382.3,17.239550282293912
PACE-FLU-SEV,2025/2026,40,43,3,Cases,Zone,SW,42836294,2703.75,6.311820532373786,3034.2000000000003,7.083245810200108,3685.6666666666665,8.604074541711444,4604,10.747895231086051,5751.5,13.426698397391707,6822.633333333333,15.927225948475687,7635.6,17.825071421911524
PACE-FLU-SEV,2025/2026,40,44,4,Cases,Macro,North,127832161,12253.6,9.585694166587702,13222.366666666667,10.343536840206172,15020.5,11.750172947479157,17213,13.465312535864898,20164.666666666664,15.77432980004669,22941.533333333336,17.946605262609413,25063.75,19.60676390349061
PACE-FLU-SEV,2025/2026,40,44,4,Cases,Macro,South,101669774,7773.75,7.646077781189914,8579.2,8.43829946941753,10011.416666666666,9.846994119084663,12102,11.903242747446258,14852.833333333332,14.608897756902,17684.066666666666,17.393632316588672,19568,19.246624862173885
PACE-FLU-SEV,2025/2026,40,44,4,Cases,National,Nigeria,229501935,21499.7,9.36798201723223,22856.966666666667,9.959378628623181,26055.75,11.353172251031348,29665.5,12.926034806634638,34354.75,14.969263766773905,39002.466666666674,16.994395566497804,42422.05000000002,18.484397528064424
PACE-FLU-SEV,2025/2026,40,44,4,Cases,State,Abia,4841943,188,3.8827388096059785,239,4.936034976041642,349,7.207850236981311,527,10.884060386501865,778.5833333333333,16.079977259817667,1090.6333333333334,22.524704097783335,1328.500000000001,27.437332492348645
PACE-FLU-SEV,2025/2026,40,44,4,Cases,State,Adamawa,5236948,216.35000000000002,4.131222994767182,278.3666666666667,5.315436904599142,412,7.867177600388623,621,11.858051674372172,914.5833333333333,17.46405221769117,1311,25.03366464589681,1608.7000000000016,30.718273314915514
PACE-FLU-SEV,2025/2026,40,44,4,Cases,State,Akwa Ibom,5780581,231,3.996138104456974,284,4.913000959592124,422,7.300304242774213,653.5000000000001,11.305091996807935,964,16.67652438396763,1338,23.14646226737416,1611.3000000000002,27.87436072602391
PACE-FLU-SEV,2025/2026,40,44,4,Cases,State,Anambra,7299910,276,3.780868531255865,359,4.917868850437882,523.4166666666667,7.170179723676959,784.5000000000001,10.746707836124008,1153,15.794715277311639,1602.6333333333334,21.954151946165545,1920.9500000000003,26.31470798955056
PACE-FLU-SEV,2025/2026,40,44,4,Cases,State,Bauchi,7540663,364.70000000000005,4.836444752934855,475.3666666666667,6.3040433800935904,661.4166666666667,8.771333060059396,1010,13.394047711719779,1485.333333333333,19.6976490440341,2052.4333333333343,27.218207912664102,2406.2000000000007,31.90966099400014
PACE-FLU-SEV,2025/2026,40,44,4,Cases,State,Bayelsa,2394725,88.35000000000001,3.689358903423149,115,4.802221549447222,175,7.307728444810991,269,11.233022580880894,398,16.619862405912997,541,22.59132050652998,652.6500000000001,27.253651254319394
PACE-FLU-SEV,2025/2026,40,44,4,Cases,State,Benue,6687706,278,4.156881298310662,351.3666666666667,5.253919156533895,520,7.775461421300518,795,11.887484288334445,1111.5833333333333,16.62129485556532,1537.9000000000003,22.99592715349629,1909,28.544915102428245
PACE-FLU-SEV,2025/2026,40,44,4,Cases,State,Borno,6651590,297.05,4.46584951868651,389,5.848225762562034,569.4166666666667,8.560609819105908,869.5000000000001,13.072062469274265,1238.5833333333333,18.62086107732637,1720,25.858478950145756,2053.65,30.87457284649234
PACE-FLU-SEV,2025/2026,40,44,4,Cases,State,Cross River,4175020,163,3.9041729141417285,203,4.862252156875895,297,7.113738377301186,448,10.730487518622665,642,15.377171845883373,917.9000000000003,21.985523422642295,1094.3000000000002,26.210652883099964
PACE-FLU-SEV,2025/2026,40,44,4,Cases,State,Delta,6107543,222,3.6348495622544124,283,4.633614532063057,423,6.925862003755029,644,10.54433836978307,952.5833333333333,15.596833838637457,1383.2666666666669,22.648496566731776,1667.65,27.304760686907976
PACE-FLU-SEV,2025/2026,40,44,4,Cases,State,Ebonyi,4007155,148,3.6933934424797643,185,4.616741803099705,284,7.087322551785494,425,10.606028466580405,629,15.696922130538999,871.9000000000003,21.758579341203433,1022.9500000000003,25.528086635031592
PACE-FLU-SEV,2025/2026,40,44,4,Cases,State,Edo,5527810,194,3.509527281147507,251,4.540677049319712,386,6.982873868674936,582,10.52858184344252,855,15.467246522583084,1168,21.129525074125198,1414.3000000000002,25.585177493437733
PACE-FLU-SEV,2025/2026,40,44,4,Cases,State,Ekiti,3398177,128,3.76672551194361,165.3666666666667,4.866334704362566,252,7.415740851638982,380,11.182466363582591,557.5833333333333,16.408307552353314,766,22.54149798553754,921.6000000000004,27.120423685994005
PACE-FLU-SEV,2025/2026,40,44,4,Cases,State,Enugu,5396098,206.35000000000002,3.8240595333887564,259,4.799764570621216,389,7.208912810701363,588,10.896762808977895,877,16.25248466577145,1202.2666666666669,22.280297108515576,1453.9500000000003,26.944469874342538
PACE-FLU-SEV,2025/2026,40,44,4,Cases,State,FCT,4802443,196,4.081256144008372,256.3666666666667,5.338255272715714,386,8.03757587544506,592,12.327059373739575,855.5833333333333,17.815585387131783,1207.6333333333334,25.146229394775396,1400.3000000000002,29.15807642068839
PACE-FLU-SEV,2025/2026,40,44,4,Cases,State,Gombe,4623462,199.35000000000002,4.3117040866779055,261,5.645120474657302,396,8.565010375342114,578,12.501454537746822,838.5833333333333,18.13756300653781,1200.2666666666669,25.96034457873055,1450.65,31.37583914391424
PACE-FLU-SEV,2025/2026,40,44,4,Cases,State,Imo,6067722,214.70000000000002,3.538395463734166,297.10000000000014,4.896400988707131,428.4166666666667,7.060584955386332,670.5000000000001,11.050275539980245,1005,16.563052822789178,1390.5333333333338,22.916892588904595,1671.8500000000008,27.553173991820998
PACE-FLU-SEV,2025/2026,40,44,4,Cases,State,Jigawa,6979080,311,4.456174739363927,420.7333333333334,6.028492771731136,620.4166666666667,8.88966262984042,910,13.038967886884805,1319.1666666666665,18.90172725726982,1807.6333333333334,25.900739543511946,2189.65,31.374479157711335
PACE-FLU-SEV,2025/2026,40,44,4,Cases,State,Kaduna,8324285,336.35,4.040587269657394,429.36666666666673,5.1580005570047955,641.4166666666667,7.705366486931511,926.5000000000001,11.130085046343321,1391.5833333333333,16.71715148308033,1964.6333333333334,23.60122621142036,2319.2500000000005,27.861251747147058
PACE-FLU-SEV,2025/2026,40,44,4,Cases,State,Kano,16253549,691.7,4.255685942805476,890,5.475727178107379,1329.8333333333333,8.181802837849958,1970,12.120429821203972,2845.1666666666665,17.504894879676225,3860.0666666666675,23.74906961345284,4833.300000000002,29.73689007859146
PACE-FLU-SEV,2025/2026,40,44,4,Cases,State,Katsina,9300382,400.05000000000007,4.301436220576746,540.3666666666667,5.810155611529362,759.0833333333335,8.16185112969912,1151,12.375835745241432,1718.1666666666665,18.47415156352359,2395.9000000000005,25.761307438769723,2844.2500000000005,30.582077166292745
PACE-FLU-SEV,2025/2026,40,44,4,Cases,State,Kebbi,6001610,238.35000000000002,3.971434331787637,313.3666666666667,5.221376708361035,465,7.7479209745384985,705.5000000000001,11.7551790269611,1034.5833333333333,17.238429910196317,1441.6333333333334,24.020776647155238,1783.6000000000004,29.718692150939503
PACE-FLU-SEV,2025/2026,40,44,4,Cases,State,Kogi,5053734,210.35000000000002,4.162268928281544,271,5.362371664199184,412.4166666666667,8.160632646408907,620,12.268156574920642,894,17.68989028706299,1247.6333333333334,24.68735658294112,1493.2500000000005,29.54745936371009
PACE-FLU-SEV,2025/2026,40,44,4,Cases,State,Kwara,4259613,173.35000000000002,4.069618531073129,225.3666666666667,5.290777980691361,342.4166666666667,8.03868019622127,515,12.090300222109379,749.5833333333333,17.597451536872793,1065.6333333333334,25.01713966347021,1287.9500000000003,30.236314895273356
PACE-FLU-SEV,2025/2026,40,44,4,Cases,State,Lagos,15772884,606.7,3.8464747474209533,777.7333333333335,4.930825163827575,1143,7.2466138722633096,1683.5000000000005,10.673380974589051,2497.583333333333,15.834664943540657,3514.6333333333337,22.282756491034444,4212.450000000001,26.70691041663656
PACE-FLU-SEV,2025/2026,40,44,4,Cases,State,Nasarawa,3632239,146,4.0195592856086835,194,5.341058228822497,283,7.791337519364777,419,11.53558452513725,619,17.041830121861473,858.2666666666669,23.62913527074256,1050.2000000000007,28.91329562839892
PACE-FLU-SEV,2025/2026,40,44,4,Cases,State,Niger,6720617,287.35,4.275649095908903,376,5.594724412951965,558.4166666666667,8.309008929785266,829,12.335176963662711,1187,17.662068824930806,1660.5333333333338,24.7080488790439,1977.2500000000005,29.42066182316297
PACE-FLU-SEV,2025/2026,40,44,4,Cases,State,Ogun,6445275,263.35,4.085938924250711,325.3666666666667,5.048142502324055,471.4166666666667,7.314143565118116,691.5000000000001,10.728789694776408,1028.5833333333333,15.958719113355649,1416.6333333333334,21.979408688276813,1723.65,26.74284650383421
PACE-FLU-SEV,2025/2026,40,44,4,Cases,State,Ondo,5469707,200.35000000000002,3.662901870246432,256.3666666666667,4.687027416032828,381.4166666666667,6.973255910539024,576,10.530728611240054,876,16.015483096260915,1205.6333333333334,22.04200944096884,1445.9000000000005,26.434688366305554
PACE-FLU-SEV,2025/2026,40,44,4,Cases,State,Osun,4237396,159,3.752304481337123,204.3666666666667,4.822930560812978,307.4166666666667,7.254848653906,458.0000000000002,10.808524858191216,700,16.51957947758482,945.2666666666669,22.307725467873826,1135.65,26.800657762455998
PACE-FLU-SEV,2025/2026,40,44,4,Cases,State,Oyo,7512855,292.70000000000005,3.895988941620729,382.3666666666667,5.089498821242612,552,7.347406545181559,811,10.794830993011312,1225,16.30538590189748,1718.1666666666672,22.86969023981785,2089.500000000001,27.81232966695086
PACE-FLU-SEV,2025/2026,40,44,4,Cases,State,Plateau,5400974,216.70000000000002,4.0122392738791195,278,5.147219742216866,425,7.868951044756002,635,11.757138619811908,925,17.126540509174827,1325.5333333333338,24.542486842805275,1564.65,28.969774711005833
PACE-FLU-SEV,2025/2026,40,44,4,Cases,State,Rivers,7234973,281,3.8839122136323105,363.3666666666667,5.0223638245321265,528.4166666666667,7.303643934354236,780,10.780966286950898,1143,15.798262135878046,1616.6333333333334,22.344704442343236,1965.6000000000004,27.16803504311627
PACE-FLU-SEV,2025/2026,40,44,4,Cases,State,Sokoto,6163187,261,4.234822016596284,340,5.516626381772936,475,7.7070515627710146,701,11.373985569478908,1028,16.679682119007584,1441.2666666666669,23.38508740148022,1738.3000000000002,28.204563645399695
PACE-FLU-SEV,2025/2026,40,44,4,Cases,State,Taraba,4331885,162.35000000000002,3.7477910886369328,207.3666666666667,4.786984572920719,311,7.179322627447404,477,11.011372647242482,693.5833333333333,16.011120639936962,965,22.27667631989307,1204.3000000000002,27.800830354453087
PACE-FLU-SEV,2025/2026,40,44,4,Cases,State,Yobe,4350401,186.40000000000003,4.284662494330983,243.3666666666667,5.594120327451807,358,8.229126464433968,544,12.504594404056085,783.5833333333333,18.011749568219876,1072,24.641406619757582,1285.6000000000004,29.551298834291373
PACE-FLU-SEV,2025/2026,40,44,4,Cases,State,Zamfara,5517793,239.35000000000002,4.3377850528281865,306.3666666666667,5.552340703369385,445,8.064818669348416,670,12.142535974075143,959,17.38013731214636,1361.8666666666682,24.68136565954301,1616.3000000000002,29.29250879835471
PACE-FLU-SEV,2025/2026,40,44,4,Cases,Zone,NC,36557326,2921.45,7.991421473222632,3244.666666666667,8.875557984374096,3915.416666666667,10.710347542012965,4794.5,13.115018313976247,5855.583333333333,16.01753731477333,7085.866666666669,19.382891042596135,7846.200000000001,21.4627295223945
PACE-FLU-SEV,2025/2026,40,44,4,Cases,Zone,NE,32734949,2769.4,8.460071222350155,3081.1000000000004,9.412264549426975,3712.8333333333335,11.342108195535399,4518,13.801762758206833,5481.916666666666,16.746373017616943,6473.633333333333,19.775907802188215,7145.950000000001,21.82972699911645
PACE-FLU-SEV,2025/2026,40,44,4,Cases,Zone,NW,58539886,4997.35,8.536658236744772,5510.733333333334,9.413638648584545,6436,10.994213415448058,7736,13.214921532303634,9419.583333333332,16.090880896716016,11237,19.19545931469699,12531.65,21.4070283635332
PACE-FLU-SEV,2025/2026,40,44,4,Cases,Zone,SE,27612828,1882.8000000000002,6.818569977692977,2107.366666666667,7.631839327238293,2587.416666666667,9.37034289521764,3248,11.762648867403223,4105.583333333333,14.868391362642512,5128.533333333334,18.57301009999169,5840.950000000003,21.153030758023057
PACE-FLU-SEV,2025/2026,40,44,4,Cases,Zone,SS,31220652,2139.35,6.852355293540954,2393.1000000000004,7.665118588811023,2969.416666666667,9.511065517359043,3667,11.74543055667127,4559.583333333333,14.604382167718128,5784.266666666666,18.52705275554997,6464.9000000000015,20.707126808242187
PACE-FLU-SEV,2025/2026,40,44,4,Cases,Zone,SW,42836294,2943,6.870342238289802,3301,7.706082136797361,3965,9.256169546319763,5027.000000000001,11.73537561395951,6417.166666666666,14.980676588564517,7807.500000000002,18.226366641334568,8841.25,20.639623959999902
PACE-FLU-SEV,2025/2026,40,45,5,Cases,Macro,North,127832161,12372.35,9.678589412252837,13598.466666666667,10.637750750898022,15724.25,12.300699508631478,18906.5,14.790096523518836,22256.333333333332,17.41058991667467,25949.86666666667,20.299951486126144,28711.550000000003,22.460349395172944
PACE-FLU-SEV,2025/2026,40,45,5,Cases,Macro,South,101669774,8206.3,8.071523794279312,9250.1,9.098180940187788,10833.5,10.655575963019256,13432.500000000002,13.211891274588652,16556.75,16.284830140371906,20279.63333333333,19.946570682190494,22363.500000000004,21.996212955091256
PACE-FLU-SEV,2025/2026,40,45,5,Cases,National,Nigeria,229501935,21900.45,9.542599281352464,23779.6,10.361394120707523,27606.75,12.028983546478596,32415,14.124063921291121,38520.58333333333,16.78442638548269,44518.3,19.397788519735137,48570.8,21.16356883875511
PACE-FLU-SEV,2025/2026,40,45,5,Cases,State,Abia,4841943,187.35000000000002,3.869314446700426,242.7333333333334,5.013139009140203,378,7.806783351229042,587.5000000000001,12.133558780018685,867.7499999999998,17.921524478912694,1243.6333333333334,25.68459259709033,1503.2500000000005,31.04642082734143
PACE-FLU-SEV,2025/2026,40,45,5,Cases,State,Adamawa,5236948,240,4.582821903139004,305,5.824002835239151,450,8.592791068385631,691,13.194708062787715,1011.5833333333333,19.31627607020985,1430.6333333333334,27.318074064003184,1673.65,31.958499492452475
PACE-FLU-SEV,2025/2026,40,45,5,Cases,State,Akwa Ibom,5780581,238,4.117233198531428,303,5.241687643508499,461,7.974976909760455,700,12.109509407445376,1050,18.164264111168062,1461.2666666666669,25.278889209694782,1782.2500000000005,30.83167591631361
PACE-FLU-SEV,2025/2026,40,45,5,Cases,State,Anambra,7299910,298.35,4.0870366894934325,377.3666666666667,5.169470125887397,559,7.657628655695755,872,11.945352750924327,1280,17.534462753650388,1798,24.63044064926828,2187.9500000000003,29.972287329569816
PACE-FLU-SEV,2025/2026,40,45,5,Cases,State,Bauchi,7540663,370.70000000000005,4.916013353202497,459.3666666666667,6.091860446046544,683.4166666666667,9.063084594374084,1024.5,13.586338495699916,1485.5833333333333,19.700964402378588,2031.2666666666669,26.937507572831024,2486.3,32.971901807573154
PACE-FLU-SEV,2025/2026,40,45,5,Cases,State,Bayelsa,2394725,96,4.008811032582029,126,5.261564480263913,190.41666666666669,7.951504522091961,295,12.318742235538528,447.58333333333326,18.69038546527611,624.6333333333334,26.083718729012034,768.3000000000002,32.08301579513306
PACE-FLU-SEV,2025/2026,40,45,5,Cases,State,Benue,6687706,311.70000000000005,4.6607910096526375,413.36666666666673,6.180993402919727,579.4166666666667,8.66390757408694,887.5000000000001,13.270619252700405,1307.4999999999995,19.550799631443123,1880.9000000000003,28.124741129469513,2317.850000000001,34.65837164492579
PACE-FLU-SEV,2025/2026,40,45,5,Cases,State,Borno,6651590,299,4.495165817496268,379.3666666666667,5.703398235108699,576.4166666666667,8.665847814833246,852.0000000000002,12.808967479955923,1245,18.717329240076435,1727.6000000000013,25.972737345506882,2115.150000000001,31.799163808953963
PACE-FLU-SEV,2025/2026,40,45,5,Cases,State,Cross River,4175020,162,3.8802209330733746,210,5.029916024354375,317.4166666666667,7.602757990780084,487.5000000000001,11.676590770822656,742,17.77236995271879,1067.6333333333334,25.57193338794385,1337.3000000000002,32.03098428271002
PACE-FLU-SEV,2025/2026,40,45,5,Cases,State,Delta,6107543,245.35,4.01716369414018,317,5.190303203759679,463,7.580789852809878,697.5000000000001,11.420304367893932,1068,17.48657356976447,1484.2666666666669,24.30218938559527,1757,28.767705769734246
PACE-FLU-SEV,2025/2026,40,45,5,Cases,State,Ebonyi,4007155,158.35000000000002,3.9516814298423695,205,5.115849025056431,307.4166666666667,7.671693924159826,465.5000000000001,11.616720591042775,706,17.618484935072388,974.6333333333334,24.322326771321137,1180.65,29.463547080160367
PACE-FLU-SEV,2025/2026,40,45,5,Cases,State,Edo,5527810,231.35000000000002,4.185201734502453,290.3666666666667,5.252833702074903,433.4166666666667,7.840657813250939,657,11.885357854195423,965,17.45718467168734,1367.9000000000003,24.745785401451936,1672.6000000000004,30.257914074470726
PACE-FLU-SEV,2025/2026,40,45,5,Cases,State,Ekiti,3398177,142,4.178711114812442,180,5.2969577511707016,270,7.9454366267560514,404,11.888727397072019,605.5833333333333,17.820829619332166,846,24.895701430502296,1021.3000000000002,30.054349729281327
PACE-FLU-SEV,2025/2026,40,45,5,Cases,State,Enugu,5396098,220.35000000000002,4.083506266935849,277.3666666666667,5.140133975822283,421.4166666666667,7.809655544926477,633.5000000000001,11.739964693005948,964.5833333333333,17.8755710762357,1358.6333333333334,25.178070030109414,1623.65,30.089334923124078
PACE-FLU-SEV,2025/2026,40,45,5,Cases,State,FCT,4802443,213,4.435242646294813,290,6.038593274298102,439.83333333333337,9.158533132685456,672,13.992878208028705,983.5833333333333,20.480895521994395,1387,28.88113403948782,1639.500000000001,34.13887473521291
PACE-FLU-SEV,2025/2026,40,45,5,Cases,State,Gombe,4623462,206.35000000000002,4.4631057852319325,263.3666666666667,5.69630866797795,402.4166666666667,8.703795265683306,601,12.998917261567199,882,19.076614017807437,1185.6333333333334,25.643842932705695,1490.2500000000005,32.23234018144846
PACE-FLU-SEV,2025/2026,40,45,5,Cases,State,Imo,6067722,255.35000000000002,4.208333868954445,322.3666666666667,5.312812067966639,480,7.910711795959011,718,11.833106394788686,1081.5833333333333,17.82519590273472,1525.9000000000003,25.147823186362203,1857.3000000000002,30.6095104554889
PACE-FLU-SEV,2025/2026,40,45,5,Cases,State,Jigawa,6979080,329.35,4.719103377522539,421.36666666666673,6.037567511286111,624,8.941006551006723,940,13.46882397106782,1369,19.61576597488494,1869.2666666666669,26.783854987572386,2231.6000000000004,31.975561248760584
PACE-FLU-SEV,2025/2026,40,45,5,Cases,State,Kaduna,8324285,354,4.2526174920728925,469,5.634117524808437,706.4166666666667,8.486214331521166,1068.5000000000005,12.835937260677648,1557.5833333333333,18.71131674772468,2171.0666666666675,26.081118878878698,2693.7500000000014,32.360136636359776
PACE-FLU-SEV,2025/2026,40,45,5,Cases,State,Kano,16253549,742.35,4.567310191761812,976,6.004842388576181,1463.8333333333335,9.00623816578972,2063.5,12.695688800027614,3089.583333333333,19.00866901950665,4334.700000000001,26.66925235836186,5143.6,31.646011587992263
PACE-FLU-SEV,2025/2026,40,45,5,Cases,State,Katsina,9300382,437,4.698731729513906,557.7333333333335,5.996886292770915,813,8.741576421269578,1225.5,13.176878111028127,1812.5833333333333,19.489342839179436,2482.5333333333338,26.692810395673355,2996.2500000000023,32.216418637428035
PACE-FLU-SEV,2025/2026,40,45,5,Cases,State,Kebbi,6001610,259.35,4.321340440315182,349,5.815106279814916,514,8.564368561102771,767,12.77990405907748,1134.5833333333333,18.9046494746132,1551,25.843065444105832,1920.9500000000003,32.00724472266609
PACE-FLU-SEV,2025/2026,40,45,5,Cases,State,Kogi,5053734,228.35000000000002,4.5184412159405305,301,5.955992143630828,447.83333333333337,8.861434601293485,670,13.25752404064005,1004.5833333333333,19.87804133207908,1383.6333333333334,27.378436089697907,1704.9500000000003,33.73644121356605
PACE-FLU-SEV,2025/2026,40,45,5,Cases,State,Kwara,4259613,213,5.000454266619996,266,6.2446987554972715,379,8.897521911028068,579.5000000000001,13.604522288761917,874,20.51829591091961,1229.2666666666669,28.85864670491584,1513.3000000000002,35.526701604112866
PACE-FLU-SEV,2025/2026,40,45,5,Cases,State,Lagos,15772884,650.7,4.1254345115325775,839,5.319255502037548,1221,7.741133454097551,1901,12.052329808549914,2849.333333333333,18.06475805777392,3823.5333333333338,24.24118083499082,4599.6,29.161439341086897
PACE-FLU-SEV,2025/2026,40,45,5,Cases,State,Nasarawa,3632239,154.35000000000002,4.2494450392719205,196.3666666666667,5.406215468383736,292,8.039118571217367,457.5000000000001,12.595536802506668,691.5833333333333,19.04013841967264,997.2666666666669,27.4559759604659,1190.65,32.78005659869849
PACE-FLU-SEV,2025/2026,40,45,5,Cases,State,Niger,6720617,314.35,4.677397923434708,402,5.981593654273112,593.4166666666667,8.829794446948348,909,13.52554386003547,1366.1666666666665,20.327994686598963,1920.6333333333334,28.578229250875825,2302.9500000000003,34.266943050020565
PACE-FLU-SEV,2025/2026,40,45,5,Cases,State,Ogun,6445275,264,4.096023831411383,332.7333333333334,5.16243811681167,496.4166666666667,7.702024609759346,760,11.791583757093374,1108.5833333333333,17.199938456207583,1599.5333333333338,24.817146410872056,1958.65,30.388928323461762
PACE-FLU-SEV,2025/2026,40,45,5,Cases,State,Ondo,5469707,222.35000000000002,4.065117199147962,291,5.320211850470235,428,7.824916398629762,659,12.048177352095825,983.5833333333333,17.982376996305895,1399.9000000000003,25.593692678602352,1646,30.09301960781446
PACE-FLU-SEV,2025/2026,40,45,5,Cases,State,Osun,4237396,177,4.1770936679035895,227,5.35706363058822,346.4166666666667,8.17522522480001,513,12.106491817144303,766.5833333333333,18.090906144559852,1066.5333333333338,25.169545950704958,1295,30.561222033531916
PACE-FLU-SEV,2025/2026,40,45,5,Cases,State,Oyo,7512855,291.70000000000005,3.882678422517139,393,5.231034007710783,604.6666666666667,8.048427217970621,920.5000000000001,12.252332834854395,1389,18.488311034886205,1977.5333333333338,26.321995211318914,2441.2000000000007,32.49363923568338
PACE-FLU-SEV,2025/2026,40,45,5,Cases,State,Plateau,5400974,247,4.5732491954229,318,5.887826899370372,460,8.51698230726532,699.5000000000001,12.951367660721939,1045.1666666666665,19.351447843790147,1463.9000000000003,27.104370433925443,1773.7500000000014,32.84129862502581
PACE-FLU-SEV,2025/2026,40,45,5,Cases,State,Rivers,7234973,297,4.105060240031303,380.7333333333334,5.262401578186033,569.8333333333334,7.876094815189129,873,12.066389190395043,1293.5833333333333,17.879587571831067,1826.6333333333334,25.24727228883001,2188.600000000002,30.25028566105226
PACE-FLU-SEV,2025/2026,40,45,5,Cases,State,Sokoto,6163187,268,4.3483996185739615,351,5.695105470595002,531.4166666666667,8.62243295013873,807.5000000000001,13.101987656710726,1195.1666666666665,19.39202342337928,1672.0666666666675,27.129903192401393,2003.9500000000003,32.514833640452586
PACE-FLU-SEV,2025/2026,40,45,5,Cases,State,Taraba,4331885,194,4.478419902652079,248.3666666666667,5.733454758532757,373,8.610570225202192,568,13.112074766527735,848.7499999999998,19.593087074102836,1173,27.078281163973653,1460.2500000000005,33.70934362292628
PACE-FLU-SEV,2025/2026,40,45,5,Cases,State,Yobe,4350401,177.35000000000002,4.076635694042917,238.3666666666667,5.479188393590998,348,7.999262596712349,553.5000000000001,12.722965078391628,814.7499999999998,18.72815862261892,1144.6333333333334,26.31098451230894,1371.1000000000013,31.516634903311243
PACE-FLU-SEV,2025/2026,40,45,5,Cases,State,Zamfara,5517793,238,4.313318748999826,310,5.618188286512379,475.4166666666667,8.616065638320732,733,13.284296819398625,1082.5833333333333,19.619861298409223,1529.5333333333338,27.720020184398614,1823.9500000000003,33.05578879091695
PACE-FLU-SEV,2025/2026,40,45,5,Cases,Zone,NC,36557326,3106,8.496245048119766,3464.7666666666673,9.477626089683548,4290.083333333334,11.735221917853984,5373.5,14.69883218482665,6801.583333333334,18.605253932777615,8251.266666666666,22.570760965029734,9173.7,25.094012620069645
PACE-FLU-SEV,2025/2026,40,45,5,Cases,Zone,NE,32734949,2825.35,8.63098946633459,3124,9.543317144010214,3793.083333333333,11.58725902805999,4705.5,14.37454507718952,5758.583333333334,17.59154515051584,6946.433333333334,21.220235697734964,7800.65,23.829730115052264
PACE-FLU-SEV,2025/2026,40,45,5,Cases,Zone,NW,58539886,4952.1,8.459360511908068,5705.366666666667,9.7461185125414609,6841.916666666666,11.68761528962777,8370,14.297943798523967,10301.583333333334,17.59754594215187,12499.466666666669,21.352051602332587,13997.45,23.91096217713851
PACE-FLU-SEV,2025/2026,40,45,5,Cases,Zone,SE,27612828,1919.45,6.951298143022511,2220.366666666667,8.041069414066051,2786.833333333333,10.092531389154829,3565.5,12.912476766233434,4536.166666666666,16.427751140399913,5690.233333333335,20.607209566993046,6704.600000000002,24.280743718100886
PACE-FLU-SEV,2025/2026,40,45,5,Cases,Zone,SS,31220652,2323.75,7.442989979837705,2617,8.382272093484787,3221.4166666666665,10.3182235485238,4044.5,12.954566099388316,5205.666666666666,16.673792291931207,6405.266666666666,20.51612076092026,7246,23.20899640404691
PACE-FLU-SEV,2025/2026,40,45,5,Cases,Zone,SW,42836294,3058.75,7.1405570239106115,3521.1000000000004,8.219898761550194,4316.416666666667,10.076540857308213,5533,12.916616923023266,7210.833333333333,16.83346681048863,9052.266666666666,21.132235824758013,10056.550000000003,23.47670412384415
PACE-FLU-SEV,2025/2026,40,46,6,Cases,Macro,North,127832161,12986.25,10.158828497000846,14323.933333333334,11.205265733818997,17050.833333333332,13.33845348459167,20620,16.130526026232165,25113.166666666664,19.64542136361652,29561.86666666667,23.125531505852166,32733.55000000001,25.60666247361649
PACE-FLU-SEV,2025/2026,40,46,6,Cases,Macro,South,101669774,8918.25,8.771781080186132,9776.366666666667,9.61580446383865,11654.75,11.46333815987434,14606,14.366118291951746,18143.75,17.845766038586845,22568.93333333334,22.198272353131564,25975.350000000002,25.548743720036203
PACE-FLU-SEV,2025/2026,40,46,6,Cases,National,Nigeria,229501935,23064.6,10.049849906494252,25579.1,11.145483370325397,29586,12.891394575823512,35383,15.417299204906488,42723.58333333333,18.61578349364825,50668.03333333334,22.07738829449666,55947.4,24.37774653185386
PACE-FLU-SEV,2025/2026,40,46,6,Cases,State,Abia,4841943,204,4.2131846657426575,276,5.700191018357713,405,8.364410733459687,621,12.825429791304854,939.5833333333333,19.405088687193,1332.5333333333338,27.520632385249762,1630.65,33.677595956829734
PACE-FLU-SEV,2025/2026,40,46,6,Cases,State,Adamawa,5236948,252.70000000000002,4.8253295621801096,324.3666666666667,6.193811102700785,491,9.37568981017188,748,14.283128264783228,1113.333333333333,21.259201606228153,1592.9000000000003,30.416570872958836,1962.6000000000004,37.476026112919214
PACE-FLU-SEV,2025/2026,40,46,6,Cases,State,Akwa Ibom,5780581,239,4.134532497684921,320.7333333333334,5.54846188183045,485.4166666666667,8.397368130758252,753.5000000000001,13.035021912157276,1120,19.3752150519126,1579.1666666666672,27.318476579891662,1944.8500000000008,33.64454195867164
PACE-FLU-SEV,2025/2026,40,46,6,Cases,State,Anambra,7299910,325.7,4.461698842862447,411.73333333333335,5.640252185757542,630.4166666666667,8.635951219489922,949,13.000160275948607,1383.5833333333333,18.95343001945686,1979.6333333333334,27.11859917907664,2427.850000000001,33.25862921597665
PACE-FLU-SEV,2025/2026,40,46,6,Cases,State,Bauchi,7540663,373,4.94651464997176,482,6.392010888167261,713,9.455401998471487,1083.5,14.368763064998397,1599.5833333333333,21.21276780746379,2194.266666666667,29.0991212134353,2645.2000000000007,35.07914357132789
PACE-FLU-SEV,2025/2026,40,46,6,Cases,State,Bayelsa,2394725,102.35000000000001,4.273977179008028,135.3666666666667,5.6527019455957035,211,8.811032582029252,322,13.446220338452223,472,19.709987576861643,667.6333333333334,27.879332004022736,811.6500000000001,33.89324452703338
PACE-FLU-SEV,2025/2026,40,46,6,Cases,State,Benue,6687706,315,4.710135284057045,419,6.265227568317148,624,9.330553705560622,954.5000000000001,14.272457551214124,1453,21.726433548364717,2051.266666666667,30.672201598973803,2464.65,36.85344421540062
PACE-FLU-SEV,2025/2026,40,46,6,Cases,State,Borno,6651590,316,4.750743807119801,418,6.284211744861003,613.4166666666667,9.222105792249172,912,13.711007443333099,1350,20.295899175986495,1962.6333333333334,29.506228335380463,2451.500000000001,36.85584950365252
PACE-FLU-SEV,2025/2026,40,46,6,Cases,State,Cross River,4175020,178.70000000000002,4.28021901691489,232,5.556859607858166,342,8.191577525377124,541,12.958021757979603,820,19.640624476050416,1204.9000000000003,28.859741989259938,1503.9000000000005,36.021384328697835
PACE-FLU-SEV,2025/2026,40,46,6,Cases,State,Delta,6107543,261,4.27340421508289,355.7333333333334,5.824491670927792,510.4166666666667,8.357152240543648,765,12.525495113173989,1152.5833333333333,18.871473083911702,1676.9000000000003,27.456212752001914,2049.4000000000015,33.555228346325215
PACE-FLU-SEV,2025/2026,40,46,6,Cases,State,Ebonyi,4007155,175.35000000000002,4.375922568505587,234.3666666666667,5.848704795962889,341,8.50977813436216,518.5000000000001,12.939354729228096,778,19.4152709341166,1094,27.301165041032853,1375.65,34.329842494238434
PACE-FLU-SEV,2025/2026,40,46,6,Cases,State,Edo,5527810,246.35000000000002,4.456556936653032,314.3666666666667,5.687002025515832,467.4166666666667,8.455729604792253,731,13.224043518138286,1061.5833333333333,19.20441066775691,1502.2666666666669,27.176525001160805,1857.1000000000013,33.595583060922884
PACE-FLU-SEV,2025/2026,40,46,6,Cases,State,Ekiti,3398177,144.35000000000002,4.247865841008282,189.3666666666667,5.572595737851993,282,8.298567143500765,433,12.742126145871742,648,19.069047904214525,920,27.073339617094696,1165,34.28308766729926
PACE-FLU-SEV,2025/2026,40,46,6,Cases,State,Enugu,5396098,222.35000000000002,4.1205700860140055,285.3666666666667,5.288389252134907,441,8.172572106733421,689.5000000000001,12.77775162719432,1046,19.384377377875644,1481.2666666666669,27.450699869918353,1868.9500000000003,34.63521233305993
PACE-FLU-SEV,2025/2026,40,46,6,Cases,State,FCT,4802443,236.35000000000002,4.921453518552953,310,6.455047982870385,481,10.015735741163404,722,15.034014979459412,1106,23.029945384047245,1537.6333333333334,32.01773208621807,1869,38.91769251607984
PACE-FLU-SEV,2025/2026,40,46,6,Cases,State,Gombe,4623462,222.35000000000002,4.80916681049828,291,6.293984897031705,433,9.365276496270544,675.5000000000001,14.610263910463633,985,21.30438186795955,1363.2666666666669,29.485841273631465,1697.65,36.71815622146349
PACE-FLU-SEV,2025/2026,40,46,6,Cases,State,Imo,6067722,263.70000000000005,4.345947292904982,331,5.455095009296734,499.4166666666667,8.230711075205269,778.5000000000001,12.830185694071023,1182.5833333333333,19.489741509801096,1695.9000000000003,27.949533614097685,2024.2000000000007,33.36013086954216
PACE-FLU-SEV,2025/2026,40,46,6,Cases,State,Jigawa,6979080,333,4.7714025344314726,431,6.17559907609599,628,8.998320695564459,963,13.798380302274799,1443.5833333333333,20.684435961951053,2054.9000000000005,29.443708912922624,2564.0500000000015,36.73908308831539
PACE-FLU-SEV,2025/2026,40,46,6,Cases,State,Kaduna,8324285,387.70000000000005,4.657457066883222,512.3666666666667,6.155083189326972,757,9.093874128528757,1172.5,14.085293812021096,1793.1666666666665,21.541389640872055,2519.266666666667,30.264060717126657,3124.0500000000015,37.5293493675433
PACE-FLU-SEV,2025/2026,40,46,6,Cases,State,Kano,16253549,778.05,4.7869545291308375,1004.1000000000001,6.177727707345639,1523.25,9.37179935286749,2347,14.439923243840468,3494,21.496843550906945,4927.2333333333345,30.314815141808932,6153.65,37.860346684899405
PACE-FLU-SEV,2025/2026,40,46,6,Cases,State,Katsina,9300382,448.35,4.82076972752302,578.3666666666667,6.21874097931318,868,9.33294997990405,1320.5,14.198341530487674,1975.1666666666665,21.237478919324673,2854.633333333333,30.69372132599858,3366.3,36.195287462385956
PACE-FLU-SEV,2025/2026,40,46,6,Cases,State,Kebbi,6001610,303,5.048645280183151,373,6.214998975274968,545,9.080896626072004,845,14.07955531932265,1249.5833333333333,20.820801973692614,1759,29.308802138092943,2076.850000000001,34.604881023592014
PACE-FLU-SEV,2025/2026,40,46,6,Cases,State,Kogi,5053734,255.35000000000002,5.0526996474290105,330.3666666666667,6.537080635163361,476,9.418778273648751,745,14.74157523921916,1088.5833333333333,21.54017867448768,1548.2666666666669,30.636093365156672,2007.600000000004,39.7250824835657
PACE-FLU-SEV,2025/2026,40,46,6,Cases,State,Kwara,4259613,208,4.883072711065536,269.3666666666667,6.323735669570609,409,9.601811244354828,624.5000000000001,14.660956288752056,931,21.856445644240452,1340.1666666666672,31.462169607113772,1640.5500000000006,38.51406219297389
PACE-FLU-SEV,2025/2026,40,46,6,Cases,State,Lagos,15772884,723,4.583816123925086,938.4666666666668,5.949873635453521,1367,8.666772671377029,2060.5,13.06355895345455,3115.75,19.753838296154335,4375.166666666667,27.738533210962984,5230.350000000002,33.16039095957342
PACE-FLU-SEV,2025/2026,40,46,6,Cases,State,Nasarawa,3632239,172.35000000000002,4.745007142977101,223.3666666666667,6.149558623941505,337.4166666666667,9.289495175473494,511.5000000000001,14.082223113622206,778.5833333333333,21.435355254247675,1070.2666666666669,29.46575560327024,1303.6000000000004,35.8897087994485
PACE-FLU-SEV,2025/2026,40,46,6,Cases,State,Niger,6720617,335.70000000000005,4.995077088904188,428.3666666666667,6.3739187438693,640.4166666666667,9.529134998567345,961.5000000000001,14.306722135780095,1504,22.37889765180786,2155.8000000000006,32.07741194000492,2598.6000000000004,38.666092711428135
PACE-FLU-SEV,2025/2026,40,46,6,Cases,State,Ogun,6445275,264.05000000000007,4.096799593500665,348,5.3993041414059135,532.4166666666667,8.260573314042716,809.5000000000001,12.559588225483012,1210,18.773442560635505,1783.2666666666669,27.667813501621993,2194.9000000000005,34.05440419532139
PACE-FLU-SEV,2025/2026,40,46,6,Cases,State,Ondo,5469707,246,4.497498677717107,319,5.832122269072182,474.83333333333337,8.681147515458019,730,13.346235913550762,1085,19.83652872082545,1588.8000000000006,29.04725975267049,1970.5500000000006,36.026609834859535
PACE-FLU-SEV,2025/2026,40,46,6,Cases,State,Osun,4237396,180,4.247891865664668,238.3666666666667,5.625310135438527,357,8.424985533568258,549.5000000000001,12.967869889904085,814.5833333333333,19.223677308737095,1175,27.729294123088803,1440.2500000000005,33.989034775130776
PACE-FLU-SEV,2025/2026,40,46,6,Cases,State,Oyo,7512855,329.75000000000006,4.38914367440873,419.8333333333335,5.588199603657111,654.4166666666667,8.710625543374212,997,13.27058754627901,1477.1666666666665,19.661855135852704,2049.633333333333,27.28168363868773,2560.4000000000015,34.080253112831294
PACE-FLU-SEV,2025/2026,40,46,6,Cases,State,Plateau,5400974,264,4.88800723721314,338.7333333333334,6.271708275828274,504,9.331650180134176,785.5000000000001,14.543673048601978,1190.1666666666665,22.036148788471607,1711.5333333333338,31.68934590933661,2071.5500000000006,38.355118910033646
PACE-FLU-SEV,2025/2026,40,46,6,Cases,State,Rivers,7234973,328,4.533534541179352,424.1000000000001,5.861804874738304,632.8333333333334,8.746865169135162,952.0000000000002,13.158307570740075,1390.5833333333333,19.220297481874958,2001.433333333334,27.66331447723902,2441.150000000001,33.74096904024384
PACE-FLU-SEV,2025/2026,40,46,6,Cases,State,Sokoto,6163187,300.35,4.873290393427946,389,6.311669595616683,578.4166666666667,9.385025420560282,904.5000000000001,14.675848712687124,1340,21.74199809286981,1862.6333333333334,30.22191819481274,2331.2000000000007,37.824586532909045
PACE-FLU-SEV,2025/2026,40,46,6,Cases,State,Taraba,4331885,205.35,4.7404305515958995,279.3666666666667,6.449078557410151,414.4166666666667,9.566659010261507,638,14.727999473670238,950.5833333333333,21.943872779017294,1338,30.887246545095266,1680.3000000000002,38.789118363022105
PACE-FLU-SEV,2025/2026,40,46,6,Cases,State,Yobe,4350401,210.35000000000002,4.8351864575242605,260,5.9764605607621,406.83333333333337,9.351628351807877,614,14.11364147810742,900,20.68774809494573,1280.9000000000003,29.443262816462212,1557.9500000000003,35.81164127168967
PACE-FLU-SEV,2025/2026,40,46,6,Cases,State,Zamfara,5517793,265,4.802644825567034,346,6.270623055268655,518,9.387811394881975,793,14.371688100659085,1174.1666666666665,21.279643267999845,1698,30.773173259671033,2026.500000000001,36.72664052457207
PACE-FLU-SEV,2025/2026,40,46,6,Cases,Zone,NC,36557326,3314,9.065214452501257,3710.3,10.149265293637725,4609.25,12.608279938198981,5859,16.026883366688253,7505.166666666666,20.52985676979401,9281.633333333333,25.38925667958683,10580.1,28.94112113123373
PACE-FLU-SEV,2025/2026,40,46,6,Cases,Zone,NE,32734949,2961.9,9.048127736505714,3332.366666666667,10.179843770847684,4129.416666666667,12.614703223355157,5160,15.762969418403554,6406,19.569298855483172,7879.633333333333,24.071011484799726,8855.3,27.05151610286609
PACE-FLU-SEV,2025/2026,40,46,6,Cases,Zone,NW,58539886,5307.7,9.066809593718716,5974.466666666667,10.205805092730564,7243,12.37276068491148,9227.5,15.762757037142165,11674.583333333334,19.942955360953952,14205.066666666668,24.265620651647097,16175.10000000001,27.630904508423555
PACE-FLU-SEV,2025/2026,40,46,6,Cases,Zone,SE,27612828,2110.05,7.6415570328399545,2447,8.861823207677244,3026,10.958674714520367,3852.500000000001,13.951848756672081,4942.75,17.90019479352133,6337.666666666669,22.9518927458885,7508.200000000001,27.190985291329092
PACE-FLU-SEV,2025/2026,40,46,6,Cases,Zone,SS,31220652,2432.45,7.791156955979011,2761.7333333333336,8.845854126727826,3440.5,11.019949231041043,4427,14.179716682406248,5675,18.177070741507897,7148.300000000002,22.896062516567568,8127.1500000000015,26.03132695627241
PACE-FLU-SEV,2025/2026,40,46,6,Cases,Zone,SW,42836294,3316.7,7.742733299944202,3794.966666666667,8.859232002345177,4688.666666666666,10.945546938926759,6052,14.128206328960204,7945.333333333333,18.548134283823277,10012.166666666668,23.373092608493785,11605.100000000002,27.091746078687386
PACE-FLU-SEV,2025/2026,40,47,7,Cases,Macro,North,127832161,14290.1,11.178798737510194,15568.2,12.178625377380579,18334.083333333332,14.342308844589846,22283,17.431450603420526,27424.583333333336,21.45358657695956,33139.66666666668,25.92435769482664,37288.45,29.169850300817494
PACE-FLU-SEV,2025/2026,40,47,7,Cases,Macro,South,101669774,9061.6,8.912776770803092,10289.866666666667,10.12087099423145,12297.25,12.095286058174969,15574,15.318220339508182,19791,19.465962420650214,25091.333333333336,24.67924570515258,29689.250000000007,29.201648466337698
PACE-FLU-SEV,2025/2026,40,47,7,Cases,National,Nigeria,229501935,24846.35,10.82620501652851,27016.4,11.771752599820129,31677.666666666668,13.802788489197997,38330,16.70138423887363,46377.416666666664,20.20785431140991,57003.73333333335,24.83801861336522,63063.65000000001,27.47848291562335
PACE-FLU-SEV,2025/2026,40,47,7,Cases,State,Abia,4841943,205,4.2338375317512,272,5.617579554323544,429,8.860079517664706,674,13.920031689757604,997,20.59090741051681,1427,29.47163979419006,1807.9000000000005,37.338316456843884
PACE-FLU-SEV,2025/2026,40,47,7,Cases,State,Adamawa,5236948,250.35000000000002,4.780456097711873,330.7333333333334,6.31538318374239,517.4166666666667,9.88011847103822,820.5000000000001,15.667522381356473,1215.5833333333333,23.211674687878002,1772.8000000000006,33.851777791186784,2220.2500000000005,42.39587637685156
PACE-FLU-SEV,2025/2026,40,47,7,Cases,State,Akwa Ibom,5780581,272,4.705409369750203,347,6.002856806262208,518,8.961036961509578,800,13.839439322794716,1200.5833333333333,20.76925024203161,1748,30.239174920306453,2184.2000000000007,37.78512921106028
PACE-FLU-SEV,2025/2026,40,47,7,Cases,State,Anambra,7299910,323.35,4.429506665150667,428.3666666666667,5.868108876228155,647.4166666666667,8.86883080293684,991,13.575509835052761,1490.333333333333,20.415776815513247,2120,29.041453935733454,2623.6000000000004,35.94016912537278
PACE-FLU-SEV,2025/2026,40,47,7,Cases,State,Bauchi,7540663,379,5.026083250239402,503.73333333333335,6.680226040247833,752.4166666666667,9.978123497451971,1148.0000000000002,15.224125517875553,1742.5833333333333,23.109152780509262,2405.2333333333345,31.896841608401473,2950.2500000000005,39.124543823268596
PACE-FLU-SEV,2025/2026,40,47,7,Cases,State,Bayelsa,2394725,114,4.76046310119116,147,6.138491893641232,219,9.145100168077754,332.5000000000001,13.884684045140887,504.58333333333326,21.070617015871687,712.8000000000006,29.765421916921593,869.1000000000013,36.29226737934424
PACE-FLU-SEV,2025/2026,40,47,7,Cases,State,Benue,6687706,335.35,5.014424976217555,431,6.444661293424083,647.4166666666667,9.680698683026238,1012.5000000000001,15.139720555897643,1530.5833333333333,22.886522423882468,2228.3333333333344,33.319845898329476,2685.3,40.15278183580439
PACE-FLU-SEV,2025/2026,40,47,7,Cases,State,Borno,6651590,339.35,5.10178769286742,442.3666666666667,6.6505401966547355,689,10.358425579447921,1038,15.60529136642517,1566,23.543243044144333,2172.5333333333338,32.66186480726163,2619.2500000000005,39.377802901261205
PACE-FLU-SEV,2025/2026,40,47,7,Cases,State,Cross River,4175020,182.35000000000002,4.367643747814382,241,5.772427437473353,379,9.077800824906229,580,13.892149019645414,867.5833333333333,20.780339575219596,1248.6333333333334,29.907241961315957,1523.2500000000005,36.48485516237049
PACE-FLU-SEV,2025/2026,40,47,7,Cases,State,Delta,6107543,271.35,4.442866796025832,343,5.616006305645331,542,8.874272354693204,848.0000000000002,13.884470399962805,1259.5833333333333,20.623405080133423,1809.5333333333338,29.627844344826286,2242.3,36.71361789839221
PACE-FLU-SEV,2025/2026,40,47,7,Cases,State,Ebonyi,4007155,188,4.691607886393214,240,5.989286663480699,364.83333333333337,9.104547573860591,543,13.550761076125081,826.5833333333333,20.627685560786475,1234.6333333333334,30.81072065675856,1518.500000000001,37.89471582706436
PACE-FLU-SEV,2025/2026,40,47,7,Cases,State,Edo,5527810,252,4.558767396129751,311.7333333333334,5.639364112249398,486.4166666666667,8.79944619418299,757.0000000000002,13.694392535199295,1155.1666666666665,20.897365623396364,1713.6333333333334,31.000221305242643,2027.9500000000003,36.68631881341798
PACE-FLU-SEV,2025/2026,40,47,7,Cases,State,Ekiti,3398177,153,4.502414088495096,196.3666666666667,5.7785885392864085,307,9.034255720052252,474.5000000000001,13.963369182947213,723.5833333333333,21.293279700655184,1027.6000000000013,30.23974325057233,1276.9500000000003,37.57750111309682
PACE-FLU-SEV,2025/2026,40,47,7,Cases,State,Enugu,5396098,235.70000000000005,4.367971078360697,319.3666666666667,5.918474176463562,494,9.154763312304558,753.0000000000002,13.954527882925778,1140,21.12637687454898,1566,29.02097033819623,1970.5500000000006,36.51805434223027
PACE-FLU-SEV,2025/2026,40,47,7,Cases,State,FCT,4802443,242,5.039101973724623,318,6.6216298662992985,498.4166666666667,10.378398383211767,769.5000000000001,16.023094912318587,1162,24.196018568049638,1639.5333333333338,34.139568826393855,2006.2500000000005,41.77561295365714
PACE-FLU-SEV,2025/2026,40,47,7,Cases,State,Gombe,4623462,249,5.385574705707541,314,6.79144762085208,494,10.684634155098495,739,15.98369360448945,1088.5833333333333,23.5447665263245,1596.5333333333338,34.53112263782711,1909.3000000000002,41.295894721314895
PACE-FLU-SEV,2025/2026,40,47,7,Cases,State,Imo,6067722,283.35,4.669792057052054,370,6.0978403427184045,543.4166666666667,8.955859656501511,852.5000000000001,14.049753762614703,1255.5833333333333,20.692828928769863,1756.6333333333334,28.95045839828083,2228.9500000000003,36.734543870005915
PACE-FLU-SEV,2025/2026,40,47,7,Cases,State,Jigawa,6979080,377,5.401858124566562,471,6.748740521673343,702.6666666666667,10.068184727308854,1062,15.21690538007875,1623,23.25521415430114,2282.266666666667,32.70154041315857,2854.65,40.902955690434844
PACE-FLU-SEV,2025/2026,40,47,7,Cases,State,Kaduna,8324285,416.35,5.0016307706908165,552.3666666666667,6.635604939843683,833,10.006865454510507,1314.0000000000005,15.785139504473964,1940.7499999999998,23.31431468288267,2816.9000000000005,33.83954297576309,3449,41.43298793830341
PACE-FLU-SEV,2025/2026,40,47,7,Cases,State,Kano,16253549,836.3499999999999,5.145645421809108,1089,6.700075165122398,1667,10.256221579668539,2567.0000000000005,15.793473782249038,3866.75,23.790188838142363,5666,34.86007886646787,6800.800000000001,41.84193864367715
PACE-FLU-SEV,2025/2026,40,47,7,Cases,State,Katsina,9300382,467.35,5.025062411414929,621.1000000000001,6.678220313961299,973.8333333333333,10.470896070003718,1482,15.934829343568898,2240.583333333333,24.091304350007704,3280.9000000000005,35.27704560952443,4012.4000000000015,43.142313939362936
PACE-FLU-SEV,2025/2026,40,47,7,Cases,State,Kebbi,6001610,320.05000000000007,5.33273571591623,413,6.881486801041721,623.8333333333334,10.39443304935398,906,15.095949253616945,1385.7499999999998,23.08963761390693,1929.6333333333334,32.15192812150962,2344.65,39.06701701710041
PACE-FLU-SEV,2025/2026,40,47,7,Cases,State,Kogi,5053734,263,5.2040728696840794,332,6.569399972376861,512.4166666666667,10.139367577847718,807.5000000000001,15.97828457136842,1210.1666666666665,23.945990561962034,1727.6333333333334,34.18528425384742,2166.8500000000026,42.87621786188198
PACE-FLU-SEV,2025/2026,40,47,7,Cases,State,Kwara,4259613,216,5.070883199952672,279.3666666666667,6.558498780679528,414.4166666666667,9.728974596205493,640.5000000000001,15.036577266526328,971.5833333333333,22.809192603490814,1381.6333333333334,32.435653974512086,1705,40.02711044407086
PACE-FLU-SEV,2025/2026,40,47,7,Cases,State,Lagos,15772884,714.3499999999999,4.528975170298596,926.4666666666668,5.873793699786715,1448.8333333333335,9.185595565993724,2212,14.02406814124798,3425.583333333333,21.718179968440353,5071.266666666666,32.151803479101645,6225.800000000001,39.47153862286695
PACE-FLU-SEV,2025/2026,40,47,7,Cases,State,Nasarawa,3632239,177.35000000000002,4.882663282895206,244,6.717619628003554,370,10.186554353939815,578,15.91304977453301,880.5833333333333,24.24354050857703,1235,34.001066559772084,1560.2500000000005,42.955598461444865
PACE-FLU-SEV,2025/2026,40,47,7,Cases,State,Niger,6720617,325.40000000000003,4.841817350996196,437.36666666666673,6.507835019711235,665.4166666666667,9.90112465368383,1034.5,15.392931928720238,1560.4999999999995,23.21959427237112,2293.4333333333343,34.125338987972896,2722.65,40.51190538011614
PACE-FLU-SEV,2025/2026,40,47,7,Cases,State,Ogun,6445275,287.05,4.453650154570597,379,5.880276636761038,564.4166666666667,8.75706105118349,867.5000000000001,13.459472249050663,1319.5833333333333,20.47365447297956,1931.2666666666669,29.96406928589807,2384.500000000001,36.99609403788048
PACE-FLU-SEV,2025/2026,40,47,7,Cases,State,Ondo,5469707,263,4.808301431868288,336,6.1429250232233645,503.4166666666667,9.203722734447506,778,14.2237966311541,1178.5833333333333,21.547467411569453,1711.3333333333344,31.287477251219023,2173,39.7279049865011
PACE-FLU-SEV,2025/2026,40,47,7,Cases,State,Osun,4237396,190.35000000000002,4.4921456479403865,250,5.89984981342315,380,8.967771716403186,588,13.876446761171248,891.7499999999998,21.04476428448037,1247.2666666666669,29.434744042488994,1567.65,36.9955982400512
PACE-FLU-SEV,2025/2026,40,47,7,Cases,State,Oyo,7512855,365.7,4.867656836182784,449.73333333333346,5.986184124854445,687,9.14432662416618,1055,14.042597654287219,1615,21.496488352297494,2321.5333333333338,30.9008137829538,2965.65,39.474340979561035
PACE-FLU-SEV,2025/2026,40,47,7,Cases,State,Plateau,5400974,286.35,5.301821486272662,360,6.665464414381554,540,9.998196621572331,832,15.404628868792924,1267.7499999999998,23.47261808703393,1807,33.45692832440963,2305.65,42.689522297274536
PACE-FLU-SEV,2025/2026,40,47,7,Cases,State,Rivers,7234973,326.70000000000005,4.515566264034434,423,5.846600947923371,639,8.832099304309775,993.5000000000001,13.731910264212459,1503.5833333333333,20.78215541831785,2111.166666666667,29.18002135829211,2654.1000000000013,36.68431105409794
PACE-FLU-SEV,2025/2026,40,47,7,Cases,State,Sokoto,6163187,342.35,5.554756005294014,428,6.944459092349462,611,9.91370211548019,940,15.25184940843106,1428.1666666666665,23.17253503206485,2049.266666666667,33.25011340182712,2504.7000000000016,40.63968852478436
PACE-FLU-SEV,2025/2026,40,47,7,Cases,State,Taraba,4331885,232.35000000000002,5.363715795779436,302.3666666666667,6.98002524689983,446,10.295748848365088,668.5000000000001,15.432080953210903,1014.5833333333333,23.421289654119008,1484.5333333333338,34.26991559871358,1847.3000000000002,42.64425302149065
PACE-FLU-SEV,2025/2026,40,47,7,Cases,State,Yobe,4350401,239.35000000000002,5.501791673916956,300,6.895916031648577,442,10.15998295329557,692,15.90657964633605,1038,23.859869469504076,1481,34.042838809571805,1774,40.77785013381525
PACE-FLU-SEV,2025/2026,40,47,7,Cases,State,Zamfara,5517793,281.35,5.098958949710509,369.4666666666668,6.695913867494971,559,10.13086210374329,855.5000000000001,15.504387351972067,1283,23.252050230952847,1828.6333333333334,33.140665721482,2213.2500000000005,40.11114588749524
PACE-FLU-SEV,2025/2026,40,47,7,Cases,Zone,NC,36557326,3401.7,9.305111648483262,3884.7333333333336,10.626415436767266,4854.833333333334,13.280055913644595,6209,16.98428380675326,8074.166666666666,22.086316342356838,10260.633333333333,28.0672424819401,11765.500000000005,32.18369965024248
PACE-FLU-SEV,2025/2026,40,47,7,Cases,Zone,NE,32734949,3163.7,9.664594253682814,3654.8666666666672,11.16502935949791,4457.833333333334,13.617963276293278,5591.5,17.081132461822378,7113.333333333333,21.73008833260542,8920.066666666668,27.249367844338686,10229.100000000002,31.248253968564313
PACE-FLU-SEV,2025/2026,40,47,7,Cases,Zone,NW,58539886,5891.2,10.063565890784277,6537,11.166745353757607,7973,13.619773704376534,10069,17.20023848355291,12861.583333333334,21.970632695344392,15907.600000000002,27.17395110745518,18375.050000000003,31.388940525097713
PACE-FLU-SEV,2025/2026,40,47,7,Cases,Zone,SE,27612828,2210.35,8.004794003714506,2511.366666666667,9.094927425277362,3165.5,11.463874688967028,4089,14.808334734855842,5371,19.451104392494678,6982.533333333334,25.287280728121488,8145.050000000002,29.49734087359687
PACE-FLU-SEV,2025/2026,40,47,7,Cases,Zone,SS,31220652,2471.4,7.9159141199229275,2858.366666666667,9.155371472276322,3622.416666666667,11.602629780655018,4689.5,15.02050629820287,6148,19.692093553971905,7819.9,25.04720272978284,9171.75,29.377189175933935
PACE-FLU-SEV,2025/2026,40,47,7,Cases,Zone,SW,42836294,3415.3999999999996,7.973145389281342,3940.833333333334,9.199753212388853,5000.833333333334,11.674290342048108,6498.000000000002,15.16937949860929,8679.5,20.26202360082784,11449.766666666668,26.729125228869396,13307.95,31.06699659872537
PACE-FLU-SEV,2025/2026,40,48,8,Cases,Macro,North,127832161,14711.75,11.508645308749806,16231.366666666667,12.697404580891554,19298.083333333332,15.096422670452494,23686.5,18.52937462271329,29699.916666666664,23.233524673549613,36887.20000000001,28.85596215493847,41976.2,32.83696346180051
PACE-FLU-SEV,2025/2026,40,48,8,Cases,Macro,South,101669774,9438.05,9.283044142500012,10514.133333333333,10.341454416268627,12959.5,12.746659592259938,16645,16.371630766091798,20837.916666666664,20.495685046636048,26356.700000000004,25.923830616560632,30999.050000000036,30.489936960025144
PACE-FLU-SEV,2025/2026,40,48,8,Cases,National,Nigeria,229501935,25652.049999999996,11.177269594698624,27792.466666666667,12.109905159042196,33285.666666666664,14.50343617654756,40621.5,17.69985076596413,49760.58333333333,21.68198857815004,61535.6,26.81267153586309,70957.60000000003,30.918083544698668
PACE-FLU-SEV,2025/2026,40,48,8,Cases,State,Abia,4841943,235,4.853423512007473,296.10000000000014,6.115313625129419,448,9.252483971827012,718.0000000000002,14.828757794133477,1117.5833333333333,23.08129883671355,1589.5333333333338,32.828418949445165,1961.9500000000003,40.51989046545984
PACE-FLU-SEV,2025/2026,40,48,8,Cases,State,Adamawa,5236948,282.35,5.391499018130407,357.10000000000014,6.8188570900455785,546.4166666666667,10.433876117667516,853.5000000000001,16.297660393038086,1312,25.05275973715989,1887.2666666666669,36.037529237767245,2404.500000000001,45.91414694207391
PACE-FLU-SEV,2025/2026,40,48,8,Cases,State,Akwa Ibom,5780581,286.35,4.953654312602834,368,6.366142088485569,552.8333333333334,9.563629215356267,853,14.756302177929866,1312.1666666666665,22.699563705908915,1841.2666666666669,31.852622888022275,2336.6000000000004,40.42154240205267
PACE-FLU-SEV,2025/2026,40,48,8,Cases,State,Anambra,7299910,350.35,4.79937423886048,453.36666666666673,6.210578851885389,673,9.219291744692743,1055.5000000000005,14.45908237224843,1629.1666666666665,22.317626746996424,2309.8000000000006,31.641485990923186,2941.9500000000003,40.301181795392004
PACE-FLU-SEV,2025/2026,40,48,8,Cases,State,Bauchi,7540663,421.35,5.587704953795177,548.3666666666667,7.272128016683237,809.4166666666667,10.734025199994573,1252,16.60331458918135,1935.1666666666665,25.663083825210947,2727.266666666667,36.167465203877526,3415.2000000000007,45.29044727234198
PACE-FLU-SEV,2025/2026,40,48,8,Cases,State,Bayelsa,2394725,120,5.011013790727537,153,6.389042583177609,229,9.562684650638383,352,14.698973786134108,551.5833333333333,23.033264083906637,777.9000000000003,32.483896898391265,962,40.17162722233242
PACE-FLU-SEV,2025/2026,40,48,8,Cases,State,Benue,6687706,337.7,5.049564080717664,433,6.474566914275239,687.4166666666667,10.278811100049355,1055,15.775214998984705,1624.5833333333333,24.292086603886794,2437.633333333333,36.449469120402924,3008.65,44.987773086915006
PACE-FLU-SEV,2025/2026,40,48,8,Cases,State,Borno,6651590,364,5.472375777821544,470.3666666666667,7.0714921795640855,713.8333333333334,10.731769897623476,1107,16.642637324308925,1708,25.678070957470318,2418.266666666667,36.356219590604155,3038.9500000000003,45.68757244508457
PACE-FLU-SEV,2025/2026,40,48,8,Cases,State,Cross River,4175020,189.35000000000002,4.5353076152928615,242,5.796379418541708,380,9.101752805974582,584.5000000000001,13.999932934453012,902,21.604686923655457,1291,30.922007559245227,1650.65,39.5363375504788
PACE-FLU-SEV,2025/2026,40,48,8,Cases,State,Delta,6107543,278.35,4.557479169610431,370.7333333333334,6.0700896143233605,551,9.021631120730547,880.5000000000001,14.416599277319866,1323,21.661738607489134,1934.6000000000013,31.675585419537796,2446.6000000000004,40.05866188743985
PACE-FLU-SEV,2025/2026,40,48,8,Cases,State,Ebonyi,4007155,200.35000000000002,4.999806595951491,248,6.188929552263389,364,9.083751439612394,575.5000000000001,14.361810311804762,901.5833333333333,22.499337643124193,1295.2666666666669,32.32384738465737,1570.9500000000003,39.20362451664586
PACE-FLU-SEV,2025/2026,40,48,8,Cases,State,Edo,5527810,256.35,4.63746040475342,344,6.2230793026533116,530.8333333333334,9.602959098328874,804.0000000000002,14.544638835271115,1230.5833333333333,22.261679278653446,1772.9000000000003,32.07237585951761,2300.500000000001,41.61684283649403
PACE-FLU-SEV,2025/2026,40,48,8,Cases,State,Ekiti,3398177,163.35000000000002,4.806989159187411,203,5.973791241598069,316.4166666666667,9.311365083886646,480,14.125220669788536,748,22.01180221042047,1123,33.04713085869276,1433.2500000000005,42.177026093696725
PACE-FLU-SEV,2025/2026,40,48,8,Cases,State,Enugu,5396098,261.35,4.84331455803805,325.3666666666667,6.02966563369803,500.4166666666667,9.273676398513643,805,14.918187178957831,1176.1666666666665,21.796614269545636,1764.9000000000003,32.70696714551886,2219.65,41.1343530084146
PACE-FLU-SEV,2025/2026,40,48,8,Cases,State,FCT,4802443,275.75000000000006,5.7418692944403515,360.3666666666667,7.503819757291584,517,10.765354216593513,792.0000000000002,16.49160645946241,1218,25.362091752052027,1789.2666666666669,37.25742641123834,2278.4000000000015,47.4425204005545
PACE-FLU-SEV,2025/2026,40,48,8,Cases,State,Gombe,4623462,264.35,5.717577001822444,341,7.375425600989042,510.4166666666667,11.039707186231155,796,17.216536007000816,1209,26.149236221688422,1771.2666666666669,38.31039741792334,2263.9000000000005,48.96547219378034
PACE-FLU-SEV,2025/2026,40,48,8,Cases,State,Imo,6067722,288,4.746427077575406,371,6.114320992293319,576.8333333333334,9.506588029796575,891.5000000000001,14.692499096036371,1337.5833333333333,22.044242193912858,1920.6333333333334,31.653284928566823,2466.7000000000016,40.65281830644189
PACE-FLU-SEV,2025/2026,40,48,8,Cases,State,Jigawa,6979080,359.35,5.148959461705554,483.3666666666667,6.92593675193101,778.4166666666667,11.153571339870966,1210.5,17.34469299678468,1804.7499999999998,25.859425597643238,2609.0666666666675,37.38410602352556,3245.7000000000016,46.506129747760475
PACE-FLU-SEV,2025/2026,40,48,8,Cases,State,Kaduna,8324285,419.70000000000005,5.041874467296591,586.1000000000001,7.04084494944611,874.4166666666667,10.504405683691353,1330.5,15.983354726562101,2049.333333333333,24.618731018139492,2987,35.8829617198354,3726.250000000004,44.763604321572416
PACE-FLU-SEV,2025/2026,40,48,8,Cases,State,Kano,16253549,954.7,5.873794086448443,1194.7333333333336,7.350599757218152,1766,10.865319321952393,2696.5,16.590222849175895,4145.75,25.506737020942317,6056.0666666666675,37.25996498774924,7524.1500000000015,46.29235128894004
PACE-FLU-SEV,2025/2026,40,48,8,Cases,State,Katsina,9300382,508,5.462141232478408,669.3666666666668,7.197195412690218,1027,11.04255717668371,1612.5,17.337997514510697,2411,25.923666361231184,3412.166666666667,36.68845716946537,4337.800000000003,46.6410949571749
PACE-FLU-SEV,2025/2026,40,48,8,Cases,State,Kebbi,6001610,325.40000000000003,5.421878462612533,416.1000000000001,6.933139607538646,636,10.597156429691367,983.0000000000002,16.378938318217948,1477.1666666666665,24.6128399990447,2130.633333333333,35.50102944598755,2625.7500000000014,43.75076021267629
PACE-FLU-SEV,2025/2026,40,48,8,Cases,State,Kogi,5053734,260.70000000000005,5.1585619662609865,355,7.024509006607787,531,10.5070824859401,825,16.32456318437021,1274.5833333333333,25.220625646963875,1883.6333333333334,37.27211074689197,2342.9500000000003,46.360770076145684
PACE-FLU-SEV,2025/2026,40,48,8,Cases,State,Kwara,4259613,226,5.305646311061592,284.3666666666667,6.675880336233989,439.4166666666667,10.315882373977793,682,16.010844177628343,1035,24.297981999773217,1520,35.683992888555835,1822.9000000000005,42.79496752404504
PACE-FLU-SEV,2025/2026,40,48,8,Cases,State,Lagos,15772884,804.6999999999999,5.101793685923259,1070.566666666667,6.7873869272522835,1510.25,9.57497690339953,2317,14.689767578332539,3540.249999999999,22.44516602036761,5245.266666666666,33.25496254627034,6590.9,41.78627066552953
PACE-FLU-SEV,2025/2026,40,48,8,Cases,State,Nasarawa,3632239,196,5.39612068478974,260.3666666666667,7.1682140593354875,401,11.04002242143207,597.5000000000001,16.449908720213624,895,24.640449045340905,1370.6333333333334,37.735218781950564,1718.6000000000004,47.315168412651275
PACE-FLU-SEV,2025/2026,40,48,8,Cases,State,Niger,6720617,372.35,5.540413923304959,469.36666666666673,6.98398177826034,692,10.296673653624362,1103.5,16.41962337684174,1738.5833333333333,25.869400582317564,2559.8000000000006,38.088764766687355,3268.6000000000004,48.63541546854999
PACE-FLU-SEV,2025/2026,40,48,8,Cases,State,Ogun,6445275,313.05,4.857046440997475,397,6.159550988902724,597.4166666666667,9.269064030109913,929.5000000000001,14.421417239760911,1442.1666666666665,22.37556452853705,2032.2666666666669,31.531108706248638,2531.3500000000017,39.274507294103074
PACE-FLU-SEV,2025/2026,40,48,8,Cases,State,Ondo,5469707,267.35,4.8878303719010905,340.3666666666667,6.222758671838669,522.4166666666667,9.551090518498828,811.5000000000001,14.836260881981431,1256,22.962838777287338,1758.8000000000006,32.155287294182315,2184.9500000000003,39.94638104015444
PACE-FLU-SEV,2025/2026,40,48,8,Cases,State,Osun,4237396,195,4.601882854470056,264,6.230241402974846,394,9.298163305954883,609.5000000000001,14.383833845125642,943.1666666666665,22.258166729441065,1382.6333333333334,32.62931605479718,1709.3000000000002,40.33845314433676
PACE-FLU-SEV,2025/2026,40,48,8,Cases,State,Oyo,7512855,365.35,4.862998154496527,478,6.362428131515915,723,9.62350531189541,1107.5,14.741399907225684,1685.5833333333333,22.435989159025873,2466.633333333333,32.832170104884675,3078,40.96977780084934
PACE-FLU-SEV,2025/2026,40,48,8,Cases,State,Plateau,5400974,292,5.406432247220594,373,6.906161740456444,563,10.424045736935597,861,15.941569057729216,1346,24.92143083821548,1866.2666666666669,34.55426126225875,2334.65,43.22646248621082
PACE-FLU-SEV,2025/2026,40,48,8,Cases,State,Rivers,7234973,353.7,4.888753558582735,458.10000000000014,6.331744430836164,673.4166666666667,9.307797923595109,1021.0000000000002,14.112008434585729,1574.1666666666665,21.757740722275905,2265.266666666667,31.3099532875474,2808.150000000001,38.81355189577074
PACE-FLU-SEV,2025/2026,40,48,8,Cases,State,Sokoto,6163187,373.7,6.063421408436901,452,7.3338680134157865,654,10.611393099057354,997.5000000000001,16.18480828181913,1505,24.419184425200793,2182,35.403761073613374,2733.0500000000015,44.34475215501333
PACE-FLU-SEV,2025/2026,40,48,8,Cases,State,Taraba,4331885,227.35000000000002,5.248292602412114,296.3666666666667,6.8415174148590445,454,10.480425957752804,711.5000000000001,16.42472041616987,1073.5833333333333,24.783283335853405,1545,35.66576675050238,1923.9000000000005,44.412536343878024
PACE-FLU-SEV,2025/2026,40,48,8,Cases,State,Yobe,4350401,241.35,5.54776444746128,305,7.010847965509386,475.4166666666667,10.928111377931982,751,17.262776465893605,1117.1666666666665,25.679625088966894,1651.1666666666672,37.95435562530137,1976.5500000000025,45.4337427745167
PACE-FLU-SEV,2025/2026,40,48,8,Cases,State,Zamfara,5517793,300,5.436956406302302,389,7.049920140171985,591.4166666666667,10.718355448757622,921,16.69145616734807,1426,25.843666117956943,2008.5333333333338,36.40102724646129,2606.65,47.24080805495965
PACE-FLU-SEV,2025/2026,40,48,8,Cases,Zone,NC,36557326,3534.45,9.668239958250776,4060.366666666667,11.106848095691317,5002.25,13.68330386090055,6617.5,18.101706891800568,8555.25,23.402286042474767,11338.700000000004,31.016218199328925,12993.550000000003,35.54294425144772
PACE-FLU-SEV,2025/2026,40,48,8,Cases,Zone,NE,32734949,3386.15,10.344143196923875,3861.2000000000007,11.79534448029841,4767,14.56241767781584,5977,18.258772909650784,7767,23.726934781538837,9938.266666666666,30.359804949342266,11609.750000000007,35.46591748164937
PACE-FLU-SEV,2025/2026,40,48,8,Cases,Zone,NW,58539886,6030.25,10.301096247437176,6887.366666666667,11.765254661867068,8402.916666666668,14.354173266867425,10700.5,18.278990157240827,13962.583333333334,23.851401646619763,17467.033333333333,29.83783284670786,20641.05000000001,35.25980559647829
PACE-FLU-SEV,2025/2026,40,48,8,Cases,Zone,SE,27612828,2284.05,8.271698936450841,2665.366666666667,9.652639225024929,3343,12.106691860753994,4418.5,16.00162069600405,5810.916666666666,21.044264885388287,7606.4000000000015,27.546617101297997,8854.800000000001,32.06770418444645
PACE-FLU-SEV,2025/2026,40,48,8,Cases,Zone,SS,31220652,2572.8,8.240699137224937,2952.466666666667,9.456774530739033,3784.416666666667,12.12151708640379,5016,16.066288429850857,6447.333333333333,20.6508606333184,8462.266666666666,27.104708340705592,10183.150000000001,32.61671152799756
PACE-FLU-SEV,2025/2026,40,48,8,Cases,Zone,SW,42836294,3565.35,8.323199014368516,4042.366666666667,9.436779630531685,5248,12.25129326080356,6876.5,16.05297601141686,9174.083333333332,21.416613055586303,11773.900000000001,27.48580444424067,13800.550000000001,32.21695602331986
PACE-FLU-SEV,2025/2026,40,49,9,Cases,Macro,North,127832161,15219.400000000001,11.905767594744798,16810.36666666667,13.150342241860924,20063,15.694798431828122,24927,19.499787694272023,31146.916666666664,24.365477688096554,39407.53333333334,30.827557811006052,45544.65,35.62847537248471
PACE-FLU-SEV,2025/2026,40,49,9,Cases,Macro,South,101669774,9655.8,9.49721792437544,10950.833333333332,10.770982271813974,13476.416666666666,13.255086675678719,17136.5,16.855058613585587,22269.916666666664,21.90416658806251,28657.066666666666,28.186417200717557,32523.90000000001,31.989743579050355
PACE-FLU-SEV,2025/2026,40,49,9,Cases,National,Nigeria,229501935,26422.75,11.513083756788369,29314.733333333334,12.773196589097749,34500.166666666664,15.032625614536395,42448,18.495704622272577,53284.83333333333,23.217596545899855,65754.70000000003,28.651043835425625,76461.30000000002,33.316189687028135
PACE-FLU-SEV,2025/2026,40,49,9,Cases,State,Abia,4841943,242,4.99799357406727,312,6.443694194665241,486,10.037292880151625,743,15.345079444347032,1136.7499999999998,23.477145435210613,1685.8000000000006,34.81660151720085,2093.6000000000004,43.238840275484456
PACE-FLU-SEV,2025/2026,40,49,9,Cases,State,Adamawa,5236948,266.70000000000005,5.092660839863218,358,6.836042672182347,548.4166666666667,10.472066300193674,871.5000000000001,16.641372035773514,1344,25.663802657578422,1983.5333333333338,37.87575002335967,2471.4000000000015,47.19160854757392
PACE-FLU-SEV,2025/2026,40,49,9,Cases,State,Akwa Ibom,5780581,294.40000000000003,5.092913670788456,380,6.57373367832749,551,9.53191383357486,851.5000000000001,14.730353229199629,1359.1666666666665,23.512630766123102,1994.5333333333338,34.5040288049477,2547.65,44.072559488397445
PACE-FLU-SEV,2025/2026,40,49,9,Cases,State,Anambra,7299910,350.35,4.79937423886048,457,6.26035115501424,710,9.72614730866545,1141.5,15.637179088509312,1736.5833333333333,23.789106075737006,2552.633333333333,34.96801102114044,3159.65,43.2834103434152
PACE-FLU-SEV,2025/2026,40,49,9,Cases,State,Bauchi,7540663,429.35,5.6937964208187,565.3666666666668,7.497572384108224,878.4166666666667,11.649064103072458,1373.5,18.214578744601106,2101,27.862271527052727,3089.9000000000005,40.97650299449797,3935.4000000000015,52.189044915546575
PACE-FLU-SEV,2025/2026,40,49,9,Cases,State,Bayelsa,2394725,117,4.8857384459593485,152,6.347284134921546,237,9.896752236686885,372,15.534142751255363,571.1666666666665,23.851033695587866,809,33.782584639154805,1053.9500000000003,44.011316539477406
PACE-FLU-SEV,2025/2026,40,49,9,Cases,State,Benue,6687706,346.40000000000003,5.1796535314201915,457.36666666666673,6.838917061645154,699.4166666666667,10.458244825156289,1103.5,16.500426304625236,1678.1666666666665,25.093308029190673,2471.266666666667,36.95238197771653,3127.150000000001,46.759681122345995
PACE-FLU-SEV,2025/2026,40,49,9,Cases,State,Borno,6651590,380.05000000000007,5.713671468024939,479.3666666666667,7.206798174070661,725,10.899649557474229,1128.5,16.965868311185748,1770.9166666666663,26.623960085733877,2619.9000000000005,39.38757500086446,3284.500000000001,49.37917099520567
PACE-FLU-SEV,2025/2026,40,49,9,Cases,State,Cross River,4175020,196,4.694588289397416,253.3666666666667,6.068633603352001,384,9.197560730247998,613,14.682564394901103,936,22.4190542799795,1334.2666666666669,31.958329940136018,1684.3000000000002,40.342321713428916
PACE-FLU-SEV,2025/2026,40,49,9,Cases,State,Delta,6107543,304.35,4.983182271496083,398.3666666666667,6.522535603378751,593.8333333333334,9.72294969242678,946.5000000000001,15.497230228260367,1380.7499999999998,22.607290689562067,2025.6333333333334,33.1660920493451,2601.7500000000014,42.59896328196136
PACE-FLU-SEV,2025/2026,40,49,9,Cases,State,Ebonyi,4007155,201,5.016027580665085,257,6.413527802143915,384,9.582858661569118,614,15.322591714071455,947,23.632726959650924,1379.2666666666669,34.42009771687561,1686.9000000000005,42.097198635939975
PACE-FLU-SEV,2025/2026,40,49,9,Cases,State,Edo,5527810,277.35,5.017357687764232,350,6.331621383513544,536.4166666666667,9.703963534684924,854,15.449156175773046,1307.5833333333333,23.65463598302643,1956.9000000000003,35.40099967256473,2401.9500000000003,43.45210852037245
PACE-FLU-SEV,2025/2026,40,49,9,Cases,State,Ekiti,3398177,160,4.708406889929512,214,6.2974942152807225,329.4166666666667,9.693923143693418,516,15.184612220022677,796.5833333333333,23.441490344185517,1160.2666666666669,34.14379729680552,1410.9500000000003,41.52079188341279
PACE-FLU-SEV,2025/2026,40,49,9,Cases,State,Enugu,5396098,286,5.300126128176323,370,6.856806529458879,540,10.007231151102149,815,15.103506274348613,1240.5833333333333,22.990378109021243,1847.133333333335,34.23090783994907,2360.300000000004,43.740866085086
PACE-FLU-SEV,2025/2026,40,49,9,Cases,State,FCT,4802443,278,5.788720449154733,360,7.496184754301092,538.4166666666667,11.211307800356334,832.5000000000001,17.33492724432128,1290.1666666666665,26.864799158817014,1917.2666666666669,39.92273654610095,2460.500000000001,51.23434052210512
PACE-FLU-SEV,2025/2026,40,49,9,Cases,State,Gombe,4623462,261,5.645120474657302,348,7.526827299543069,525,11.355127391552045,816.5000000000001,17.659926695623327,1246.5833333333333,26.962119150829686,1841.8000000000006,39.8359497709725,2308.850000000001,49.93768738663799
PACE-FLU-SEV,2025/2026,40,49,9,Cases,State,Imo,6067722,318.35,5.246614792174064,408.3666666666667,6.730147931409295,621,10.23448338602197,956,15.755500993618362,1418,23.36956109722891,2087.6000000000013,34.40500405259175,2578.2000000000007,42.49041073404484
PACE-FLU-SEV,2025/2026,40,49,9,Cases,State,Jigawa,6979080,421.40000000000003,6.038045129157425,542,7.766066587573147,817.4166666666667,11.712384249308887,1264,18.111269680244387,1917,27.46780377929469,2968.633333333333,42.53617000139465,3698.3,52.991225204468215
PACE-FLU-SEV,2025/2026,40,49,9,Cases,State,Kaduna,8324285,440.35,5.2899438210008425,573.3666666666668,6.887878858864956,878.4166666666667,10.552457858743024,1390.5,16.70413735233717,2161.1666666666665,25.9621897456258,3143.266666666667,37.760200025187345,3810.3500000000017,45.773901302033764
PACE-FLU-SEV,2025/2026,40,49,9,Cases,State,Kano,16253549,975.1500000000001,5.999612761495966,1254,7.715238068928823,1872.8333333333335,11.52261166674019,2871.5,17.666910777455435,4307.333333333333,26.500878874720428,6587.633333333333,40.53043020532521,8286.500000000002,50.9827115296481
PACE-FLU-SEV,2025/2026,40,49,9,Cases,State,Katsina,9300382,557.35,5.992764598271339,717,7.709360755289406,1088.25,11.701132276072101,1670.0000000000002,17.956251689446738,2567.333333333333,27.6046009006225,3830.966666666668,41.19149801230388,4756.85,51.14682386164354
PACE-FLU-SEV,2025/2026,40,49,9,Cases,State,Kebbi,6001610,352,5.865092866747423,447,7.44800145294346,687,11.446928407543975,1031.0000000000002,17.178723709138055,1566.1666666666665,26.095775411375723,2284.166666666667,38.05923188388894,2839.3,47.30897209248852
PACE-FLU-SEV,2025/2026,40,49,9,Cases,State,Kogi,5053734,260.35,5.151636394000951,366.3666666666667,7.249425210481333,560.4166666666667,11.08916034493835,873,17.27435595146084,1300,25.723554108704572,1926.700000000001,38.12428592403163,2471.9000000000005,48.912348770236036
PACE-FLU-SEV,2025/2026,40,49,9,Cases,State,Kwara,4259613,234.35000000000002,5.50167350883754,308,7.2307038221547355,477.4166666666667,11.20798219619169,725.5000000000001,17.032063710952148,1096.1666666666665,25.733949696056108,1620.1666666666672,38.035536718163534,2132.2500000000005,50.05736436619948
PACE-FLU-SEV,2025/2026,40,49,9,Cases,State,Lagos,15772884,756.7,4.797473943256033,1047,6.6379743869288586,1568.4166666666667,9.943753258228913,2421,15.349127020778191,3730.166666666667,23.64923666887214,5397.333333333334,34.219064397692485,7095.300000000003,44.98416396139097
PACE-FLU-SEV,2025/2026,40,49,9,Cases,State,Nasarawa,3632239,190,5.230933316888013,255,7.020463135823386,399.4166666666667,10.996431310458004,614.0000000000002,16.904173981943373,932.1666666666665,25.66369301873215,1389,38.24087566924974,1662.3000000000002,45.76516027717339
PACE-FLU-SEV,2025/2026,40,49,9,Cases,State,Niger,6720617,370.35,5.51065475089564,470,6.993405516189957,724.4166666666667,10.779020239758742,1128.5,16.791613031958228,1764.333333333333,26.252549927087543,2634.4333333333343,39.19927788376177,3405.9000000000005,50.67838265444975
PACE-FLU-SEV,2025/2026,40,49,9,Cases,State,Ogun,6445275,312.35,4.84618577174752,396.3666666666667,6.149724669105147,631.4166666666667,9.796582250821984,966.0000000000002,14.98772356493711,1457.0833333333328,22.607000218506315,2163.9000000000005,33.57343169996626,2761.3500000000017,42.843012904802386
PACE-FLU-SEV,2025/2026,40,49,9,Cases,State,Ondo,5469707,275.70000000000005,5.040489371734172,350,6.398880232524339,522.4166666666667,9.551090518498828,826,15.101357348757437,1259,23.017686322137546,1888.5333333333338,34.527138900371334,2312.2500000000005,42.273745193298296
PACE-FLU-SEV,2025/2026,40,49,9,Cases,State,Osun,4237396,213,5.026672041036523,278,6.560632992526542,410,9.675753694013965,640,15.103615522363263,997,23.52860105593152,1437.433333333334,33.92256313389955,1788.4500000000012,42.206345595266555
PACE-FLU-SEV,2025/2026,40,49,9,Cases,State,Oyo,7512855,370,4.9248920683282185,485.36666666666673,6.4604822889123605,745,9.916336732174386,1137.5,15.140715480333377,1751,23.306718950385704,2684.866666666668,35.7369690572581,3274.100000000005,43.579970597063365
PACE-FLU-SEV,2025/2026,40,49,9,Cases,State,Plateau,5400974,293.35,5.431427738774525,379.3666666666667,7.024041712970044,581,10.757318957654675,901,16.682176214882723,1369,25.34727995357874,1969.2666666666669,36.46132469192903,2463.150000000001,45.60566297856648
PACE-FLU-SEV,2025/2026,40,49,9,Cases,State,Rivers,7234973,331.05,4.57569088371166,444,6.136857732572049,668.4166666666667,9.238689165345424,1060.5,14.657967624758243,1674,23.13761226199462,2518,34.80317065454149,3227.3,44.60693909984184
PACE-FLU-SEV,2025/2026,40,49,9,Cases,State,Sokoto,6163187,370,6.003387533105843,470,7.62592470421553,708.4166666666667,11.494323743002877,1093,17.734331280228883,1644.7499999999998,26.68668012182658,2378.0666666666675,38.58501562043578,2900.500000000001,47.06169064803649
PACE-FLU-SEV,2025/2026,40,49,9,Cases,State,Taraba,4331885,227.35000000000002,5.248292602412114,301.10000000000014,6.950784704580109,464.83333333333337,10.730509543382,741,17.105717257037064,1127.5833333333333,26.029853824220478,1676.1666666666672,38.69370185650513,2091.4000000000015,48.279213321683315
PACE-FLU-SEV,2025/2026,40,49,9,Cases,State,Yobe,4350401,256.35,5.89256024904371,330,7.5855076348134345,492,11.309302291903666,750.5000000000001,17.25128327250753,1190.5833333333333,27.36720898448978,1673.433333333334,38.466185837428185,2116.300000000002,48.64609032592632
PACE-FLU-SEV,2025/2026,40,49,9,Cases,State,Zamfara,5517793,319.35,5.7876400945088005,425.36666666666673,7.709000077869299,632.4166666666667,11.461406157618937,962.5000000000001,17.443568470219887,1489,26.985426963280428,2155,39.05547018527154,2589.850000000001,46.936338496206744
PACE-FLU-SEV,2025/2026,40,49,9,Cases,Zone,NC,36557326,3611.05,9.877773883133575,4210.366666666667,11.517162570004892,5279,14.440334066009095,6869,18.789667493732992,8942.166666666668,24.460669433718063,11699.800000000001,32.00398191049313,13508.500000000007,36.95155384176624
PACE-FLU-SEV,2025/2026,40,49,9,Cases,Zone,NE,32734949,3431.7,10.483291114948734,3951,12.069669025603186,4920.416666666666,15.031080899703454,6350,19.39822786954701,8268.166666666666,25.257918277699673,10729.666666666668,32.777404561304394,12649.900000000001,38.64340830346185
PACE-FLU-SEV,2025/2026,40,49,9,Cases,Zone,NW,58539886,6207.5,10.603881257985368,7066.9000000000015,12.071940146928199,8900.083333333334,15.203451768480269,11279.5,19.26805938774804,14916.166666666666,25.480347991567093,19076.9,32.58786667264778,22394.55000000001,38.25519919871387
PACE-FLU-SEV,2025/2026,40,49,9,Cases,Zone,SE,27612828,2353.7000000000003,8.523936773154855,2742.4666666666667,9.931857275418029,3518.25,12.74136064585634,4685.5,16.968562582579374,6240.5,22.60000315795253,8026.766666666668,29.068977167665217,9434.7,34.16781504596343
PACE-FLU-SEV,2025/2026,40,49,9,Cases,Zone,SS,31220652,2600.7,8.330063062103891,3067.1000000000004,9.823946021370727,3917,12.54618257171567,5142,16.469867445433234,6832.583333333333,21.88481948850182,9017.300000000003,28.882484581039506,10605.3,33.96886138060153
PACE-FLU-SEV,2025/2026,40,49,9,Cases,Zone,SW,42836294,3761.7,8.78157200060304,4301.366666666667,10.041407099005031,5353.833333333334,12.498357895604446,7086.5,16.543214499368222,9511.166666666666,22.20352364438125,12756,29.778486439559874,14991.250000000002,34.99660825000408
PACE-FLU-SEV,2025/2026,40,50,10,Cases,Macro,North,127832161,15525.1,12.144909292427592,17280.733333333334,13.518298680199369,20778.666666666668,16.254647112369998,25752,20.145165190471904,32225.749999999996,25.20942284625854,40537.86666666667,31.711790170445973,46835.90000000001,36.63858893850664
PACE-FLU-SEV,2025/2026,40,50,10,Cases,Macro,South,101669774,9651.050000000001,9.492545936022244,11098.133333333333,10.9158630895878,13845.916666666668,13.618518190732544,17630.000000000004,17.3404536140702,23138.5,22.758484739033644,29485.433333333334,29.00117918363164,34957.6,34.383473695928544
PACE-FLU-SEV,2025/2026,40,50,10,Cases,National,Nigeria,229501935,26915.45,11.727766042582605,29822.9,12.994618106378928,35678.916666666664,15.546237841814566,44178.5,19.249728765903434,55329.58333333333,24.108547639623747,68417.86666666667,29.811455257083857,77383.20000000001,33.717885646585074
PACE-FLU-SEV,2025/2026,40,50,10,Cases,State,Abia,4841943,249.7,5.157020642333047,330.3666666666667,6.82301850035547,489.4166666666667,10.107856839014147,764.0000000000002,15.778789630526427,1165,24.06058889995194,1659.6333333333334,34.27618485664399,2156.9000000000005,44.5461666938252
PACE-FLU-SEV,2025/2026,40,50,10,Cases,State,Adamawa,5236948,297.7,5.684608669018673,397.3666666666667,7.587752764905565,588.4166666666667,11.235869950716843,919.5000000000001,17.55793641640131,1401,26.752222859573934,2119.633333333333,40.474591944264745,2582.500000000001,49.313073186902
PACE-FLU-SEV,2025/2026,40,50,10,Cases,State,Akwa Ibom,5780581,282,4.878402361285137,365,6.314244191025089,558.4166666666667,9.660216968963269,912.5000000000001,15.785610477562726,1387.1666666666665,23.997011142420916,1980.2666666666669,34.25722547035786,2520.450000000001,43.60201855142245
PACE-FLU-SEV,2025/2026,40,50,10,Cases,State,Anambra,7299910,378.35,5.182940611596581,487,6.671315125802921,741.25,10.154234778236994,1171.0000000000002,16.04129365978485,1820.5833333333333,24.93980519394531,2639.633333333333,36.15980653642762,3222.2000000000007,44.1402702225096
PACE-FLU-SEV,2025/2026,40,50,10,Cases,State,Bauchi,7540663,456.75000000000006,6.057159695374267,603,7.996644326898046,897,11.895505740012515,1387,18.393608095203298,2143.583333333333,28.426987565063357,3120.9000000000005,41.38760742921412,3906.5500000000006,51.80645256259298
PACE-FLU-SEV,2025/2026,40,50,10,Cases,State,Bayelsa,2394725,122.35000000000001,5.109146144129285,156.3666666666667,6.529629358973022,246,10.27257827099145,387.5000000000001,16.181398699224342,598.5833333333333,24.99591115194159,915.8000000000006,38.24238691290235,1163,48.56507532180104
PACE-FLU-SEV,2025/2026,40,50,10,Cases,State,Benue,6687706,369,5.517587047038252,487.3666666666667,7.287501374412492,728.4166666666667,10.89187632749805,1140.5,17.053680290371616,1739.2499999999993,26.006675532686387,2610.100000000003,39.02833049180097,3213.3,48.04786574050953
PACE-FLU-SEV,2025/2026,40,50,10,Cases,State,Borno,6651590,381,5.727953767445077,492.3666666666667,7.402240166135716,752.4166666666667,11.311831707406299,1180.5,17.74763627944597,1804.5833333333333,27.13010473185108,2626.266666666667,39.48329146364504,3323.6000000000004,49.96700037133979
PACE-FLU-SEV,2025/2026,40,50,10,Cases,State,Cross River,4175020,212.35000000000002,5.086203179865007,275.7333333333334,6.60435957991419,420,10.05983204870875,659.5000000000001,15.796331514579574,997.1666666666665,23.884117121993825,1453.6333333333334,34.81739808032856,1877.9500000000003,44.98062284731571
PACE-FLU-SEV,2025/2026,40,50,10,Cases,State,Delta,6107543,287.70000000000005,4.710568554327002,392,6.418292920737521,598.4166666666667,9.797993508464316,938,15.35805806033621,1468.1666666666665,24.038580926350686,2212.7000000000007,36.22897129009163,2616.65,42.84292390573427
PACE-FLU-SEV,2025/2026,40,50,10,Cases,State,Ebonyi,4007155,206,5.140804386154267,265,6.613170690926605,410.4166666666667,10.242096117236962,648,16.171073991397886,998.5833333333333,24.920007669614307,1440.8000000000006,35.95568426976248,1816.3000000000002,45.32642236199998
PACE-FLU-SEV,2025/2026,40,50,10,Cases,State,Edo,5527810,264,4.775851557850215,347,6.277350343083428,539,9.750696930610857,864,15.630059643873432,1333,24.11443229778158,1911,34.57065275398395,2356.450000000001,42.6289977405157
PACE-FLU-SEV,2025/2026,40,50,10,Cases,State,Ekiti,3398177,162,4.767261976053631,216.3666666666667,6.367139400527598,337,9.917082011914035,525.5000000000001,15.464173879112245,839,24.68970862906788,1219.1666666666672,35.87707958316083,1489.3000000000002,43.82643988232515
PACE-FLU-SEV,2025/2026,40,50,10,Cases,State,Enugu,5396098,263,4.873892208777527,350.3666666666667,6.49296337217498,538,9.970167332023992,859.5000000000001,15.928176248837588,1314,24.35092913434856,1937.6333333333334,35.908045653235604,2444.2500000000005,45.29661989089154
PACE-FLU-SEV,2025/2026,40,50,10,Cases,State,FCT,4802443,264.35,5.5044901105541495,360,7.496184754301092,547,11.390036279451937,855,17.803438791465094,1361.5833333333333,28.35188951401054,2003.5333333333338,41.719044522409405,2574.850000000001,53.61542031836714
PACE-FLU-SEV,2025/2026,40,50,10,Cases,State,Gombe,4623462,282,6.099325570319384,371,8.024290023363445,548.8333333333334,11.870614127105043,830.5000000000001,17.96273009273138,1293.5833333333333,27.978673412549586,1897,41.02986030814139,2343,50.67631138744084
PACE-FLU-SEV,2025/2026,40,50,10,Cases,State,Imo,6067722,320.35,5.279576091323894,410,6.757066325714988,622.8333333333334,10.26469791024265,972.5000000000001,16.027431711604457,1532,25.248355148769175,2230.8000000000006,36.765033071719515,2832.5500000000006,46.682263953424375
PACE-FLU-SEV,2025/2026,40,50,10,Cases,State,Jigawa,6979080,428,6.132613467677688,547,7.8377092682703164,829.4166666666667,11.884326682982094,1286,18.426497475311933,1993,28.556772525891663,2870.9000000000005,41.13579440270065,3675.6000000000004,52.66596743410307
PACE-FLU-SEV,2025/2026,40,50,10,Cases,State,Kaduna,8324285,455.35,5.47013947744461,607,7.29191756409109,939.4166666666667,11.285253528281007,1478.5000000000005,17.761285203473935,2283.916666666666,27.436790867523953,3216.8000000000006,38.64355917655391,4047.2000000000025,48.61919071728086
PACE-FLU-SEV,2025/2026,40,50,10,Cases,State,Kano,16253549,1026.7,6.3167742626548815,1293,7.955185664373977,1930.8333333333333,11.879456808684267,2961,18.217559746489826,4539.583333333333,27.92979756810856,6923.333333333335,42.59582527688774,8776.050000000001,53.99466910272951
PACE-FLU-SEV,2025/2026,40,50,10,Cases,State,Katsina,9300382,546,5.870726600262226,716.3666666666667,7.702550999159676,1084,11.655435228359437,1689,18.160544373338645,2632,28.299912842289704,3734.433333333334,40.153547814846036,4727,50.825869303002825
PACE-FLU-SEV,2025/2026,40,50,10,Cases,State,Kebbi,6001610,355.70000000000005,5.9267429906308475,465.73333333333346,7.76013991801089,699.4166666666667,11.653817336792406,1078.5,17.970178002236068,1616,26.926108160976806,2378.266666666667,39.62714449400522,3001.3,50.00824778684387
PACE-FLU-SEV,2025/2026,40,50,10,Cases,State,Kogi,5053734,288,5.698756602543782,367.3666666666667,7.269212559795722,558,11.04134091742858,884,17.49201679391911,1342,26.554622779908875,1977.1666666666672,39.12288748609775,2516.850000000001,49.80179012191779
PACE-FLU-SEV,2025/2026,40,50,10,Cases,State,Kwara,4259613,237.35,5.572102442170216,312,7.3246090665983035,474.4166666666667,11.137553262859011,750,17.607233333169,1177.5833333333333,27.645312692334567,1713.2666666666669,40.221181282587565,2171.9000000000005,50.988200101746344
PACE-FLU-SEV,2025/2026,40,50,10,Cases,State,Lagos,15772884,785.05,4.9772127912688635,1065.3666666666668,6.7544189551299985,1550.6666666666667,9.831218353388426,2462.0000000000005,15.609066800973117,3852.333333333333,24.42377268059115,5609.166666666668,35.56208659536624,6981.950000000003,44.26552556907159
PACE-FLU-SEV,2025/2026,40,50,10,Cases,State,Nasarawa,3632239,183,5.0382147210026655,266.7333333333334,7.343496210831209,408,11.232741017317418,622.5000000000001,17.13818941980415,943.1666666666665,25.966536526551984,1379.2666666666669,37.972905050209164,1736.3000000000002,47.80247114796136
PACE-FLU-SEV,2025/2026,40,50,10,Cases,State,Niger,6720617,373.35,5.555293509509618,492,7.320756412692465,769,11.442401791383142,1197.5,17.818304480079732,1835.5833333333333,27.312720444169535,2663.4333333333343,39.6307858836969,3391.0500000000015,50.45742079931057
PACE-FLU-SEV,2025/2026,40,50,10,Cases,State,Ogun,6445275,307.75000000000006,4.774815659533535,394.3666666666667,6.1186941855338475,641.4166666666667,9.951734668678476,992.5000000000001,15.39887747225681,1534.5833333333333,23.80943145689413,2204,34.19559289557078,2755.9000000000005,42.75845483707057
PACE-FLU-SEV,2025/2026,40,50,10,Cases,State,Ondo,5469707,279.70000000000005,5.11361943153445,369,6.7462480165756595,577,10.549011126190123,875.0000000000002,15.99720058131085,1374,25.120175541395543,2006.9000000000003,36.69117925329456,2557.950000000002,46.765759116530404
PACE-FLU-SEV,2025/2026,40,50,10,Cases,State,Osun,4237396,206.35000000000002,4.869736035999468,279,6.584232391780235,429.83333333333337,10.143808445878868,670,15.81159749997404,1005.5833333333333,23.73116256619238,1531.9000000000003,36.1519197167317,2002.9500000000003,47.26841673518359
PACE-FLU-SEV,2025/2026,40,50,10,Cases,State,Oyo,7512855,391.35,5.209071651189861,500,6.65525955179489,757,10.076062961417463,1185,15.77296513775389,1804.5833333333333,24.01994093235306,2660.266666666667,35.40953028730978,3516.9500000000003,46.81243016137008
PACE-FLU-SEV,2025/2026,40,50,10,Cases,State,Plateau,5400974,338,6.258130477947126,421,7.79489032904065,613,11.34980468337748,948,17.552389624538094,1443,26.71740319431273,2086.8000000000006,38.63747538869842,2693.3,49.86693140903845
PACE-FLU-SEV,2025/2026,40,50,10,Cases,State,Rivers,7234973,346.05,4.783017158460716,446,6.164501235871924,710,9.813443671455305,1133.5,15.666955495203645,1744.5833333333333,24.113197565952674,2513.4333333333343,34.740051322006785,3125.8500000000026,43.20472239495576
PACE-FLU-SEV,2025/2026,40,50,10,Cases,State,Sokoto,6163187,374,6.06828901995023,483.73333333333335,7.848753142381261,724.0833333333335,11.748521233143395,1134.5,18.407684206239402,1677.1666666666665,27.21265258812797,2492.5333333333338,40.44227983563266,3128.65,50.76350920392323
PACE-FLU-SEV,2025/2026,40,50,10,Cases,State,Taraba,4331885,235.35000000000002,5.432969711799828,317.3666666666667,7.326294827001794,489.4166666666667,11.298006910771331,750,17.31347900509824,1144,26.408826642443184,1688.2333333333347,38.97225649649829,2046.65,47.24617574104576
PACE-FLU-SEV,2025/2026,40,50,10,Cases,State,Yobe,4350401,264,6.068406107850747,337.3666666666667,7.7548406840350275,514.8333333333334,11.834158123201364,793,18.228204710324405,1229,28.250269342987004,1778.6333333333334,40.8843537258596,2177.9000000000005,50.06205175109147
PACE-FLU-SEV,2025/2026,40,50,10,Cases,State,Zamfara,5517793,320,5.799420166722456,419.3666666666667,7.6002609497432525,654,11.852564965739019,1009.5000000000001,18.295358307207252,1490.1666666666665,27.00657068263827,2249.8000000000006,40.77354840966308,2947.6000000000004,53.41990901072223
PACE-FLU-SEV,2025/2026,40,50,10,Cases,Zone,NC,36557326,3806.8,10.41323427211279,4267.666666666667,11.673902699192679,5473.5,14.972375167702365,7076,19.355901468285726,9306.083333333332,25.456137938899943,12163.400000000001,33.272127179104956,13991.000000000004,38.271398734141556
PACE-FLU-SEV,2025/2026,40,50,10,Cases,Zone,NE,32734949,3565.1000000000004,10.890806642160952,3984,12.170478713744139,5072.5,15.4956710028783,6496,19.84423436859486,8508.666666666666,25.9926070655148,10946.266666666666,33.439082696193196,12792.450000000003,39.07887560784042
PACE-FLU-SEV,2025/2026,40,50,10,Cases,Zone,NW,58539886,6371.35,10.883775892559818,7363.833333333334,12.579172657311519,9210.916666666668,15.734428773343813,11675.5,19.94452124488251,15312.916666666664,26.158091026461285,19968.63333333333,34.11115855834316,23470.350000000002,40.09292057726249
PACE-FLU-SEV,2025/2026,40,50,10,Cases,Zone,SE,27612828,2463.7,8.922302344403116,2798.3,10.134057982036467,3652,13.225736965442294,4827,17.481005567412364,6501.833333333332,23.546423181766578,8262.900000000001,29.924135260611482,10138.150000000001,36.71536287409606
PACE-FLU-SEV,2025/2026,40,50,10,Cases,Zone,SS,31220652,2690.35,8.617212734698814,3133.366666666667,10.036198688825163,3983.333333333334,12.758648773040786,5269,16.876649469075787,7156.666666666665,22.92286101733771,9480.266666666666,30.365370545966393,11177.400000000001,35.801302291829145
PACE-FLU-SEV,2025/2026,40,50,10,Cases,Zone,SW,42836294,3725.7,8.697531116954234,4297.733333333334,10.032925195007145,5480.25,12.793473683787866,7342,17.139671326375712,9898.166666666668,23.106963143605903,13095.933333333336,30.572050264977022,15540.3,36.27834844909786
PACE-FLU-SEV,2025/2026,40,51,11,Cases,Macro,North,127832161,15509.35,12.132588449318321,17266.433333333334,13.507112136931905,20994.5,16.42348829571926,26465,20.702927802339193,33388.916666666664,26.11933992625429,41582.13333333333,32.528694663413646,47188.750000000015,36.91461493794196
PACE-FLU-SEV,2025/2026,40,51,11,Cases,Macro,South,101669774,9819.35,9.658081860199669,11372.266666666668,11.185494192862738,14172.333333333332,13.93957395177581,18531,18.226656036434193,24061.083333333332,23.6659160207569,31144.100000000002,30.632604730684267,35788.85000000001,35.20107165773774
PACE-FLU-SEV,2025/2026,40,51,11,Cases,National,Nigeria,229501935,26980.9,11.756284320652895,30460.233333333337,13.272320921099569,36564.91666666667,15.932291231734785,45645.500000000015,19.888939062757796,57375.916666666664,25.000188633122708,69972.16666666666,30.488704448904393,80377.20000000001,35.02244981071729
PACE-FLU-SEV,2025/2026,40,51,11,Cases,State,Abia,4841943,257.7,5.322243570401387,335,6.918710112861717,505,10.429697334313932,781,16.129888352671646,1213,25.051926468361977,1789.1666666666672,36.95141943361719,2277.100000000003,47.02864118805205
PACE-FLU-SEV,2025/2026,40,51,11,Cases,State,Adamawa,5236948,292,5.575766648819122,389.56666666666695,7.438811053053552,609,11.628910579215223,953.5000000000003,18.20716951934601,1430.5833333333333,27.317119309440024,2152.9000000000005,41.10982198028318,2656.450000000001,50.72515518580671
PACE-FLU-SEV,2025/2026,40,51,11,Cases,State,Akwa Ibom,5780581,292.35,5.0574501075237945,387.3666666666667,6.701171848758225,604.8333333333334,10.463192771337923,925.5000000000001,16.010501366558138,1407.5833333333333,24.35020516680474,2106.9000000000005,36.44789338649524,2714.9500000000003,46.96673223677689
PACE-FLU-SEV,2025/2026,40,51,11,Cases,State,Anambra,7299910,383.35,5.2514346067280275,481,6.589122331645185,746.25,10.22272877336844,1165.5,15.965950265140258,1853.5833333333333,25.391865561812864,2632.8000000000006,36.06619807641465,3277.150000000001,44.8930192290042
PACE-FLU-SEV,2025/2026,40,51,11,Cases,State,Bauchi,7540663,467.35,6.197730889180434,609,8.076212927165688,917.4166666666666,12.166260004812132,1397,18.526222428982702,2110.1666666666665,27.983834666350514,3036.500000000002,40.26834245211597,3815.5500000000006,50.5996621252004
PACE-FLU-SEV,2025/2026,40,51,11,Cases,State,Bayelsa,2394725,123.35000000000001,5.150904592385348,160.3666666666667,6.696663151997273,246,10.27257827099145,393.5000000000001,16.43194938876072,614,25.639687229222563,863.2666666666669,36.04867643118383,1109.2000000000007,46.3184708056249
PACE-FLU-SEV,2025/2026,40,51,11,Cases,State,Benue,6687706,382,5.7119735825707645,486.7333333333334,7.27803126114296,758.4166666666667,11.340460640265388,1169.5,17.487311792713378,1787.1666666666665,26.72316436557867,2638.633333333333,39.45498401594408,3262.65,48.7857869350118
PACE-FLU-SEV,2025/2026,40,51,11,Cases,State,Borno,6651590,402.34999999999997,6.048929654413456,509.73333333333346,7.663330622202111,786.4166666666667,11.822987686653367,1231.5,18.51437024831657,1866.5833333333333,28.062212694007496,2686.633333333333,40.390843893465075,3534.2000000000007,53.13316064279368
PACE-FLU-SEV,2025/2026,40,51,11,Cases,State,Cross River,4175020,218,5.221531872901208,276,6.610746774865749,419,10.035880067640395,655.5000000000001,15.700523590306158,1020.5833333333333,24.444992678677785,1544.6333333333334,36.997028357548785,1999,47.88001015563997
PACE-FLU-SEV,2025/2026,40,51,11,Cases,State,Delta,6107543,304.35,4.983182271496083,421.36666666666673,6.89911911658529,636.4166666666667,10.420174965066423,978.0000000000002,16.012985909391062,1490.4999999999995,24.404248975406308,2280.9000000000005,37.34562327273014,2841.6000000000004,46.52607439685649
PACE-FLU-SEV,2025/2026,40,51,11,Cases,State,Ebonyi,4007155,198.35000000000002,4.949895873755819,258,6.438483163241751,420,10.481251661091223,664,16.570359768963268,1059.666666666666,26.444364310007124,1574.2666666666669,39.28639313095368,1963.8500000000008,49.00858589198573
PACE-FLU-SEV,2025/2026,40,51,11,Cases,State,Edo,5527810,292.35,5.288712889914813,378.3666666666667,6.844784221358308,574,10.383859068962211,884,15.991866580074207,1355.5833333333333,24.52297262990829,2013.433333333334,36.42370727889226,2594.9500000000003,46.94354545470992
PACE-FLU-SEV,2025/2026,40,51,11,Cases,State,Ekiti,3398177,171,5.032109863612166,222.7333333333334,6.55449475802271,343.4166666666667,10.10590874656225,562.5000000000001,16.552992972408447,834.5833333333333,24.559736980543782,1211.433333333334,35.64950658348091,1533.65,45.13155141712748
PACE-FLU-SEV,2025/2026,40,51,11,Cases,State,Enugu,5396098,278,5.151870851863698,354,6.560295976833631,552.8333333333334,10.245057323520317,875,16.215420846693295,1344.5833333333333,24.91769670108536,2074,38.43518038404788,2613.65,48.435925366811354
PACE-FLU-SEV,2025/2026,40,51,11,Cases,State,FCT,4802443,271.35,5.650249258554449,361,7.517007489729706,558.4166666666667,11.627762508928615,862,17.949197939465392,1367,28.464679330915537,1998.1666666666672,41.60729584227584,2527.1000000000013,52.62113470165083
PACE-FLU-SEV,2025/2026,40,51,11,Cases,State,Gombe,4623462,293.35,6.3448126101177,365,7.894517138888564,546.4166666666667,11.818344493080438,844,18.25471908279986,1333.7499999999998,28.847430778061977,1936.6333333333334,41.887082306144904,2362.2000000000007,51.09158461776047
PACE-FLU-SEV,2025/2026,40,51,11,Cases,State,Imo,6067722,321,5.290288513547589,408.3666666666667,6.730147931409295,632.4166666666667,10.422637468668912,987,16.266401130440716,1529.5833333333333,25.208526912296463,2251.166666666667,37.10068896806194,2856.6000000000004,47.078623575701066
PACE-FLU-SEV,2025/2026,40,51,11,Cases,State,Jigawa,6979080,442.7,6.343242948927366,557.7333333333335,7.991502222833574,867.4166666666667,12.42881105628058,1332.5,19.09277440579561,2032,29.115585435329585,3000.633333333333,42.99468315785653,3838.9500000000003,55.00653381247959
PACE-FLU-SEV,2025/2026,40,51,11,Cases,State,Kaduna,8324285,473.7,5.69057883049415,630.3666666666667,7.572622353351269,949,11.40037853100897,1503,18.05560477566542,2238,26.885191941409982,3436.2333333333345,41.279621412930176,4394.550000000001,52.791921468330315
PACE-FLU-SEV,2025/2026,40,51,11,Cases,State,Kano,16253549,923.05,5.679067383991029,1245.7333333333336,7.664377382031047,1875.4166666666667,11.538505631395743,2968.0000000000005,18.26062726362101,4680.583333333333,28.797300413179507,6584.300000000002,40.50992186383418,8180.000000000002,50.3274700190094
PACE-FLU-SEV,2025/2026,40,51,11,Cases,State,Katsina,9300382,551.75,5.93255201775583,736.1000000000001,7.91472866383338,1103,11.859727912251346,1748,18.794926918055623,2683.75,28.85634159973214,3925.8000000000006,42.211169390676645,4904.950000000004,52.739231571348405
PACE-FLU-SEV,2025/2026,40,51,11,Cases,State,Kebbi,6001610,388,6.4649319099375004,472.3666666666667,7.870665815783877,715,11.913469885580703,1096.5,18.270097523831108,1662.5833333333333,27.702288774734335,2467.4333333333343,41.11285693894362,3061.65,51.013811293969454
PACE-FLU-SEV,2025/2026,40,51,11,Cases,State,Kogi,5053734,287.70000000000005,5.6928203977494665,374,7.400468643581162,578.4166666666667,11.445332632597337,921.5000000000001,18.234042393208668,1432.1666666666665,28.338782109756202,2076,41.07853717666976,2562.65,50.70805072051675
PACE-FLU-SEV,2025/2026,40,51,11,Cases,State,Kwara,4259613,236.35000000000002,5.548626131059324,316,7.418514311041871,477.4166666666667,11.20798219619169,763.5000000000001,17.924163533166045,1172.1666666666665,27.5181493404839,1749.6333333333334,41.07493646332034,2235.65,52.4848149350657
PACE-FLU-SEV,2025/2026,40,51,11,Cases,State,Lagos,15772884,831.45,5.271388542513848,1098,6.961314113512786,1666.25,10.564016067068014,2619.5,16.60761595659995,4077.1666666666665,25.849214808570622,5878.233333333335,37.267967819539756,7395.550000000001,46.88774735172084
PACE-FLU-SEV,2025/2026,40,51,11,Cases,State,Nasarawa,3632239,211,5.809089104544057,264.3666666666667,7.278338971269973,419.4166666666667,11.547055870130425,655.5000000000003,18.046719943263653,1018.333333333333,28.035967163320834,1528,42.06771635897307,1907.800000000001,52.52407674715241
PACE-FLU-SEV,2025/2026,40,51,11,Cases,State,Niger,6720617,397,5.9071957232498145,517,7.692746067808953,766.8333333333334,11.410162687939714,1199.5,17.848063652489053,1876,27.91410371994119,2766,41.15693544208813,3508.9500000000003,52.211724012839895
PACE-FLU-SEV,2025/2026,40,51,11,Cases,State,Ogun,6445275,319,4.949362129622087,425.36666666666673,6.599666680888972,648.4166666666667,10.06034136117802,1042.5,16.174639561539266,1620,25.134691692751666,2407.166666666667,37.34777285168852,2934.9000000000005,45.535683116701776
PACE-FLU-SEV,2025/2026,40,51,11,Cases,State,Ondo,5469707,296,5.411624425220583,381,6.965638195976494,584.4166666666667,10.68460644540314,904,16.52739351486286,1414,25.851476139398326,2067.5333333333338,37.79970907643378,2580.2500000000005,47.173459199916934
PACE-FLU-SEV,2025/2026,40,51,11,Cases,State,Osun,4237396,217.35,5.129329427790086,286,6.7494281865560835,431.4166666666667,10.18117416136388,688.5000000000001,16.248186386167355,1046.5833333333333,24.698737935593776,1555.9000000000003,36.71830529882032,1949.3000000000002,46.00230896522299
PACE-FLU-SEV,2025/2026,40,51,11,Cases,State,Oyo,7512855,391.1,5.205744021413964,514.4666666666668,6.847818394826824,772,10.275720747971311,1224.0000000000002,16.292075382793897,1899.333333333333,25.281112617418188,2789.9000000000005,37.13501724710513,3436.950000000002,45.74758863308293
PACE-FLU-SEV,2025/2026,40,51,11,Cases,State,Plateau,5400974,306.35,5.672125064849414,402.3666666666667,7.44989082833331,621,11.49792611480818,977.0000000000002,18.089329813474386,1515.5833333333333,28.06129659823086,2311.0666666666675,42.78981284980575,2906.5500000000025,53.81529331561312
PACE-FLU-SEV,2025/2026,40,51,11,Cases,State,Rivers,7234973,363.35,5.022133462004627,489.36666666666673,6.763904532424195,736.4166666666667,10.178568277541142,1152.5,15.92956877655245,1841.333333333333,25.45045203808408,2718.633333333333,37.57627476057386,3436.2500000000005,47.49499410709619
PACE-FLU-SEV,2025/2026,40,51,11,Cases,State,Sokoto,6163187,372.35,6.04151715662692,492,7.982882881859661,757.8333333333334,12.296127528392914,1165,18.902558043427856,1772.5833333333333,28.76082347222846,2631.3333333333344,42.69436142913292,3292.2500000000005,53.41798001585868
PACE-FLU-SEV,2025/2026,40,51,11,Cases,State,Taraba,4331885,269,6.209767803161903,340,7.84877714897787,498,11.496150059385233,779.5000000000001,17.994475845965443,1200,27.701566408157188,1786,41.22916467080728,2194.65,50.662702264718476
PACE-FLU-SEV,2025/2026,40,51,11,Cases,State,Yobe,4350401,255.35000000000002,5.8695738622715465,343,7.884330662851539,531.4166666666667,12.215349037173048,832.0000000000002,19.12467379443872,1268.1666666666665,29.15056949156334,1823.5333333333338,41.916442491929686,2311.9000000000005,53.142227578561155
PACE-FLU-SEV,2025/2026,40,51,11,Cases,State,Zamfara,5517793,329.7,5.9752150905262305,439,7.956079541222369,655,11.870688153760026,1030,18.666883661637904,1552.7499999999998,28.140780199619662,2250.9000000000005,40.79348391648618,2835.450000000001,51.38739347416623
PACE-FLU-SEV,2025/2026,40,51,11,Cases,Zone,NC,36557326,3853.35,10.540568530641437,4441,12.148043869510587,5560.25,15.209673705347047,7211,19.725184495167944,9680.75,26.481012314740962,12751.200000000003,34.88001283244842,15141.300000000001,41.41796366616092
PACE-FLU-SEV,2025/2026,40,51,11,Cases,Zone,NE,32734949,3590.3500000000004,10.967941327783954,4098.933333333333,12.521581546784551,5141.666666666666,15.706964036103026,6726,20.546847346546958,8704.249999999998,26.590082666693625,11252.966666666667,34.376001828097145,12950.400000000001,39.561387433351435
PACE-FLU-SEV,2025/2026,40,51,11,Cases,Zone,NW,58539886,6438.85,10.999081890935013,7263.833333333334,12.408348956014937,9147.333333333334,15.62581336993607,11987.500000000004,20.47749119292785,15747.916666666666,26.90117412710142,20276.100000000002,34.6363844985964,24119.65,41.2020788697812
PACE-FLU-SEV,2025/2026,40,51,11,Cases,Zone,SE,27612828,2391.85,8.662097196274138,2762.4666666666667,10.004287379281351,3657,13.243844491408124,4912,17.788833508831477,6683.166666666666,24.203122790127352,8782.866666666669,31.807197244218045,10491.250000000002,37.99411635780298
PACE-FLU-SEV,2025/2026,40,51,11,Cases,Zone,SS,31220652,2777.75,8.897155639158337,3189.466666666667,10.215887441001126,4192.416666666667,13.428344374956254,5520.5,17.682205996210456,7373.5,23.617379931719555,9793.066666666671,31.367271467189955,11596.550000000001,37.14384312025258
PACE-FLU-SEV,2025/2026,40,51,11,Cases,Zone,SW,42836294,3857.0499999999997,9.004163618822862,4398.933333333333,10.269173456819896,5716.916666666666,13.34596467814575,7706,17.98941803882474,10429.583333333334,24.347538872838378,13516.46666666667,31.553772291007874,16119.850000000004,37.63128995239412
PACE-FLU-SEV,2025/2026,40,52,12,Cases,Macro,North,127832161,15701.349999999999,12.282785393888474,17503.4,13.692485414527257,21393.25,16.735420752215866,26769,20.94073963124194,34765.25,27.196012120924713,43226.03333333334,33.814677773720284,49854.100000000006,38.999653616119346
PACE-FLU-SEV,2025/2026,40,52,12,Cases,Macro,South,101669774,10071.75,9.906336567641038,11521.566666666666,11.33234216362738,14658.833333333332,14.41808391679255,19028.000000000004,18.71549355465274,24800.666666666664,24.3933528038202,32466.300000000003,31.93308957291476,37406.85,36.79249842731036
PACE-FLU-SEV,2025/2026,40,52,12,Cases,National,Nigeria,229501935,27336,11.91101068494259,30486.7,13.283853140497488,37226.08333333333,16.220378853595868,46470.5,20.2484131560808,58974.74999999999,25.69684216387979,73390.03333333334,31.977958413872784,83717.75000000003,36.47801488035386
PACE-FLU-SEV,2025/2026,40,52,12,Cases,State,Abia,4841943,270.70000000000005,5.590730828512438,348.3666666666667,7.194770088509235,525.4166666666667,10.851360015321674,817.5000000000003,16.88371796198345,1284.5833333333333,26.530327460140143,1889.5333333333338,39.0242787520079,2423.2500000000005,50.04705755520048
PACE-FLU-SEV,2025/2026,40,52,12,Cases,State,Adamawa,5236948,309,5.900383200291468,405,7.733511961547069,618,11.800766400582935,964,18.407667977608334,1441.1666666666665,27.519209025307614,2208.266666666667,42.16705353321566,2876.5500000000006,54.92798477281043
PACE-FLU-SEV,2025/2026,40,52,12,Cases,State,Akwa Ibom,5780581,285,4.930300258745618,376.7333333333334,6.51722263442608,590,10.206586500561103,956.5000000000001,16.546779640316437,1458.0833333333328,25.223819774056153,2165.166666666667,37.45586588383879,2694.4000000000015,46.61123163917263
PACE-FLU-SEV,2025/2026,40,52,12,Cases,State,Anambra,7299910,370,5.068555639727065,495.73333333333335,6.790951303965849,782,10.712460838558284,1228.5,16.828974603796485,1957.5833333333333,26.816540660546956,2876,39.39774599960821,3637.2500000000023,49.82595675837102
PACE-FLU-SEV,2025/2026,40,52,12,Cases,State,Bauchi,7540663,451,5.980906453451109,578,7.665108492449536,888.8333333333334,11.787204034092671,1442,19.12298693099002,2240.583333333333,29.71334660272357,3273.9000000000005,43.416606736039,4091.850000000001,54.26379616752534
PACE-FLU-SEV,2025/2026,40,52,12,Cases,State,Bayelsa,2394725,132.35000000000002,5.526730626689912,166,6.931902410506425,250,10.439612064015702,401,16.745137750681184,618.5833333333333,25.831080117062847,915.1666666666672,38.2159398956735,1200.3000000000002,50.12266544175219
PACE-FLU-SEV,2025/2026,40,52,12,Cases,State,Benue,6687706,383,5.726926392996343,488.1000000000001,7.298466768724584,748.8333333333334,11.197162873686931,1183,17.689174733458678,1837.1666666666665,27.470804886857564,2766.633333333333,41.368943750418055,3502.2000000000007,52.36773267245899
PACE-FLU-SEV,2025/2026,40,52,12,Cases,State,Borno,6651590,390.70000000000005,5.873783561524387,503.3666666666667,7.567614159421533,808.4166666666667,12.153735673224999,1238,18.612091244349095,1911.0833333333328,28.731225666845567,2802.866666666668,42.13829575585188,3547.2500000000005,53.329354334828224
PACE-FLU-SEV,2025/2026,40,52,12,Cases,State,Cross River,4175020,228.35000000000002,5.469434876958673,297.3666666666667,7.122520770359584,440,10.538871670075832,675,16.167587221139062,1042,24.957964273225038,1552.9000000000003,37.19503140104719,1965.9500000000003,47.088397181330876
PACE-FLU-SEV,2025/2026,40,52,12,Cases,State,Delta,6107543,334.70000000000005,5.48010877696645,426.7333333333334,6.98698860300015,667,10.920921882989608,1045,17.109990056557933,1600.5833333333333,26.20666499332601,2405.166666666667,39.38026579046054,3179.850000000001,52.064308020426566
PACE-FLU-SEV,2025/2026,40,52,12,Cases,State,Ebonyi,4007155,201.35,5.0247619570493285,272,6.787858218611459,418.4166666666667,10.441739006019649,665,16.595315130061103,1070.7499999999998,26.720952895508155,1573.5333333333338,39.268092532815274,2060.450000000003,51.41927377403677
PACE-FLU-SEV,2025/2026,40,52,12,Cases,State,Edo,5527810,301.35,5.451526011205161,379.7333333333334,6.869507695332029,568,10.275316988101979,928.5000000000001,16.79688701312093,1399.7499999999998,25.32196294735166,2121.9000000000005,38.385906896221115,2610.850000000001,47.231181968989546
PACE-FLU-SEV,2025/2026,40,52,12,Cases,State,Ekiti,3398177,171.35000000000002,5.042409503683887,229.3666666666667,6.749697460334371,352,10.358495157844926,568,16.71484445924977,877,25.807955265426138,1308.9000000000003,38.51771111392962,1707.65,50.25194390992583
PACE-FLU-SEV,2025/2026,40,52,12,Cases,State,Enugu,5396098,299,5.541040952184337,390.3666666666667,7.234239753738104,570,10.56318843727449,896,16.604590947013936,1387.5833333333333,25.714568811265718,2054.266666666667,38.06948403581008,2582.9500000000003,47.86699574396166
PACE-FLU-SEV,2025/2026,40,52,12,Cases,State,FCT,4802443,285.35,5.941767554555047,372.7333333333334,7.761327585425446,566,11.785668252595606,908,18.907043769181644,1370.4999999999995,28.537558904915677,2070.966666666668,43.12319098147896,2614.3,54.43687723102596
PACE-FLU-SEV,2025/2026,40,52,12,Cases,State,Gombe,4623462,277.7,6.006321669779053,368,7.959403581126005,557.4166666666667,12.056261447951051,866.5000000000001,18.741367399580664,1331.7499999999998,28.804173149903683,2054.266666666667,44.43135180232187,2618.7000000000016,56.63937542906163
PACE-FLU-SEV,2025/2026,40,52,12,Cases,State,Imo,6067722,328.35,5.411421287923211,422.7333333333334,6.966919930302236,630,10.382809232196202,1004,16.546572173214265,1555,25.62741008899221,2289.8000000000006,37.737391396639474,2954.7500000000014,48.69619933147896
PACE-FLU-SEV,2025/2026,40,52,12,Cases,State,Jigawa,6979080,443.75,6.358287911873772,580.3666666666667,8.315804757456094,885.4166666666666,12.68672470679039,1358.0000000000002,19.458152077351173,2094.916666666666,30.01708916743563,3027.9000000000005,43.38537457659176,3923.0500000000034,56.211563701806014
PACE-FLU-SEV,2025/2026,40,52,12,Cases,State,Kaduna,8324285,463.35,5.566243827547952,626,7.5201653955865275,962,11.5565480999269,1527.5,18.349924347856906,2352.583333333333,28.261686539244312,3464.2666666666664,41.616387073083956,4387.3,52.70482690104916
PACE-FLU-SEV,2025/2026,40,52,12,Cases,State,Kano,16253549,907.7,5.584626471424794,1165.3666666666668,7.1699212686821,1942.4166666666667,11.950723295365627,3095.5,19.045071325653247,4743.166666666666,29.18234452467376,7019.166666666667,43.1854400947551,8835.50000000001,54.36043537322223
PACE-FLU-SEV,2025/2026,40,52,12,Cases,State,Katsina,9300382,554.05,5.9572821847532715,716,7.698608508768779,1128,12.128534075267016,1813,19.493822941896365,2754.1666666666665,29.613478958892944,3987.5333333333338,42.874941409216675,5001.100000000001,53.77306007430664
PACE-FLU-SEV,2025/2026,40,52,12,Cases,State,Kebbi,6001610,348.35,5.804275852646207,450.3666666666667,7.504097511612162,697,11.613550363985663,1096.5,18.270097523831108,1709.333333333333,28.481246421099222,2450.4333333333343,40.82959961299275,3150.3,52.49091493782502
PACE-FLU-SEV,2025/2026,40,52,12,Cases,State,Kogi,5053734,298.40000000000003,5.90454503541342,384,7.598342136725043,605.4166666666667,11.979591064085817,944.5000000000001,18.689151427439597,1445,28.59271975929085,2124.8000000000006,42.04415982321191,2648.9500000000003,52.41569896634845
PACE-FLU-SEV,2025/2026,40,52,12,Cases,State,Kwara,4259613,244.35000000000002,5.73643661994646,315.3666666666667,7.403645980671641,494.4166666666667,11.607079485076852,765.5000000000003,17.971116155387833,1181.5833333333333,27.739217936778132,1798.1666666666672,42.21432009590231,2343.650000000002,55.02025653504208
PACE-FLU-SEV,2025/2026,40,52,12,Cases,State,Lagos,15772884,880.35,5.581414280356085,1091.666666666667,6.921160814133085,1702.8333333333335,10.795954204274459,2687.5,17.038735592045185,4189.583333333332,26.561935872560355,6016.866666666669,38.146902409645996,7563.100000000001,47.95001345346863
PACE-FLU-SEV,2025/2026,40,52,12,Cases,State,Nasarawa,3632239,214,5.89168278849492,276,7.59861892347943,421.4166666666667,11.602118326097667,687.5000000000001,18.927719238739527,1064.5833333333333,29.309286457563317,1566.6333333333334,43.13133946674031,1931.7500000000014,53.183449657360136
PACE-FLU-SEV,2025/2026,40,52,12,Cases,State,Niger,6720617,400,5.951834481863793,528.4666666666668,7.863365322955717,801,11.918548549932245,1222.5,18.19029413519622,1906.7499999999998,28.37165099573447,2833.5333333333338,42.161803497109474,3655.6000000000004,54.39381532975321
PACE-FLU-SEV,2025/2026,40,52,12,Cases,State,Ogun,6445275,324.70000000000005,5.037799007800288,440.3666666666667,6.83239530767371,674.4166666666667,10.463737647604901,1036,16.07379048993255,1677.4999999999995,26.026818095426485,2478.633333333333,38.456595464636244,3194.2000000000007,49.55878531172061
PACE-FLU-SEV,2025/2026,40,52,12,Cases,State,Ondo,5469707,289,5.283646820570096,369,6.7462480165756595,576,10.530728611240054,923,16.874761298914184,1429,26.12571386364937,2106.266666666667,38.507851822166465,2704.9500000000003,49.4532888141906
PACE-FLU-SEV,2025/2026,40,52,12,Cases,State,Osun,4237396,211.70000000000005,4.995992822006723,286.3666666666667,6.758081299615771,442,10.430934470132128,705.5000000000001,16.649376173480128,1089.1666666666665,25.703679020480184,1663.433333333334,39.256027365234075,2039.6000000000004,48.13333471783143
PACE-FLU-SEV,2025/2026,40,52,12,Cases,State,Oyo,7512855,406,5.404070756057451,529.7333333333335,7.051025653141627,821,10.92793618404721,1283.5,17.084051269457483,1928.2499999999993,25.666008461496986,2808,37.3759376428801,3642.9500000000003,48.48955556842239
PACE-FLU-SEV,2025/2026,40,52,12,Cases,State,Plateau,5400974,307,5.684159931153158,411,7.609738539752274,641,11.868229693384935,988.5000000000001,18.302254371156017,1569.1666666666665,29.05340160250108,2326,43.066306188476375,2896.650000000002,53.63199304421762
PACE-FLU-SEV,2025/2026,40,52,12,Cases,State,Rivers,7234973,385,5.321374385225764,503.73333333333335,6.962477031128291,777,10.739501032001087,1228.0000000000005,16.9731110261227,1895.5833333333333,26.20028206509317,2759.0666666666675,38.13513425228632,3321.3500000000017,45.906874842518434
PACE-FLU-SEV,2025/2026,40,52,12,Cases,State,Sokoto,6163187,403.35,6.544503679670925,490.7333333333334,7.96233074435894,731,11.860746720811814,1151,18.6754028394725,1819.4999999999995,29.522063828340755,2615.633333333333,42.43962309326868,3344.0500000000015,54.25845427049352
PACE-FLU-SEV,2025/2026,40,52,12,Cases,State,Taraba,4331885,269,6.209767803161903,340,7.84877714897787,513.4166666666667,11.852038238934474,796,18.3753723840776,1239.5833333333333,28.61533335564848,1844.0666666666675,42.569612689779795,2346.65,54.17156734308506
PACE-FLU-SEV,2025/2026,40,52,12,Cases,State,Yobe,4350401,264.35,6.076451343221004,352.3666666666667,8.099636485617456,541.8333333333334,12.454790566049734,840.5000000000001,19.3200580820021,1304,29.974248350899146,1934.6333333333334,44.470230062316865,2401.9500000000003,55.21215170739434
PACE-FLU-SEV,2025/2026,40,52,12,Cases,State,Zamfara,5517793,333,6.035021610995556,428.4666666666668,7.765181960734424,683,12.378137418348242,1042.5,18.8934235119005,1643.5833333333333,29.78696977819453,2379.166666666667,43.1180848333141,3156.850000000001,57.212186104118096
PACE-FLU-SEV,2025/2026,40,52,12,Cases,Zone,NC,36557326,3836.2000000000003,10.493655909078251,4410.733333333334,12.065251526693537,5637.25,15.420301802161351,7345.5,20.093099807135786,9862.083333333332,26.977036923688928,12932.633333333333,35.37631098437926,15437.950000000006,42.22942892486175
PACE-FLU-SEV,2025/2026,40,52,12,Cases,Zone,NE,32734949,3522.75,10.76143420904673,4138.1,12.641229408972045,5252.416666666666,16.04528745918213,6863,20.96536029428364,9006.749999999998,27.514171474652365,11603.866666666669,35.44794484532928,13606.900000000001,41.566889259549484
PACE-FLU-SEV,2025/2026,40,52,12,Cases,Zone,NW,58539886,6434.0999999999995,10.990967765123425,7378.1,12.603543505363165,9231.583333333332,15.769732338278441,12139.5,20.73714321889865,16140,27.570945389268438,21169.666666666668,36.1628081521489,24695.850000000006,42.18636503665211
PACE-FLU-SEV,2025/2026,40,52,12,Cases,Zone,SE,27612828,2419.7,8.762956115903812,2876,10.415448935545465,3738.0833333333335,13.537488204154002,5073.5,18.373706597527786,6951,25.173082597696983,9280.233333333334,33.60841321045905,11121.600000000002,40.27693215631518
PACE-FLU-SEV,2025/2026,40,52,12,Cases,Zone,SS,31220652,2853.2000000000003,9.138822597298736,3313.566666666667,10.613380741269166,4272.416666666667,13.684585019770461,5752.5,18.42530386617166,7641.583333333333,24.4760530091855,10090.233333333335,32.3190986957394,11943.300000000003,38.254486165119175
PACE-FLU-SEV,2025/2026,40,52,12,Cases,Zone,SW,42836294,3715.1000000000004,8.672785745657643,4499.1,10.503009434009394,5879.833333333333,13.726288584473096,7904.5,18.45281013338829,10736.5,25.06402631376094,14300.900000000001,33.38500758258873,16852.25,39.34105504084924
PACE-FLU-SEV,2025/2026,40,41,1,Hospitalizations,Macro,North,127832161,217,0.1697538383943928,230,0.17992342318299695,252,0.19713348974832712,281,0.2198194865844441,311,0.24328775917353068,338,0.2644092045037086,355,0.27770789230419096
PACE-FLU-SEV,2025/2026,40,41,1,Hospitalizations,Macro,South,101669774,117,0.11507844996291622,126,0.12393063842160208,141,0.13868428585274517,158,0.15540508627470737,178,0.1750766161828982,196.63333333333344,0.19340392488069605,207,0.20360033454977483
PACE-FLU-SEV,2025/2026,40,41,1,Hospitalizations,National,Nigeria,229501935,364,0.1586043272358466,381.3666666666667,0.16617143845286825,408,0.17777627887974015,440,0.19171951643893548,475,0.20696993251930534,509,0.22178462242595035,528.6500000000001,0.23034664173964375
PACE-FLU-SEV,2025/2026,40,41,1,Hospitalizations,State,Abia,4841943,2,0.04130573201708488,3,0.061958598025627316,5,0.1032643300427122,8,0.16522292806833952,12,0.24783439210250927,17,0.3510987221452215,21,0.4337101861793912
PACE-FLU-SEV,2025/2026,40,41,1,Hospitalizations,State,Adamawa,5236948,2,0.03819018252615836,3,0.05728527378923755,4,0.07638036505231673,7,0.13366563884155427,11,0.21004600389387101,15,0.2864263689461877,19,0.3628067339985045
PACE-FLU-SEV,2025/2026,40,41,1,Hospitalizations,State,Akwa Ibom,5780581,2,0.03459859830698679,3,0.05189789746048018,5,0.08649649576746697,7,0.12109509407445376,11,0.19029229068842735,15,0.2594894873024009,19,0.3286866839163745
PACE-FLU-SEV,2025/2026,40,41,1,Hospitalizations,State,Anambra,7299910,2,0.027397598052578732,3,0.04109639707886809,6,0.08219279415773618,9,0.12328919123660428,14,0.1917831863680511,19,0.2602771814994979,23,0.3150723776046554
PACE-FLU-SEV,2025/2026,40,41,1,Hospitalizations,State,Bauchi,7540663,4,0.0530457335117615,6,0.07956860026764224,10,0.13261433377940374,15,0.19892150066910563,21,0.27849010093674786,30,0.39784300133821127,35,0.4641501682279131
PACE-FLU-SEV,2025/2026,40,41,1,Hospitalizations,State,Bayelsa,2394725,0,0,1,0.041758448256062806,1,0.041758448256062806,3,0.1252753447681884,5,0.208792241280314,7,0.2923091377924396,9,0.37582603430456524
PACE-FLU-SEV,2025/2026,40,41,1,Hospitalizations,State,Benue,6687706,4,0.059811241702311675,6,0.08971686255346752,9,0.13457529383020128,15,0.22429215638366878,22,0.32896182936271423,30,0.44858431276733757,36,0.5383011753208051
PACE-FLU-SEV,2025/2026,40,41,1,Hospitalizations,State,Borno,6651590,3,0.045101998168858876,4,0.060135997558478496,6,0.09020399633771775,10,0.15033999389619626,15,0.22550999084429438,21,0.3157139871820121,25,0.37584998474049064
PACE-FLU-SEV,2025/2026,40,41,1,Hospitalizations,State,Cross River,4175020,1,0.023951981068354163,2,0.047903962136708327,3,0.07185594320506249,6,0.14371188641012497,9,0.21556782961518747,12,0.28742377282024995,14,0.3353277349569583
PACE-FLU-SEV,2025/2026,40,41,1,Hospitalizations,State,Delta,6107543,1,0.016373196226371227,2,0.032746392452742454,4,0.06549278490548491,7,0.11461237358459858,10,0.16373196226371226,14,0.22922474716919716,18,0.2947175320746821
PACE-FLU-SEV,2025/2026,40,41,1,Hospitalizations,State,Ebonyi,4007155,1,0.024955361097836245,1,0.024955361097836245,3,0.07486608329350873,5,0.12477680548918123,9,0.2245982498805262,12,0.2994643331740349,14,0.3493750553697074
PACE-FLU-SEV,2025/2026,40,41,1,Hospitalizations,State,Edo,5527810,2,0.03618069362007739,3,0.05427104043011609,5,0.09045173405019348,8,0.14472277448030957,12,0.21708416172046435,16,0.28944554896061914,19,0.3437165893907352
PACE-FLU-SEV,2025/2026,40,41,1,Hospitalizations,State,Ekiti,3398177,1,0.029427543062059452,1,0.029427543062059452,2,0.058855086124118904,4,0.11771017224823781,6,0.1765652583723567,9,0.26484788755853506,11,0.32370297368265394
PACE-FLU-SEV,2025/2026,40,41,1,Hospitalizations,State,Enugu,5396098,1,0.018531909539078052,2,0.037063819078156104,3,0.05559572861723416,6,0.11119145723446831,10,0.18531909539078054,14,0.25944673354709274,17,0.3150424621643269
PACE-FLU-SEV,2025/2026,40,41,1,Hospitalizations,State,FCT,4802443,3,0.06246820628584243,5,0.10411367714307072,7,0.14575914800029902,12,0.24987282514336973,18,0.3748092377150546,25,0.5205683857153536,31,0.6455047982870384
PACE-FLU-SEV,2025/2026,40,41,1,Hospitalizations,State,Gombe,4623462,2,0.0432576281582935,3,0.06488644223744025,5,0.10814407039573376,9,0.19465932671232078,13,0.2811745830289078,18,0.38931865342464156,22,0.4758339097412285
PACE-FLU-SEV,2025/2026,40,41,1,Hospitalizations,State,Imo,6067722,2,0.03296129914982921,3,0.04944194872474382,4,0.06592259829965842,7,0.11536454702440224,11,0.18128714532406065,16,0.2636903931986337,19,0.3131323419233775
PACE-FLU-SEV,2025/2026,40,41,1,Hospitalizations,State,Jigawa,6979080,2,0.028657072278867702,4,0.057314144557735404,7,0.10029975297603695,10,0.1432853613943385,15,0.21492804209150776,21,0.30089925892811087,25,0.3582134034858463
PACE-FLU-SEV,2025/2026,40,41,1,Hospitalizations,State,Kaduna,8324285,3,0.03603913128875333,5,0.06006521881458888,8,0.09610435010334221,12,0.14415652515501332,18,0.21623478773251997,25,0.3003260940729444,30,0.3603913128875333
PACE-FLU-SEV,2025/2026,40,41,1,Hospitalizations,State,Kano,16253549,11,0.06767752692042828,14,0.08613503426236326,21,0.1292025513935449,32,0.19688007831397314,46,0.2830151125763364,64,0.3937601566279463,75,0.46143768354837456
PACE-FLU-SEV,2025/2026,40,41,1,Hospitalizations,State,Katsina,9300382,7,0.07526572564438751,8,0.08601797216501429,13,0.13977920476814823,20,0.21504493041253575,30,0.3225673956188036,41,0.4408421073456983,49,0.5268600795107126
PACE-FLU-SEV,2025/2026,40,41,1,Hospitalizations,State,Kebbi,6001610,5,0.08331097822084407,6,0.0999731738650129,10,0.16662195644168815,15.500000000000114,0.2582640324846185,23,0.38323049981588275,32,0.533190260613402,38,0.6331634344784149
PACE-FLU-SEV,2025/2026,40,41,1,Hospitalizations,State,Kogi,5053734,2,0.039574698628776266,3,0.0593620479431644,5,0.09893674657194067,9,0.1780861438294932,13,0.2572355410870457,18,0.3561722876589864,22,0.43532168491653894
PACE-FLU-SEV,2025/2026,40,41,1,Hospitalizations,State,Kwara,4259613,2,0.046952622221784,3,0.070428933332676,6,0.140857866665352,9,0.211286799998028,14,0.32866835555248797,20,0.46952622221783996,24,0.563431466661408
PACE-FLU-SEV,2025/2026,40,41,1,Hospitalizations,State,Lagos,15772884,7,0.04437996247230373,10,0.06339994638900533,15,0.095099919583508,24,0.1521598713336128,34,0.21555981772261815,47,0.29797974802832505,56,0.35503969977842986
PACE-FLU-SEV,2025/2026,40,41,1,Hospitalizations,State,Nasarawa,3632239,1,0.02753122798362112,1,0.02753122798362112,3,0.08259368395086336,5,0.1376561399181056,8,0.22024982386896896,11,0.3028435078198323,14,0.3854371917706957
PACE-FLU-SEV,2025/2026,40,41,1,Hospitalizations,State,Niger,6720617,2,0.029759172409318965,3,0.04463875861397845,5,0.07439793102329742,9,0.13391627584193536,13,0.19343462066057326,18,0.2678325516838707,22,0.32735089650250865
PACE-FLU-SEV,2025/2026,40,41,1,Hospitalizations,State,Ogun,6445275,2,0.031030483571298353,4,0.06206096714259671,6,0.09309145071389506,10,0.15515241785649178,15,0.23272862678473766,20,0.31030483571298356,23,0.35685056106993107
PACE-FLU-SEV,2025/2026,40,41,1,Hospitalizations,State,Ondo,5469707,2,0.03656502990013907,3,0.05484754485020861,6,0.10969508970041722,9,0.16454263455062584,14,0.25595520930097354,19.63333333333344,0.3589467101863672,24,0.4387803588016689
PACE-FLU-SEV,2025/2026,40,41,1,Hospitalizations,State,Osun,4237396,1,0.023599399253692598,2,0.047198798507385196,4,0.09439759701477039,7,0.1651957947758482,10,0.235993992536926,14,0.3303915895516964,17,0.40118978731277416
PACE-FLU-SEV,2025/2026,40,41,1,Hospitalizations,State,Oyo,7512855,2,0.02662103820717956,3,0.03993155731076934,6,0.07986311462153868,9,0.11979467193230803,14,0.18634726745025693,20,0.2662103820717956,24,0.3194524584861547
PACE-FLU-SEV,2025/2026,40,41,1,Hospitalizations,State,Plateau,5400974,2,0.0370303578576753,3,0.05554553678651295,5,0.09257589464418825,7,0.12960625250186356,11,0.20366696821721417,16,0.2962428628614024,19,0.35178839964791536
PACE-FLU-SEV,2025/2026,40,41,1,Hospitalizations,State,Rivers,7234973,3,0.041465254949811146,4,0.055287006599748195,7,0.09675226154955935,11,0.15203926814930754,17,0.23496977804892982,23,0.31790028794855213,27.65000000000009,0.3821714331207607
PACE-FLU-SEV,2025/2026,40,41,1,Hospitalizations,State,Sokoto,6163187,7,0.1135776019776781,9,0.14602834539987186,14,0.2271552039553562,21,0.34073280593303434,30,0.48676115133290615,42,0.6814656118660687,50,0.8112685855548436
PACE-FLU-SEV,2025/2026,40,41,1,Hospitalizations,State,Taraba,4331885,2,0.04616927734692865,4,0.0923385546938573,6,0.13850783204078593,10,0.23084638673464322,15,0.34626958010196485,21,0.4847774121427508,24.65000000000009,0.5690363433008976
PACE-FLU-SEV,2025/2026,40,41,1,Hospitalizations,State,Yobe,4350401,1,0.022986386772161922,2,0.045972773544323844,4,0.09194554708864769,7,0.16090470740513346,10,0.22986386772161924,14,0.3218094148102669,17,0.39076857512675267
PACE-FLU-SEV,2025/2026,40,41,1,Hospitalizations,State,Zamfara,5517793,4,0.07249275208403069,6,0.10873912812604605,10,0.18123188021007675,15,0.2718478203151151,21,0.38058694844116114,29,0.5255724526092226,36,0.6524347687562763
PACE-FLU-SEV,2025/2026,40,41,1,Hospitalizations,Zone,NC,36557326,47,0.12856520195158694,53,0.14497778092412997,62,0.16959664938294447,74,0.2024218073280305,87,0.2379823951018737,101,0.27627841270447406,110.65000000000009,0.302675310551981
PACE-FLU-SEV,2025/2026,40,41,1,Hospitalizations,Zone,NE,32734949,40,0.12219356138297328,45,0.13746775655584495,53,0.16190646883243962,64,0.19550969821275727,75,0.22911292759307492,87,0.2657709960079669,97,0.29631938635371025
PACE-FLU-SEV,2025/2026,40,41,1,Hospitalizations,Zone,NW,58539886,95,0.16228251623175352,101,0.17253193830954847,118,0.2015719675299675,138,0.23573670778928404,162,0.27673439610046385,188,0.32114855843757534,202.6500000000001,0.3461742306775249
PACE-FLU-SEV,2025/2026,40,41,1,Hospitalizations,Zone,SE,27612828,23,0.0832946194428184,26,0.09415913502231645,33,0.11950967137447856,40,0.14486020772664068,49,0.17745375446513484,58,0.21004730120362897,64,0.23177633236262507
PACE-FLU-SEV,2025/2026,40,41,1,Hospitalizations,Zone,SS,31220652,28,0.08968422568497288,32,0.1024962579256833,38,0.12171430628674891,46,0.14733837076816975,56,0.17936845136994575,65,0.2081955239115442,72,0.23061658033278742
PACE-FLU-SEV,2025/2026,40,41,1,Hospitalizations,Zone,SW,42836294,42,0.0980476975902724,47,0.1097200425414953,56,0.13073026345369654,68,0.1587438913366315,83,0.19376092619030022,99,0.2311124300342135,108.65000000000009,0.2536400557900739
PACE-FLU-SEV,2025/2026,40,42,2,Hospitalizations,Macro,North,127832161,193,0.15097922032312353,206,0.16114880511172772,233,0.18227025044190562,265.5000000000001,0.20769421241341615,304,0.2378118289027438,346,0.270667410527465,374,0.29257113161061243
PACE-FLU-SEV,2025/2026,40,42,2,Hospitalizations,Macro,South,101669774,123,0.12097990893537346,134,0.1317992503848784,154,0.1514707802930692,182,0.17901092216453635,214,0.21048537001764162,245,0.24097624137533738,269,0.26458207726516636
PACE-FLU-SEV,2025/2026,40,42,2,Hospitalizations,National,Nigeria,229501935,350,0.15250416080369866,369,0.16078295810447088,407,0.17734055270601531,454,0.19781968287108342,503,0.21917026538360124,553,0.2409565740698439,583.6500000000001,0.2543115812945107
PACE-FLU-SEV,2025/2026,40,42,2,Hospitalizations,State,Abia,4841943,1,0.02065286600854244,2,0.04130573201708488,4,0.08261146403416976,7,0.14457006205979706,12,0.24783439210250927,17,0.3510987221452215,20,0.4130573201708488
PACE-FLU-SEV,2025/2026,40,42,2,Hospitalizations,State,Adamawa,5236948,1,0.01909509126307918,2,0.03819018252615836,4,0.07638036505231673,7,0.13366563884155427,12,0.2291410951569502,17,0.3246165514723461,21.65000000000009,0.413408725845666
PACE-FLU-SEV,2025/2026,40,42,2,Hospitalizations,State,Akwa Ibom,5780581,2,0.03459859830698679,3,0.05189789746048018,5,0.08649649576746697,8,0.13839439322794717,13,0.22489088899541412,19,0.3286866839163745,23,0.39788388053034807
PACE-FLU-SEV,2025/2026,40,42,2,Hospitalizations,State,Anambra,7299910,3,0.04109639707886809,4,0.054795196105157463,7,0.09589159318402556,12,0.16438558831547237,18,0.24657838247320857,26,0.3561687746835235,32,0.4383615688412597
PACE-FLU-SEV,2025/2026,40,42,2,Hospitalizations,State,Bauchi,7540663,3,0.03978430013382112,4,0.0530457335117615,7,0.09283003364558262,11,0.14587576715734413,18,0.23870580080292675,26,0.34479726782644976,32,0.424365868094092
PACE-FLU-SEV,2025/2026,40,42,2,Hospitalizations,State,Bayelsa,2394725,0,0,1,0.041758448256062806,2,0.08351689651212561,3,0.1252753447681884,5,0.208792241280314,8,0.33406758604850245,10,0.417584482560628
PACE-FLU-SEV,2025/2026,40,42,2,Hospitalizations,State,Benue,6687706,2,0.029905620851155838,3,0.04485843127673376,6,0.08971686255346752,10,0.1495281042557792,16,0.2392449668092467,23,0.3439146397882921,28,0.41867869191618173
PACE-FLU-SEV,2025/2026,40,42,2,Hospitalizations,State,Borno,6651590,2,0.030067998779239248,4,0.060135997558478496,6,0.09020399633771775,10,0.15033999389619626,16,0.24054399023391398,24,0.360815985350871,30,0.45101998168858876
PACE-FLU-SEV,2025/2026,40,42,2,Hospitalizations,State,Cross River,4175020,1,0.023951981068354163,2,0.047903962136708327,3,0.07185594320506249,5,0.11975990534177082,9,0.21556782961518747,13,0.3113757538886041,16,0.3832316970936666
PACE-FLU-SEV,2025/2026,40,42,2,Hospitalizations,State,Delta,6107543,2,0.032746392452742454,3,0.04911958867911368,5,0.08186598113185613,9,0.14735876603734105,14,0.22922474716919716,20,0.3274639245274245,25,0.4093299056592807
PACE-FLU-SEV,2025/2026,40,42,2,Hospitalizations,State,Ebonyi,4007155,1,0.024955361097836245,2,0.04991072219567249,3,0.07486608329350873,6,0.14973216658701746,10,0.24955361097836246,15,0.37433041646754367,18,0.4491964997610524
PACE-FLU-SEV,2025/2026,40,42,2,Hospitalizations,State,Edo,5527810,2,0.03618069362007739,3,0.05427104043011609,5,0.09045173405019348,9,0.16281312129034825,14,0.2532648553405417,21,0.3798972830108126,26,0.47034901706100607
PACE-FLU-SEV,2025/2026,40,42,2,Hospitalizations,State,Ekiti,3398177,1,0.029427543062059452,1,0.029427543062059452,3,0.08828262918617835,5,0.14713771531029726,8,0.23542034449647561,12,0.3531305167447134,14,0.41198560286883235
PACE-FLU-SEV,2025/2026,40,42,2,Hospitalizations,State,Enugu,5396098,1,0.018531909539078052,2,0.037063819078156104,4,0.07412763815631221,7,0.12972336677354637,12,0.22238291446893663,17,0.3150424621643269,20,0.37063819078156107
PACE-FLU-SEV,2025/2026,40,42,2,Hospitalizations,State,FCT,4802443,2,0.04164547085722829,4,0.08329094171445658,6,0.12493641257168486,11,0.2290500897147556,17,0.35398650228644046,24,0.49974565028673945,29,0.6038593274298102
PACE-FLU-SEV,2025/2026,40,42,2,Hospitalizations,State,Gombe,4623462,2,0.0432576281582935,3,0.06488644223744025,5,0.10814407039573376,9,0.19465932671232078,14,0.30280339710805454,22,0.4758339097412285,27,0.5839779801369623
PACE-FLU-SEV,2025/2026,40,42,2,Hospitalizations,State,Imo,6067722,2,0.03296129914982921,3,0.04944194872474382,5,0.08240324787457302,8,0.13184519659931684,14,0.23072909404880448,20,0.3296129914982921,25.65000000000009,0.42272866159656114
PACE-FLU-SEV,2025/2026,40,42,2,Hospitalizations,State,Jigawa,6979080,2,0.028657072278867702,4,0.057314144557735404,7,0.10029975297603695,11,0.15761389753377236,18,0.2579136505098093,27,0.38687047576471395,34,0.48717022874075094
PACE-FLU-SEV,2025/2026,40,42,2,Hospitalizations,State,Kaduna,8324285,4,0.04805217505167111,6,0.07207826257750666,9,0.10811739386625999,15,0.18019565644376664,24,0.28831305031002663,33.63333333333344,0.40403870522613583,40,0.48052175051671103
PACE-FLU-SEV,2025/2026,40,42,2,Hospitalizations,State,Kano,16253549,10,0.06152502447311661,14,0.08613503426236326,22,0.13535505384085655,35,0.21533758565590813,55,0.33838763460214133,79,0.4860476933376212,101,0.6214027471784778
PACE-FLU-SEV,2025/2026,40,42,2,Hospitalizations,State,Katsina,9300382,4,0.043008986082507146,6,0.06451347912376072,10,0.10752246520626788,17.500000000000114,0.18816431411097,28,0.30106290257755003,39.63333333333344,0.42614737043417616,49,0.5268600795107126
PACE-FLU-SEV,2025/2026,40,42,2,Hospitalizations,State,Kebbi,6001610,3,0.04998658693250645,4,0.06664878257667525,7,0.1166353695091817,13,0.21660854337419458,20,0.3332439128833763,29,0.4832036736808956,36,0.5998390431900773
PACE-FLU-SEV,2025/2026,40,42,2,Hospitalizations,State,Kogi,5053734,2,0.039574698628776266,2,0.039574698628776266,4,0.07914939725755253,8,0.15829879451510506,12,0.2374481917726576,18,0.3561722876589864,22,0.43532168491653894
PACE-FLU-SEV,2025/2026,40,42,2,Hospitalizations,State,Kwara,4259613,1,0.023476311110892,2,0.046952622221784,3,0.070428933332676,6,0.140857866665352,10,0.23476311110891998,15,0.35214466666337996,18,0.422573599996056
PACE-FLU-SEV,2025/2026,40,42,2,Hospitalizations,State,Lagos,15772884,7,0.04437996247230373,10,0.06339994638900533,17,0.10777990886130907,27.500000000000114,0.17434985256976537,44,0.2789597641116235,64,0.4057596568896341,78.65000000000009,0.4986405783495276
PACE-FLU-SEV,2025/2026,40,42,2,Hospitalizations,State,Nasarawa,3632239,1,0.02753122798362112,2,0.05506245596724224,3,0.08259368395086336,6,0.16518736790172672,10,0.2753122798362112,15,0.4129684197543168,19,0.5230933316888013
PACE-FLU-SEV,2025/2026,40,42,2,Hospitalizations,State,Niger,6720617,2,0.029759172409318965,3,0.04463875861397845,5,0.07439793102329742,9,0.13391627584193536,14,0.20831420686523275,20,0.2975917240931897,25,0.3719896551164871
PACE-FLU-SEV,2025/2026,40,42,2,Hospitalizations,State,Ogun,6445275,2,0.031030483571298353,3,0.04654572535694753,5,0.07757620892824589,9,0.13963717607084258,15,0.23272862678473766,22,0.3413353192842819,28,0.434426769998177
PACE-FLU-SEV,2025/2026,40,42,2,Hospitalizations,State,Ondo,5469707,2,0.03656502990013907,3,0.05484754485020861,5,0.09141257475034768,10,0.18282514950069537,15,0.27423772425104304,22,0.40221532890152983,28,0.5119104186019471
PACE-FLU-SEV,2025/2026,40,42,2,Hospitalizations,State,Osun,4237396,1,0.023599399253692598,2,0.047198798507385196,3.4166666666666856,0.08063128078345017,6,0.14159639552215558,10,0.235993992536926,15,0.353990988805389,19,0.44838858582015934
PACE-FLU-SEV,2025/2026,40,42,2,Hospitalizations,State,Oyo,7512855,3,0.03993155731076934,4,0.05324207641435912,7,0.09317363372512846,11,0.1464157101394876,18,0.23958934386461606,26,0.3460734966933343,30,0.3993155731076934
PACE-FLU-SEV,2025/2026,40,42,2,Hospitalizations,State,Plateau,5400974,2,0.0370303578576753,3,0.05554553678651295,5,0.09257589464418825,8,0.1481214314307012,13,0.24069732607488944,18,0.3332732207190777,24,0.4443642942921036
PACE-FLU-SEV,2025/2026,40,42,2,Hospitalizations,State,Rivers,7234973,3,0.041465254949811146,4,0.055287006599748195,7,0.09675226154955935,11,0.15203926814930754,17,0.23496977804892982,26,0.35936554289836325,31,0.4284743011480485
PACE-FLU-SEV,2025/2026,40,42,2,Hospitalizations,State,Sokoto,6163187,3,0.04867611513329062,5,0.08112685855548436,8,0.12980297368877497,14,0.2271552039553562,22,0.3569581776441312,33,0.5354372664661968,41,0.6652402401549717
PACE-FLU-SEV,2025/2026,40,42,2,Hospitalizations,State,Taraba,4331885,1,0.023084638673464324,2,0.04616927734692865,4,0.0923385546938573,7,0.16159247071425026,11,0.2539310254081076,17,0.3924388574488935,21,0.4847774121427508
PACE-FLU-SEV,2025/2026,40,42,2,Hospitalizations,State,Yobe,4350401,1.3500000000000085,0.03103162214241879,2,0.045972773544323844,5,0.11493193386080962,8,0.18389109417729538,13,0.298823028038105,18,0.4137549618989146,23,0.5286868957597243
PACE-FLU-SEV,2025/2026,40,42,2,Hospitalizations,State,Zamfara,5517793,2,0.036246376042015346,3,0.054369564063023026,6,0.10873912812604605,10,0.18123188021007675,16,0.28997100833612277,24,0.4349565125041842,31,0.5618188286512379
PACE-FLU-SEV,2025/2026,40,42,2,Hospitalizations,Zone,NC,36557326,39,0.1066817633215296,45,0.12309434229407261,54,0.14771321075288713,66,0.18053836869797316,81,0.2215698161293307,95,0.25986583373193106,106,0.28995556184825994
PACE-FLU-SEV,2025/2026,40,42,2,Hospitalizations,Zone,NE,32734949,35,0.10691936621010163,40,0.12219356138297328,49,0.14968711269414228,62,0.1894000201436086,76,0.23216776662764924,91,0.2779903521462642,101,0.3085387424920075
PACE-FLU-SEV,2025/2026,40,42,2,Hospitalizations,Zone,NW,58539886,83,0.1417836720761636,91,0.1554495681798902,110,0.1879060714262409,133,0.22719552272445492,163,0.2784426331134297,197,0.3365226915542678,221,0.3775203798654476
PACE-FLU-SEV,2025/2026,40,42,2,Hospitalizations,Zone,SE,27612828,24,0.0869161246359844,29,0.10502365060181448,36,0.1303741869539766,46,0.1665892388856368,59,0.213668806396795,73,0.26436987910111925,83,0.3005849310327794
PACE-FLU-SEV,2025/2026,40,42,2,Hospitalizations,Zone,SS,31220652,29,0.09288723374515048,34,0.1089022740460385,41,0.13132333046728173,52,0.16655641912923536,66,0.2113985319717218,80,0.2562406448142082,88,0.28186470929562907
PACE-FLU-SEV,2025/2026,40,42,2,Hospitalizations,Zone,SW,42836294,43,0.10038216658051698,50,0.11672344951222904,61,0.14240260840491945,78,0.1820885812390773,99,0.2311124300342135,122,0.2848052168098389,140,0.32682565863424135
PACE-FLU-SEV,2025/2026,40,43,3,Hospitalizations,Macro,North,127832161,176,0.13768053252264115,192,0.15019694457015398,220,0.17210066565330145,254,0.1986980412542662,296,0.2315536228789874,341,0.26675603176261725,371,0.2902243043517038
PACE-FLU-SEV,2025/2026,40,43,3,Hospitalizations,Macro,South,101669774,129,0.1268813679078307,141,0.13868428585274517,167,0.16425727473339324,203,0.19966602856813667,241,0.23704193539369922,285,0.280319301191719,315.6500000000001,0.3104659207760215
PACE-FLU-SEV,2025/2026,40,43,3,Hospitalizations,National,Nigeria,229501935,337,0.14683972054527558,360,0.1568614225409472,406,0.17690482653229045,463,0.2017412184346071,525,0.228756241205548,591,0.2575141686713883,637.6500000000001,0.2778407946756528
PACE-FLU-SEV,2025/2026,40,43,3,Hospitalizations,State,Abia,4841943,2,0.04130573201708488,2,0.04130573201708488,4,0.08261146403416976,8,0.16522292806833952,13,0.2684872581110517,19,0.39240445416230635,24,0.49566878420501853
PACE-FLU-SEV,2025/2026,40,43,3,Hospitalizations,State,Adamawa,5236948,2,0.03819018252615836,3,0.05728527378923755,5,0.09547545631539592,8,0.15276073010463345,13,0.24823618642002937,18,0.3437116427354253,23,0.4391870990508212
PACE-FLU-SEV,2025/2026,40,43,3,Hospitalizations,State,Akwa Ibom,5780581,2,0.03459859830698679,3,0.05189789746048018,6,0.10379579492096036,9,0.15569369238144054,15,0.2594894873024009,21.63333333333344,0.3742415050205756,27,0.4670810771443217
PACE-FLU-SEV,2025/2026,40,43,3,Hospitalizations,State,Anambra,7299910,3,0.04109639707886809,4,0.054795196105157463,7,0.09589159318402556,13,0.17808438734176174,20,0.2739759805257873,29,0.39726517176239157,35,0.4794579659201278
PACE-FLU-SEV,2025/2026,40,43,3,Hospitalizations,State,Bauchi,7540663,3,0.03978430013382112,4,0.0530457335117615,7,0.09283003364558262,12,0.1591372005352845,19,0.25196723418086714,28,0.3713201345823305,36,0.4774116016058535
PACE-FLU-SEV,2025/2026,40,43,3,Hospitalizations,State,Bayelsa,2394725,0,0,1,0.041758448256062806,2,0.08351689651212561,4,0.16703379302425123,6,0.2505506895363768,9,0.37582603430456524,12,0.5011013790727536
PACE-FLU-SEV,2025/2026,40,43,3,Hospitalizations,State,Benue,6687706,2,0.029905620851155838,3,0.04485843127673376,6,0.08971686255346752,9,0.13457529383020128,15,0.22429215638366878,22,0.32896182936271423,28,0.41867869191618173
PACE-FLU-SEV,2025/2026,40,43,3,Hospitalizations,State,Borno,6651590,3,0.045101998168858876,4,0.060135997558478496,6,0.09020399633771775,11,0.16537399328581587,18,0.27061198901315325,27,0.40591798351972985,34,0.5111559792470672
PACE-FLU-SEV,2025/2026,40,43,3,Hospitalizations,State,Cross River,4175020,1,0.023951981068354163,2,0.047903962136708327,4,0.09580792427341665,6,0.14371188641012497,10,0.23951981068354164,15,0.35927971602531245,19,0.4550876402987291
PACE-FLU-SEV,2025/2026,40,43,3,Hospitalizations,State,Delta,6107543,2,0.032746392452742454,4,0.06549278490548491,6,0.09823917735822736,11,0.1801051584900835,17,0.27834433584831086,24.63333333333344,0.40332640037627965,30,0.4911958867911368
PACE-FLU-SEV,2025/2026,40,43,3,Hospitalizations,State,Ebonyi,4007155,1,0.024955361097836245,2,0.04991072219567249,4,0.09982144439134498,6,0.14973216658701746,11,0.2745089720761987,16,0.3992857775653799,21,0.5240625830545611
PACE-FLU-SEV,2025/2026,40,43,3,Hospitalizations,State,Edo,5527810,2,0.03618069362007739,3,0.05427104043011609,5,0.09045173405019348,9,0.16281312129034825,15,0.27135520215058045,22,0.3979876298208513,27,0.48843936387104475
PACE-FLU-SEV,2025/2026,40,43,3,Hospitalizations,State,Ekiti,3398177,1,0.029427543062059452,2,0.058855086124118904,3,0.08828262918617835,6,0.1765652583723567,9,0.26484788755853506,14,0.41198560286883235,17,0.5002682320550107
PACE-FLU-SEV,2025/2026,40,43,3,Hospitalizations,State,Enugu,5396098,2,0.037063819078156104,3,0.05559572861723416,5,0.09265954769539027,9,0.16678718585170246,14,0.25944673354709274,20,0.37063819078156107,26,0.48182964801602934
PACE-FLU-SEV,2025/2026,40,43,3,Hospitalizations,State,FCT,4802443,2,0.04164547085722829,3,0.06246820628584243,6,0.12493641257168486,10,0.20822735428614145,15,0.31234103142921216,23,0.4789229148581253,28,0.5830365920011961
PACE-FLU-SEV,2025/2026,40,43,3,Hospitalizations,State,Gombe,4623462,2,0.0432576281582935,3,0.06488644223744025,5,0.10814407039573376,8,0.173030512633174,13,0.2811745830289078,20,0.43257628158293504,25,0.5407203519786687
PACE-FLU-SEV,2025/2026,40,43,3,Hospitalizations,State,Imo,6067722,2,0.03296129914982921,3,0.04944194872474382,6,0.09888389744948764,10,0.16480649574914605,17,0.2801710427735483,23,0.37905494022303593,28,0.46145818809760897
PACE-FLU-SEV,2025/2026,40,43,3,Hospitalizations,State,Jigawa,6979080,3,0.042985608418301555,4,0.057314144557735404,7,0.10029975297603695,12,0.17194243367320622,18,0.2579136505098093,28,0.4011990119041478,34,0.48717022874075094
PACE-FLU-SEV,2025/2026,40,43,3,Hospitalizations,State,Kaduna,8324285,4,0.04805217505167111,5,0.06006521881458888,9,0.10811739386625999,15,0.18019565644376664,24,0.28831305031002663,36,0.43246957546503995,44.65000000000009,0.5363824040142797
PACE-FLU-SEV,2025/2026,40,43,3,Hospitalizations,State,Kano,16253549,10,0.06152502447311661,13.366666666666703,0.08223844937906609,22,0.13535505384085655,34,0.20918508320859647,54,0.3322351321548297,79.63333333333344,0.48994427822091924,98,0.6029452398365428
PACE-FLU-SEV,2025/2026,40,43,3,Hospitalizations,State,Katsina,9300382,4,0.043008986082507146,6,0.06451347912376072,9,0.09677021868564109,15,0.1612836978094018,24,0.2580539164950429,35,0.3763286282219376,43.65000000000009,0.4693355606253603
PACE-FLU-SEV,2025/2026,40,43,3,Hospitalizations,State,Kebbi,6001610,2,0.033324391288337626,3,0.04998658693250645,6,0.0999731738650129,10,0.16662195644168815,16,0.266595130306701,23,0.38323049981588275,28,0.4665414780367268
PACE-FLU-SEV,2025/2026,40,43,3,Hospitalizations,State,Kogi,5053734,2,0.039574698628776266,2,0.039574698628776266,5,0.09893674657194067,8,0.15829879451510506,13,0.2572355410870457,19,0.37595963697337453,25,0.49468373285970335
PACE-FLU-SEV,2025/2026,40,43,3,Hospitalizations,State,Kwara,4259613,1,0.023476311110892,1,0.023476311110892,3,0.070428933332676,6,0.140857866665352,9,0.211286799998028,14,0.32866835555248797,17,0.399097288885164
PACE-FLU-SEV,2025/2026,40,43,3,Hospitalizations,State,Lagos,15772884,8,0.050719957111204264,12,0.0760799356668064,19.416666666666686,0.12310156257198546,31,0.19653983380591653,49,0.3106597373061261,70,0.44379962472303736,86,0.5452395389454459
PACE-FLU-SEV,2025/2026,40,43,3,Hospitalizations,State,Nasarawa,3632239,1,0.02753122798362112,2,0.05506245596724224,4,0.11012491193448448,7,0.19271859588534784,11,0.3028435078198323,16,0.4404996477379379,20,0.5506245596724224
PACE-FLU-SEV,2025/2026,40,43,3,Hospitalizations,State,Niger,6720617,2,0.029759172409318965,3,0.04463875861397845,6,0.0892775172279569,10,0.14879586204659484,16,0.23807337927455172,23,0.3422304827071681,29,0.431507999935125
PACE-FLU-SEV,2025/2026,40,43,3,Hospitalizations,State,Ogun,6445275,2,0.031030483571298353,3,0.04654572535694753,6,0.09309145071389506,10,0.15515241785649178,16,0.24824386857038683,24,0.37236580285558024,30.65000000000009,0.47554216073014866
PACE-FLU-SEV,2025/2026,40,43,3,Hospitalizations,State,Ondo,5469707,2,0.03656502990013907,3,0.05484754485020861,5,0.09141257475034768,9,0.16454263455062584,15,0.27423772425104304,22,0.40221532890152983,27,0.49362790365187753
PACE-FLU-SEV,2025/2026,40,43,3,Hospitalizations,State,Osun,4237396,1,0.023599399253692598,2,0.047198798507385196,4,0.09439759701477039,6,0.14159639552215558,10,0.235993992536926,15,0.353990988805389,19,0.44838858582015934
PACE-FLU-SEV,2025/2026,40,43,3,Hospitalizations,State,Oyo,7512855,3,0.03993155731076934,4,0.05324207641435912,7,0.09317363372512846,13,0.17303674834666716,20,0.2662103820717956,30,0.3993155731076934,37,0.4924892068328219
PACE-FLU-SEV,2025/2026,40,43,3,Hospitalizations,State,Plateau,5400974,2,0.0370303578576753,3,0.05554553678651295,5,0.09257589464418825,9,0.16663661035953886,14,0.2592125050037271,20,0.370303578576753,25,0.46287947322094125
PACE-FLU-SEV,2025/2026,40,43,3,Hospitalizations,State,Rivers,7234973,3,0.041465254949811146,4,0.055287006599748195,7,0.09675226154955935,12,0.16586101979924459,19,0.2626132813488039,28,0.3870090461982374,34,0.46993955609785965
PACE-FLU-SEV,2025/2026,40,43,3,Hospitalizations,State,Sokoto,6163187,2,0.03245074342219374,3,0.04867611513329062,6,0.09735223026658124,10,0.16225371711096873,16,0.25960594737754994,24.63333333333344,0.399684989816688,30.65000000000009,0.4973076429451206
PACE-FLU-SEV,2025/2026,40,43,3,Hospitalizations,State,Taraba,4331885,1,0.023084638673464324,1,0.023084638673464324,3,0.06925391602039296,6,0.13850783204078593,9,0.20776174806117892,14,0.3231849414285005,18,0.41552349612235784
PACE-FLU-SEV,2025/2026,40,43,3,Hospitalizations,State,Yobe,4350401,1,0.022986386772161922,2,0.045972773544323844,5,0.11493193386080962,8,0.18389109417729538,13,0.298823028038105,19,0.4367413486710765,23,0.5286868957597243
PACE-FLU-SEV,2025/2026,40,43,3,Hospitalizations,State,Zamfara,5517793,1,0.018123188021007673,2,0.036246376042015346,5,0.09061594010503837,8,0.14498550416806139,13,0.23560144427309976,19,0.34434057239914584,25,0.45307970052519186
PACE-FLU-SEV,2025/2026,40,43,3,Hospitalizations,Zone,NC,36557326,39,0.1066817633215296,44,0.12035891246531544,53,0.14497778092412997,67,0.1832737985267303,84,0.2297761056156022,101,0.27627841270447406,113.65000000000009,0.3108816000382525
PACE-FLU-SEV,2025/2026,40,43,3,Hospitalizations,Zone,NE,32734949,35,0.10691936621010163,39.3666666666667,0.12025882999440965,49,0.14968711269414228,62,0.1894000201436086,76,0.23216776662764924,93,0.2841000302154129,103,0.3146484205611562
PACE-FLU-SEV,2025/2026,40,43,3,Hospitalizations,Zone,NW,58539886,70,0.11957659090760785,79,0.13495072402430028,97,0.16569899025768517,120,0.20498844155589918,150,0.25623555194487396,185,0.3160238473986779,209,0.35702153570985773
PACE-FLU-SEV,2025/2026,40,43,3,Hospitalizations,Zone,SE,27612828,26,0.09415913502231645,32,0.11588816618131254,40,0.14486020772664068,53,0.1919397752377989,67.58333333333326,0.24475339263813636,84,0.3042064362259454,96,0.3476644985439376
PACE-FLU-SEV,2025/2026,40,43,3,Hospitalizations,Zone,SS,31220652,32,0.1024962579256833,37,0.1185112982265713,46,0.14733837076816975,58,0.18577446749030097,74,0.2370225964531426,91.63333333333344,0.293502305247608,105,0.3363158463186483
PACE-FLU-SEV,2025/2026,40,43,3,Hospitalizations,Zone,SW,42836294,45,0.10505110456100614,53,0.12372685648296279,66,0.15407495335614235,85,0.19842986417078937,110,0.2567915889269039,138,0.32215672065375217,156.6500000000001,0.3656945673218138
PACE-FLU-SEV,2025/2026,40,44,4,Hospitalizations,Macro,North,127832161,174,0.13611598101670205,193,0.15097922032312353,223,0.1744474929122101,263,0.2057385230309922,307,0.24015865616165247,361,0.2824015468220083,398.6500000000001,0.311854228921312
PACE-FLU-SEV,2025/2026,40,44,4,Hospitalizations,Macro,South,101669774,134,0.1317992503848784,150.3666666666667,0.1478971190264146,179,0.17606019267830772,219,0.21540325249468933,273,0.2685163832468045,323.63333333333344,0.3183181397977077,365,0.3590054208244822
PACE-FLU-SEV,2025/2026,40,44,4,Hospitalizations,National,Nigeria,229501935,338,0.14727544671900042,370,0.16121868427819575,418.4166666666667,0.18231509318937406,488,0.21263437277772843,568,0.2474924666757167,655.6333333333334,0.28567660369980474,717,0.31241566656071984
PACE-FLU-SEV,2025/2026,40,44,4,Hospitalizations,State,Abia,4841943,2,0.04130573201708488,3,0.061958598025627316,5,0.1032643300427122,9,0.18587579407688196,15,0.3097929901281366,22,0.45436305218793366,27.65000000000009,0.5710517451362003
PACE-FLU-SEV,2025/2026,40,44,4,Hospitalizations,State,Adamawa,5236948,2,0.03819018252615836,3,0.05728527378923755,5,0.09547545631539592,9,0.17185582136771266,14,0.26733127768310855,21,0.40099691652466285,27,0.5155674641031379
PACE-FLU-SEV,2025/2026,40,44,4,Hospitalizations,State,Akwa Ibom,5780581,2,0.03459859830698679,3,0.05189789746048018,6,0.10379579492096036,10,0.17299299153493394,17,0.2940880856093877,25,0.43248247883733487,32,0.5535775729117887
PACE-FLU-SEV,2025/2026,40,44,4,Hospitalizations,State,Anambra,7299910,3,0.04109639707886809,4,0.054795196105157463,8,0.10959039221031493,13,0.17808438734176174,21,0.28767477955207665,33,0.45206036786754905,41,0.561650760077864
PACE-FLU-SEV,2025/2026,40,44,4,Hospitalizations,State,Bauchi,7540663,3,0.03978430013382112,5,0.06630716688970187,8,0.106091467023523,13,0.17239863391322488,22,0.29175153431468825,32.63333333333344,0.4327647759001223,42,0.5569802018734957
PACE-FLU-SEV,2025/2026,40,44,4,Hospitalizations,State,Bayelsa,2394725,0,0,1,0.041758448256062806,2,0.08351689651212561,4,0.16703379302425123,7,0.2923091377924396,11,0.45934293081669086,14,0.5846182755848792
PACE-FLU-SEV,2025/2026,40,44,4,Hospitalizations,State,Benue,6687706,3,0.04485843127673376,4,0.059811241702311675,7,0.10466967297904543,12,0.17943372510693503,20,0.2990562085115584,29,0.4336315023417596,36,0.5383011753208051
PACE-FLU-SEV,2025/2026,40,44,4,Hospitalizations,State,Borno,6651590,3,0.045101998168858876,4,0.060135997558478496,7,0.10523799572733737,11,0.16537399328581587,18,0.27061198901315325,27,0.40591798351972985,33,0.4961219798574476
PACE-FLU-SEV,2025/2026,40,44,4,Hospitalizations,State,Cross River,4175020,1,0.023951981068354163,2,0.047903962136708327,4,0.09580792427341665,7,0.16766386747847914,12,0.28742377282024995,18,0.43113565923037495,22,0.5269435835037916
PACE-FLU-SEV,2025/2026,40,44,4,Hospitalizations,State,Delta,6107543,2,0.032746392452742454,4,0.06549278490548491,7,0.11461237358459858,11,0.1801051584900835,18,0.2947175320746821,28,0.4584494943383943,35,0.573061867922993
PACE-FLU-SEV,2025/2026,40,44,4,Hospitalizations,State,Ebonyi,4007155,1,0.024955361097836245,2,0.04991072219567249,4,0.09982144439134498,7,0.1746875276848537,11,0.2745089720761987,17,0.42424113866321617,21,0.5240625830545611
PACE-FLU-SEV,2025/2026,40,44,4,Hospitalizations,State,Edo,5527810,2,0.03618069362007739,3,0.05427104043011609,6,0.10854208086023218,10,0.18090346810038696,16,0.28944554896061914,24,0.4341683234409287,30,0.5427104043011609
PACE-FLU-SEV,2025/2026,40,44,4,Hospitalizations,State,Ekiti,3398177,1,0.029427543062059452,2,0.058855086124118904,3,0.08828262918617835,6,0.1765652583723567,10,0.2942754306205945,15,0.44141314593089176,20,0.588550861241189
PACE-FLU-SEV,2025/2026,40,44,4,Hospitalizations,State,Enugu,5396098,2,0.037063819078156104,3,0.05559572861723416,6,0.11119145723446831,10,0.18531909539078054,16,0.29651055262524884,24,0.44476582893787325,30,0.5559572861723415
PACE-FLU-SEV,2025/2026,40,44,4,Hospitalizations,State,FCT,4802443,2,0.04164547085722829,4,0.08329094171445658,7,0.14575914800029902,11,0.2290500897147556,18,0.3748092377150546,26,0.5413911211439678,34,0.7079730045728809
PACE-FLU-SEV,2025/2026,40,44,4,Hospitalizations,State,Gombe,4623462,2,0.0432576281582935,2,0.0432576281582935,5,0.10814407039573376,8,0.173030512633174,13,0.2811745830289078,20,0.43257628158293504,25,0.5407203519786687
PACE-FLU-SEV,2025/2026,40,44,4,Hospitalizations,State,Imo,6067722,2,0.03296129914982921,3,0.04944194872474382,6,0.09888389744948764,11,0.18128714532406065,18,0.2966516923484629,28,0.46145818809760897,35,0.5768227351220112
PACE-FLU-SEV,2025/2026,40,44,4,Hospitalizations,State,Jigawa,6979080,3,0.042985608418301555,4,0.057314144557735404,7,0.10029975297603695,12,0.17194243367320622,19,0.27224218664924316,28,0.4011990119041478,33.65000000000009,0.4821552410919504
PACE-FLU-SEV,2025/2026,40,44,4,Hospitalizations,State,Kaduna,8324285,4,0.04805217505167111,5,0.06006521881458888,9,0.10811739386625999,15,0.18019565644376664,25,0.3003260940729444,36,0.43246957546503995,45,0.5405869693312999
PACE-FLU-SEV,2025/2026,40,44,4,Hospitalizations,State,Kano,16253549,8,0.049220019578493285,11,0.06767752692042828,19,0.11689754649892156,30,0.18457507341934984,48,0.2953201174709597,71,0.43682767375912795,86,0.5291152104688028
PACE-FLU-SEV,2025/2026,40,44,4,Hospitalizations,State,Katsina,9300382,3,0.03225673956188036,5,0.05376123260313394,9,0.09677021868564109,15,0.1612836978094018,23,0.2473016699744161,34,0.36557638170131074,41,0.4408421073456983
PACE-FLU-SEV,2025/2026,40,44,4,Hospitalizations,State,Kebbi,6001610,2,0.033324391288337626,3,0.04998658693250645,5,0.08331097822084407,9,0.14995976079751933,15,0.24993293466253222,22,0.36656830417171393,27,0.449879282392558
PACE-FLU-SEV,2025/2026,40,44,4,Hospitalizations,State,Kogi,5053734,2,0.039574698628776266,3,0.0593620479431644,6,0.1187240958863288,10,0.19787349314388133,16,0.3165975890302101,23,0.4551090342309271,30,0.593620479431644
PACE-FLU-SEV,2025/2026,40,44,4,Hospitalizations,State,Kwara,4259613,1,0.023476311110892,2,0.046952622221784,4,0.093905244443568,7,0.16433417777624398,12,0.281715733330704,17,0.399097288885164,21,0.49300253332873195
PACE-FLU-SEV,2025/2026,40,44,4,Hospitalizations,State,Lagos,15772884,9,0.0570599517501048,13,0.08241993030570693,20,0.12679989277801065,33,0.2092198230837176,51,0.3233397265839272,76,0.48183959255644054,93,0.5896195014177495
PACE-FLU-SEV,2025/2026,40,44,4,Hospitalizations,State,Nasarawa,3632239,1,0.02753122798362112,2,0.05506245596724224,4,0.11012491193448448,7,0.19271859588534784,11,0.3028435078198323,17,0.46803087572155905,21,0.5781557876560436
PACE-FLU-SEV,2025/2026,40,44,4,Hospitalizations,State,Niger,6720617,3,0.04463875861397845,4,0.05951834481863793,7,0.10415710343261637,12,0.1785550344559138,19,0.28271213788853017,28,0.4166284137304655,34.65000000000009,0.5155776619914524
PACE-FLU-SEV,2025/2026,40,44,4,Hospitalizations,State,Ogun,6445275,3,0.04654572535694753,4,0.06206096714259671,7,0.10860669249954424,12,0.18618290142779012,19,0.2947895939273344,28,0.434426769998177,35,0.5430334624977212
PACE-FLU-SEV,2025/2026,40,44,4,Hospitalizations,State,Ondo,5469707,2,0.03656502990013907,3,0.05484754485020861,5,0.09141257475034768,10,0.18282514950069537,16,0.2925202392011126,24,0.4387803588016689,30,0.5484754485020861
PACE-FLU-SEV,2025/2026,40,44,4,Hospitalizations,State,Osun,4237396,1,0.023599399253692598,2,0.047198798507385196,4,0.09439759701477039,7,0.1651957947758482,12,0.28319279104431117,18,0.42478918656646675,23,0.5427861828349297
PACE-FLU-SEV,2025/2026,40,44,4,Hospitalizations,State,Oyo,7512855,3,0.03993155731076934,5,0.0665525955179489,8,0.10648415282871825,14,0.18634726745025693,22,0.2928314202789752,34,0.4525576495220525,43,0.5723523214543605
PACE-FLU-SEV,2025/2026,40,44,4,Hospitalizations,State,Plateau,5400974,2,0.0370303578576753,3,0.05554553678651295,5,0.09257589464418825,9,0.16663661035953886,15,0.27772768393256475,23,0.425849115363266,29,0.5369401889362918
PACE-FLU-SEV,2025/2026,40,44,4,Hospitalizations,State,Rivers,7234973,3,0.041465254949811146,5,0.06910875824968525,8,0.11057401319949639,13,0.17968277144918163,21,0.29025678464867805,31,0.4284743011480485,39,0.5390483143475449
PACE-FLU-SEV,2025/2026,40,44,4,Hospitalizations,State,Sokoto,6163187,2,0.03245074342219374,3,0.04867611513329062,5,0.08112685855548436,9,0.14602834539987186,15,0.24338057566645308,23,0.3731835493552281,29,0.4705357796218093
PACE-FLU-SEV,2025/2026,40,44,4,Hospitalizations,State,Taraba,4331885,1,0.023084638673464324,2,0.04616927734692865,3,0.06925391602039296,6,0.13850783204078593,10,0.23084638673464322,15,0.34626958010196485,20,0.46169277346928644
PACE-FLU-SEV,2025/2026,40,44,4,Hospitalizations,State,Yobe,4350401,1,0.022986386772161922,2,0.045972773544323844,4,0.09194554708864769,7,0.16090470740513346,11,0.2528502544937811,17,0.39076857512675267,22,0.5057005089875622
PACE-FLU-SEV,2025/2026,40,44,4,Hospitalizations,State,Zamfara,5517793,2,0.036246376042015346,3,0.054369564063023026,5,0.09061594010503837,8,0.14498550416806139,13,0.23560144427309976,20,0.3624637604201535,25,0.45307970052519186
PACE-FLU-SEV,2025/2026,40,44,4,Hospitalizations,Zone,NC,36557326,44,0.12035891246531544,50,0.13677149143785844,62,0.16959664938294447,79,0.21609895647181634,100,0.2735429828757169,123,0.33645786893713175,142,0.388431035683518
PACE-FLU-SEV,2025/2026,40,44,4,Hospitalizations,Zone,NE,32734949,34,0.1038645271755273,39,0.11913872234839895,50,0.1527419517287166,64,0.19550969821275727,80,0.24438712276594657,98,0.29937422538828456,112.65000000000009,0.3441276172447988
PACE-FLU-SEV,2025/2026,40,44,4,Hospitalizations,Zone,NW,58539886,65,0.11103540584277871,73,0.12470130194650533,91,0.1554495681798902,114,0.1947390194781042,143,0.24427789285411317,174,0.2972332402560538,194,0.33139798051537034
PACE-FLU-SEV,2025/2026,40,44,4,Hospitalizations,Zone,SE,27612828,28,0.10140214540864848,33,0.11950967137447856,42,0.1521032181129727,57,0.20642579601046296,75,0.27161288948745127,97,0.3512860037371036,111,0.4019870764414279
PACE-FLU-SEV,2025/2026,40,44,4,Hospitalizations,Zone,SS,31220652,34,0.1089022740460385,39.3666666666667,0.12609175063565842,49,0.15694739494870255,64,0.2049925158513666,84,0.26905267705491864,107,0.3427218624390035,120.65000000000009,0.3864429224604281
PACE-FLU-SEV,2025/2026,40,44,4,Hospitalizations,Zone,SW,42836294,49,0.11438898052198447,57,0.13306473244394112,71,0.16574729830736523,93,0.21710561609274603,121,0.2824707478195943,153,0.35717375550742086,179,0.41786994925377996
PACE-FLU-SEV,2025/2026,40,45,5,Hospitalizations,Macro,North,127832161,183,0.14315646279342803,201.3666666666667,0.15752426078963547,235,0.1838348019478447,282.5000000000001,0.22099290021389853,340,0.2659737560096477,401,0.31369257694079034,445.3000000000002,0.3483473927973416
PACE-FLU-SEV,2025/2026,40,45,5,Hospitalizations,Macro,South,101669774,144,0.1416350153389738,160,0.15737223926552646,194,0.19081384010945082,243,0.2390090883845183,307,0.3019579840907289,374,0.3678576092831681,420.6500000000001,0.4137414527940232
PACE-FLU-SEV,2025/2026,40,45,5,Hospitalizations,National,Nigeria,229501935,355,0.15468279167232293,387.3666666666667,0.16878579549521738,446,0.19433387348128459,532,0.23180632442162197,634,0.276250394141557,740,0.3224373685563915,804,0.3503238436747821
PACE-FLU-SEV,2025/2026,40,45,5,Hospitalizations,State,Abia,4841943,2,0.04130573201708488,3,0.061958598025627316,5,0.1032643300427122,10,0.2065286600854244,16,0.33044585613667904,25,0.5163216502135609,32,0.6608917122733581
PACE-FLU-SEV,2025/2026,40,45,5,Hospitalizations,State,Adamawa,5236948,2,0.03819018252615836,3,0.05728527378923755,5,0.09547545631539592,9,0.17185582136771266,15,0.2864263689461877,23,0.4391870990508212,29,0.5537576466292963
PACE-FLU-SEV,2025/2026,40,45,5,Hospitalizations,State,Akwa Ibom,5780581,2,0.03459859830698679,4,0.06919719661397358,7,0.12109509407445376,11,0.19029229068842735,19,0.3286866839163745,28,0.48438037629781505,36,0.6227747695257622
PACE-FLU-SEV,2025/2026,40,45,5,Hospitalizations,State,Anambra,7299910,3,0.04109639707886809,5,0.06849399513144683,8,0.10959039221031493,14,0.1917831863680511,23,0.3150723776046554,34,0.4657591668938384,43,0.5890483581304427
PACE-FLU-SEV,2025/2026,40,45,5,Hospitalizations,State,Bauchi,7540663,3,0.03978430013382112,5,0.06630716688970187,8,0.106091467023523,14,0.18566006729116524,23,0.30501296769262864,33,0.4376273014720324,42,0.5569802018734957
PACE-FLU-SEV,2025/2026,40,45,5,Hospitalizations,State,Bayelsa,2394725,1,0.041758448256062806,1,0.041758448256062806,3,0.1252753447681884,5,0.208792241280314,8,0.33406758604850245,13,0.5428598273288164,16,0.6681351720970049
PACE-FLU-SEV,2025/2026,40,45,5,Hospitalizations,State,Benue,6687706,3,0.04485843127673376,5,0.0747640521278896,8,0.11962248340462335,14,0.20933934595809087,23.583333333333258,0.3526371125365448,36,0.5383011753208051,45,0.6728764691510063
PACE-FLU-SEV,2025/2026,40,45,5,Hospitalizations,State,Borno,6651590,2,0.030067998779239248,3,0.045101998168858876,6,0.09020399633771775,11,0.16537399328581587,18,0.27061198901315325,26,0.3908839841301102,33,0.4961219798574476
PACE-FLU-SEV,2025/2026,40,45,5,Hospitalizations,State,Cross River,4175020,2,0.047903962136708327,3,0.07185594320506249,5,0.11975990534177082,8,0.1916158485468333,14,0.3353277349569583,22,0.5269435835037916,28,0.6706554699139166
PACE-FLU-SEV,2025/2026,40,45,5,Hospitalizations,State,Delta,6107543,3,0.04911958867911368,4,0.06549278490548491,7,0.11461237358459858,12,0.19647835471645472,20,0.3274639245274245,30,0.4911958867911368,39,0.6385546528284778
PACE-FLU-SEV,2025/2026,40,45,5,Hospitalizations,State,Ebonyi,4007155,1,0.024955361097836245,2,0.04991072219567249,4,0.09982144439134498,7,0.1746875276848537,12,0.2994643331740349,19,0.47415186085888866,23.65000000000009,0.5901942899638295
PACE-FLU-SEV,2025/2026,40,45,5,Hospitalizations,State,Edo,5527810,2,0.03618069362007739,3,0.05427104043011609,6,0.10854208086023218,11,0.19899381491042564,17,0.3075358957706578,27,0.48843936387104475,34,0.6150717915413156
PACE-FLU-SEV,2025/2026,40,45,5,Hospitalizations,State,Ekiti,3398177,1,0.029427543062059452,2,0.058855086124118904,4,0.11771017224823781,7,0.20599280143441617,11,0.32370297368265394,16,0.47084068899295123,20,0.588550861241189
PACE-FLU-SEV,2025/2026,40,45,5,Hospitalizations,State,Enugu,5396098,2,0.037063819078156104,3,0.05559572861723416,6,0.11119145723446831,10,0.18531909539078054,17,0.3150424621643269,26,0.48182964801602934,31,0.5744891957114197
PACE-FLU-SEV,2025/2026,40,45,5,Hospitalizations,State,FCT,4802443,3,0.06246820628584243,4,0.08329094171445658,7,0.14575914800029902,13,0.2706955605719839,21,0.437277444000897,32,0.6663275337156527,39.65000000000009,0.8256214597445528
PACE-FLU-SEV,2025/2026,40,45,5,Hospitalizations,State,Gombe,4623462,1,0.02162881407914675,3,0.06488644223744025,5,0.10814407039573376,8,0.173030512633174,14,0.30280339710805454,20,0.43257628158293504,25,0.5407203519786687
PACE-FLU-SEV,2025/2026,40,45,5,Hospitalizations,State,Imo,6067722,3,0.04944194872474382,4,0.06592259829965842,7,0.11536454702440224,12,0.19776779489897528,20,0.3296129914982921,30.63333333333344,0.5048572319782192,38,0.626264683846755
PACE-FLU-SEV,2025/2026,40,45,5,Hospitalizations,State,Jigawa,6979080,2,0.028657072278867702,4,0.057314144557735404,7,0.10029975297603695,12,0.17194243367320622,18,0.2579136505098093,28,0.4011990119041478,34,0.48717022874075094
PACE-FLU-SEV,2025/2026,40,45,5,Hospitalizations,State,Kaduna,8324285,4,0.04805217505167111,5,0.06006521881458888,9,0.10811739386625999,17,0.2042217439696022,26,0.3123391378358622,40,0.48052175051671103,49.65000000000009,0.5964476228288687
PACE-FLU-SEV,2025/2026,40,45,5,Hospitalizations,State,Kano,16253549,9,0.05537252202580495,12,0.07383002936773993,19,0.11689754649892156,31,0.1907275758666615,51,0.31377762481289473,74,0.4552851811010629,92,0.5660302251526728
PACE-FLU-SEV,2025/2026,40,45,5,Hospitalizations,State,Katsina,9300382,4,0.043008986082507146,5,0.05376123260313394,9,0.09677021868564109,15,0.1612836978094018,24,0.2580539164950429,37,0.39783312126319115,47,0.505355586469459
PACE-FLU-SEV,2025/2026,40,45,5,Hospitalizations,State,Kebbi,6001610,2,0.033324391288337626,3,0.04998658693250645,6,0.0999731738650129,10,0.16662195644168815,16,0.266595130306701,24,0.3998926954600516,28,0.4665414780367268
PACE-FLU-SEV,2025/2026,40,45,5,Hospitalizations,State,Kogi,5053734,2,0.039574698628776266,3,0.0593620479431644,6,0.1187240958863288,11,0.21766084245826947,17,0.33638493834459826,26,0.5144710821740914,32,0.6331951780604202
PACE-FLU-SEV,2025/2026,40,45,5,Hospitalizations,State,Kwara,4259613,2,0.046952622221784,3,0.070428933332676,5,0.11738155555445999,9,0.211286799998028,14,0.32866835555248797,22,0.516478844439624,28,0.6573367111049759
PACE-FLU-SEV,2025/2026,40,45,5,Hospitalizations,State,Lagos,15772884,9,0.0570599517501048,13,0.08241993030570693,22,0.13947988205581174,35,0.22189981236151868,57,0.3613796944173304,85,0.5388995443065453,113,0.7164193941957603
PACE-FLU-SEV,2025/2026,40,45,5,Hospitalizations,State,Nasarawa,3632239,1,0.02753122798362112,2,0.05506245596724224,4,0.11012491193448448,7,0.19271859588534784,11,0.3028435078198323,17,0.46803087572155905,21.65000000000009,0.5960510858453998
PACE-FLU-SEV,2025/2026,40,45,5,Hospitalizations,State,Niger,6720617,3,0.04463875861397845,4,0.05951834481863793,8,0.11903668963727586,13,0.19343462066057326,22,0.32735089650250865,33,0.49102634475376294,41.65000000000009,0.6197347654240688
PACE-FLU-SEV,2025/2026,40,45,5,Hospitalizations,State,Ogun,6445275,3,0.04654572535694753,4,0.06206096714259671,8,0.12412193428519341,13,0.2016981432134393,21,0.32582007749863273,32.63333333333344,0.5063140569383532,42,0.6516401549972655
PACE-FLU-SEV,2025/2026,40,45,5,Hospitalizations,State,Ondo,5469707,2,0.03656502990013907,4,0.07313005980027815,7,0.12797760465048677,11,0.20110766445076492,18,0.3290852691012517,27,0.49362790365187753,33,0.6033229933522948
PACE-FLU-SEV,2025/2026,40,45,5,Hospitalizations,State,Osun,4237396,2,0.047198798507385196,3,0.07079819776107779,5,0.117996996268463,8,0.18879519402954079,14,0.3303915895516964,21,0.49558738432754457,27,0.6371837798497001
PACE-FLU-SEV,2025/2026,40,45,5,Hospitalizations,State,Oyo,7512855,3,0.03993155731076934,5,0.0665525955179489,9,0.11979467193230803,15.500000000000114,0.2063130461056431,25,0.3327629775897445,39,0.5191102450400015,48,0.6389049169723094
PACE-FLU-SEV,2025/2026,40,45,5,Hospitalizations,State,Plateau,5400974,2,0.0370303578576753,3,0.05554553678651295,6,0.1110910735730259,10,0.1851517892883765,16,0.2962428628614024,24,0.4443642942921036,30,0.5554553678651295
PACE-FLU-SEV,2025/2026,40,45,5,Hospitalizations,State,Rivers,7234973,3,0.041465254949811146,5,0.06910875824968525,9,0.12439576484943345,14,0.1935045230991187,24,0.33172203959848917,35,0.4837613077477967,43,0.5943353209472931
PACE-FLU-SEV,2025/2026,40,45,5,Hospitalizations,State,Sokoto,6163187,2,0.03245074342219374,3,0.04867611513329062,6,0.09735223026658124,11,0.1784790888220656,18,0.2920566907997437,27,0.43808503619961553,33,0.5354372664661968
PACE-FLU-SEV,2025/2026,40,45,5,Hospitalizations,State,Taraba,4331885,1,0.023084638673464324,2,0.04616927734692865,4,0.0923385546938573,8,0.1846771093877146,12,0.27701566408157186,18,0.41552349612235784,23,0.5309466894896794
PACE-FLU-SEV,2025/2026,40,45,5,Hospitalizations,State,Yobe,4350401,1,0.022986386772161922,2,0.045972773544323844,4,0.09194554708864769,7,0.16090470740513346,11,0.2528502544937811,17,0.39076857512675267,21,0.4827141222154004
PACE-FLU-SEV,2025/2026,40,45,5,Hospitalizations,State,Zamfara,5517793,2,0.036246376042015346,3,0.054369564063023026,5,0.09061594010503837,9,0.16310869218906907,15,0.2718478203151151,22,0.39871013646216885,28,0.5074492645882149
PACE-FLU-SEV,2025/2026,40,45,5,Hospitalizations,Zone,NC,36557326,46,0.12582977212282978,54,0.14771321075288713,69,0.18874465818424466,89,0.24345325475938803,114,0.31183900047831725,142,0.388431035683518,164,0.4486104919161757
PACE-FLU-SEV,2025/2026,40,45,5,Hospitalizations,Zone,NE,32734949,35,0.10691936621010163,41,0.12524840041754762,51,0.15579679076329095,66,0.20161937628190593,84.58333333333326,0.2583884683410787,103,0.3146484205611562,118,0.3604710060797712
PACE-FLU-SEV,2025/2026,40,45,5,Hospitalizations,Zone,NW,58539886,65.35000000000001,0.11163328879731677,76,0.1298260129854028,95,0.16228251623175352,121,0.206696678568865,154,0.26306849999673726,190.63333333333344,0.32564691590505224,216.6500000000001,0.37008954885904644
PACE-FLU-SEV,2025/2026,40,45,5,Hospitalizations,Zone,SE,27612828,30,0.1086451557949805,36,0.1303741869539766,46,0.1665892388856368,61,0.22091181678312702,82,0.2969634258396134,107,0.3875010556687638,123.65000000000009,0.44779911713497833
PACE-FLU-SEV,2025/2026,40,45,5,Hospitalizations,Zone,SS,31220652,37,0.1185112982265713,42,0.13452633852745932,55,0.17616544330976816,73,0.23381958839296502,94,0.3010827576566947,119,0.38115795916113476,140,0.4484211284248644
PACE-FLU-SEV,2025/2026,40,45,5,Hospitalizations,Zone,SW,42836294,53,0.12372685648296279,61,0.14240260840491945,78,0.1820885812390773,102,0.23811583700494726,138,0.32215672065375217,179,0.41786994925377996,200.6500000000001,0.46841120289257543
PACE-FLU-SEV,2025/2026,40,46,6,Hospitalizations,Macro,North,127832161,187,0.14628556580530622,211,0.16506018387657548,250.41666666666669,0.19589488647279196,310,0.24250548342056114,382,0.29882933763436886,458,0.3582822948600548,513.3000000000002,0.4015421439992712
PACE-FLU-SEV,2025/2026,40,46,6,Hospitalizations,Macro,South,101669774,153,0.15048720379765967,169.3666666666667,0.16658507243919585,211,0.20753464053141302,264,0.25966419478811864,334,0.3285145494667865,415,0.40818424559495925,471,0.46326452933789347
PACE-FLU-SEV,2025/2026,40,46,6,Hospitalizations,National,Nigeria,229501935,377,0.16426876749426972,411.3666666666667,0.17924322366461384,480,0.20914856338792961,584,0.25446408545531435,700.5833333333333,0.30526249520873683,834,0.3633956288865277,938,0.4087111509539124
PACE-FLU-SEV,2025/2026,40,46,6,Hospitalizations,State,Abia,4841943,2,0.04130573201708488,3,0.061958598025627316,6,0.12391719605125463,11,0.22718152609396683,17,0.3510987221452215,26,0.5369745162221033,32,0.6608917122733581
PACE-FLU-SEV,2025/2026,40,46,6,Hospitalizations,State,Adamawa,5236948,2,0.03819018252615836,3,0.05728527378923755,6,0.1145705475784751,10,0.19095091263079184,17,0.3246165514723461,25,0.47737728157697956,32,0.6110429204185338
PACE-FLU-SEV,2025/2026,40,46,6,Hospitalizations,State,Akwa Ibom,5780581,3,0.05189789746048018,4,0.06919719661397358,7,0.12109509407445376,12,0.20759158984192072,19,0.3286866839163745,29,0.5016796754513084,37,0.6400740686792556
PACE-FLU-SEV,2025/2026,40,46,6,Hospitalizations,State,Anambra,7299910,4,0.054795196105157463,5,0.06849399513144683,9,0.12328919123660428,16,0.21918078442062985,24.583333333333258,0.33676214272961247,37,0.5068555639727065,48.65000000000009,0.6664465726289789
PACE-FLU-SEV,2025/2026,40,46,6,Hospitalizations,State,Bauchi,7540663,3,0.03978430013382112,5,0.06630716688970187,9,0.11935290040146337,14,0.18566006729116524,23,0.30501296769262864,36,0.4774116016058535,46,0.6100259353852573
PACE-FLU-SEV,2025/2026,40,46,6,Hospitalizations,State,Bayelsa,2394725,1,0.041758448256062806,1,0.041758448256062806,3,0.1252753447681884,5,0.208792241280314,9,0.37582603430456524,13,0.5428598273288164,17,0.7098936203530677
PACE-FLU-SEV,2025/2026,40,46,6,Hospitalizations,State,Benue,6687706,3,0.04485843127673376,5,0.0747640521278896,9,0.13457529383020128,15,0.22429215638366878,25,0.37382026063944795,38,0.5682067961719609,48,0.7177349004277401
PACE-FLU-SEV,2025/2026,40,46,6,Hospitalizations,State,Borno,6651590,2,0.030067998779239248,3,0.045101998168858876,6,0.09020399633771775,12,0.1804079926754355,19,0.2856459884027729,28,0.4209519829093495,36,0.5412239780263065
PACE-FLU-SEV,2025/2026,40,46,6,Hospitalizations,State,Cross River,4175020,2,0.047903962136708327,3,0.07185594320506249,5,0.11975990534177082,9,0.21556782961518747,15,0.35927971602531245,24,0.5748475456404999,30,0.7185594320506249
PACE-FLU-SEV,2025/2026,40,46,6,Hospitalizations,State,Delta,6107543,3,0.04911958867911368,5,0.08186598113185613,8,0.13098556981096982,13,0.21285155094282596,22,0.360210316980167,33,0.5403154754702505,44,0.720420633960334
PACE-FLU-SEV,2025/2026,40,46,6,Hospitalizations,State,Ebonyi,4007155,1,0.024955361097836245,2,0.04991072219567249,4,0.09982144439134498,8,0.19964288878268996,13,0.3244196942718712,21,0.5240625830545611,26,0.6488393885437423
PACE-FLU-SEV,2025/2026,40,46,6,Hospitalizations,State,Edo,5527810,3,0.05427104043011609,4,0.07236138724015478,7,0.12663242767027086,12,0.21708416172046435,19,0.3437165893907352,30,0.5427104043011609,38,0.6874331787814704
PACE-FLU-SEV,2025/2026,40,46,6,Hospitalizations,State,Ekiti,3398177,1,0.029427543062059452,2,0.058855086124118904,4,0.11771017224823781,7,0.20599280143441617,12,0.3531305167447134,18,0.5296957751170701,23,0.6768334904273674
PACE-FLU-SEV,2025/2026,40,46,6,Hospitalizations,State,Enugu,5396098,2,0.037063819078156104,3,0.05559572861723416,7,0.12972336677354637,11,0.20385100492985858,19,0.352106281242483,28,0.5188934670941855,35,0.6486168338677318
PACE-FLU-SEV,2025/2026,40,46,6,Hospitalizations,State,FCT,4802443,3,0.06246820628584243,5,0.10411367714307072,8,0.16658188342891317,14,0.29151829600059803,23,0.4789229148581253,35,0.728795740001495,45,0.9370230942876365
PACE-FLU-SEV,2025/2026,40,46,6,Hospitalizations,State,Gombe,4623462,2,0.0432576281582935,3,0.06488644223744025,5,0.10814407039573376,9,0.19465932671232078,15,0.3244322111872013,21,0.4542050956620818,27,0.5839779801369623
PACE-FLU-SEV,2025/2026,40,46,6,Hospitalizations,State,Imo,6067722,3,0.04944194872474382,4,0.06592259829965842,7,0.11536454702440224,13,0.21424844447388988,21,0.3460936410732067,33,0.543861435972182,42,0.6921872821464135
PACE-FLU-SEV,2025/2026,40,46,6,Hospitalizations,State,Jigawa,6979080,2,0.028657072278867702,4,0.057314144557735404,7,0.10029975297603695,12,0.17194243367320622,20,0.286570722788677,31,0.4441846203224494,39,0.5588129094379202
PACE-FLU-SEV,2025/2026,40,46,6,Hospitalizations,State,Kaduna,8324285,4,0.04805217505167111,6,0.07207826257750666,11,0.13214348139209553,18,0.21623478773251997,29,0.3483782691246155,44,0.5285739255683821,56,0.6727304507233954
PACE-FLU-SEV,2025/2026,40,46,6,Hospitalizations,State,Kano,16253549,9,0.05537252202580495,13,0.07998253181505159,21,0.1292025513935449,34,0.20918508320859647,55,0.33838763460214133,84,0.5168102055741796,106,0.6521652594150361
PACE-FLU-SEV,2025/2026,40,46,6,Hospitalizations,State,Katsina,9300382,4,0.043008986082507146,5,0.05376123260313394,9,0.09677021868564109,16,0.17203594433002858,27,0.29031065605692324,39.63333333333344,0.42614737043417616,50,0.5376123260313393
PACE-FLU-SEV,2025/2026,40,46,6,Hospitalizations,State,Kebbi,6001610,2,0.033324391288337626,4,0.06664878257667525,6,0.0999731738650129,11,0.18328415208585697,17,0.28325732595086983,26,0.43321708674838916,34,0.5665146519017397
PACE-FLU-SEV,2025/2026,40,46,6,Hospitalizations,State,Kogi,5053734,3,0.0593620479431644,4,0.07914939725755253,7,0.13851144520071693,11,0.21766084245826947,19,0.37595963697337453,29,0.5738331301172559,37,0.732131924632361
PACE-FLU-SEV,2025/2026,40,46,6,Hospitalizations,State,Kwara,4259613,2,0.046952622221784,3,0.070428933332676,5,0.11738155555445999,9,0.211286799998028,15,0.35214466666337996,23,0.539955155550516,28,0.6573367111049759
PACE-FLU-SEV,2025/2026,40,46,6,Hospitalizations,State,Lagos,15772884,11,0.06973994102790587,15,0.095099919583508,24,0.1521598713336128,39,0.2472597909171208,65,0.41209965152853467,96,0.6086394853344512,127.65000000000009,0.8093003156556537
PACE-FLU-SEV,2025/2026,40,46,6,Hospitalizations,State,Nasarawa,3632239,2,0.05506245596724224,2,0.05506245596724224,4,0.11012491193448448,8,0.22024982386896896,13,0.35790596378707457,20,0.5506245596724224,24,0.6607494716069069
PACE-FLU-SEV,2025/2026,40,46,6,Hospitalizations,State,Niger,6720617,3,0.04463875861397845,5,0.07439793102329742,8,0.11903668963727586,14,0.20831420686523275,24,0.3571100689118276,37,0.5505446895724009,46,0.6844609654143362
PACE-FLU-SEV,2025/2026,40,46,6,Hospitalizations,State,Ogun,6445275,3,0.04654572535694753,5,0.07757620892824589,8,0.12412193428519341,14,0.2172133849990885,23,0.35685056106993107,35,0.5430334624977212,45,0.6981858803542129
PACE-FLU-SEV,2025/2026,40,46,6,Hospitalizations,State,Ondo,5469707,3,0.05484754485020861,4,0.07313005980027815,7,0.12797760465048677,12,0.21939017940083444,20,0.36565029900139073,30,0.5484754485020861,40,0.7313005980027815
PACE-FLU-SEV,2025/2026,40,46,6,Hospitalizations,State,Osun,4237396,2,0.047198798507385196,3,0.07079819776107779,5,0.117996996268463,9,0.21239459328323337,15,0.353990988805389,23,0.5427861828349297,29,0.6843825783570854
PACE-FLU-SEV,2025/2026,40,46,6,Hospitalizations,State,Oyo,7512855,4,0.05324207641435912,6,0.07986311462153868,10,0.1331051910358978,17,0.22627882476102626,27,0.3593840157969241,42,0.5590418023507708,53,0.7054575124902583
PACE-FLU-SEV,2025/2026,40,46,6,Hospitalizations,State,Plateau,5400974,2,0.0370303578576753,4,0.0740607157153506,6,0.1110910735730259,11,0.20366696821721417,18,0.3332732207190777,28,0.5184250100074542,36,0.6665464414381554
PACE-FLU-SEV,2025/2026,40,46,6,Hospitalizations,State,Rivers,7234973,4,0.055287006599748195,6,0.08293050989962229,9,0.12439576484943345,16,0.22114802639899278,26,0.35936554289836325,38,0.5252265626976078,48,0.6634440791969783
PACE-FLU-SEV,2025/2026,40,46,6,Hospitalizations,State,Sokoto,6163187,3,0.04867611513329062,4,0.06490148684438748,7,0.1135776019776781,12,0.19470446053316248,20,0.32450743422193745,30,0.48676115133290615,39,0.6327894967327781
PACE-FLU-SEV,2025/2026,40,46,6,Hospitalizations,State,Taraba,4331885,2,0.04616927734692865,2,0.04616927734692865,5,0.11542319336732161,9,0.20776174806117892,14,0.3231849414285005,22,0.5078620508162152,28,0.646369882857001
PACE-FLU-SEV,2025/2026,40,46,6,Hospitalizations,State,Yobe,4350401,1,0.022986386772161922,2,0.045972773544323844,4,0.09194554708864769,7,0.16090470740513346,12,0.2758366412659431,19,0.4367413486710765,24,0.5516732825318862
PACE-FLU-SEV,2025/2026,40,46,6,Hospitalizations,State,Zamfara,5517793,2,0.036246376042015346,3,0.054369564063023026,6,0.10873912812604605,10,0.18123188021007675,17,0.3080941963571305,26,0.4712028885461995,33,0.5980652046932533
PACE-FLU-SEV,2025/2026,40,46,6,Hospitalizations,Zone,NC,36557326,51,0.13950692126661562,58,0.1586549300679158,75,0.20515723715678766,97,0.2653366933894454,127,0.34739958825216044,162,0.4431396322586614,184,0.5033190884913191
PACE-FLU-SEV,2025/2026,40,46,6,Hospitalizations,Zone,NE,32734949,35,0.10691936621010163,42,0.12830323945212196,54,0.16496130786701393,72,0.2199484104893519,93,0.2841000302154129,117,0.35741616704519685,134,0.4093484306329605
PACE-FLU-SEV,2025/2026,40,46,6,Hospitalizations,Zone,NW,58539886,68,0.1161601168816762,79.3666666666667,0.13557707759572113,102,0.1742401753225143,133,0.22719552272445492,172,0.29381676623012215,221.63333333333344,0.37860226330699287,255.6500000000001,0.43671079236471366
PACE-FLU-SEV,2025/2026,40,46,6,Hospitalizations,Zone,SE,27612828,32,0.11588816618131254,38,0.13761719734030864,51,0.18469676485146685,66,0.23901934274895711,90,0.3259354673849415,114,0.4128515920209259,135,0.4889032010774123
PACE-FLU-SEV,2025/2026,40,46,6,Hospitalizations,Zone,SS,31220652,39,0.12491731434692652,45.3666666666667,0.14530979899672403,58,0.18577446749030097,79,0.2530376367540306,102,0.3267068221381155,131,0.419594055883266,151,0.48365421708681805
PACE-FLU-SEV,2025/2026,40,46,6,Hospitalizations,Zone,SW,42836294,56,0.13073026345369654,65,0.15174048436589777,84,0.1960953951805448,113,0.26379499589763766,151,0.3525048175269317,197,0.4598903910781824,235,0.5486002127074765
PACE-FLU-SEV,2025/2026,40,47,7,Hospitalizations,Macro,North,127832161,206,0.16114880511172772,230.3666666666667,0.1802102576257525,274,0.21434355631365726,339,0.2651914802566781,420,0.32855581624721186,509,0.398178358261502,577.6500000000001,0.45188158870286177
PACE-FLU-SEV,2025/2026,40,47,7,Hospitalizations,Macro,South,101669774,156.35000000000002,0.15378218505728164,180.3666666666667,0.1774044138887008,220.41666666666669,0.21679665252985286,280,0.2754014187146713,362,0.35605469133825357,464,0.4563794938700267,535,0.5262134250441041
PACE-FLU-SEV,2025/2026,40,47,7,Hospitalizations,National,Nigeria,229501935,398,0.17341901714249164,439,0.1912837902652106,518,0.22570615798947402,624,0.2718931324043085,765,0.3333305228995128,938,0.4087111509539124,1048.3000000000002,0.4567717479157638
PACE-FLU-SEV,2025/2026,40,47,7,Hospitalizations,State,Abia,4841943,2,0.04130573201708488,4,0.08261146403416976,6,0.12391719605125463,11,0.22718152609396683,19,0.39240445416230635,28,0.5782802482391882,36,0.7435031763075278
PACE-FLU-SEV,2025/2026,40,47,7,Hospitalizations,State,Adamawa,5236948,2,0.03819018252615836,3.3666666666667027,0.06428680725236727,6,0.1145705475784751,11,0.21004600389387101,19,0.3628067339985045,28,0.5346625553662171,36,0.6874232854708506
PACE-FLU-SEV,2025/2026,40,47,7,Hospitalizations,State,Akwa Ibom,5780581,3,0.05189789746048018,4,0.06919719661397358,8,0.13839439322794717,13,0.22489088899541412,21,0.36328528222336126,32,0.5535775729117887,43.65000000000009,0.7551144080499883
PACE-FLU-SEV,2025/2026,40,47,7,Hospitalizations,State,Anambra,7299910,3,0.04109639707886809,5,0.06849399513144683,9,0.12328919123660428,16,0.21918078442062985,27,0.3698675737098129,41,0.561650760077864,53,0.7260363483933363
PACE-FLU-SEV,2025/2026,40,47,7,Hospitalizations,State,Bauchi,7540663,4,0.0530457335117615,5,0.06630716688970187,9,0.11935290040146337,16,0.212182934047046,26,0.34479726782644976,38,0.5039344683617343,47,0.6232873687631976
PACE-FLU-SEV,2025/2026,40,47,7,Hospitalizations,State,Bayelsa,2394725,1,0.041758448256062806,1,0.041758448256062806,3,0.1252753447681884,5,0.208792241280314,9,0.37582603430456524,14,0.5846182755848792,18,0.7516520686091305
PACE-FLU-SEV,2025/2026,40,47,7,Hospitalizations,State,Benue,6687706,4,0.059811241702311675,6,0.08971686255346752,10,0.1495281042557792,16,0.2392449668092467,26,0.3887730710650259,40,0.5981124170231168,49,0.732687710853318
PACE-FLU-SEV,2025/2026,40,47,7,Hospitalizations,State,Borno,6651590,3,0.045101998168858876,4,0.060135997558478496,8,0.12027199511695699,13,0.1954419920650551,21,0.3157139871820121,33,0.4961219798574476,41,0.6163939749744046
PACE-FLU-SEV,2025/2026,40,47,7,Hospitalizations,State,Cross River,4175020,2,0.047903962136708327,3,0.07185594320506249,5,0.11975990534177082,10,0.23951981068354164,16,0.3832316970936666,25,0.5987995267088541,30.65000000000009,0.7341282197450573
PACE-FLU-SEV,2025/2026,40,47,7,Hospitalizations,State,Delta,6107543,3,0.04911958867911368,5,0.08186598113185613,9,0.14735876603734105,14,0.22922474716919716,24,0.39295670943290945,37,0.6058082603757354,47,0.7695402226394477
PACE-FLU-SEV,2025/2026,40,47,7,Hospitalizations,State,Ebonyi,4007155,2,0.04991072219567249,2,0.04991072219567249,5,0.12477680548918123,8,0.19964288878268996,14,0.3493750553697074,22,0.5490179441523974,28,0.6987501107394148
PACE-FLU-SEV,2025/2026,40,47,7,Hospitalizations,State,Edo,5527810,3,0.05427104043011609,4,0.07236138724015478,7,0.12663242767027086,13,0.23517450853050303,21,0.3798972830108126,32,0.5788910979212383,42,0.7597945660216252
PACE-FLU-SEV,2025/2026,40,47,7,Hospitalizations,State,Ekiti,3398177,1,0.029427543062059452,2,0.058855086124118904,4,0.11771017224823781,8,0.23542034449647561,13,0.3825580598067729,19.63333333333344,0.5777607621184371,25,0.7356885765514862
PACE-FLU-SEV,2025/2026,40,47,7,Hospitalizations,State,Enugu,5396098,2,0.037063819078156104,4,0.07412763815631221,7,0.12972336677354637,12,0.22238291446893663,20,0.37063819078156107,31,0.5744891957114197,39,0.722744472024044
PACE-FLU-SEV,2025/2026,40,47,7,Hospitalizations,State,FCT,4802443,4,0.08329094171445658,5,0.10411367714307072,9,0.1874046188575273,15,0.31234103142921216,24,0.49974565028673945,38,0.7912639462873375,48,0.9994913005734789
PACE-FLU-SEV,2025/2026,40,47,7,Hospitalizations,State,Gombe,4623462,2,0.0432576281582935,3,0.06488644223744025,6,0.1297728844748805,10,0.21628814079146752,17,0.36768983934549476,25.63333333333344,0.554418600895464,31.65000000000009,0.6845519656049966
PACE-FLU-SEV,2025/2026,40,47,7,Hospitalizations,State,Imo,6067722,3,0.04944194872474382,5,0.08240324787457302,8,0.13184519659931684,14,0.23072909404880448,23,0.37905494022303593,33,0.543861435972182,45,0.7416292308711573
PACE-FLU-SEV,2025/2026,40,47,7,Hospitalizations,State,Jigawa,6979080,3,0.042985608418301555,4,0.057314144557735404,8,0.11462828911547081,13,0.18627096981264007,22,0.3152277950675447,34,0.48717022874075094,43,0.6161270539956556
PACE-FLU-SEV,2025/2026,40,47,7,Hospitalizations,State,Kaduna,8324285,5,0.06006521881458888,7,0.08409130634042443,12,0.14415652515501332,20,0.24026087525835552,34,0.4084434879392044,52,0.6246782756717244,67,0.804873932115491
PACE-FLU-SEV,2025/2026,40,47,7,Hospitalizations,State,Kano,16253549,10,0.06152502447311661,14,0.08613503426236326,24,0.14766005873547985,38,0.23379509299784312,62,0.381455151733323,95,0.5844877324946078,124,0.762910303466646
PACE-FLU-SEV,2025/2026,40,47,7,Hospitalizations,State,Katsina,9300382,4,0.043008986082507146,6,0.06451347912376072,11,0.11827471172689466,18,0.19354043737128218,29,0.3118151490981768,46,0.4946033399488322,59,0.6343825447169804
PACE-FLU-SEV,2025/2026,40,47,7,Hospitalizations,State,Kebbi,6001610,3,0.04998658693250645,4,0.06664878257667525,7,0.1166353695091817,11,0.18328415208585697,19,0.31658171723920747,29,0.4832036736808956,38,0.6331634344784149
PACE-FLU-SEV,2025/2026,40,47,7,Hospitalizations,State,Kogi,5053734,3,0.0593620479431644,4,0.07914939725755253,7,0.13851144520071693,12,0.2374481917726576,20,0.39574698628776267,31,0.6134078287460322,41,0.8112813218899135
PACE-FLU-SEV,2025/2026,40,47,7,Hospitalizations,State,Kwara,4259613,2,0.046952622221784,3,0.070428933332676,5,0.11738155555445999,9,0.211286799998028,16,0.375620977774272,24,0.563431466661408,30,0.7042893333267599
PACE-FLU-SEV,2025/2026,40,47,7,Hospitalizations,State,Lagos,15772884,12,0.0760799356668064,16,0.10143991422240853,25,0.15849986597251334,43,0.27261976947272293,69,0.4374596300841368,107,0.678379426362357,143.30000000000018,0.9085212317544477
PACE-FLU-SEV,2025/2026,40,47,7,Hospitalizations,State,Nasarawa,3632239,2,0.05506245596724224,3,0.08259368395086336,5,0.1376561399181056,9,0.24778105185259008,15,0.4129684197543168,23,0.6332182436232858,29,0.7984056115250125
PACE-FLU-SEV,2025/2026,40,47,7,Hospitalizations,State,Niger,6720617,3,0.04463875861397845,5,0.07439793102329742,9,0.13391627584193536,15,0.22319379306989223,24,0.3571100689118276,37,0.5505446895724009,50,0.7439793102329741
PACE-FLU-SEV,2025/2026,40,47,7,Hospitalizations,State,Ogun,6445275,3,0.04654572535694753,5,0.07757620892824589,9,0.13963717607084258,15,0.23272862678473766,24.583333333333258,0.3814163605638744,39,0.6050944296403179,48,0.7447316057111605
PACE-FLU-SEV,2025/2026,40,47,7,Hospitalizations,State,Ondo,5469707,3,0.05484754485020861,4,0.07313005980027815,8,0.1462601196005563,13,0.237672694350904,21,0.3839328139514603,33,0.6033229933522948,42,0.7678656279029206
PACE-FLU-SEV,2025/2026,40,47,7,Hospitalizations,State,Osun,4237396,2,0.047198798507385196,3,0.07079819776107779,5,0.117996996268463,10,0.235993992536926,15,0.353990988805389,24,0.5663855820886223,30,0.707981977610778
PACE-FLU-SEV,2025/2026,40,47,7,Hospitalizations,State,Oyo,7512855,5,0.0665525955179489,7,0.09317363372512846,11,0.1464157101394876,18,0.23958934386461606,30,0.3993155731076934,46,0.6122838787651299,58,0.7720101080082072
PACE-FLU-SEV,2025/2026,40,47,7,Hospitalizations,State,Plateau,5400974,3,0.05554553678651295,4,0.0740607157153506,7,0.12960625250186356,12,0.2221821471460518,20,0.370303578576753,31,0.5739705467939672,40,0.740607157153506
PACE-FLU-SEV,2025/2026,40,47,7,Hospitalizations,State,Rivers,7234973,4,0.055287006599748195,5.366666666666703,0.07417673385466267,10,0.1382175164993705,17,0.23496977804892982,28,0.3870090461982374,42,0.5805135692973561,52,0.7187310857967265
PACE-FLU-SEV,2025/2026,40,47,7,Hospitalizations,State,Sokoto,6163187,3,0.04867611513329062,4,0.06490148684438748,7.416666666666686,0.12033817352396878,13,0.21092983224425935,22,0.3569581776441312,32,0.5192118947550999,42,0.6814656118660687
PACE-FLU-SEV,2025/2026,40,47,7,Hospitalizations,State,Taraba,4331885,2,0.04616927734692865,3,0.06925391602039296,5,0.11542319336732161,9,0.20776174806117892,15,0.34626958010196485,23,0.5309466894896794,30,0.6925391602039297
PACE-FLU-SEV,2025/2026,40,47,7,Hospitalizations,State,Yobe,4350401,2,0.045972773544323844,3,0.06895916031648577,5,0.11493193386080962,8,0.18389109417729538,14,0.3218094148102669,21,0.4827141222154004,26,0.59764605607621
PACE-FLU-SEV,2025/2026,40,47,7,Hospitalizations,State,Zamfara,5517793,2,0.036246376042015346,3,0.054369564063023026,6,0.10873912812604605,11,0.19935506823108443,18,0.32621738437813813,28,0.5074492645882149,36,0.6524347687562763
PACE-FLU-SEV,2025/2026,40,47,7,Hospitalizations,Zone,NC,36557326,54,0.14771321075288713,61,0.1668612195541873,78,0.2133635266430592,103,0.2817492723619884,136,0.372018456710975,178.63333333333344,0.4886389484103226,206,0.5634985447239768
PACE-FLU-SEV,2025/2026,40,47,7,Hospitalizations,Zone,NE,32734949,41,0.12524840041754762,48,0.14663227365956794,60,0.18329034207445993,79,0.24133228373137225,103,0.3146484205611562,134,0.4093484306329605,149,0.4551710161515755
PACE-FLU-SEV,2025/2026,40,47,7,Hospitalizations,Zone,NW,58539886,78,0.13324248701133445,90,0.15374133116692437,113,0.19303078246513838,146,0.24940260389301067,193,0.3296897435024045,245,0.41851806817662746,285,0.48684754869526053
PACE-FLU-SEV,2025/2026,40,47,7,Hospitalizations,Zone,SE,27612828,34,0.12313117656764458,40,0.14486020772664068,53,0.1919397752377989,71,0.2571268687147872,97,0.3512860037371036,129,0.4671741699184162,149,0.5396042737817365
PACE-FLU-SEV,2025/2026,40,47,7,Hospitalizations,Zone,SS,31220652,40,0.1281203224071041,47,0.15054137882834734,61,0.19538349167083377,82,0.26264666093456346,110,0.3523308866195363,146,0.46763917678593003,168.6500000000001,0.540187309348953
PACE-FLU-SEV,2025/2026,40,47,7,Hospitalizations,Zone,SW,42836294,57,0.13306473244394112,68,0.1587438913366315,90,0.21010220912201227,120,0.2801362788293497,161.58333333333326,0.37721128100702,222.63333333333344,0.5197306128614521,269.6500000000001,0.6294895632194514
PACE-FLU-SEV,2025/2026,40,48,8,Hospitalizations,Macro,North,127832161,213,0.16662473538251457,239,0.18696390495972293,287,0.22451314110226142,358,0.28005471956309963,452,0.3535886403422375,564.6333333333334,0.4416989659850415,646.3000000000002,0.5055848191442216
PACE-FLU-SEV,2025/2026,40,48,8,Hospitalizations,Macro,South,101669774,162,0.15933939225634552,184.3666666666667,0.18133871987033895,229,0.22523901744878472,297,0.29212221913663344,386,0.3796605272280826,481.2666666666669,0.4733625813574317,567.6500000000001,0.5583271976192257
PACE-FLU-SEV,2025/2026,40,48,8,Hospitalizations,National,Nigeria,229501935,401,0.17472619566366618,450,0.196076778176184,541,0.23572785998514567,660,0.2875792746584032,817.5833333333333,0.35624245753454464,1023,0.445747875720525,1164.9000000000005,0.5075774197720819
PACE-FLU-SEV,2025/2026,40,48,8,Hospitalizations,State,Abia,4841943,2,0.04130573201708488,3,0.061958598025627316,7,0.14457006205979706,12,0.24783439210250927,20,0.4130573201708488,30,0.6195859802562732,39,0.8054617743331551
PACE-FLU-SEV,2025/2026,40,48,8,Hospitalizations,State,Adamawa,5236948,2,0.03819018252615836,4,0.07638036505231673,7,0.13366563884155427,12,0.2291410951569502,19,0.3628067339985045,30,0.5728527378923755,38,0.725613467997009
PACE-FLU-SEV,2025/2026,40,48,8,Hospitalizations,State,Akwa Ibom,5780581,3,0.05189789746048018,4,0.06919719661397358,8,0.13839439322794717,13,0.22489088899541412,23,0.39788388053034807,36,0.6227747695257622,47,0.8130670602141895
PACE-FLU-SEV,2025/2026,40,48,8,Hospitalizations,State,Anambra,7299910,4,0.054795196105157463,6,0.08219279415773618,10,0.13698799026289366,17,0.2328795834469192,28,0.3835663727361022,44,0.6027471571567321,59,0.8082291425510726
PACE-FLU-SEV,2025/2026,40,48,8,Hospitalizations,State,Bauchi,7540663,4,0.0530457335117615,6,0.07956860026764224,10,0.13261433377940374,16,0.212182934047046,27,0.3580587012043901,41,0.5437187684955553,52.65000000000009,0.698214467348562
PACE-FLU-SEV,2025/2026,40,48,8,Hospitalizations,State,Bayelsa,2394725,1,0.041758448256062806,1,0.041758448256062806,3,0.1252753447681884,6,0.2505506895363768,10,0.417584482560628,15,0.6263767238409421,20,0.835168965121256
PACE-FLU-SEV,2025/2026,40,48,8,Hospitalizations,State,Benue,6687706,4,0.059811241702311675,6,0.08971686255346752,10,0.1495281042557792,17,0.2541977772348246,28,0.41867869191618173,43,0.6429708482998505,53,0.7924989525556297
PACE-FLU-SEV,2025/2026,40,48,8,Hospitalizations,State,Borno,6651590,3,0.045101998168858876,5,0.07516999694809813,8,0.12027199511695699,14,0.21047599145467474,24,0.360815985350871,36,0.5412239780263065,46,0.6915639719225027
PACE-FLU-SEV,2025/2026,40,48,8,Hospitalizations,State,Cross River,4175020,2,0.047903962136708327,3,0.07185594320506249,5,0.11975990534177082,10,0.23951981068354164,16,0.3832316970936666,25,0.5987995267088541,33,0.7904153752556874
PACE-FLU-SEV,2025/2026,40,48,8,Hospitalizations,State,Delta,6107543,3,0.04911958867911368,5,0.08186598113185613,9,0.14735876603734105,15,0.2455979433955684,24,0.39295670943290945,40,0.654927849054849,51,0.8350330075449326
PACE-FLU-SEV,2025/2026,40,48,8,Hospitalizations,State,Ebonyi,4007155,2,0.04991072219567249,3,0.07486608329350873,5,0.12477680548918123,9,0.2245982498805262,15,0.37433041646754367,23,0.5739733052502336,30,0.7486608329350873
PACE-FLU-SEV,2025/2026,40,48,8,Hospitalizations,State,Edo,5527810,3,0.05427104043011609,4,0.07236138724015478,8,0.14472277448030957,13.500000000000114,0.2442196819355244,22,0.3979876298208513,33.63333333333344,0.6084386643776367,43,0.7778849128316639
PACE-FLU-SEV,2025/2026,40,48,8,Hospitalizations,State,Ekiti,3398177,1,0.029427543062059452,2,0.058855086124118904,4,0.11771017224823781,8,0.23542034449647561,13,0.3825580598067729,21,0.6179784043032485,27,0.7945436626756052
PACE-FLU-SEV,2025/2026,40,48,8,Hospitalizations,State,Enugu,5396098,3,0.05559572861723416,4,0.07412763815631221,7,0.12972336677354637,13,0.24091482400801467,21,0.3891701003206391,33,0.6115530147895757,41.65000000000009,0.7718540323026025
PACE-FLU-SEV,2025/2026,40,48,8,Hospitalizations,State,FCT,4802443,4,0.08329094171445658,5,0.10411367714307072,9,0.1874046188575273,16,0.33316376685782634,25,0.5205683857153536,39,0.8120866817159517,49,1.020314036002093
PACE-FLU-SEV,2025/2026,40,48,8,Hospitalizations,State,Gombe,4623462,2,0.0432576281582935,3,0.06488644223744025,6,0.1297728844748805,11,0.23791695487061426,19,0.4109474675037883,28,0.6056067942161091,36,0.7786373068492831
PACE-FLU-SEV,2025/2026,40,48,8,Hospitalizations,State,Imo,6067722,3,0.04944194872474382,4,0.06592259829965842,8,0.13184519659931684,15,0.24720974362371909,24,0.39553558979795056,37,0.6097840342718404,47,0.7745905300209864
PACE-FLU-SEV,2025/2026,40,48,8,Hospitalizations,State,Jigawa,6979080,3,0.042985608418301555,5,0.07164268069716925,8,0.11462828911547081,15,0.21492804209150776,24,0.34388486734641244,37,0.5301558371590525,48,0.6877697346928249
PACE-FLU-SEV,2025/2026,40,48,8,Hospitalizations,State,Kaduna,8324285,5,0.06006521881458888,7,0.08409130634042443,12,0.14415652515501332,21,0.2522739190212733,36,0.43246957546503995,55,0.6607174069604776,69,0.8289000196413265
PACE-FLU-SEV,2025/2026,40,48,8,Hospitalizations,State,Kano,16253549,11,0.06767752692042828,15,0.09228753670967492,24,0.14766005873547985,40,0.24610009789246645,67,0.4122176639698813,106,0.6521652594150361,134.6500000000001,0.8284344545305157
PACE-FLU-SEV,2025/2026,40,48,8,Hospitalizations,State,Katsina,9300382,5,0.05376123260313394,6,0.06451347912376072,11,0.11827471172689466,20,0.21504493041253575,33,0.35482413518068395,49,0.5268600795107126,63,0.6773915307994876
PACE-FLU-SEV,2025/2026,40,48,8,Hospitalizations,State,Kebbi,6001610,3,0.04998658693250645,4,0.06664878257667525,7,0.1166353695091817,13,0.21660854337419458,21,0.3499061085275451,32,0.533190260613402,41,0.6831500214109214
PACE-FLU-SEV,2025/2026,40,48,8,Hospitalizations,State,Kogi,5053734,3,0.0593620479431644,4,0.07914939725755253,7,0.13851144520071693,13,0.2572355410870457,21,0.4155343356021508,32,0.6331951780604202,42,0.8310686712043016
PACE-FLU-SEV,2025/2026,40,48,8,Hospitalizations,State,Kwara,4259613,2,0.046952622221784,3,0.070428933332676,5,0.11738155555445999,10,0.23476311110891998,16,0.375620977774272,25,0.5869077777723,32,0.751241955548544
PACE-FLU-SEV,2025/2026,40,48,8,Hospitalizations,State,Lagos,15772884,12,0.0760799356668064,17,0.10777990886130907,26,0.16483986061141387,44,0.2789597641116235,74,0.4691596032786395,111,0.7037394049179592,144,0.9129592280016768
PACE-FLU-SEV,2025/2026,40,48,8,Hospitalizations,State,Nasarawa,3632239,2,0.05506245596724224,3,0.08259368395086336,5,0.1376561399181056,9,0.24778105185259008,15.583333333333258,0.4290283027447604,24,0.6607494716069069,31,0.8534680674922548
PACE-FLU-SEV,2025/2026,40,48,8,Hospitalizations,State,Niger,6720617,3.3500000000000085,0.049846613785609395,5,0.07439793102329742,9,0.13391627584193536,16,0.23807337927455172,27,0.40174882752580604,44,0.6547017930050173,56,0.833256827460931
PACE-FLU-SEV,2025/2026,40,48,8,Hospitalizations,State,Ogun,6445275,4,0.06206096714259671,5,0.07757620892824589,9,0.13963717607084258,16,0.24824386857038683,27,0.4189115282125278,40.63333333333344,0.6304359912235465,52.65000000000009,0.8168774800144305
PACE-FLU-SEV,2025/2026,40,48,8,Hospitalizations,State,Ondo,5469707,3,0.05484754485020861,4,0.07313005980027815,8,0.1462601196005563,13,0.237672694350904,22.583333333333258,0.41288012928906903,34,0.6216055083023643,43,0.7861481428529901
PACE-FLU-SEV,2025/2026,40,48,8,Hospitalizations,State,Osun,4237396,2,0.047198798507385196,3,0.07079819776107779,6,0.14159639552215558,10,0.235993992536926,16,0.37759038805908157,26,0.6135843805960075,33,0.7787801753718557
PACE-FLU-SEV,2025/2026,40,48,8,Hospitalizations,State,Oyo,7512855,5,0.0665525955179489,6,0.07986311462153868,11,0.1464157101394876,19,0.2528998629682058,31,0.4126260922112832,48,0.6389049169723094,63,0.8385627035261561
PACE-FLU-SEV,2025/2026,40,48,8,Hospitalizations,State,Plateau,5400974,2,0.0370303578576753,4,0.0740607157153506,7,0.12960625250186356,12,0.2221821471460518,21,0.38881875750559064,31,0.5739705467939672,40,0.740607157153506
PACE-FLU-SEV,2025/2026,40,48,8,Hospitalizations,State,Rivers,7234973,4,0.055287006599748195,6,0.08293050989962229,10,0.1382175164993705,17,0.23496977804892982,28,0.3870090461982374,44,0.6081570725972302,56,0.7740180923964748
PACE-FLU-SEV,2025/2026,40,48,8,Hospitalizations,State,Sokoto,6163187,3,0.04867611513329062,5,0.08112685855548436,8,0.12980297368877497,14,0.2271552039553562,23,0.3731835493552281,37,0.6003387533105843,48,0.7788178421326499
PACE-FLU-SEV,2025/2026,40,48,8,Hospitalizations,State,Taraba,4331885,2,0.04616927734692865,3,0.06925391602039296,5,0.11542319336732161,9,0.20776174806117892,16,0.3693542187754292,25,0.577115966836608,32,0.7387084375508584
PACE-FLU-SEV,2025/2026,40,48,8,Hospitalizations,State,Yobe,4350401,2,0.045972773544323844,3,0.06895916031648577,5,0.11493193386080962,9,0.2068774809494573,15,0.34479580158242884,23,0.5286868957597243,30,0.6895916031648577
PACE-FLU-SEV,2025/2026,40,48,8,Hospitalizations,State,Zamfara,5517793,2,0.036246376042015346,4,0.07249275208403069,7,0.12686231614705373,12,0.2174782562520921,20,0.3624637604201535,30,0.5436956406302302,39,0.7068043328192993
PACE-FLU-SEV,2025/2026,40,48,8,Hospitalizations,Zone,NC,36557326,54,0.14771321075288713,64,0.1750675090404588,81,0.2215698161293307,108,0.29542642150577425,146,0.3993727549985467,189,0.5169962376351049,220.30000000000018,0.6026151912752048
PACE-FLU-SEV,2025/2026,40,48,8,Hospitalizations,Zone,NE,32734949,42,0.12830323945212196,50,0.1527419517287166,64,0.19550969821275727,85,0.25966131793881825,110.58333333333326,0.3378142832400114,140,0.42767746484040653,163.6500000000001,0.4999244080080897
PACE-FLU-SEV,2025/2026,40,48,8,Hospitalizations,Zone,NW,58539886,82,0.14007543506319778,93,0.15886604220582184,121,0.206696678568865,158,0.26990144804860056,208,0.3553132986968919,273.63333333333344,0.46743058798121584,321,0.5483440811620303
PACE-FLU-SEV,2025/2026,40,48,8,Hospitalizations,Zone,SE,27612828,35,0.1267526817608106,43,0.15572472330613873,55,0.19918278562413094,75,0.27161288948745127,102,0.3693935297029337,136.63333333333344,0.4948183262262505,161.30000000000018,0.5841487876576792
PACE-FLU-SEV,2025/2026,40,48,8,Hospitalizations,Zone,SS,31220652,41,0.13132333046728173,48,0.15374438688852493,64,0.2049925158513666,87,0.2786617012354515,117,0.3747519430407795,152.63333333333344,0.4888857969184418,184.6500000000001,0.5914354383117948
PACE-FLU-SEV,2025/2026,40,48,8,Hospitalizations,Zone,SW,42836294,59,0.13773367042443027,70,0.16341282931712067,92.41666666666669,0.2157438425151034,129,0.30114649974155094,175,0.40853207329280167,232.63333333333344,0.5430753027638979,270.6500000000001,0.631824032209696
PACE-FLU-SEV,2025/2026,40,49,9,Hospitalizations,Macro,North,127832161,227,0.1775765959240883,252,0.19713348974832712,299,0.23390045013789604,375,0.293353407363582,472,0.36923415540162857,599,0.46858317602876165,688.6000000000004,0.5386750834948338
PACE-FLU-SEV,2025/2026,40,49,9,Hospitalizations,Macro,South,101669774,168,0.16524085122880278,193,0.1898302636140413,240,0.23605835889828966,310,0.3049087135769575,400.58333333333326,0.39400435111947163,515,0.5065418951359133,603,0.5930966267319528
PACE-FLU-SEV,2025/2026,40,49,9,Hospitalizations,National,Nigeria,229501935,423,0.18431217148561296,473,0.20609848017185564,565,0.24618528815454213,701,0.3054440477811222,865,0.3769031402719981,1075.6333333333334,0.46868159666424314,1250.6000000000004,0.5449191528603017
PACE-FLU-SEV,2025/2026,40,49,9,Hospitalizations,State,Abia,4841943,3,0.061958598025627316,4,0.08261146403416976,7,0.14457006205979706,12,0.24783439210250927,20,0.4130573201708488,31,0.6402388462648156,41,0.84676750635024
PACE-FLU-SEV,2025/2026,40,49,9,Hospitalizations,State,Adamawa,5236948,3,0.05728527378923755,4,0.07638036505231673,7,0.13366563884155427,12,0.2291410951569502,20,0.38190182526158367,32,0.6110429204185338,42,0.8019938330493257
PACE-FLU-SEV,2025/2026,40,49,9,Hospitalizations,State,Akwa Ibom,5780581,3,0.05189789746048018,4,0.06919719661397358,8,0.13839439322794717,14,0.24219018814890753,24,0.41518317968384144,36,0.6227747695257622,48.65000000000009,0.8416109038174552
PACE-FLU-SEV,2025/2026,40,49,9,Hospitalizations,State,Anambra,7299910,4,0.054795196105157463,6,0.08219279415773618,11,0.15068678928918303,18,0.24657838247320857,31,0.4246627698149703,47,0.6438435542356001,62,0.8493255396299406
PACE-FLU-SEV,2025/2026,40,49,9,Hospitalizations,State,Bauchi,7540663,4,0.0530457335117615,6,0.07956860026764224,10.416666666666686,0.1381399310202125,18,0.23870580080292675,30,0.39784300133821127,49,0.6498102355190783,63,0.8354703028102436
PACE-FLU-SEV,2025/2026,40,49,9,Hospitalizations,State,Bayelsa,2394725,1,0.041758448256062806,1,0.041758448256062806,3,0.1252753447681884,6,0.2505506895363768,10,0.417584482560628,15,0.6263767238409421,20.65000000000009,0.8623119564877008
PACE-FLU-SEV,2025/2026,40,49,9,Hospitalizations,State,Benue,6687706,4,0.059811241702311675,6,0.08971686255346752,10,0.1495281042557792,17,0.2541977772348246,29,0.4336315023417596,45,0.6728764691510063,61.65000000000009,0.92184076273688
PACE-FLU-SEV,2025/2026,40,49,9,Hospitalizations,State,Borno,6651590,3,0.045101998168858876,5,0.07516999694809813,8,0.12027199511695699,15,0.22550999084429438,25,0.37584998474049064,39,0.5863259761951654,51,0.7667339688706009
PACE-FLU-SEV,2025/2026,40,49,9,Hospitalizations,State,Cross River,4175020,2,0.047903962136708327,3,0.07185594320506249,6,0.14371188641012497,10,0.23951981068354164,17,0.4071836781620208,26,0.6227515077772082,34,0.8143673563240416
PACE-FLU-SEV,2025/2026,40,49,9,Hospitalizations,State,Delta,6107543,4,0.06549278490548491,5,0.08186598113185613,9,0.14735876603734105,16,0.26197113962193963,26,0.4257031018856519,40.63333333333344,0.6652975399982193,53,0.8677793999976751
PACE-FLU-SEV,2025/2026,40,49,9,Hospitalizations,State,Ebonyi,4007155,2,0.04991072219567249,3,0.07486608329350873,5,0.12477680548918123,10,0.24955361097836246,16,0.3992857775653799,25,0.6238840274459061,32,0.7985715551307598
PACE-FLU-SEV,2025/2026,40,49,9,Hospitalizations,State,Edo,5527810,3,0.05427104043011609,4,0.07236138724015478,8,0.14472277448030957,14,0.2532648553405417,23,0.41607797663088997,38,0.6874331787814704,47,0.8502463000718187
PACE-FLU-SEV,2025/2026,40,49,9,Hospitalizations,State,Ekiti,3398177,1,0.029427543062059452,2,0.058855086124118904,5,0.14713771531029726,8,0.23542034449647561,14,0.41198560286883235,22,0.6474059473653079,29.65000000000009,0.8725266517900654
PACE-FLU-SEV,2025/2026,40,49,9,Hospitalizations,State,Enugu,5396098,3,0.05559572861723416,5,0.09265954769539027,8,0.14825527631262442,13,0.24091482400801467,22,0.40770200985971716,34,0.6300849243286538,45,0.8339359292585123
PACE-FLU-SEV,2025/2026,40,49,9,Hospitalizations,State,FCT,4802443,4,0.08329094171445658,6,0.12493641257168486,9,0.1874046188575273,16,0.33316376685782634,27,0.5622138565725819,41.63333333333344,0.8669198850113043,55,1.145250448573778
PACE-FLU-SEV,2025/2026,40,49,9,Hospitalizations,State,Gombe,4623462,2,0.0432576281582935,4,0.086515256316587,6,0.1297728844748805,11,0.23791695487061426,19,0.4109474675037883,30,0.6488644223744026,40,0.8651525631658701
PACE-FLU-SEV,2025/2026,40,49,9,Hospitalizations,State,Imo,6067722,3,0.04944194872474382,5,0.08240324787457302,9,0.14832584617423145,15,0.24720974362371909,25,0.41201623937286513,39,0.6427453334216696,49,0.8075518291708157
PACE-FLU-SEV,2025/2026,40,49,9,Hospitalizations,State,Jigawa,6979080,4,0.057314144557735404,5,0.07164268069716925,9,0.12895682525490465,15,0.21492804209150776,26,0.37254193962528015,40,0.573141445577354,54,0.7737409515294279
PACE-FLU-SEV,2025/2026,40,49,9,Hospitalizations,State,Kaduna,8324285,5,0.06006521881458888,7,0.08409130634042443,13,0.1561695689179311,22,0.26428696278419106,38,0.4564956629908755,58,0.696756538249231,73,0.8769521946929977
PACE-FLU-SEV,2025/2026,40,49,9,Hospitalizations,State,Kano,16253549,12,0.07383002936773993,16,0.09844003915698657,26,0.15996506363010318,43,0.2645576052344014,68,0.41837016641719293,104,0.6398602545204127,140,0.8613503426236325
PACE-FLU-SEV,2025/2026,40,49,9,Hospitalizations,State,Katsina,9300382,5,0.05376123260313394,7,0.07526572564438751,12,0.12902695824752144,21,0.22579717693316254,34,0.36557638170131074,50.63333333333344,0.5444220821610708,68.65000000000009,0.7381417236410299
PACE-FLU-SEV,2025/2026,40,49,9,Hospitalizations,State,Kebbi,6001610,3,0.04998658693250645,5,0.08331097822084407,8,0.1332975651533505,13,0.21660854337419458,22,0.36656830417171393,35,0.5831768475459085,45,0.7497988039875967
PACE-FLU-SEV,2025/2026,40,49,9,Hospitalizations,State,Kogi,5053734,3,0.0593620479431644,4,0.07914939725755253,8,0.15829879451510506,13,0.2572355410870457,23,0.4551090342309271,34.63333333333344,0.6853018645883111,44,0.8706433698330779
PACE-FLU-SEV,2025/2026,40,49,9,Hospitalizations,State,Kwara,4259613,2,0.046952622221784,3,0.070428933332676,6,0.140857866665352,11,0.258239422219812,18,0.422573599996056,27,0.633860399994084,36,0.845147199992112
PACE-FLU-SEV,2025/2026,40,49,9,Hospitalizations,State,Lagos,15772884,12.350000000000009,0.07829893379042165,17,0.10777990886130907,28,0.17751984988921493,47,0.29797974802832505,74,0.4691596032786395,115,0.7290993834735613,157,0.9953791583073838
PACE-FLU-SEV,2025/2026,40,49,9,Hospitalizations,State,Nasarawa,3632239,2,0.05506245596724224,3,0.08259368395086336,6,0.16518736790172672,9,0.24778105185259008,16,0.4404996477379379,24,0.6607494716069069,31.65000000000009,0.871363365681611
PACE-FLU-SEV,2025/2026,40,49,9,Hospitalizations,State,Niger,6720617,4,0.05951834481863793,6,0.0892775172279569,10,0.14879586204659484,17,0.2529529654792112,28,0.4166284137304655,44,0.6547017930050173,56,0.833256827460931
PACE-FLU-SEV,2025/2026,40,49,9,Hospitalizations,State,Ogun,6445275,4,0.06206096714259671,6,0.09309145071389506,10,0.15515241785649178,17,0.263759110356036,27,0.4189115282125278,42,0.6516401549972655,54,0.8378230564250556
PACE-FLU-SEV,2025/2026,40,49,9,Hospitalizations,State,Ondo,5469707,3,0.05484754485020861,4,0.07313005980027815,8,0.1462601196005563,14,0.25595520930097354,23,0.4204978438515994,37,0.6764530531525729,47,0.8592782026532683
PACE-FLU-SEV,2025/2026,40,49,9,Hospitalizations,State,Osun,4237396,2,0.047198798507385196,3,0.07079819776107779,6,0.14159639552215558,10,0.235993992536926,17,0.40118978731277416,28,0.6607831791033928,36,0.8495783731329335
PACE-FLU-SEV,2025/2026,40,49,9,Hospitalizations,State,Oyo,7512855,5,0.0665525955179489,7,0.09317363372512846,12,0.15972622924307736,20,0.2662103820717956,33,0.43924713041846275,50,0.665525955179489,65,0.8651837417333357
PACE-FLU-SEV,2025/2026,40,49,9,Hospitalizations,State,Plateau,5400974,3,0.05554553678651295,4,0.0740607157153506,7,0.12960625250186356,13,0.24069732607488944,22,0.40733393643442833,32,0.5924857257228048,42,0.7776375150111813
PACE-FLU-SEV,2025/2026,40,49,9,Hospitalizations,State,Rivers,7234973,4,0.055287006599748195,6,0.08293050989962229,10,0.1382175164993705,18,0.2487915296988669,31,0.4284743011480485,49,0.6772658308469154,63,0.8707703539460341
PACE-FLU-SEV,2025/2026,40,49,9,Hospitalizations,State,Sokoto,6163187,3,0.04867611513329062,5,0.08112685855548436,9,0.14602834539987186,15,0.24338057566645308,24.583333333333258,0.39887372123113024,38,0.6165641250216811,46,0.7463670987104561
PACE-FLU-SEV,2025/2026,40,49,9,Hospitalizations,State,Taraba,4331885,2,0.04616927734692865,3,0.06925391602039296,5,0.11542319336732161,10,0.23084638673464322,17,0.3924388574488935,25,0.577115966836608,33,0.7617930762243227
PACE-FLU-SEV,2025/2026,40,49,9,Hospitalizations,State,Yobe,4350401,2,0.045972773544323844,3,0.06895916031648577,5,0.11493193386080962,9,0.2068774809494573,16,0.36778218835459076,25,0.5746596693040481,32.65000000000009,0.7505055281110888
PACE-FLU-SEV,2025/2026,40,49,9,Hospitalizations,State,Zamfara,5517793,2,0.036246376042015346,4,0.07249275208403069,7,0.12686231614705373,12,0.2174782562520921,21,0.38058694844116114,32,0.5799420166722455,42,0.7611738968823223
PACE-FLU-SEV,2025/2026,40,49,9,Hospitalizations,Zone,NC,36557326,57,0.15591950023915863,65,0.17780293886921597,86,0.23524696527311653,112,0.30636814082080294,150,0.4103144743135753,197.63333333333344,0.5406121151567088,232,0.6346197202716632
PACE-FLU-SEV,2025/2026,40,49,9,Hospitalizations,Zone,NE,32734949,43,0.13135807848669628,50.3666666666667,0.1538620593747273,68,0.2077290543510546,89,0.2718806740771156,119,0.36352584511434555,158,0.4826645674627445,184,0.5620903823616771
PACE-FLU-SEV,2025/2026,40,49,9,Hospitalizations,Zone,NW,58539886,84,0.14349190908912943,97.3666666666667,0.16632534382910602,123,0.21011315259479665,165.5000000000001,0.28271322564584445,217,0.3706874318135843,286,0.48855578570822633,341.6500000000001,0.5836191754797748
PACE-FLU-SEV,2025/2026,40,49,9,Hospitalizations,Zone,SE,27612828,37,0.13399569214714263,44,0.15934622849930474,58,0.21004730120362897,79,0.28609891026011536,107,0.3875010556687638,144.63333333333344,0.5237903677715786,168,0.6084128724518908
PACE-FLU-SEV,2025/2026,40,49,9,Hospitalizations,Zone,SS,31220652,43,0.13772934658763691,51,0.16335341106905776,67,0.2146015400318994,91,0.29147373347616184,122,0.39076698334166754,162,0.5188873057487717,196,0.6277895797948102
PACE-FLU-SEV,2025/2026,40,49,9,Hospitalizations,Zone,SW,42836294,63,0.1470715463854086,74,0.172750705278099,98,0.22877796104396894,132,0.3081499067122847,180,0.42020441824402455,240,0.5602725576586994,296,0.691002821112396
PACE-FLU-SEV,2025/2026,40,50,10,Hospitalizations,Macro,North,127832161,227.35000000000002,0.17785039243762765,256,0.2002625927602053,309,0.24172320766759156,387,0.3027407163992166,495.58333333333326,0.38768282524249376,622.2666666666669,0.4867841252145201,709.6000000000004,0.5551028743071944
PACE-FLU-SEV,2025/2026,40,50,10,Hospitalizations,Macro,South,101669774,171,0.1681915807150314,197,0.19376456959567945,249,0.24491054735697554,323,0.3176952080172815,417,0.4101513985857783,539.2666666666669,0.530410018091185,627.6500000000001,0.6173417873437981
PACE-FLU-SEV,2025/2026,40,50,10,Hospitalizations,National,Nigeria,229501935,429.35,0.18707903268876577,479.3666666666667,0.20887260347790387,583.4166666666667,0.2542099118539749,721,0.31415857125561925,904.5833333333333,0.3941506346486069,1110.2666666666669,0.48377224648091394,1272.3000000000002,0.554374410830131
PACE-FLU-SEV,2025/2026,40,50,10,Hospitalizations,State,Abia,4841943,2.3500000000000085,0.0485342351200749,4,0.08261146403416976,7,0.14457006205979706,13,0.2684872581110517,21,0.4337101861793912,32.63333333333344,0.6739718607454371,41.65000000000009,0.8601918692557945
PACE-FLU-SEV,2025/2026,40,50,10,Hospitalizations,State,Adamawa,5236948,3,0.05728527378923755,4,0.07638036505231673,7,0.13366563884155427,13,0.24823618642002937,21,0.40099691652466285,32,0.6110429204185338,41,0.7828987417862465
PACE-FLU-SEV,2025/2026,40,50,10,Hospitalizations,State,Akwa Ibom,5780581,3,0.05189789746048018,5,0.08649649576746697,8,0.13839439322794717,14,0.24219018814890753,24,0.41518317968384144,38,0.657373367832749,48,0.8303663593676829
PACE-FLU-SEV,2025/2026,40,50,10,Hospitalizations,State,Anambra,7299910,4,0.054795196105157463,6,0.08219279415773618,11,0.15068678928918303,20,0.2739759805257873,33,0.45206036786754905,49,0.6712411522881789,63,0.86302433865623
PACE-FLU-SEV,2025/2026,40,50,10,Hospitalizations,State,Bauchi,7540663,4,0.0530457335117615,6,0.07956860026764224,11,0.14587576715734413,19,0.25196723418086714,32,0.424365868094092,49,0.6498102355190783,62.65000000000009,0.8308288011279656
PACE-FLU-SEV,2025/2026,40,50,10,Hospitalizations,State,Bayelsa,2394725,1,0.041758448256062806,2,0.08351689651212561,3,0.1252753447681884,6,0.2505506895363768,10,0.417584482560628,17,0.7098936203530677,22,0.9186858616333817
PACE-FLU-SEV,2025/2026,40,50,10,Hospitalizations,State,Benue,6687706,4,0.059811241702311675,6,0.08971686255346752,10,0.1495281042557792,17,0.2541977772348246,30,0.44858431276733757,45,0.6728764691510063,60,0.8971686255346751
PACE-FLU-SEV,2025/2026,40,50,10,Hospitalizations,State,Borno,6651590,3,0.045101998168858876,5,0.07516999694809813,8,0.12027199511695699,15,0.22550999084429438,25,0.37584998474049064,40,0.601359975584785,51,0.7667339688706009
PACE-FLU-SEV,2025/2026,40,50,10,Hospitalizations,State,Cross River,4175020,2,0.047903962136708327,3,0.07185594320506249,6,0.14371188641012497,11,0.2634717917518958,19,0.4550876402987291,28.63333333333344,0.6858250579238767,38,0.9101752805974582
PACE-FLU-SEV,2025/2026,40,50,10,Hospitalizations,State,Delta,6107543,3,0.04911958867911368,5,0.08186598113185613,9,0.14735876603734105,16,0.26197113962193963,27,0.4420762981120231,43,0.7040474377339627,55,0.9005257924504174
PACE-FLU-SEV,2025/2026,40,50,10,Hospitalizations,State,Ebonyi,4007155,2,0.04991072219567249,3,0.07486608329350873,6,0.14973216658701746,10,0.24955361097836246,17,0.42424113866321617,27,0.6737947496415786,34,0.8484822773264323
PACE-FLU-SEV,2025/2026,40,50,10,Hospitalizations,State,Edo,5527810,3,0.05427104043011609,4,0.07236138724015478,8,0.14472277448030957,14,0.2532648553405417,24,0.4341683234409287,37,0.6693428319714317,50,0.9045173405019348
PACE-FLU-SEV,2025/2026,40,50,10,Hospitalizations,State,Ekiti,3398177,1,0.029427543062059452,2,0.058855086124118904,5,0.14713771531029726,8,0.23542034449647561,14,0.41198560286883235,23,0.6768334904273674,30,0.8828262918617835
PACE-FLU-SEV,2025/2026,40,50,10,Hospitalizations,State,Enugu,5396098,3,0.05559572861723416,4,0.07412763815631221,8,0.14825527631262442,14,0.25944673354709274,23,0.4262339193987952,36.63333333333344,0.678885619448228,48,0.8895316578757465
PACE-FLU-SEV,2025/2026,40,50,10,Hospitalizations,State,FCT,4802443,3,0.06246820628584243,5,0.10411367714307072,9,0.1874046188575273,16,0.33316376685782634,27,0.5622138565725819,44,0.9162003588590224,57,1.1868959194310063
PACE-FLU-SEV,2025/2026,40,50,10,Hospitalizations,State,Gombe,4623462,2,0.0432576281582935,4,0.086515256316587,7,0.15140169855402727,12,0.259545768949761,20,0.43257628158293504,30,0.6488644223744026,41,0.8867813772450168
PACE-FLU-SEV,2025/2026,40,50,10,Hospitalizations,State,Imo,6067722,4,0.06592259829965842,5,0.08240324787457302,9,0.14832584617423145,16,0.2636903931986337,26,0.42849688894777976,42,0.6921872821464135,55,0.9064357266203033
PACE-FLU-SEV,2025/2026,40,50,10,Hospitalizations,State,Jigawa,6979080,4,0.057314144557735404,5,0.07164268069716925,9,0.12895682525490465,16,0.22925657823094162,27,0.38687047576471395,43,0.6161270539956556,54,0.7737409515294279
PACE-FLU-SEV,2025/2026,40,50,10,Hospitalizations,State,Kaduna,8324285,5,0.06006521881458888,7,0.08409130634042443,13,0.1561695689179311,23,0.27630000654710885,38.58333333333326,0.4635032718525766,61,0.7327956695379844,78,0.9370174135075865
PACE-FLU-SEV,2025/2026,40,50,10,Hospitalizations,State,Kano,16253549,12,0.07383002936773993,16,0.09844003915698657,26,0.15996506363010318,45,0.27686261012902474,74,0.4552851811010629,118.63333333333344,0.729891873666074,151,0.9290278695440608
PACE-FLU-SEV,2025/2026,40,50,10,Hospitalizations,State,Katsina,9300382,5,0.05376123260313394,7,0.07526572564438751,12,0.12902695824752144,21,0.22579717693316254,35,0.3763286282219376,55,0.5913735586344733,70,0.7526572564438752
PACE-FLU-SEV,2025/2026,40,50,10,Hospitalizations,State,Kebbi,6001610,3,0.04998658693250645,4,0.06664878257667525,8,0.1332975651533505,14,0.2332707390183634,23,0.38323049981588275,36,0.5998390431900773,46,0.7664609996317655
PACE-FLU-SEV,2025/2026,40,50,10,Hospitalizations,State,Kogi,5053734,3,0.0593620479431644,4,0.07914939725755253,8,0.15829879451510506,14,0.27702289040143385,23,0.4551090342309271,36,0.7123445753179728,44.65000000000009,0.883505146887432
PACE-FLU-SEV,2025/2026,40,50,10,Hospitalizations,State,Kwara,4259613,2,0.046952622221784,3,0.070428933332676,6,0.140857866665352,11,0.258239422219812,19,0.44604991110694797,29,0.6808130222158679,38,0.8920998222138959
PACE-FLU-SEV,2025/2026,40,50,10,Hospitalizations,State,Lagos,15772884,12,0.0760799356668064,17,0.10777990886130907,28,0.17751984988921493,47,0.29797974802832505,76,0.48183959255644054,123,0.7798193405847657,161,1.020739136862986
PACE-FLU-SEV,2025/2026,40,50,10,Hospitalizations,State,Nasarawa,3632239,2,0.05506245596724224,3,0.08259368395086336,5,0.1376561399181056,9,0.24778105185259008,16,0.4404996477379379,25,0.6882806995905281,31,0.8534680674922548
PACE-FLU-SEV,2025/2026,40,50,10,Hospitalizations,State,Niger,6720617,4,0.05951834481863793,6,0.0892775172279569,10,0.14879586204659484,17,0.2529529654792112,28,0.4166284137304655,46,0.6844609654143362,58,0.86301599987025
PACE-FLU-SEV,2025/2026,40,50,10,Hospitalizations,State,Ogun,6445275,4,0.06206096714259671,6,0.09309145071389506,10,0.15515241785649178,17,0.263759110356036,28,0.434426769998177,44,0.6826706385685638,58,0.8998840235676523
PACE-FLU-SEV,2025/2026,40,50,10,Hospitalizations,State,Ondo,5469707,3,0.05484754485020861,5,0.09141257475034768,8,0.1462601196005563,14,0.25595520930097354,24,0.4387803588016689,37,0.6764530531525729,49.65000000000009,0.9077268672709542
PACE-FLU-SEV,2025/2026,40,50,10,Hospitalizations,State,Osun,4237396,2,0.047198798507385196,3,0.07079819776107779,6,0.14159639552215558,11,0.2595933917906186,18,0.42478918656646675,28,0.6607831791033928,36,0.8495783731329335
PACE-FLU-SEV,2025/2026,40,50,10,Hospitalizations,State,Oyo,7512855,5,0.0665525955179489,7,0.09317363372512846,12,0.15972622924307736,21,0.2795209011753854,34,0.4525576495220525,55,0.7320785506974379,68,0.905115299044105
PACE-FLU-SEV,2025/2026,40,50,10,Hospitalizations,State,Plateau,5400974,3,0.05554553678651295,4,0.0740607157153506,8,0.1481214314307012,14,0.2592125050037271,22,0.40733393643442833,35,0.6480312625093178,46,0.851698230726532
PACE-FLU-SEV,2025/2026,40,50,10,Hospitalizations,State,Rivers,7234973,4,0.055287006599748195,6,0.08293050989962229,11,0.15203926814930754,19,0.2626132813488039,32,0.44229605279798556,49,0.6772658308469154,63,0.8707703539460341
PACE-FLU-SEV,2025/2026,40,50,10,Hospitalizations,State,Sokoto,6163187,3,0.04867611513329062,5,0.08112685855548436,9,0.14602834539987186,16,0.25960594737754994,25,0.4056342927774218,39,0.6327894967327781,49,0.7950432138437468
PACE-FLU-SEV,2025/2026,40,50,10,Hospitalizations,State,Taraba,4331885,2,0.04616927734692865,3,0.06925391602039296,6,0.13850783204078593,10,0.23084638673464322,17,0.3924388574488935,25,0.577115966836608,32,0.7387084375508584
PACE-FLU-SEV,2025/2026,40,50,10,Hospitalizations,State,Yobe,4350401,2,0.045972773544323844,3,0.06895916031648577,5.416666666666686,0.12450959501587752,10,0.22986386772161924,16,0.36778218835459076,26,0.59764605607621,34,0.7815371502535053
PACE-FLU-SEV,2025/2026,40,50,10,Hospitalizations,State,Zamfara,5517793,3,0.054369564063023026,4,0.07249275208403069,7,0.12686231614705373,12,0.2174782562520921,21,0.38058694844116114,34,0.616188392714261,43,0.77929708490333
PACE-FLU-SEV,2025/2026,40,50,10,Hospitalizations,Zone,NC,36557326,57,0.15591950023915863,66,0.18053836869797316,87,0.2379823951018737,116,0.3173098601358316,155,0.4239916234573612,205.63333333333344,0.5624955537867662,237,0.6482968694154491
PACE-FLU-SEV,2025/2026,40,50,10,Hospitalizations,Zone,NE,32734949,45,0.13746775655584495,53,0.16190646883243962,68,0.2077290543510546,90,0.2749355131116899,122,0.3726903622180685,160.63333333333344,0.49070897692045723,190,0.5804194165691231
PACE-FLU-SEV,2025/2026,40,50,10,Hospitalizations,Zone,NW,58539886,86.35000000000001,0.14750626606959913,101,0.17253193830954847,130,0.22207081168555742,172,0.29381676623012215,226,0.38606156493027677,306,0.5227205259675429,355,0.6064241396028683
PACE-FLU-SEV,2025/2026,40,50,10,Hospitalizations,Zone,SE,27612828,37,0.13399569214714263,45,0.16296773369247075,61,0.22091181678312702,84,0.3042064362259454,115,0.4164730972140919,152,0.5504687893612346,178.6500000000001,0.6469819027591093
PACE-FLU-SEV,2025/2026,40,50,10,Hospitalizations,Zone,SS,31220652,45,0.14413536270799213,52,0.16655641912923536,68,0.217804548092077,95,0.30428576571687227,130,0.4163910478230884,171,0.5477143782903701,200.6500000000001,0.6426835672746363
PACE-FLU-SEV,2025/2026,40,50,10,Hospitalizations,Zone,SW,42836294,65.35000000000001,0.1525575485124834,75,0.17508517426834358,99,0.2311124300342135,134,0.3128188446927738,189,0.4412146391562258,253,0.590620654531879,312.6500000000001,0.7298717297999684
PACE-FLU-SEV,2025/2026,40,51,11,Hospitalizations,Macro,North,127832161,231,0.18070569893596652,259,0.20260942001911397,312,0.24407003492650023,396,0.3097811981759426,498,0.3895733249788369,633.2666666666669,0.4953891584971851,726.9500000000003,0.568675358621216
PACE-FLU-SEV,2025/2026,40,51,11,Hospitalizations,Macro,South,101669774,177,0.17409303968748863,200,0.19671529908190807,251,0.2468777003477946,330.5000000000001,0.3250720317328532,441,0.43375723447560727,571.6333333333334,0.5622451106592736,673,0.6619469814106206
PACE-FLU-SEV,2025/2026,40,51,11,Hospitalizations,National,Nigeria,229501935,437,0.1904123379177609,491,0.213941551298903,589,0.25664271632393865,737,0.3211301900352169,940.5833333333333,0.4098367769027016,1139.6333333333334,0.49656807178263374,1313.65,0.5723916881136537
PACE-FLU-SEV,2025/2026,40,51,11,Hospitalizations,State,Abia,4841943,3,0.061958598025627316,4,0.08261146403416976,7,0.14457006205979706,13,0.2684872581110517,22,0.45436305218793366,34,0.702197444290443,44,0.9087261043758673
PACE-FLU-SEV,2025/2026,40,51,11,Hospitalizations,State,Adamawa,5236948,3,0.05728527378923755,4,0.07638036505231673,7,0.13366563884155427,13,0.24823618642002937,22,0.42009200778774203,33,0.630138011681613,44,0.84018401557548406
PACE-FLU-SEV,2025/2026,40,51,11,Hospitalizations,State,Akwa Ibom,5780581,3,0.05189789746048018,5,0.08649649576746697,8,0.13839439322794717,14,0.24219018814890753,24,0.41518317968384144,38,0.657373367832749,52,0.8995635559816565
PACE-FLU-SEV,2025/2026,40,51,11,Hospitalizations,State,Anambra,7299910,4,0.054795196105157463,6.366666666666703,0.08721568713404279,11,0.15068678928918303,20,0.2739759805257873,32,0.4383615688412597,50,0.6849399513144683,67,0.9178195347613874
PACE-FLU-SEV,2025/2026,40,51,11,Hospitalizations,State,Bauchi,7540663,4,0.0530457335117615,6,0.07956860026764224,11,0.14587576715734413,19,0.25196723418086714,31,0.4111044347161516,47.63333333333344,0.6316862765692278,61,0.8089474360543628
PACE-FLU-SEV,2025/2026,40,51,11,Hospitalizations,State,Bayelsa,2394725,1,0.041758448256062806,2,0.08351689651212561,3,0.1252753447681884,6,0.2505506895363768,11,0.45934293081669086,17,0.7098936203530677,21,0.8769274133773189
PACE-FLU-SEV,2025/2026,40,51,11,Hospitalizations,State,Benue,6687706,4,0.059811241702311675,6,0.08971686255346752,11,0.16448091468135712,18,0.26915058766040256,31,0.46353712319291546,48,0.7177349004277401,63,0.9420270568114089
PACE-FLU-SEV,2025/2026,40,51,11,Hospitalizations,State,Borno,6651590,3,0.045101998168858876,5,0.07516999694809813,9,0.13530599450657663,16,0.24054399023391398,26,0.3908839841301102,38,0.5712919768055458,49.65000000000009,0.7464380696946158
PACE-FLU-SEV,2025/2026,40,51,11,Hospitalizations,State,Cross River,4175020,2,0.047903962136708327,3,0.07185594320506249,6,0.14371188641012497,11,0.2634717917518958,19,0.4550876402987291,29,0.6946074509822707,38,0.9101752805974582
PACE-FLU-SEV,2025/2026,40,51,11,Hospitalizations,State,Delta,6107543,4,0.06549278490548491,6,0.09823917735822736,10,0.16373196226371226,17,0.27834433584831086,28,0.4584494943383943,43.63333333333344,0.7144171286773329,57,0.9332721849031599
PACE-FLU-SEV,2025/2026,40,51,11,Hospitalizations,State,Ebonyi,4007155,2,0.04991072219567249,3,0.07486608329350873,6,0.14973216658701746,10,0.24955361097836246,18,0.4491964997610524,28,0.6987501107394148,36,0.8983929995221048
PACE-FLU-SEV,2025/2026,40,51,11,Hospitalizations,State,Edo,5527810,3,0.05427104043011609,5,0.09045173405019348,8,0.14472277448030957,14,0.2532648553405417,24,0.4341683234409287,37,0.6693428319714317,49,0.886426993691896
PACE-FLU-SEV,2025/2026,40,51,11,Hospitalizations,State,Ekiti,3398177,2,0.058855086124118904,3,0.08828262918617835,5,0.14713771531029726,9,0.26484788755853506,15,0.44141314593089176,23,0.6768334904273674,30,0.8828262918617835
PACE-FLU-SEV,2025/2026,40,51,11,Hospitalizations,State,Enugu,5396098,3,0.05559572861723416,5,0.09265954769539027,8,0.14825527631262442,14,0.25944673354709274,24,0.44476582893787325,37,0.685680652945888,48,0.8895316578757465
PACE-FLU-SEV,2025/2026,40,51,11,Hospitalizations,State,FCT,4802443,4,0.08329094171445658,5,0.10411367714307072,10,0.20822735428614145,16,0.33316376685782634,28,0.5830365920011961,44,0.9162003588590224,55.65000000000009,1.158785226602379
PACE-FLU-SEV,2025/2026,40,51,11,Hospitalizations,State,Gombe,4623462,3,0.06488644223744025,4,0.086515256316587,7,0.15140169855402727,12,0.259545768949761,20,0.43257628158293504,31.63333333333344,0.6841914853703446,40.65000000000009,0.8792112923173174
PACE-FLU-SEV,2025/2026,40,51,11,Hospitalizations,State,Imo,6067722,3,0.04944194872474382,5,0.08240324787457302,9,0.14832584617423145,16,0.2636903931986337,27,0.44497753852269434,43,0.708667931721328,56,0.9229163761952179
PACE-FLU-SEV,2025/2026,40,51,11,Hospitalizations,State,Jigawa,6979080,4,0.057314144557735404,5,0.07164268069716925,9,0.12895682525490465,16,0.22925657823094162,28,0.4011990119041478,44,0.6304555901350894,56,0.8023980238082956
PACE-FLU-SEV,2025/2026,40,51,11,Hospitalizations,State,Kaduna,8324285,6,0.07207826257750666,8,0.09610435010334221,14,0.16818261268084886,23,0.27630000654710885,39,0.46850870675379325,59,0.7087695820121488,80,0.9610435010334221
PACE-FLU-SEV,2025/2026,40,51,11,Hospitalizations,State,Kano,16253549,12,0.07383002936773993,16,0.09844003915698657,26,0.15996506363010318,44,0.2707101076817131,74,0.4552851811010629,116,0.7136902838881527,143,0.8798078499655675
PACE-FLU-SEV,2025/2026,40,51,11,Hospitalizations,State,Katsina,9300382,5,0.05376123260313394,7,0.07526572564438751,12,0.12902695824752144,21,0.22579717693316254,35,0.3763286282219376,55,0.5913735586344733,68,0.7311527634026215
PACE-FLU-SEV,2025/2026,40,51,11,Hospitalizations,State,Kebbi,6001610,3,0.04998658693250645,4.366666666666703,0.07275825431287108,8,0.1332975651533505,13.500000000000114,0.2249396411962809,24,0.3998926954600516,36,0.5998390431900773,48,0.7997853909201031
PACE-FLU-SEV,2025/2026,40,51,11,Hospitalizations,State,Kogi,5053734,3,0.0593620479431644,4,0.07914939725755253,8,0.15829879451510506,14,0.27702289040143385,23,0.4551090342309271,35.63333333333344,0.7050892139026993,47,0.9300054177762422
PACE-FLU-SEV,2025/2026,40,51,11,Hospitalizations,State,Kwara,4259613,2,0.046952622221784,3,0.070428933332676,6,0.140857866665352,11,0.258239422219812,19,0.44604991110694797,30,0.7042893333267599,39,0.9155761333247879
PACE-FLU-SEV,2025/2026,40,51,11,Hospitalizations,State,Lagos,15772884,12,0.0760799356668064,18,0.1141199035002096,29,0.18385984452811546,49,0.3106597373061261,81,0.5135395657509432,129,0.8178593084181688,166,1.0524391100574886
PACE-FLU-SEV,2025/2026,40,51,11,Hospitalizations,State,Nasarawa,3632239,2,0.05506245596724224,3,0.08259368395086336,6,0.16518736790172672,10,0.2753122798362112,17,0.46803087572155905,27,0.7433431555577703,33.65000000000009,0.9264258216488532
PACE-FLU-SEV,2025/2026,40,51,11,Hospitalizations,State,Niger,6720617,4,0.05951834481863793,6,0.0892775172279569,10,0.14879586204659484,18,0.2678325516838707,31,0.461267172344444,48,0.7142201378236552,63,0.9374139308935474
PACE-FLU-SEV,2025/2026,40,51,11,Hospitalizations,State,Ogun,6445275,4,0.06206096714259671,6,0.09309145071389506,10,0.15515241785649178,17,0.263759110356036,29.583333333333258,0.4589925694921203,47,0.7292163639255114,63,0.9774602324958982
PACE-FLU-SEV,2025/2026,40,51,11,Hospitalizations,State,Ondo,5469707,3,0.05484754485020861,5,0.09141257475034768,8,0.1462601196005563,15,0.27423772425104304,24,0.4387803588016689,39.63333333333344,0.7245970091877579,50,0.9141257475034769
PACE-FLU-SEV,2025/2026,40,51,11,Hospitalizations,State,Osun,4237396,2,0.047198798507385196,3,0.07079819776107779,6,0.14159639552215558,11,0.2595933917906186,19,0.44838858582015934,30,0.707981977610778,38,0.8967771716403187
PACE-FLU-SEV,2025/2026,40,51,11,Hospitalizations,State,Oyo,7512855,5,0.0665525955179489,7,0.09317363372512846,13,0.17303674834666716,21,0.2795209011753854,35,0.46586816862564234,55,0.7320785506974379,71,0.9450468563548744
PACE-FLU-SEV,2025/2026,40,51,11,Hospitalizations,State,Plateau,5400974,3,0.05554553678651295,4,0.0740607157153506,8,0.1481214314307012,14,0.2592125050037271,23,0.425849115363266,38,0.7035767992958307,50.65000000000009,0.9377938127456287
PACE-FLU-SEV,2025/2026,40,51,11,Hospitalizations,State,Rivers,7234973,5,0.06910875824968525,7,0.09675226154955935,12,0.16586101979924459,20,0.276435032998741,34,0.46993955609785965,53,0.7325528374466636,66.65000000000009,0.9212197474683056
PACE-FLU-SEV,2025/2026,40,51,11,Hospitalizations,State,Sokoto,6163187,4,0.06490148684438748,5,0.08112685855548436,9,0.14602834539987186,16,0.25960594737754994,27,0.43808503619961553,41,0.6652402401549717,52,0.8437193289770374
PACE-FLU-SEV,2025/2026,40,51,11,Hospitalizations,State,Taraba,4331885,2,0.04616927734692865,3,0.06925391602039296,6,0.13850783204078593,10,0.23084638673464322,18,0.41552349612235784,27,0.6232852441835367,36,0.8310469922447157
PACE-FLU-SEV,2025/2026,40,51,11,Hospitalizations,State,Yobe,4350401,2,0.045972773544323844,3,0.06895916031648577,5,0.11493193386080962,10,0.22986386772161924,17,0.39076857512675267,27,0.6206324428483719,35,0.8045235370256673
PACE-FLU-SEV,2025/2026,40,51,11,Hospitalizations,State,Zamfara,5517793,3,0.054369564063023026,4,0.07249275208403069,8,0.14498550416806139,13,0.23560144427309976,22,0.39871013646216885,34,0.616188392714261,43,0.77929708490333
PACE-FLU-SEV,2025/2026,40,51,11,Hospitalizations,Zone,NC,36557326,59,0.16139035989667297,69,0.18874465818424466,89,0.24345325475938803,119.50000000000011,0.326883864536482,159,0.4349333427723899,213,0.58264655352527694,253,0.6920637466755637
PACE-FLU-SEV,2025/2026,40,51,11,Hospitalizations,Zone,NE,32734949,46,0.14052259559041927,54,0.16496130786701393,69,0.21078389338562892,92,0.28104519118083854,126,0.38490971835636584,161,0.49182908456646746,189,0.5773645775345487
PACE-FLU-SEV,2025/2026,40,51,11,Hospitalizations,Zone,NW,58539886,87,0.1486166201280269,101,0.17253193830954847,131,0.22377904869852325,172,0.29381676623012215,233,0.39801922402103757,306,0.5227205259675429,370,0.6320476947973558
PACE-FLU-SEV,2025/2026,40,51,11,Hospitalizations,Zone,SE,27612828,39,0.14123870253347465,46,0.1665892388856368,61,0.22091181678312702,84.50000000000011,0.3060171888225288,118,0.42733761279359,161,0.5830623360997287,191,0.6917074918947093
PACE-FLU-SEV,2025/2026,40,51,11,Hospitalizations,Zone,SS,31220652,44,0.14093235464781453,52,0.16655641912923536,70,0.2242105642124322,97,0.3106917818372275,133,0.42600007200362117,176,0.5637294185912581,212,0.6790377087576518
PACE-FLU-SEV,2025/2026,40,51,11,Hospitalizations,Zone,SW,42836294,65,0.15174048436589777,77,0.17975411224883273,101.41666666666669,0.23675406342730465,140,0.32682565863424135,197,0.4598903910781824,268,0.6256376893855476,320.6500000000001,0.7485474817219251
PACE-FLU-SEV,2025/2026,40,52,12,Hospitalizations,Macro,North,127832161,232,0.18148797468893607,263.3666666666667,0.20602535747374773,317,0.247981413691348,404,0.316039404199699,520,0.40678339154416704,652,0.5100437909361479,752.6500000000001,0.5887798454725334
PACE-FLU-SEV,2025/2026,40,52,12,Hospitalizations,Macro,South,101669774,173,0.17015873370585047,203,0.19966602856813667,261.4166666666667,0.25712328884164404,344,0.33835031442088187,447,0.4396586934480645,582,0.5724415203283525,683.9500000000003,0.6727171440353553
PACE-FLU-SEV,2025/2026,40,52,12,Hospitalizations,National,Nigeria,229501935,430.35,0.18751475886249064,494.3666666666667,0.21540849608377666,603,0.2627428827560866,762,0.33202334437833825,960.5833333333333,0.4185513003771987,1196.6333333333334,0.5214044636849504,1335.5500000000006,0.5819340913182282
PACE-FLU-SEV,2025/2026,40,52,12,Hospitalizations,State,Abia,4841943,3,0.061958598025627316,4.366666666666703,0.09018418157063607,8,0.16522292806833952,14,0.2891401241195941,23,0.4750159181964761,36,0.7435031763075278,47,0.9706847024014946
PACE-FLU-SEV,2025/2026,40,52,12,Hospitalizations,State,Adamawa,5236948,3,0.05728527378923755,4,0.07638036505231673,7,0.13366563884155427,13,0.24823618642002937,22,0.42009200778774203,35,0.6683281942077713,47,0.8974692893647216
PACE-FLU-SEV,2025/2026,40,52,12,Hospitalizations,State,Akwa Ibom,5780581,3,0.05189789746048018,4,0.06919719661397358,8,0.13839439322794717,15,0.2594894873024009,26,0.44978177799082825,40,0.6919719661397358,52,0.8995635559816565
PACE-FLU-SEV,2025/2026,40,52,12,Hospitalizations,State,Anambra,7299910,5,0.06849399513144683,7,0.09589159318402556,12,0.16438558831547237,20,0.2739759805257873,34,0.4657591668938384,54,0.7397351474196258,69.65000000000009,0.9541213521810556
PACE-FLU-SEV,2025/2026,40,52,12,Hospitalizations,State,Bauchi,7540663,4.3500000000000085,0.057687235194040745,6,0.07956860026764224,11,0.14587576715734413,19,0.25196723418086714,33,0.4376273014720324,51,0.6763331022749591,65.65000000000009,0.8706131012617868
PACE-FLU-SEV,2025/2026,40,52,12,Hospitalizations,State,Bayelsa,2394725,1,0.041758448256062806,2,0.08351689651212561,3,0.1252753447681884,6,0.2505506895363768,11,0.45934293081669086,17,0.7098936203530677,23,0.9604443098894445
PACE-FLU-SEV,2025/2026,40,52,12,Hospitalizations,State,Benue,6687706,4,0.059811241702311675,6,0.08971686255346752,10,0.1495281042557792,19,0.28410339808598045,31,0.46353712319291546,48,0.7177349004277401,66,0.9868854880881426
PACE-FLU-SEV,2025/2026,40,52,12,Hospitalizations,State,Borno,6651590,3,0.045101998168858876,5,0.07516999694809813,9,0.13530599450657663,15,0.22550999084429438,26,0.3908839841301102,40,0.601359975584785,52.65000000000009,0.7915400678634745
PACE-FLU-SEV,2025/2026,40,52,12,Hospitalizations,State,Cross River,4175020,2,0.047903962136708327,4,0.09580792427341665,6,0.14371188641012497,11,0.2634717917518958,18,0.43113565923037495,30,0.7185594320506249,41,0.9820312238025207
PACE-FLU-SEV,2025/2026,40,52,12,Hospitalizations,State,Delta,6107543,4,0.06549278490548491,6,0.09823917735822736,11,0.1801051584900835,18,0.2947175320746821,30.583333333333258,0.5007469179231854,48,0.7859134188658189,62,1.015138166035016
PACE-FLU-SEV,2025/2026,40,52,12,Hospitalizations,State,Ebonyi,4007155,2,0.04991072219567249,3,0.07486608329350873,6,0.14973216658701746,10.500000000000114,0.2620312915272834,18,0.4491964997610524,29,0.7237054718372511,37,0.9233483606199411
PACE-FLU-SEV,2025/2026,40,52,12,Hospitalizations,State,Edo,5527810,3,0.05427104043011609,5,0.09045173405019348,9,0.16281312129034825,15,0.27135520215058045,25,0.4522586702509674,40.63333333333344,0.7350710920479075,50.65000000000009,0.9162760659284617
PACE-FLU-SEV,2025/2026,40,52,12,Hospitalizations,State,Ekiti,3398177,2,0.058855086124118904,3,0.08828262918617835,5,0.14713771531029726,9,0.26484788755853506,16,0.47084068899295123,24,0.7062610334894268,32,0.9416813779859025
PACE-FLU-SEV,2025/2026,40,52,12,Hospitalizations,State,Enugu,5396098,3,0.05559572861723416,5,0.09265954769539027,8,0.14825527631262442,14,0.25944673354709274,24,0.44476582893787325,38.63333333333344,0.715949438526384,50,0.9265954769539027
PACE-FLU-SEV,2025/2026,40,52,12,Hospitalizations,State,FCT,4802443,3,0.06246820628584243,5,0.10411367714307072,10,0.20822735428614145,17,0.35398650228644046,28,0.5830365920011961,46,0.9578458297162507,57,1.1868959194310063
PACE-FLU-SEV,2025/2026,40,52,12,Hospitalizations,State,Gombe,4623462,2.3500000000000085,0.05082771308599505,4,0.086515256316587,7,0.15140169855402727,12,0.259545768949761,20,0.43257628158293504,32,0.692122050532696,42.65000000000009,0.9224689204756109
PACE-FLU-SEV,2025/2026,40,52,12,Hospitalizations,State,Imo,6067722,4,0.06592259829965842,5,0.08240324787457302,9,0.14832584617423145,16,0.2636903931986337,28,0.46145818809760897,43,0.708667931721328,56,0.9229163761952179
PACE-FLU-SEV,2025/2026,40,52,12,Hospitalizations,State,Jigawa,6979080,4,0.057314144557735404,6,0.08597121683660311,10,0.1432853613943385,18,0.2579136505098093,28,0.4011990119041478,45,0.6447841262745233,59,0.8453836322265972
PACE-FLU-SEV,2025/2026,40,52,12,Hospitalizations,State,Kaduna,8324285,6,0.07207826257750666,8,0.09610435010334221,14,0.16818261268084886,24,0.28831305031002663,40,0.48052175051671103,63,0.7568217570638199,82,0.9850695885592576
PACE-FLU-SEV,2025/2026,40,52,12,Hospitalizations,State,Kano,16253549,11,0.06767752692042828,16,0.09844003915698657,27,0.16611756607741485,47,0.2891676150236481,76,0.46759018599568625,117.63333333333344,0.7237393712187623,152,0.9351803719913725
PACE-FLU-SEV,2025/2026,40,52,12,Hospitalizations,State,Katsina,9300382,5,0.05376123260313394,7,0.07526572564438751,12,0.12902695824752144,22,0.23654942345378932,37,0.39783312126319115,56,0.6021258051551001,73,0.7849139960057555
PACE-FLU-SEV,2025/2026,40,52,12,Hospitalizations,State,Kebbi,6001610,3,0.04998658693250645,5,0.08331097822084407,8,0.1332975651533505,14,0.2332707390183634,23,0.38323049981588275,37,0.6165012388342461,47,0.7831231952759343
PACE-FLU-SEV,2025/2026,40,52,12,Hospitalizations,State,Kogi,5053734,3,0.0593620479431644,5,0.09893674657194067,8,0.15829879451510506,14,0.27702289040143385,24,0.4748963835453152,37.63333333333344,0.7446639125314756,48,0.9497927670906304
PACE-FLU-SEV,2025/2026,40,52,12,Hospitalizations,State,Kwara,4259613,2,0.046952622221784,3,0.070428933332676,6,0.140857866665352,11,0.258239422219812,19,0.44604991110694797,28,0.6573367111049759,39,0.9155761333247879
PACE-FLU-SEV,2025/2026,40,52,12,Hospitalizations,State,Lagos,15772884,13,0.08241993030570693,18,0.1141199035002096,30,0.190199839167016,52,0.32967972122282774,85,0.5388995443065453,132,0.8368792923348704,176,1.115839056446494
PACE-FLU-SEV,2025/2026,40,52,12,Hospitalizations,State,Nasarawa,3632239,2,0.05506245596724224,3,0.08259368395086336,5.416666666666686,0.14912748491128158,10,0.2753122798362112,18,0.49556210370518017,29,0.7984056115250125,37,1.0186554353939814
PACE-FLU-SEV,2025/2026,40,52,12,Hospitalizations,State,Niger,6720617,4,0.05951834481863793,6,0.0892775172279569,10,0.14879586204659484,18,0.2678325516838707,30,0.44638758613978446,48,0.7142201378236552,63,0.9374139308935474
PACE-FLU-SEV,2025/2026,40,52,12,Hospitalizations,State,Ogun,6445275,4,0.06206096714259671,6,0.09309145071389506,10,0.15515241785649178,18,0.27927435214168517,29,0.44994201178382615,47,0.7292163639255114,61.65000000000009,0.9565146560852731
PACE-FLU-SEV,2025/2026,40,52,12,Hospitalizations,State,Ondo,5469707,3,0.05484754485020861,5,0.09141257475034768,9,0.16454263455062584,15,0.27423772425104304,25,0.45706287375173843,38.63333333333344,0.7063144942376884,50,0.9141257475034769
PACE-FLU-SEV,2025/2026,40,52,12,Hospitalizations,State,Osun,4237396,2,0.047198798507385196,3,0.07079819776107779,6,0.14159639552215558,11,0.2595933917906186,19,0.44838858582015934,30,0.707981977610778,39,0.9203765708940114
PACE-FLU-SEV,2025/2026,40,52,12,Hospitalizations,State,Oyo,7512855,5,0.0665525955179489,7,0.09317363372512846,13,0.17303674834666716,22,0.2928314202789752,35,0.46586816862564234,54,0.7187680315938482,71.65000000000009,0.953698693772209
PACE-FLU-SEV,2025/2026,40,52,12,Hospitalizations,State,Plateau,5400974,3,0.05554553678651295,5,0.09257589464418825,8,0.1481214314307012,15,0.27772768393256475,25,0.46287947322094125,38,0.7035767992958307,50,0.9257589464418825
PACE-FLU-SEV,2025/2026,40,52,12,Hospitalizations,State,Rivers,7234973,5,0.06910875824968525,7,0.09675226154955935,12,0.16586101979924459,21,0.29025678464867805,35,0.4837613077477967,53.63333333333344,0.7413066134916252,69,0.9537008638456563
PACE-FLU-SEV,2025/2026,40,52,12,Hospitalizations,State,Sokoto,6163187,4,0.06490148684438748,5,0.08112685855548436,9,0.14602834539987186,16,0.25960594737754994,27,0.43808503619961553,42,0.6814656118660687,52,0.8437193289770374
PACE-FLU-SEV,2025/2026,40,52,12,Hospitalizations,State,Taraba,4331885,2,0.04616927734692865,3,0.06925391602039296,6,0.13850783204078593,11,0.2539310254081076,18,0.41552349612235784,26,0.6002006055100724,34,0.784877714897787
PACE-FLU-SEV,2025/2026,40,52,12,Hospitalizations,State,Yobe,4350401,2,0.045972773544323844,3,0.06895916031648577,6,0.13791832063297155,10,0.22986386772161924,17,0.39076857512675267,27.63333333333344,0.6351904878040768,35,0.8045235370256673
PACE-FLU-SEV,2025/2026,40,52,12,Hospitalizations,State,Zamfara,5517793,3,0.054369564063023026,4,0.07249275208403069,8,0.14498550416806139,14,0.25372463229410747,22,0.39871013646216885,35,0.6343115807352686,45,0.8155434609453454
PACE-FLU-SEV,2025/2026,40,52,12,Hospitalizations,Zone,NC,36557326,60.35000000000001,0.16508319016549516,70.3666666666667,0.19248307895021288,89,0.24345325475938803,120,0.32825157945086025,165.58333333333326,0.452941589145041,217.63333333333344,0.5953207117318522,260.3000000000002,0.7120323844254915
PACE-FLU-SEV,2025/2026,40,52,12,Hospitalizations,Zone,NE,32734949,46,0.14052259559041927,54,0.16496130786701393,71,0.21689357145477758,94.50000000000011,0.28868228876727475,126,0.38490971835636584,169,0.5162677968430621,200,0.6109678069148664
PACE-FLU-SEV,2025/2026,40,52,12,Hospitalizations,Zone,NW,58539886,87,0.1486166201280269,103,0.17594841233548011,134,0.22890375973742075,176,0.30064971428198545,240,0.40997688311179836,312.63333333333344,0.534051831486883,383.6500000000001,0.6553651300243395
PACE-FLU-SEV,2025/2026,40,52,12,Hospitalizations,Zone,SE,27612828,39,0.14123870253347465,46,0.1665892388856368,62,0.22453332197629305,87,0.3150709518054435,121,0.43820212837308803,164,0.5939268516792268,200.30000000000018,0.7253874901911539
PACE-FLU-SEV,2025/2026,40,52,12,Hospitalizations,Zone,SS,31220652,47,0.15054137882834734,55,0.17616544330976816,74,0.2370225964531426,100,0.3203008060177603,137,0.4388121042443316,181,0.5797444588921461,210.6500000000001,0.6747136478764124
PACE-FLU-SEV,2025/2026,40,52,12,Hospitalizations,Zone,SW,42836294,66,0.15407495335614235,79,0.1844230502293219,103,0.24045030599519182,146,0.3408324725757088,202,0.47156273602940535,272,0.634975565346526,331.6500000000001,0.7742266406146154
PACE-FLU-SEV,2025/2026,40,41,1,Deaths,Macro,North,127832161,22,0.017210066565330143,25,0.0195568938242388,29,0.02268599683611701,33,0.025815099847995217,38,0.029726478612842975,43,0.03363785737769073,46,0.035984684636599394
PACE-FLU-SEV,2025/2026,40,41,1,Deaths,Macro,South,101669774,6,0.0059014589724572415,7,0.006885035467866782,9,0.008852188458685862,11,0.010819341449504943,14,0.013770070935733564,17,0.016720800421962185,19,0.018687953412781264
PACE-FLU-SEV,2025/2026,40,41,1,Deaths,National,Nigeria,229501935,32,0.013943237559195307,35,0.015250416080369866,40,0.017429046948994133,45,0.0196076778176184,50,0.021786308686242668,56,0.024400665728591786,60,0.026143570423491202
PACE-FLU-SEV,2025/2026,40,41,1,Deaths,State,Abia,4841943,0,0,0,0,0,0,0,0,1,0.02065286600854244,2,0.04130573201708488,2,0.04130573201708488
PACE-FLU-SEV,2025/2026,40,41,1,Deaths,State,Adamawa,5236948,0,0,0,0,0,0,1,0.01909509126307918,2,0.03819018252615836,3,0.05728527378923755,3,0.05728527378923755
PACE-FLU-SEV,2025/2026,40,41,1,Deaths,State,Akwa Ibom,5780581,0,0,0,0,0,0,0,0,1,0.017299299153493396,2,0.03459859830698679,2,0.03459859830698679
PACE-FLU-SEV,2025/2026,40,41,1,Deaths,State,Anambra,7299910,0,0,0,0,0,0,0,0,1,0.013698799026289366,2,0.027397598052578732,3,0.04109639707886809
PACE-FLU-SEV,2025/2026,40,41,1,Deaths,State,Bauchi,7540663,0,0,0,0,1,0.013261433377940375,2,0.02652286675588075,3,0.03978430013382112,5,0.06630716688970187,6,0.07956860026764224
PACE-FLU-SEV,2025/2026,40,41,1,Deaths,State,Bayelsa,2394725,0,0,0,0,0,0,0,0,1,0.041758448256062806,1,0.041758448256062806,2,0.08351689651212561
PACE-FLU-SEV,2025/2026,40,41,1,Deaths,State,Benue,6687706,0,0,0,0,0,0,1,0.014952810425577919,2,0.029905620851155838,4,0.059811241702311675,5,0.0747640521278896
PACE-FLU-SEV,2025/2026,40,41,1,Deaths,State,Borno,6651590,0,0,0,0,1,0.015033999389619624,1,0.015033999389619624,3,0.045101998168858876,4,0.060135997558478496,5,0.07516999694809813
PACE-FLU-SEV,2025/2026,40,41,1,Deaths,State,Cross River,4175020,0,0,0,0,0,0,0,0,1,0.023951981068354163,2,0.047903962136708327,2,0.047903962136708327
PACE-FLU-SEV,2025/2026,40,41,1,Deaths,State,Delta,6107543,0,0,0,0,0,0,0,0,1,0.016373196226371227,2,0.032746392452742454,2,0.032746392452742454
PACE-FLU-SEV,2025/2026,40,41,1,Deaths,State,Ebonyi,4007155,0,0,0,0,0,0,0,0,1,0.024955361097836245,1,0.024955361097836245,2,0.04991072219567249
PACE-FLU-SEV,2025/2026,40,41,1,Deaths,State,Edo,5527810,0,0,0,0,0,0,0,0,1,0.018090346810038696,2,0.03618069362007739,2,0.03618069362007739
PACE-FLU-SEV,2025/2026,40,41,1,Deaths,State,Ekiti,3398177,0,0,0,0,0,0,0,0,1,0.029427543062059452,1,0.029427543062059452,2,0.058855086124118904
PACE-FLU-SEV,2025/2026,40,41,1,Deaths,State,Enugu,5396098,0,0,0,0,0,0,0,0,1,0.018531909539078052,2,0.037063819078156104,2,0.037063819078156104
PACE-FLU-SEV,2025/2026,40,41,1,Deaths,State,FCT,4802443,0,0,0,0,0,0,1,0.020822735428614146,1,0.020822735428614146,2,0.04164547085722829,3,0.06246820628584243
PACE-FLU-SEV,2025/2026,40,41,1,Deaths,State,Gombe,4623462,0,0,0,0,0,0,1,0.02162881407914675,2,0.0432576281582935,3,0.06488644223744025,4,0.086515256316587
PACE-FLU-SEV,2025/2026,40,41,1,Deaths,State,Imo,6067722,0,0,0,0,0,0,0,0,1,0.016480649574914605,2,0.03296129914982921,2,0.03296129914982921
PACE-FLU-SEV,2025/2026,40,41,1,Deaths,State,Jigawa,6979080,0,0,0,0,1,0.014328536139433851,2,0.028657072278867702,3,0.042985608418301555,4,0.057314144557735404,5,0.07164268069716925
PACE-FLU-SEV,2025/2026,40,41,1,Deaths,State,Kaduna,8324285,0,0,0,0,0,0,1,0.012013043762917777,2,0.024026087525835554,3,0.03603913128875333,4,0.04805217505167111
PACE-FLU-SEV,2025/2026,40,41,1,Deaths,State,Kano,16253549,0,0,1,0.006152502447311661,2,0.012305004894623321,3,0.018457507341934982,5,0.030762512236558306,7,0.04306751713118163,9,0.05537252202580495
PACE-FLU-SEV,2025/2026,40,41,1,Deaths,State,Katsina,9300382,0,0,0,0,1,0.010752246520626786,3,0.03225673956188036,4,0.043008986082507146,6,0.06451347912376072,7,0.07526572564438751
PACE-FLU-SEV,2025/2026,40,41,1,Deaths,State,Kebbi,6001610,0,0,0,0,1,0.016662195644168813,2,0.033324391288337626,3,0.04998658693250645,5,0.08331097822084407,6,0.0999731738650129
PACE-FLU-SEV,2025/2026,40,41,1,Deaths,State,Kogi,5053734,0,0,0,0,0,0,1,0.019787349314388133,2,0.039574698628776266,2,0.039574698628776266,3,0.0593620479431644
PACE-FLU-SEV,2025/2026,40,41,1,Deaths,State,Kwara,4259613,0,0,0,0,0,0,1,0.023476311110892,2,0.046952622221784,3,0.070428933332676,3,0.070428933332676
PACE-FLU-SEV,2025/2026,40,41,1,Deaths,State,Lagos,15772884,0,0,0,0,0,0,1,0.006339994638900533,2,0.012679989277801066,3,0.0190199839167016,4,0.025359978555602132
PACE-FLU-SEV,2025/2026,40,41,1,Deaths,State,Nasarawa,3632239,0,0,0,0,0,0,0,0,1,0.02753122798362112,2,0.05506245596724224,2,0.05506245596724224
PACE-FLU-SEV,2025/2026,40,41,1,Deaths,State,Niger,6720617,0,0,0,0,0,0,1,0.014879586204659482,2,0.029759172409318965,3,0.04463875861397845,4,0.05951834481863793
PACE-FLU-SEV,2025/2026,40,41,1,Deaths,State,Ogun,6445275,0,0,0,0,0,0,1,0.015515241785649177,1,0.015515241785649177,2,0.031030483571298353,3,0.04654572535694753
PACE-FLU-SEV,2025/2026,40,41,1,Deaths,State,Ondo,5469707,0,0,0,0,0,0,0,0,1,0.018282514950069537,2,0.03656502990013907,3,0.05484754485020861
PACE-FLU-SEV,2025/2026,40,41,1,Deaths,State,Osun,4237396,0,0,0,0,0,0,0,0,1,0.023599399253692598,2,0.047198798507385196,2,0.047198798507385196
PACE-FLU-SEV,2025/2026,40,41,1,Deaths,State,Oyo,7512855,0,0,0,0,0,0,0,0,1,0.01331051910358978,2,0.02662103820717956,3,0.03993155731076934
PACE-FLU-SEV,2025/2026,40,41,1,Deaths,State,Plateau,5400974,0,0,0,0,0,0,1,0.01851517892883765,1,0.01851517892883765,2,0.0370303578576753,3,0.05554553678651295
PACE-FLU-SEV,2025/2026,40,41,1,Deaths,State,Rivers,7234973,0,0,0,0,0,0,1,0.013821751649937049,2,0.027643503299874098,3,0.041465254949811146,3,0.041465254949811146
PACE-FLU-SEV,2025/2026,40,41,1,Deaths,State,Sokoto,6163187,0,0,0,0,1,0.01622537171109687,2,0.03245074342219374,4,0.06490148684438748,6,0.09735223026658124,7,0.1135776019776781
PACE-FLU-SEV,2025/2026,40,41,1,Deaths,State,Taraba,4331885,0,0,0,0,0,0,1,0.023084638673464324,2,0.04616927734692865,4,0.0923385546938573,5,0.11542319336732161
PACE-FLU-SEV,2025/2026,40,41,1,Deaths,State,Yobe,4350401,0,0,0,0,0,0,1,0.022986386772161922,2,0.045972773544323844,3,0.06895916031648577,4,0.09194554708864769
PACE-FLU-SEV,2025/2026,40,41,1,Deaths,State,Zamfara,5517793,0,0,0,0,1,0.018123188021007673,2,0.036246376042015346,3,0.054369564063023026,5,0.09061594010503837,6,0.10873912812604605
PACE-FLU-SEV,2025/2026,40,41,1,Deaths,Zone,NC,36557326,3,0.008206289486271506,3,0.008206289486271506,5,0.013677149143785844,7,0.019148008801300184,9,0.02461886845881452,11,0.03008972811632886,13,0.035560587773843196
PACE-FLU-SEV,2025/2026,40,41,1,Deaths,Zone,NE,32734949,4,0.012219356138297329,5,0.01527419517287166,6,0.018329034207445992,9,0.027493551311168988,11,0.03360322938031765,14,0.04276774648404065,15,0.04582258551861498
PACE-FLU-SEV,2025/2026,40,41,1,Deaths,Zone,NW,58539886,9,0.015374133116692437,11,0.01879060714262409,14,0.02391531818152157,17,0.02904002922041905,21,0.03587297727228236,25,0.04270592532414566,28,0.04783063636304314
PACE-FLU-SEV,2025/2026,40,41,1,Deaths,Zone,SE,27612828,0,0,1,0.0036215051931660167,2,0.0072430103863320335,3,0.01086451557949805,4,0.014486020772664067,6,0.0217290311589961,7,0.02535053635216212
PACE-FLU-SEV,2025/2026,40,41,1,Deaths,Zone,SS,31220652,1,0.003203008060177603,1,0.003203008060177603,2,0.006406016120355206,4,0.012812032240710413,5,0.016015040300888014,7,0.02242105642124322,8,0.025624064481420825
PACE-FLU-SEV,2025/2026,40,41,1,Deaths,Zone,SW,42836294,1,0.002334468990244581,2,0.004668937980489162,3,0.007003406970733743,4,0.009337875960978324,6,0.014006813941467485,8,0.018675751921956647,9,0.021010220912201227
PACE-FLU-SEV,2025/2026,40,42,2,Deaths,Macro,North,127832161,21,0.016427790812360593,23,0.017992342318299697,27,0.021121445330177905,32,0.025032824095025663,38,0.029726478612842975,44,0.03442013313066029,47,0.03676696038956894
PACE-FLU-SEV,2025/2026,40,42,2,Deaths,Macro,South,101669774,6,0.0059014589724572415,8,0.007868611963276323,10,0.009835764954095404,13,0.012786494440324024,16,0.015737223926552645,19,0.018687953412781264,21,0.020655106403600347
PACE-FLU-SEV,2025/2026,40,42,2,Deaths,National,Nigeria,229501935,31,0.013507511385470454,35,0.015250416080369866,40,0.017429046948994133,46,0.020043403991343255,52,0.022657761033692374,59,0.025707844249766347,63,0.02745074894466576
PACE-FLU-SEV,2025/2026,40,42,2,Deaths,State,Abia,4841943,0,0,0,0,0,0,0,0,1,0.02065286600854244,2,0.04130573201708488,2,0.04130573201708488
PACE-FLU-SEV,2025/2026,40,42,2,Deaths,State,Adamawa,5236948,0,0,0,0,0,0,1,0.01909509126307918,2,0.03819018252615836,3,0.05728527378923755,3,0.05728527378923755
PACE-FLU-SEV,2025/2026,40,42,2,Deaths,State,Akwa Ibom,5780581,0,0,0,0,0,0,1,0.017299299153493396,1,0.017299299153493396,2,0.03459859830698679,3,0.05189789746048018
PACE-FLU-SEV,2025/2026,40,42,2,Deaths,State,Anambra,7299910,0,0,0,0,0,0,1,0.013698799026289366,2,0.027397598052578732,3,0.04109639707886809,4,0.054795196105157463
PACE-FLU-SEV,2025/2026,40,42,2,Deaths,State,Bauchi,7540663,0,0,0,0,1,0.013261433377940375,1,0.013261433377940375,3,0.03978430013382112,4,0.0530457335117615,5,0.06630716688970187
PACE-FLU-SEV,2025/2026,40,42,2,Deaths,State,Bayelsa,2394725,0,0,0,0,0,0,0,0,1,0.041758448256062806,1,0.041758448256062806,2,0.08351689651212561
PACE-FLU-SEV,2025/2026,40,42,2,Deaths,State,Benue,6687706,0,0,0,0,0,0,1,0.014952810425577919,2,0.029905620851155838,3,0.04485843127673376,4,0.059811241702311675
PACE-FLU-SEV,2025/2026,40,42,2,Deaths,State,Borno,6651590,0,0,0,0,1,0.015033999389619624,1,0.015033999389619624,3,0.045101998168858876,4,0.060135997558478496,6,0.09020399633771775
PACE-FLU-SEV,2025/2026,40,42,2,Deaths,State,Cross River,4175020,0,0,0,0,0,0,0,0,1,0.023951981068354163,2,0.047903962136708327,2,0.047903962136708327
PACE-FLU-SEV,2025/2026,40,42,2,Deaths,State,Delta,6107543,0,0,0,0,0,0,1,0.016373196226371227,1,0.016373196226371227,2,0.032746392452742454,3,0.04911958867911368
PACE-FLU-SEV,2025/2026,40,42,2,Deaths,State,Ebonyi,4007155,0,0,0,0,0,0,0,0,1,0.024955361097836245,2,0.04991072219567249,2,0.04991072219567249
PACE-FLU-SEV,2025/2026,40,42,2,Deaths,State,Edo,5527810,0,0,0,0,0,0,0,0,1,0.018090346810038696,2,0.03618069362007739,3,0.05427104043011609
PACE-FLU-SEV,2025/2026,40,42,2,Deaths,State,Ekiti,3398177,0,0,0,0,0,0,0,0,1,0.029427543062059452,1,0.029427543062059452,2,0.058855086124118904
PACE-FLU-SEV,2025/2026,40,42,2,Deaths,State,Enugu,5396098,0,0,0,0,0,0,0,0,1,0.018531909539078052,2,0.037063819078156104,2,0.037063819078156104
PACE-FLU-SEV,2025/2026,40,42,2,Deaths,State,FCT,4802443,0,0,0,0,0,0,0,0,1,0.020822735428614146,2,0.04164547085722829,2,0.04164547085722829
PACE-FLU-SEV,2025/2026,40,42,2,Deaths,State,Gombe,4623462,0,0,0,0,0,0,1,0.02162881407914675,2,0.0432576281582935,4,0.086515256316587,4,0.086515256316587
PACE-FLU-SEV,2025/2026,40,42,2,Deaths,State,Imo,6067722,0,0,0,0,0,0,1,0.016480649574914605,1,0.016480649574914605,2,0.03296129914982921,3,0.04944194872474382
PACE-FLU-SEV,2025/2026,40,42,2,Deaths,State,Jigawa,6979080,0,0,0,0,1,0.014328536139433851,2,0.028657072278867702,3,0.042985608418301555,5,0.07164268069716925,6,0.08597121683660311
PACE-FLU-SEV,2025/2026,40,42,2,Deaths,State,Kaduna,8324285,0,0,0,0,0,0,1,0.012013043762917777,3,0.03603913128875333,4,0.04805217505167111,5,0.06006521881458888
PACE-FLU-SEV,2025/2026,40,42,2,Deaths,State,Kano,16253549,0,0,1,0.006152502447311661,2,0.012305004894623321,4,0.024610009789246642,6,0.036915014683869964,9,0.05537252202580495,12,0.07383002936773993
PACE-FLU-SEV,2025/2026,40,42,2,Deaths,State,Katsina,9300382,0,0,0,0,1,0.010752246520626786,2,0.021504493041253573,4,0.043008986082507146,6,0.06451347912376072,7,0.07526572564438751
PACE-FLU-SEV,2025/2026,40,42,2,Deaths,State,Kebbi,6001610,0,0,0,0,1,0.016662195644168813,2,0.033324391288337626,3,0.04998658693250645,5,0.08331097822084407,6,0.0999731738650129
PACE-FLU-SEV,2025/2026,40,42,2,Deaths,State,Kogi,5053734,0,0,0,0,0,0,1,0.019787349314388133,1,0.019787349314388133,2,0.039574698628776266,3,0.0593620479431644
PACE-FLU-SEV,2025/2026,40,42,2,Deaths,State,Kwara,4259613,0,0,0,0,0,0,0,0,1,0.023476311110892,2,0.046952622221784,2.650000000000091,0.06221222444386594
PACE-FLU-SEV,2025/2026,40,42,2,Deaths,State,Lagos,15772884,0,0,0,0,0,0,1,0.006339994638900533,2,0.012679989277801066,3,0.0190199839167016,4,0.025359978555602132
PACE-FLU-SEV,2025/2026,40,42,2,Deaths,State,Nasarawa,3632239,0,0,0,0,0,0,0,0,1,0.02753122798362112,2,0.05506245596724224,3,0.08259368395086336
PACE-FLU-SEV,2025/2026,40,42,2,Deaths,State,Niger,6720617,0,0,0,0,0,0,1,0.014879586204659482,2,0.029759172409318965,3,0.04463875861397845,4,0.05951834481863793
PACE-FLU-SEV,2025/2026,40,42,2,Deaths,State,Ogun,6445275,0,0,0,0,0,0,1,0.015515241785649177,1,0.015515241785649177,2,0.031030483571298353,3,0.04654572535694753
PACE-FLU-SEV,2025/2026,40,42,2,Deaths,State,Ondo,5469707,0,0,0,0,0,0,0,0,1,0.018282514950069537,2,0.03656502990013907,3,0.05484754485020861
PACE-FLU-SEV,2025/2026,40,42,2,Deaths,State,Osun,4237396,0,0,0,0,0,0,0,0,1,0.023599399253692598,2,0.047198798507385196,3,0.07079819776107779
PACE-FLU-SEV,2025/2026,40,42,2,Deaths,State,Oyo,7512855,0,0,0,0,0,0,1,0.01331051910358978,1,0.01331051910358978,3,0.03993155731076934,3,0.03993155731076934
PACE-FLU-SEV,2025/2026,40,42,2,Deaths,State,Plateau,5400974,0,0,0,0,0,0,1,0.01851517892883765,2,0.0370303578576753,3,0.05554553678651295,3,0.05554553678651295
PACE-FLU-SEV,2025/2026,40,42,2,Deaths,State,Rivers,7234973,0,0,0,0,0,0,1,0.013821751649937049,2,0.027643503299874098,3,0.041465254949811146,3,0.041465254949811146
PACE-FLU-SEV,2025/2026,40,42,2,Deaths,State,Sokoto,6163187,0,0,0,0,1,0.01622537171109687,2,0.03245074342219374,3,0.04867611513329062,5,0.08112685855548436,6,0.09735223026658124
PACE-FLU-SEV,2025/2026,40,42,2,Deaths,State,Taraba,4331885,0,0,0,0,0,0,1,0.023084638673464324,2,0.04616927734692865,3,0.06925391602039296,4,0.0923385546938573
PACE-FLU-SEV,2025/2026,40,42,2,Deaths,State,Yobe,4350401,0,0,0,0,0,0,1,0.022986386772161922,2,0.045972773544323844,3,0.06895916031648577,4,0.09194554708864769
PACE-FLU-SEV,2025/2026,40,42,2,Deaths,State,Zamfara,5517793,0,0,0,0,0,0,1,0.018123188021007673,3,0.054369564063023026,4,0.07249275208403069,5,0.09061594010503837
PACE-FLU-SEV,2025/2026,40,42,2,Deaths,Zone,NC,36557326,2,0.005470859657514338,3,0.008206289486271506,4,0.010941719315028676,6,0.016412578972543012,8,0.02188343863005735,10.63333333333344,0.029086737179118187,12,0.032825157945086024
PACE-FLU-SEV,2025/2026,40,42,2,Deaths,Zone,NE,32734949,3,0.009164517103722996,4,0.012219356138297329,6,0.018329034207445992,9,0.027493551311168988,11,0.03360322938031765,14,0.04276774648404065,16,0.048877424553189316
PACE-FLU-SEV,2025/2026,40,42,2,Deaths,Zone,NW,58539886,8,0.013665896103726611,10,0.017082370129658263,13,0.022207081168555742,17,0.02904002922041905,21,0.03587297727228236,26,0.044414162337111485,29,0.049538873376008964
PACE-FLU-SEV,2025/2026,40,42,2,Deaths,Zone,SE,27612828,1,0.0036215051931660167,1,0.0036215051931660167,2,0.0072430103863320335,4,0.014486020772664067,5,0.018107525965830085,7,0.02535053635216212,8,0.028972041545328134
PACE-FLU-SEV,2025/2026,40,42,2,Deaths,Zone,SS,31220652,1,0.003203008060177603,2,0.006406016120355206,3,0.009609024180532808,4,0.012812032240710413,6,0.019218048361065616,8,0.025624064481420825,9,0.028827072541598428
PACE-FLU-SEV,2025/2026,40,42,2,Deaths,Zone,SW,42836294,1,0.002334468990244581,2,0.004668937980489162,3,0.007003406970733743,5,0.011672344951222905,7,0.016341282931712067,9,0.021010220912201227,11,0.02567915889269039
PACE-FLU-SEV,2025/2026,40,43,3,Deaths,Macro,North,127832161,19,0.014863239306421487,21,0.016427790812360593,25,0.0195568938242388,31,0.024250548342056113,37,0.028944202859873425,43,0.03363785737769073,47,0.03676696038956894
PACE-FLU-SEV,2025/2026,40,43,3,Deaths,Macro,South,101669774,7,0.006885035467866782,8,0.007868611963276323,11,0.010819341449504943,15,0.014753647431143104,18,0.017704376917371725,22,0.021638682899009887,25,0.02458941238523851
PACE-FLU-SEV,2025/2026,40,43,3,Deaths,National,Nigeria,229501935,31,0.013507511385470454,34,0.014814689906645013,39,0.016993320775269282,46,0.020043403991343255,54,0.02352921338114208,61,0.026579296597216053,66,0.02875792746584032
PACE-FLU-SEV,2025/2026,40,43,3,Deaths,State,Abia,4841943,0,0,0,0,0,0,0,0,1,0.02065286600854244,2,0.04130573201708488,3,0.061958598025627316
PACE-FLU-SEV,2025/2026,40,43,3,Deaths,State,Adamawa,5236948,0,0,0,0,0,0,1,0.01909509126307918,2,0.03819018252615836,3,0.05728527378923755,4,0.07638036505231673
PACE-FLU-SEV,2025/2026,40,43,3,Deaths,State,Akwa Ibom,5780581,0,0,0,0,0,0,1,0.017299299153493396,1,0.017299299153493396,2,0.03459859830698679,3,0.05189789746048018
PACE-FLU-SEV,2025/2026,40,43,3,Deaths,State,Anambra,7299910,0,0,0,0,0,0,1,0.013698799026289366,2,0.027397598052578732,3,0.04109639707886809,4,0.054795196105157463
PACE-FLU-SEV,2025/2026,40,43,3,Deaths,State,Bauchi,7540663,0,0,0,0,1,0.013261433377940375,2,0.02652286675588075,3,0.03978430013382112,5,0.06630716688970187,6,0.07956860026764224
PACE-FLU-SEV,2025/2026,40,43,3,Deaths,State,Bayelsa,2394725,0,0,0,0,0,0,0,0,1,0.041758448256062806,2,0.08351689651212561,2,0.08351689651212561
PACE-FLU-SEV,2025/2026,40,43,3,Deaths,State,Benue,6687706,0,0,0,0,0,0,1,0.014952810425577919,2,0.029905620851155838,3,0.04485843127673376,4,0.059811241702311675
PACE-FLU-SEV,2025/2026,40,43,3,Deaths,State,Borno,6651590,0,0,0,0,1,0.015033999389619624,2,0.030067998779239248,3,0.045101998168858876,5,0.07516999694809813,6,0.09020399633771775
PACE-FLU-SEV,2025/2026,40,43,3,Deaths,State,Cross River,4175020,0,0,0,0,0,0,0,0,1,0.023951981068354163,2,0.047903962136708327,3,0.07185594320506249
PACE-FLU-SEV,2025/2026,40,43,3,Deaths,State,Delta,6107543,0,0,0,0,0,0,1,0.016373196226371227,1,0.016373196226371227,2.6333333333334394,0.043116083396112635,3,0.04911958867911368
PACE-FLU-SEV,2025/2026,40,43,3,Deaths,State,Ebonyi,4007155,0,0,0,0,0,0,0,0,1,0.024955361097836245,2,0.04991072219567249,3,0.07486608329350873
PACE-FLU-SEV,2025/2026,40,43,3,Deaths,State,Edo,5527810,0,0,0,0,0,0,1,0.018090346810038696,1,0.018090346810038696,2,0.03618069362007739,3,0.05427104043011609
PACE-FLU-SEV,2025/2026,40,43,3,Deaths,State,Ekiti,3398177,0,0,0,0,0,0,0,0,1,0.029427543062059452,2,0.058855086124118904,2,0.058855086124118904
PACE-FLU-SEV,2025/2026,40,43,3,Deaths,State,Enugu,5396098,0,0,0,0,0,0,0,0,1,0.018531909539078052,2,0.037063819078156104,3,0.05559572861723416
PACE-FLU-SEV,2025/2026,40,43,3,Deaths,State,FCT,4802443,0,0,0,0,0,0,0,0,1,0.020822735428614146,2,0.04164547085722829,2,0.04164547085722829
PACE-FLU-SEV,2025/2026,40,43,3,Deaths,State,Gombe,4623462,0,0,0,0,0,0,1,0.02162881407914675,2,0.0432576281582935,3,0.06488644223744025,4,0.086515256316587
PACE-FLU-SEV,2025/2026,40,43,3,Deaths,State,Imo,6067722,0,0,0,0,0,0,1,0.016480649574914605,1,0.016480649574914605,2,0.03296129914982921,3,0.04944194872474382
PACE-FLU-SEV,2025/2026,40,43,3,Deaths,State,Jigawa,6979080,0,0,0,0,1,0.014328536139433851,2,0.028657072278867702,3,0.042985608418301555,5,0.07164268069716925,6,0.08597121683660311
PACE-FLU-SEV,2025/2026,40,43,3,Deaths,State,Kaduna,8324285,0,0,0,0,1,0.012013043762917777,1,0.012013043762917777,3,0.03603913128875333,4,0.04805217505167111,5,0.06006521881458888
PACE-FLU-SEV,2025/2026,40,43,3,Deaths,State,Kano,16253549,0,0,1,0.006152502447311661,2,0.012305004894623321,4,0.024610009789246642,6,0.036915014683869964,9,0.05537252202580495,12,0.07383002936773993
PACE-FLU-SEV,2025/2026,40,43,3,Deaths,State,Katsina,9300382,0,0,0,0,1,0.010752246520626786,2,0.021504493041253573,3,0.03225673956188036,5,0.05376123260313394,7,0.07526572564438751
PACE-FLU-SEV,2025/2026,40,43,3,Deaths,State,Kebbi,6001610,0,0,0,0,0,0,1,0.016662195644168813,3,0.04998658693250645,4,0.06664878257667525,5,0.08331097822084407
PACE-FLU-SEV,2025/2026,40,43,3,Deaths,State,Kogi,5053734,0,0,0,0,0,0,1,0.019787349314388133,2,0.039574698628776266,3,0.0593620479431644,3,0.0593620479431644
PACE-FLU-SEV,2025/2026,40,43,3,Deaths,State,Kwara,4259613,0,0,0,0,0,0,0,0,1,0.023476311110892,2,0.046952622221784,3,0.070428933332676
PACE-FLU-SEV,2025/2026,40,43,3,Deaths,State,Lagos,15772884,0,0,0,0,0,0,1,0.006339994638900533,2,0.012679989277801066,4,0.025359978555602132,5,0.03169997319450266
PACE-FLU-SEV,2025/2026,40,43,3,Deaths,State,Nasarawa,3632239,0,0,0,0,0,0,0,0,1,0.02753122798362112,2,0.05506245596724224,3,0.08259368395086336
PACE-FLU-SEV,2025/2026,40,43,3,Deaths,State,Niger,6720617,0,0,0,0,0,0,1,0.014879586204659482,2,0.029759172409318965,3,0.04463875861397845,4,0.05951834481863793
PACE-FLU-SEV,2025/2026,40,43,3,Deaths,State,Ogun,6445275,0,0,0,0,0,0,1,0.015515241785649177,1,0.015515241785649177,2,0.031030483571298353,3,0.04654572535694753
PACE-FLU-SEV,2025/2026,40,43,3,Deaths,State,Ondo,5469707,0,0,0,0,0,0,0,0,1,0.018282514950069537,2,0.03656502990013907,3,0.05484754485020861
PACE-FLU-SEV,2025/2026,40,43,3,Deaths,State,Osun,4237396,0,0,0,0,0,0,0,0,1,0.023599399253692598,2,0.047198798507385196,3,0.07079819776107779
PACE-FLU-SEV,2025/2026,40,43,3,Deaths,State,Oyo,7512855,0,0,0,0,0,0,1,0.01331051910358978,2,0.02662103820717956,3,0.03993155731076934,3.650000000000091,0.04858339472810391
PACE-FLU-SEV,2025/2026,40,43,3,Deaths,State,Plateau,5400974,0,0,0,0,0,0,1,0.01851517892883765,2,0.0370303578576753,3,0.05554553678651295,4,0.0740607157153506
PACE-FLU-SEV,2025/2026,40,43,3,Deaths,State,Rivers,7234973,0,0,0,0,0,0,1,0.013821751649937049,2,0.027643503299874098,3,0.041465254949811146,3,0.041465254949811146
PACE-FLU-SEV,2025/2026,40,43,3,Deaths,State,Sokoto,6163187,0,0,0,0,0,0,1,0.01622537171109687,3,0.04867611513329062,4,0.06490148684438748,5,0.08112685855548436
PACE-FLU-SEV,2025/2026,40,43,3,Deaths,State,Taraba,4331885,0,0,0,0,0,0,1,0.023084638673464324,2,0.04616927734692865,3,0.06925391602039296,3,0.06925391602039296
PACE-FLU-SEV,2025/2026,40,43,3,Deaths,State,Yobe,4350401,0,0,0,0,0,0,1,0.022986386772161922,2,0.045972773544323844,3.6333333333334394,0.08351720527219075,4,0.09194554708864769
PACE-FLU-SEV,2025/2026,40,43,3,Deaths,State,Zamfara,5517793,0,0,0,0,0,0,1,0.018123188021007673,2,0.036246376042015346,4,0.07249275208403069,5,0.09061594010503837
PACE-FLU-SEV,2025/2026,40,43,3,Deaths,Zone,NC,36557326,2,0.005470859657514338,3,0.008206289486271506,4,0.010941719315028676,6,0.016412578972543012,9,0.02461886845881452,11,0.03008972811632886,13,0.035560587773843196
PACE-FLU-SEV,2025/2026,40,43,3,Deaths,Zone,NE,32734949,3,0.009164517103722996,4,0.012219356138297329,6,0.018329034207445992,9,0.027493551311168988,11,0.03360322938031765,14,0.04276774648404065,17,0.05193226358776365
PACE-FLU-SEV,2025/2026,40,43,3,Deaths,Zone,NW,58539886,7,0.011957659090760785,8,0.013665896103726611,11,0.01879060714262409,15,0.025623555194487398,20,0.034164740259316526,24,0.040997688311179836,27,0.046122399350077316
PACE-FLU-SEV,2025/2026,40,43,3,Deaths,Zone,SE,27612828,1,0.0036215051931660167,1,0.0036215051931660167,2,0.0072430103863320335,4,0.014486020772664067,6,0.0217290311589961,8,0.028972041545328134,9,0.03259354673849415
PACE-FLU-SEV,2025/2026,40,43,3,Deaths,Zone,SS,31220652,1,0.003203008060177603,2,0.006406016120355206,3,0.009609024180532808,5,0.016015040300888014,7,0.02242105642124322,9,0.028827072541598428,10,0.03203008060177603
PACE-FLU-SEV,2025/2026,40,43,3,Deaths,Zone,SW,42836294,1,0.002334468990244581,2,0.004668937980489162,3,0.007003406970733743,5,0.011672344951222905,8,0.018675751921956647,10,0.02334468990244581,11,0.02567915889269039
PACE-FLU-SEV,2025/2026,40,44,4,Deaths,Macro,North,127832161,19,0.014863239306421487,21,0.016427790812360593,26,0.02033916957720835,31.500000000000114,0.02464168621854098,38,0.029726478612842975,45,0.03520240888362984,49,0.03833151189550805
PACE-FLU-SEV,2025/2026,40,44,4,Deaths,Macro,South,101669774,8,0.007868611963276323,9,0.008852188458685862,12,0.011802917944914483,16,0.015737223926552645,21,0.020655106403600347,25,0.02458941238523851,28,0.027540141871467128
PACE-FLU-SEV,2025/2026,40,44,4,Deaths,National,Nigeria,229501935,31,0.013507511385470454,34,0.014814689906645013,40,0.017429046948994133,48,0.02091485633879296,57,0.02483639190231664,65,0.02832220129211547,71,0.030936558334464587
PACE-FLU-SEV,2025/2026,40,44,4,Deaths,State,Abia,4841943,0,0,0,0,0,0,1,0.02065286600854244,1,0.02065286600854244,2,0.04130573201708488,3,0.061958598025627316
PACE-FLU-SEV,2025/2026,40,44,4,Deaths,State,Adamawa,5236948,0,0,0,0,0,0,1,0.01909509126307918,2,0.03819018252615836,3,0.05728527378923755,4,0.07638036505231673
PACE-FLU-SEV,2025/2026,40,44,4,Deaths,State,Akwa Ibom,5780581,0,0,0,0,0,0,1,0.017299299153493396,2,0.03459859830698679,3,0.05189789746048018,3,0.05189789746048018
PACE-FLU-SEV,2025/2026,40,44,4,Deaths,State,Anambra,7299910,0,0,0,0,0,0,1,0.013698799026289366,2,0.027397598052578732,3,0.04109639707886809,4,0.054795196105157463
PACE-FLU-SEV,2025/2026,40,44,4,Deaths,State,Bauchi,7540663,0,0,0,0,1,0.013261433377940375,2,0.02652286675588075,3,0.03978430013382112,5,0.06630716688970187,7,0.09283003364558262
PACE-FLU-SEV,2025/2026,40,44,4,Deaths,State,Bayelsa,2394725,0,0,0,0,0,0,0,0,1,0.041758448256062806,2,0.08351689651212561,2,0.08351689651212561
PACE-FLU-SEV,2025/2026,40,44,4,Deaths,State,Benue,6687706,0,0,0,0,0,0,1,0.014952810425577919,2,0.029905620851155838,4,0.059811241702311675,5,0.0747640521278896
PACE-FLU-SEV,2025/2026,40,44,4,Deaths,State,Borno,6651590,0,0,0,0,1,0.015033999389619624,2,0.030067998779239248,3,0.045101998168858876,5,0.07516999694809813,6,0.09020399633771775
PACE-FLU-SEV,2025/2026,40,44,4,Deaths,State,Cross River,4175020,0,0,0,0,0,0,1,0.023951981068354163,1,0.023951981068354163,2,0.047903962136708327,3,0.07185594320506249
PACE-FLU-SEV,2025/2026,40,44,4,Deaths,State,Delta,6107543,0,0,0,0,0,0,1,0.016373196226371227,2,0.032746392452742454,3,0.04911958867911368,3,0.04911958867911368
PACE-FLU-SEV,2025/2026,40,44,4,Deaths,State,Ebonyi,4007155,0,0,0,0,0,0,0,0,1,0.024955361097836245,2,0.04991072219567249,3,0.07486608329350873
PACE-FLU-SEV,2025/2026,40,44,4,Deaths,State,Edo,5527810,0,0,0,0,0,0,1,0.018090346810038696,1,0.018090346810038696,2,0.03618069362007739,3,0.05427104043011609
PACE-FLU-SEV,2025/2026,40,44,4,Deaths,State,Ekiti,3398177,0,0,0,0,0,0,0,0,1,0.029427543062059452,2,0.058855086124118904,2,0.058855086124118904
PACE-FLU-SEV,2025/2026,40,44,4,Deaths,State,Enugu,5396098,0,0,0,0,0,0,1,0.018531909539078052,1,0.018531909539078052,2,0.037063819078156104,3,0.05559572861723416
PACE-FLU-SEV,2025/2026,40,44,4,Deaths,State,FCT,4802443,0,0,0,0,0,0,0,0,1,0.020822735428614146,2,0.04164547085722829,3,0.06246820628584243
PACE-FLU-SEV,2025/2026,40,44,4,Deaths,State,Gombe,4623462,0,0,0,0,0,0,1,0.02162881407914675,2,0.0432576281582935,3,0.06488644223744025,4,0.086515256316587
PACE-FLU-SEV,2025/2026,40,44,4,Deaths,State,Imo,6067722,0,0,0,0,0,0,1,0.016480649574914605,2,0.03296129914982921,3,0.04944194872474382,4,0.06592259829965842
PACE-FLU-SEV,2025/2026,40,44,4,Deaths,State,Jigawa,6979080,0,0,0,0,1,0.014328536139433851,2,0.028657072278867702,3,0.042985608418301555,5,0.07164268069716925,6,0.08597121683660311
PACE-FLU-SEV,2025/2026,40,44,4,Deaths,State,Kaduna,8324285,0,0,0,0,0,0,1,0.012013043762917777,3,0.03603913128875333,4,0.04805217505167111,5,0.06006521881458888
PACE-FLU-SEV,2025/2026,40,44,4,Deaths,State,Kano,16253549,0,0,1,0.006152502447311661,2,0.012305004894623321,3,0.018457507341934982,5,0.030762512236558306,8,0.049220019578493285,10,0.06152502447311661
PACE-FLU-SEV,2025/2026,40,44,4,Deaths,State,Katsina,9300382,0,0,0,0,1,0.010752246520626786,2,0.021504493041253573,3,0.03225673956188036,5,0.05376123260313394,7,0.07526572564438751
PACE-FLU-SEV,2025/2026,40,44,4,Deaths,State,Kebbi,6001610,0,0,0,0,0,0,1,0.016662195644168813,2,0.033324391288337626,4,0.06664878257667525,5,0.08331097822084407
PACE-FLU-SEV,2025/2026,40,44,4,Deaths,State,Kogi,5053734,0,0,0,0,0,0,1,0.019787349314388133,2,0.039574698628776266,3,0.0593620479431644,4,0.07914939725755253
PACE-FLU-SEV,2025/2026,40,44,4,Deaths,State,Kwara,4259613,0,0,0,0,0,0,1,0.023476311110892,1,0.023476311110892,2,0.046952622221784,3,0.070428933332676
PACE-FLU-SEV,2025/2026,40,44,4,Deaths,State,Lagos,15772884,0,0,0,0,0,0,1,0.006339994638900533,2,0.012679989277801066,4,0.025359978555602132,5,0.03169997319450266
PACE-FLU-SEV,2025/2026,40,44,4,Deaths,State,Nasarawa,3632239,0,0,0,0,0,0,0,0,1,0.02753122798362112,2,0.05506245596724224,3,0.08259368395086336
PACE-FLU-SEV,2025/2026,40,44,4,Deaths,State,Niger,6720617,0,0,0,0,0,0,1,0.014879586204659482,2,0.029759172409318965,4,0.05951834481863793,5,0.07439793102329742
PACE-FLU-SEV,2025/2026,40,44,4,Deaths,State,Ogun,6445275,0,0,0,0,0,0,1,0.015515241785649177,2,0.031030483571298353,3,0.04654572535694753,3,0.04654572535694753
PACE-FLU-SEV,2025/2026,40,44,4,Deaths,State,Ondo,5469707,0,0,0,0,0,0,0,0,1,0.018282514950069537,2,0.03656502990013907,3,0.05484754485020861
PACE-FLU-SEV,2025/2026,40,44,4,Deaths,State,Osun,4237396,0,0,0,0,0,0,1,0.023599399253692598,1,0.023599399253692598,2,0.047198798507385196,3,0.07079819776107779
PACE-FLU-SEV,2025/2026,40,44,4,Deaths,State,Oyo,7512855,0,0,0,0,0,0,1,0.01331051910358978,2,0.02662103820717956,3,0.03993155731076934,4,0.05324207641435912
PACE-FLU-SEV,2025/2026,40,44,4,Deaths,State,Plateau,5400974,0,0,0,0,0,0,1,0.01851517892883765,2,0.0370303578576753,3,0.05554553678651295,4,0.0740607157153506
PACE-FLU-SEV,2025/2026,40,44,4,Deaths,State,Rivers,7234973,0,0,0,0,0,0,1,0.013821751649937049,2,0.027643503299874098,3,0.041465254949811146,4,0.055287006599748195
PACE-FLU-SEV,2025/2026,40,44,4,Deaths,State,Sokoto,6163187,0,0,0,0,0,0,1,0.01622537171109687,2,0.03245074342219374,4,0.06490148684438748,5,0.08112685855548436
PACE-FLU-SEV,2025/2026,40,44,4,Deaths,State,Taraba,4331885,0,0,0,0,0,0,1,0.023084638673464324,2,0.04616927734692865,3,0.06925391602039296,3,0.06925391602039296
PACE-FLU-SEV,2025/2026,40,44,4,Deaths,State,Yobe,4350401,0,0,0,0,0,0,1,0.022986386772161922,2,0.045972773544323844,3,0.06895916031648577,4,0.09194554708864769
PACE-FLU-SEV,2025/2026,40,44,4,Deaths,State,Zamfara,5517793,0,0,0,0,0,0,1,0.018123188021007673,2,0.036246376042015346,4,0.07249275208403069,5,0.09061594010503837
PACE-FLU-SEV,2025/2026,40,44,4,Deaths,Zone,NC,36557326,3,0.008206289486271506,3,0.008206289486271506,5,0.013677149143785844,7,0.019148008801300184,10,0.027354298287571688,13,0.035560587773843196,15,0.04103144743135753
PACE-FLU-SEV,2025/2026,40,44,4,Deaths,Zone,NE,32734949,3,0.009164517103722996,4,0.012219356138297329,6,0.018329034207445992,9,0.027493551311168988,12,0.036658068414891984,15,0.04582258551861498,17,0.05193226358776365
PACE-FLU-SEV,2025/2026,40,44,4,Deaths,Zone,NW,58539886,6,0.010249422077794959,8,0.013665896103726611,11,0.01879060714262409,14,0.02391531818152157,19,0.0324565032463507,24,0.040997688311179836,27,0.046122399350077316
PACE-FLU-SEV,2025/2026,40,44,4,Deaths,Zone,SE,27612828,1,0.0036215051931660167,1,0.0036215051931660167,3,0.01086451557949805,4,0.014486020772664067,6,0.0217290311589961,9,0.03259354673849415,10,0.03621505193166017
PACE-FLU-SEV,2025/2026,40,44,4,Deaths,Zone,SS,31220652,1,0.003203008060177603,2,0.006406016120355206,4,0.012812032240710413,5,0.016015040300888014,7,0.02242105642124322,10,0.03203008060177603,11,0.035233088661953633
PACE-FLU-SEV,2025/2026,40,44,4,Deaths,Zone,SW,42836294,2,0.004668937980489162,2,0.004668937980489162,4,0.009337875960978324,6,0.014006813941467485,8,0.018675751921956647,11,0.02567915889269039,12,0.02801362788293497
PACE-FLU-SEV,2025/2026,40,45,5,Deaths,Macro,North,127832161,19,0.014863239306421487,22,0.017210066565330143,27,0.021121445330177905,34,0.026597375600964767,41,0.03207330587175163,49,0.03833151189550805,55,0.043025166413325364
PACE-FLU-SEV,2025/2026,40,45,5,Deaths,Macro,South,101669774,8.350000000000009,0.00821286373666967,10,0.009835764954095404,13,0.012786494440324024,17,0.016720800421962185,22,0.021638682899009887,28,0.027540141871467128,32,0.03147444785310529
PACE-FLU-SEV,2025/2026,40,45,5,Deaths,National,Nigeria,229501935,32,0.013943237559195307,35,0.015250416080369866,43,0.018736225470168694,52,0.022657761033692374,62,0.027015022770940908,72,0.03137228450818944,79,0.034422367724263415
PACE-FLU-SEV,2025/2026,40,45,5,Deaths,State,Abia,4841943,0,0,0,0,0,0,1,0.02065286600854244,1,0.02065286600854244,2,0.04130573201708488,3,0.061958598025627316
PACE-FLU-SEV,2025/2026,40,45,5,Deaths,State,Adamawa,5236948,0,0,0,0,0,0,1,0.01909509126307918,2,0.03819018252615836,4,0.07638036505231673,5,0.09547545631539592
PACE-FLU-SEV,2025/2026,40,45,5,Deaths,State,Akwa Ibom,5780581,0,0,0,0,0,0,1,0.017299299153493396,2,0.03459859830698679,3,0.05189789746048018,4,0.06919719661397358
PACE-FLU-SEV,2025/2026,40,45,5,Deaths,State,Anambra,7299910,0,0,0,0,0,0,1,0.013698799026289366,2,0.027397598052578732,3,0.04109639707886809,4,0.054795196105157463
PACE-FLU-SEV,2025/2026,40,45,5,Deaths,State,Bauchi,7540663,0,0,0,0,1,0.013261433377940375,2,0.02652286675588075,3,0.03978430013382112,5,0.06630716688970187,7,0.09283003364558262
PACE-FLU-SEV,2025/2026,40,45,5,Deaths,State,Bayelsa,2394725,0,0,0,0,0,0,0,0,1,0.041758448256062806,2,0.08351689651212561,2,0.08351689651212561
PACE-FLU-SEV,2025/2026,40,45,5,Deaths,State,Benue,6687706,0,0,0,0,1,0.014952810425577919,1,0.014952810425577919,3,0.04485843127673376,4,0.059811241702311675,6,0.08971686255346752
PACE-FLU-SEV,2025/2026,40,45,5,Deaths,State,Borno,6651590,0,0,0,0,1,0.015033999389619624,2,0.030067998779239248,3,0.045101998168858876,5,0.07516999694809813,6,0.09020399633771775
PACE-FLU-SEV,2025/2026,40,45,5,Deaths,State,Cross River,4175020,0,0,0,0,0,0,1,0.023951981068354163,1,0.023951981068354163,2,0.047903962136708327,3,0.07185594320506249
PACE-FLU-SEV,2025/2026,40,45,5,Deaths,State,Delta,6107543,0,0,0,0,0,0,1,0.016373196226371227,2,0.032746392452742454,3,0.04911958867911368,4,0.06549278490548491
PACE-FLU-SEV,2025/2026,40,45,5,Deaths,State,Ebonyi,4007155,0,0,0,0,0,0,0,0,1,0.024955361097836245,2,0.04991072219567249,3,0.07486608329350873
PACE-FLU-SEV,2025/2026,40,45,5,Deaths,State,Edo,5527810,0,0,0,0,0,0,1,0.018090346810038696,1,0.018090346810038696,2,0.03618069362007739,3,0.05427104043011609
PACE-FLU-SEV,2025/2026,40,45,5,Deaths,State,Ekiti,3398177,0,0,0,0,0,0,0,0,1,0.029427543062059452,2,0.058855086124118904,2,0.058855086124118904
PACE-FLU-SEV,2025/2026,40,45,5,Deaths,State,Enugu,5396098,0,0,0,0,0,0,1,0.018531909539078052,1,0.018531909539078052,2,0.037063819078156104,3,0.05559572861723416
PACE-FLU-SEV,2025/2026,40,45,5,Deaths,State,FCT,4802443,0,0,0,0,0,0,1,0.020822735428614146,1,0.020822735428614146,2,0.04164547085722829,3,0.06246820628584243
PACE-FLU-SEV,2025/2026,40,45,5,Deaths,State,Gombe,4623462,0,0,0,0,0,0,1,0.02162881407914675,2,0.0432576281582935,3,0.06488644223744025,4,0.086515256316587
PACE-FLU-SEV,2025/2026,40,45,5,Deaths,State,Imo,6067722,0,0,0,0,0,0,1,0.016480649574914605,2,0.03296129914982921,3,0.04944194872474382,4,0.06592259829965842
PACE-FLU-SEV,2025/2026,40,45,5,Deaths,State,Jigawa,6979080,0,0,0,0,1,0.014328536139433851,2,0.028657072278867702,3,0.042985608418301555,5,0.07164268069716925,6,0.08597121683660311
PACE-FLU-SEV,2025/2026,40,45,5,Deaths,State,Kaduna,8324285,0,0,0,0,1,0.012013043762917777,1,0.012013043762917777,3,0.03603913128875333,5,0.06006521881458888,6,0.07207826257750666
PACE-FLU-SEV,2025/2026,40,45,5,Deaths,State,Kano,16253549,0,0,1,0.006152502447311661,2,0.012305004894623321,3,0.018457507341934982,6,0.036915014683869964,9,0.05537252202580495,11,0.06767752692042828
PACE-FLU-SEV,2025/2026,40,45,5,Deaths,State,Katsina,9300382,0,0,0,0,1,0.010752246520626786,2,0.021504493041253573,4,0.043008986082507146,6,0.06451347912376072,7,0.07526572564438751
PACE-FLU-SEV,2025/2026,40,45,5,Deaths,State,Kebbi,6001610,0,0,0,0,0,0,1,0.016662195644168813,2,0.033324391288337626,4,0.06664878257667525,5,0.08331097822084407
PACE-FLU-SEV,2025/2026,40,45,5,Deaths,State,Kogi,5053734,0,0,0,0,0,0,1,0.019787349314388133,2,0.039574698628776266,3,0.0593620479431644,4,0.07914939725755253
PACE-FLU-SEV,2025/2026,40,45,5,Deaths,State,Kwara,4259613,0,0,0,0,0,0,1,0.023476311110892,1,0.023476311110892,3,0.070428933332676,4,0.093905244443568
PACE-FLU-SEV,2025/2026,40,45,5,Deaths,State,Lagos,15772884,0,0,0,0,0,0,1,0.006339994638900533,3,0.0190199839167016,4,0.025359978555602132,6,0.0380399678334032
PACE-FLU-SEV,2025/2026,40,45,5,Deaths,State,Nasarawa,3632239,0,0,0,0,0,0,1,0.02753122798362112,1,0.02753122798362112,2,0.05506245596724224,3,0.08259368395086336
PACE-FLU-SEV,2025/2026,40,45,5,Deaths,State,Niger,6720617,0,0,0,0,0,0,1,0.014879586204659482,3,0.04463875861397845,4,0.05951834481863793,5,0.07439793102329742
PACE-FLU-SEV,2025/2026,40,45,5,Deaths,State,Ogun,6445275,0,0,0,0,0,0,1,0.015515241785649177,2,0.031030483571298353,3,0.04654572535694753,4,0.06206096714259671
PACE-FLU-SEV,2025/2026,40,45,5,Deaths,State,Ondo,5469707,0,0,0,0,0,0,1,0.018282514950069537,1,0.018282514950069537,3,0.05484754485020861,3,0.05484754485020861
PACE-FLU-SEV,2025/2026,40,45,5,Deaths,State,Osun,4237396,0,0,0,0,0,0,1,0.023599399253692598,1,0.023599399253692598,2,0.047198798507385196,3,0.07079819776107779
PACE-FLU-SEV,2025/2026,40,45,5,Deaths,State,Oyo,7512855,0,0,0,0,0,0,1,0.01331051910358978,2,0.02662103820717956,4,0.05324207641435912,4,0.05324207641435912
PACE-FLU-SEV,2025/2026,40,45,5,Deaths,State,Plateau,5400974,0,0,0,0,0,0,1,0.01851517892883765,2,0.0370303578576753,3,0.05554553678651295,4,0.0740607157153506
PACE-FLU-SEV,2025/2026,40,45,5,Deaths,State,Rivers,7234973,0,0,0,0,0,0,1,0.013821751649937049,2,0.027643503299874098,3,0.041465254949811146,4,0.055287006599748195
PACE-FLU-SEV,2025/2026,40,45,5,Deaths,State,Sokoto,6163187,0,0,0,0,0,0,1,0.01622537171109687,3,0.04867611513329062,4,0.06490148684438748,5,0.08112685855548436
PACE-FLU-SEV,2025/2026,40,45,5,Deaths,State,Taraba,4331885,0,0,0,0,0,0,1,0.023084638673464324,2,0.04616927734692865,3,0.06925391602039296,4,0.0923385546938573
PACE-FLU-SEV,2025/2026,40,45,5,Deaths,State,Yobe,4350401,0,0,0,0,0,0,1,0.022986386772161922,2,0.045972773544323844,3,0.06895916031648577,4,0.09194554708864769
PACE-FLU-SEV,2025/2026,40,45,5,Deaths,State,Zamfara,5517793,0,0,0,0,0,0,1,0.018123188021007673,3,0.054369564063023026,4,0.07249275208403069,5,0.09061594010503837
PACE-FLU-SEV,2025/2026,40,45,5,Deaths,Zone,NC,36557326,3,0.008206289486271506,4,0.010941719315028676,6,0.016412578972543012,8,0.02188343863005735,11,0.03008972811632886,15,0.04103144743135753,17,0.046502307088871875
PACE-FLU-SEV,2025/2026,40,45,5,Deaths,Zone,NE,32734949,3,0.009164517103722996,4,0.012219356138297329,6,0.018329034207445992,9,0.027493551311168988,13,0.03971290744946632,16,0.048877424553189316,18,0.054987102622337976
PACE-FLU-SEV,2025/2026,40,45,5,Deaths,Zone,NW,58539886,7,0.011957659090760785,8,0.013665896103726611,11,0.01879060714262409,15,0.025623555194487398,20,0.034164740259316526,25,0.04270592532414566,29,0.049538873376008964
PACE-FLU-SEV,2025/2026,40,45,5,Deaths,Zone,SE,27612828,1,0.0036215051931660167,2,0.0072430103863320335,3,0.01086451557949805,5,0.018107525965830085,7,0.02535053635216212,9,0.03259354673849415,11,0.039836557124826186
PACE-FLU-SEV,2025/2026,40,45,5,Deaths,Zone,SS,31220652,2,0.006406016120355206,2,0.006406016120355206,4,0.012812032240710413,6,0.019218048361065616,8,0.025624064481420825,10.63333333333344,0.034058652373222184,12,0.03843609672213123
PACE-FLU-SEV,2025/2026,40,45,5,Deaths,Zone,SW,42836294,2,0.004668937980489162,3,0.007003406970733743,4,0.009337875960978324,6,0.014006813941467485,9,0.021010220912201227,12,0.02801362788293497,14.650000000000091,0.034199970707083326
PACE-FLU-SEV,2025/2026,40,46,6,Deaths,Macro,North,127832161,21,0.016427790812360593,24,0.018774618071269247,29,0.02268599683611701,37,0.028944202859873425,46,0.035984684636599394,56,0.04380744216629491,63,0.04928337243708178
PACE-FLU-SEV,2025/2026,40,46,6,Deaths,Macro,South,101669774,9,0.008852188458685862,11,0.010819341449504943,15,0.014753647431143104,19,0.018687953412781264,24,0.023605835889828966,31,0.03049087135769575,35,0.03442517733933391
PACE-FLU-SEV,2025/2026,40,46,6,Deaths,National,Nigeria,229501935,35,0.015250416080369866,39,0.016993320775269282,46,0.020043403991343255,57,0.02483639190231664,69,0.03006510598701488,82,0.035729546245437976,91,0.03965108180896165
PACE-FLU-SEV,2025/2026,40,46,6,Deaths,State,Abia,4841943,0,0,0,0,0,0,1,0.02065286600854244,2,0.04130573201708488,3,0.061958598025627316,3,0.061958598025627316
PACE-FLU-SEV,2025/2026,40,46,6,Deaths,State,Adamawa,5236948,0,0,0,0,0,0,1,0.01909509126307918,2,0.03819018252615836,4,0.07638036505231673,5,0.09547545631539592
PACE-FLU-SEV,2025/2026,40,46,6,Deaths,State,Akwa Ibom,5780581,0,0,0,0,0,0,1,0.017299299153493396,2,0.03459859830698679,3,0.05189789746048018,4,0.06919719661397358
PACE-FLU-SEV,2025/2026,40,46,6,Deaths,State,Anambra,7299910,0,0,0,0,0,0,1,0.013698799026289366,2,0.027397598052578732,4,0.054795196105157463,5,0.06849399513144683
PACE-FLU-SEV,2025/2026,40,46,6,Deaths,State,Bauchi,7540663,0,0,0,0,1,0.013261433377940375,2,0.02652286675588075,3,0.03978430013382112,5,0.06630716688970187,7,0.09283003364558262
PACE-FLU-SEV,2025/2026,40,46,6,Deaths,State,Bayelsa,2394725,0,0,0,0,0,0,0,0,1,0.041758448256062806,2,0.08351689651212561,3,0.1252753447681884
PACE-FLU-SEV,2025/2026,40,46,6,Deaths,State,Benue,6687706,0,0,0,0,1,0.014952810425577919,1,0.014952810425577919,3,0.04485843127673376,5,0.0747640521278896,6,0.08971686255346752
PACE-FLU-SEV,2025/2026,40,46,6,Deaths,State,Borno,6651590,0,0,0,0,1,0.015033999389619624,2,0.030067998779239248,3,0.045101998168858876,5,0.07516999694809813,6,0.09020399633771775
PACE-FLU-SEV,2025/2026,40,46,6,Deaths,State,Cross River,4175020,0,0,0,0,0,0,1,0.023951981068354163,2,0.047903962136708327,3,0.07185594320506249,3,0.07185594320506249
PACE-FLU-SEV,2025/2026,40,46,6,Deaths,State,Delta,6107543,0,0,0,0,0,0,1,0.016373196226371227,2,0.032746392452742454,3,0.04911958867911368,4,0.06549278490548491
PACE-FLU-SEV,2025/2026,40,46,6,Deaths,State,Ebonyi,4007155,0,0,0,0,0,0,1,0.024955361097836245,1,0.024955361097836245,2,0.04991072219567249,3,0.07486608329350873
PACE-FLU-SEV,2025/2026,40,46,6,Deaths,State,Edo,5527810,0,0,0,0,0,0,1,0.018090346810038696,2,0.03618069362007739,3,0.05427104043011609,4,0.07236138724015478
PACE-FLU-SEV,2025/2026,40,46,6,Deaths,State,Ekiti,3398177,0,0,0,0,0,0,0,0,1,0.029427543062059452,2,0.058855086124118904,3,0.08828262918617835
PACE-FLU-SEV,2025/2026,40,46,6,Deaths,State,Enugu,5396098,0,0,0,0,0,0,1,0.018531909539078052,2,0.037063819078156104,3,0.05559572861723416,3,0.05559572861723416
PACE-FLU-SEV,2025/2026,40,46,6,Deaths,State,FCT,4802443,0,0,0,0,0,0,1,0.020822735428614146,1,0.020822735428614146,2,0.04164547085722829,3,0.06246820628584243
PACE-FLU-SEV,2025/2026,40,46,6,Deaths,State,Gombe,4623462,0,0,0,0,0,0,1,0.02162881407914675,2,0.0432576281582935,4,0.086515256316587,5,0.10814407039573376
PACE-FLU-SEV,2025/2026,40,46,6,Deaths,State,Imo,6067722,0,0,0,0,0,0,1,0.016480649574914605,2,0.03296129914982921,3,0.04944194872474382,4,0.06592259829965842
PACE-FLU-SEV,2025/2026,40,46,6,Deaths,State,Jigawa,6979080,0,0,0,0,1,0.014328536139433851,2,0.028657072278867702,3,0.042985608418301555,5,0.07164268069716925,7,0.10029975297603695
PACE-FLU-SEV,2025/2026,40,46,6,Deaths,State,Kaduna,8324285,0,0,0,0,1,0.012013043762917777,2,0.024026087525835554,3,0.03603913128875333,5,0.06006521881458888,7,0.08409130634042443
PACE-FLU-SEV,2025/2026,40,46,6,Deaths,State,Kano,16253549,0,0,1,0.006152502447311661,2,0.012305004894623321,4,0.024610009789246642,6,0.036915014683869964,9.63333333333344,0.05926910690910299,12,0.07383002936773993
PACE-FLU-SEV,2025/2026,40,46,6,Deaths,State,Katsina,9300382,0,0,0,0,1,0.010752246520626786,2,0.021504493041253573,4,0.043008986082507146,6,0.06451347912376072,8,0.08601797216501429
PACE-FLU-SEV,2025/2026,40,46,6,Deaths,State,Kebbi,6001610,0,0,0,0,1,0.016662195644168813,1,0.016662195644168813,3,0.04998658693250645,5,0.08331097822084407,6,0.0999731738650129
PACE-FLU-SEV,2025/2026,40,46,6,Deaths,State,Kogi,5053734,0,0,0,0,0,0,1,0.019787349314388133,2,0.039574698628776266,3,0.0593620479431644,4,0.07914939725755253
PACE-FLU-SEV,2025/2026,40,46,6,Deaths,State,Kwara,4259613,0,0,0,0,0,0,1,0.023476311110892,2,0.046952622221784,3,0.070428933332676,4,0.093905244443568
PACE-FLU-SEV,2025/2026,40,46,6,Deaths,State,Lagos,15772884,0,0,0,0,1,0.006339994638900533,2,0.012679989277801066,3,0.0190199839167016,5,0.03169997319450266,6,0.0380399678334032
PACE-FLU-SEV,2025/2026,40,46,6,Deaths,State,Nasarawa,3632239,0,0,0,0,0,0,1,0.02753122798362112,1,0.02753122798362112,2,0.05506245596724224,3,0.08259368395086336
PACE-FLU-SEV,2025/2026,40,46,6,Deaths,State,Niger,6720617,0,0,0,0,1,0.014879586204659482,1,0.014879586204659482,3,0.04463875861397845,5,0.07439793102329742,6,0.0892775172279569
PACE-FLU-SEV,2025/2026,40,46,6,Deaths,State,Ogun,6445275,0,0,0,0,0,0,1,0.015515241785649177,2,0.031030483571298353,3,0.04654572535694753,4,0.06206096714259671
PACE-FLU-SEV,2025/2026,40,46,6,Deaths,State,Ondo,5469707,0,0,0,0,0,0,1,0.018282514950069537,2,0.03656502990013907,3,0.05484754485020861,4,0.07313005980027815
PACE-FLU-SEV,2025/2026,40,46,6,Deaths,State,Osun,4237396,0,0,0,0,0,0,1,0.023599399253692598,2,0.047198798507385196,3,0.07079819776107779,3,0.07079819776107779
PACE-FLU-SEV,2025/2026,40,46,6,Deaths,State,Oyo,7512855,0,0,0,0,0,0,1,0.01331051910358978,2,0.02662103820717956,4,0.05324207641435912,5,0.0665525955179489
PACE-FLU-SEV,2025/2026,40,46,6,Deaths,State,Plateau,5400974,0,0,0,0,0,0,1,0.01851517892883765,2,0.0370303578576753,3,0.05554553678651295,4,0.0740607157153506
PACE-FLU-SEV,2025/2026,40,46,6,Deaths,State,Rivers,7234973,0,0,0,0,0,0,1,0.013821751649937049,2,0.027643503299874098,4,0.055287006599748195,4,0.055287006599748195
PACE-FLU-SEV,2025/2026,40,46,6,Deaths,State,Sokoto,6163187,0,0,0,0,1,0.01622537171109687,2,0.03245074342219374,3,0.04867611513329062,5,0.08112685855548436,6,0.09735223026658124
PACE-FLU-SEV,2025/2026,40,46,6,Deaths,State,Taraba,4331885,0,0,0,0,0,0,1,0.023084638673464324,2,0.04616927734692865,4,0.0923385546938573,5,0.11542319336732161
PACE-FLU-SEV,2025/2026,40,46,6,Deaths,State,Yobe,4350401,0,0,0,0,0,0,1,0.022986386772161922,2,0.045972773544323844,4,0.09194554708864769,5,0.11493193386080962
PACE-FLU-SEV,2025/2026,40,46,6,Deaths,State,Zamfara,5517793,0,0,0,0,1,0.018123188021007673,1,0.018123188021007673,3,0.054369564063023026,4,0.07249275208403069,6,0.10873912812604605
PACE-FLU-SEV,2025/2026,40,46,6,Deaths,Zone,NC,36557326,3,0.008206289486271506,4,0.010941719315028676,6,0.016412578972543012,9,0.02461886845881452,12,0.032825157945086024,16,0.0437668772601147,19,0.05197316674638621
PACE-FLU-SEV,2025/2026,40,46,6,Deaths,Zone,NE,32734949,4,0.012219356138297329,5,0.01527419517287166,7,0.021383873242020325,10,0.03054839034574332,14,0.04276774648404065,18,0.054987102622337976,20.65000000000009,0.06308242606396024
PACE-FLU-SEV,2025/2026,40,46,6,Deaths,Zone,NW,58539886,7,0.011957659090760785,9,0.015374133116692437,12,0.020498844155589918,17,0.02904002922041905,22,0.03758121428524818,28,0.04783063636304314,33,0.056371821427872275
PACE-FLU-SEV,2025/2026,40,46,6,Deaths,Zone,SE,27612828,1,0.0036215051931660167,2,0.0072430103863320335,3,0.01086451557949805,5,0.018107525965830085,7,0.02535053635216212,10,0.03621505193166017,12,0.0434580623179922
PACE-FLU-SEV,2025/2026,40,46,6,Deaths,Zone,SS,31220652,2,0.006406016120355206,3,0.009609024180532808,4,0.012812032240710413,6,0.019218048361065616,9,0.028827072541598428,12,0.03843609672213123,14,0.04484211284248644
PACE-FLU-SEV,2025/2026,40,46,6,Deaths,Zone,SW,42836294,2,0.004668937980489162,3,0.007003406970733743,5,0.011672344951222905,7,0.016341282931712067,10,0.02334468990244581,13,0.03034809687317955,15,0.035017034853668715
PACE-FLU-SEV,2025/2026,40,47,7,Deaths,Macro,North,127832161,22,0.017210066565330143,25,0.0195568938242388,31,0.024250548342056113,40,0.03129103011878208,50,0.0391137876484776,62,0.048501096684112226,70,0.05475930270786864
PACE-FLU-SEV,2025/2026,40,47,7,Deaths,Macro,South,101669774,9,0.008852188458685862,11,0.010819341449504943,15,0.014753647431143104,20,0.019671529908190807,26,0.02557298888064805,33,0.03245802434851483,38,0.03737590682556253
PACE-FLU-SEV,2025/2026,40,47,7,Deaths,National,Nigeria,229501935,36,0.01568614225409472,41,0.017864773122718988,49,0.021350582512517813,61,0.026579296597216053,74,0.032243736855639145,90,0.0392153556352368,102,0.04444406971993504
PACE-FLU-SEV,2025/2026,40,47,7,Deaths,State,Abia,4841943,0,0,0,0,0,0,1,0.02065286600854244,2,0.04130573201708488,3,0.061958598025627316,4,0.08261146403416976
PACE-FLU-SEV,2025/2026,40,47,7,Deaths,State,Adamawa,5236948,0,0,0,0,0,0,1,0.01909509126307918,2,0.03819018252615836,4,0.07638036505231673,5,0.09547545631539592
PACE-FLU-SEV,2025/2026,40,47,7,Deaths,State,Akwa Ibom,5780581,0,0,0,0,0,0,1,0.017299299153493396,2,0.03459859830698679,3,0.05189789746048018,4.650000000000091,0.08044174106374585
PACE-FLU-SEV,2025/2026,40,47,7,Deaths,State,Anambra,7299910,0,0,0,0,0,0,1,0.013698799026289366,2,0.027397598052578732,4,0.054795196105157463,5,0.06849399513144683
PACE-FLU-SEV,2025/2026,40,47,7,Deaths,State,Bauchi,7540663,0,0,0,0,1,0.013261433377940375,2,0.02652286675588075,4,0.0530457335117615,5,0.06630716688970187,7,0.09283003364558262
PACE-FLU-SEV,2025/2026,40,47,7,Deaths,State,Bayelsa,2394725,0,0,0,0,0,0,0,0,1,0.041758448256062806,2,0.08351689651212561,3,0.1252753447681884
PACE-FLU-SEV,2025/2026,40,47,7,Deaths,State,Benue,6687706,0,0,0,0,1,0.014952810425577919,2,0.029905620851155838,3,0.04485843127673376,5,0.0747640521278896,6,0.08971686255346752
PACE-FLU-SEV,2025/2026,40,47,7,Deaths,State,Borno,6651590,0,0,0,0,1,0.015033999389619624,2,0.030067998779239248,4,0.060135997558478496,6,0.09020399633771775,7,0.10523799572733737
PACE-FLU-SEV,2025/2026,40,47,7,Deaths,State,Cross River,4175020,0,0,0,0,0,0,1,0.023951981068354163,2,0.047903962136708327,3,0.07185594320506249,3,0.07185594320506249
PACE-FLU-SEV,2025/2026,40,47,7,Deaths,State,Delta,6107543,0,0,0,0,0,0,1,0.016373196226371227,2,0.032746392452742454,3,0.04911958867911368,4,0.06549278490548491
PACE-FLU-SEV,2025/2026,40,47,7,Deaths,State,Ebonyi,4007155,0,0,0,0,0,0,1,0.024955361097836245,1,0.024955361097836245,2,0.04991072219567249,3,0.07486608329350873
PACE-FLU-SEV,2025/2026,40,47,7,Deaths,State,Edo,5527810,0,0,0,0,0,0,1,0.018090346810038696,2,0.03618069362007739,3,0.05427104043011609,3,0.05427104043011609
PACE-FLU-SEV,2025/2026,40,47,7,Deaths,State,Ekiti,3398177,0,0,0,0,0,0,0,0,1,0.029427543062059452,2,0.058855086124118904,3,0.08828262918617835
PACE-FLU-SEV,2025/2026,40,47,7,Deaths,State,Enugu,5396098,0,0,0,0,0,0,1,0.018531909539078052,2,0.037063819078156104,3,0.05559572861723416,4,0.07412763815631221
PACE-FLU-SEV,2025/2026,40,47,7,Deaths,State,FCT,4802443,0,0,0,0,0,0,1,0.020822735428614146,1,0.020822735428614146,2,0.04164547085722829,3,0.06246820628584243
PACE-FLU-SEV,2025/2026,40,47,7,Deaths,State,Gombe,4623462,0,0,0,0,0,0,1,0.02162881407914675,3,0.06488644223744025,4,0.086515256316587,5,0.10814407039573376
PACE-FLU-SEV,2025/2026,40,47,7,Deaths,State,Imo,6067722,0,0,0,0,0,0,1,0.016480649574914605,2,0.03296129914982921,3,0.04944194872474382,4,0.06592259829965842
PACE-FLU-SEV,2025/2026,40,47,7,Deaths,State,Jigawa,6979080,0,0,0,0,1,0.014328536139433851,2,0.028657072278867702,3,0.042985608418301555,6,0.08597121683660311,7,0.10029975297603695
PACE-FLU-SEV,2025/2026,40,47,7,Deaths,State,Kaduna,8324285,0,0,0,0,1,0.012013043762917777,2,0.024026087525835554,3,0.03603913128875333,5,0.06006521881458888,7,0.08409130634042443
PACE-FLU-SEV,2025/2026,40,47,7,Deaths,State,Kano,16253549,0,0,1,0.006152502447311661,2,0.012305004894623321,4,0.024610009789246642,7,0.04306751713118163,11,0.06767752692042828,14,0.08613503426236326
PACE-FLU-SEV,2025/2026,40,47,7,Deaths,State,Katsina,9300382,0,0,0,0,1,0.010752246520626786,2,0.021504493041253573,4,0.043008986082507146,7,0.07526572564438751,8,0.08601797216501429
PACE-FLU-SEV,2025/2026,40,47,7,Deaths,State,Kebbi,6001610,0,0,0,0,1,0.016662195644168813,2,0.033324391288337626,3,0.04998658693250645,5,0.08331097822084407,6,0.0999731738650129
PACE-FLU-SEV,2025/2026,40,47,7,Deaths,State,Kogi,5053734,0,0,0,0,0,0,1,0.019787349314388133,2,0.039574698628776266,4,0.07914939725755253,5,0.09893674657194067
PACE-FLU-SEV,2025/2026,40,47,7,Deaths,State,Kwara,4259613,0,0,0,0,0,0,1,0.023476311110892,2,0.046952622221784,3,0.070428933332676,4,0.093905244443568
PACE-FLU-SEV,2025/2026,40,47,7,Deaths,State,Lagos,15772884,0,0,0,0,1,0.006339994638900533,2,0.012679989277801066,3,0.0190199839167016,5,0.03169997319450266,7,0.04437996247230373
PACE-FLU-SEV,2025/2026,40,47,7,Deaths,State,Nasarawa,3632239,0,0,0,0,0,0,1,0.02753122798362112,2,0.05506245596724224,3,0.08259368395086336,4,0.11012491193448448
PACE-FLU-SEV,2025/2026,40,47,7,Deaths,State,Niger,6720617,0,0,0,0,1,0.014879586204659482,2,0.029759172409318965,3,0.04463875861397845,5,0.07439793102329742,6,0.0892775172279569
PACE-FLU-SEV,2025/2026,40,47,7,Deaths,State,Ogun,6445275,0,0,0,0,0,0,1,0.015515241785649177,2,0.031030483571298353,3,0.04654572535694753,4,0.06206096714259671
PACE-FLU-SEV,2025/2026,40,47,7,Deaths,State,Ondo,5469707,0,0,0,0,0,0,1,0.018282514950069537,2,0.03656502990013907,3,0.05484754485020861,4,0.07313005980027815
PACE-FLU-SEV,2025/2026,40,47,7,Deaths,State,Osun,4237396,0,0,0,0,0,0,1,0.023599399253692598,2,0.047198798507385196,3,0.07079819776107779,4,0.09439759701477039
PACE-FLU-SEV,2025/2026,40,47,7,Deaths,State,Oyo,7512855,0,0,0,0,0,0,1,0.01331051910358978,2,0.02662103820717956,4,0.05324207641435912,5,0.0665525955179489
PACE-FLU-SEV,2025/2026,40,47,7,Deaths,State,Plateau,5400974,0,0,0,0,0,0,1,0.01851517892883765,2,0.0370303578576753,4,0.0740607157153506,5,0.09257589464418825
PACE-FLU-SEV,2025/2026,40,47,7,Deaths,State,Rivers,7234973,0,0,0,0,0,0,1,0.013821751649937049,2,0.027643503299874098,4,0.055287006599748195,5,0.06910875824968525
PACE-FLU-SEV,2025/2026,40,47,7,Deaths,State,Sokoto,6163187,0,0,0,0,1,0.01622537171109687,2,0.03245074342219374,3,0.04867611513329062,5,0.08112685855548436,7,0.1135776019776781
PACE-FLU-SEV,2025/2026,40,47,7,Deaths,State,Taraba,4331885,0,0,0,0,0,0,1,0.023084638673464324,2,0.04616927734692865,4,0.0923385546938573,5,0.11542319336732161
PACE-FLU-SEV,2025/2026,40,47,7,Deaths,State,Yobe,4350401,0,0,0,0,0,0,1,0.022986386772161922,2,0.045972773544323844,4,0.09194554708864769,5,0.11493193386080962
PACE-FLU-SEV,2025/2026,40,47,7,Deaths,State,Zamfara,5517793,0,0,0,0,1,0.018123188021007673,2,0.036246376042015346,3,0.054369564063023026,5,0.09061594010503837,6,0.10873912812604605
PACE-FLU-SEV,2025/2026,40,47,7,Deaths,Zone,NC,36557326,3,0.008206289486271506,4,0.010941719315028676,7,0.019148008801300184,10,0.027354298287571688,13,0.035560587773843196,18,0.04923773691762904,21,0.05744402640390055
PACE-FLU-SEV,2025/2026,40,47,7,Deaths,Zone,NE,32734949,4,0.012219356138297329,5,0.01527419517287166,8,0.024438712276594658,11,0.03360322938031765,15,0.04582258551861498,19,0.05804194165691231,22,0.0672064587606353
PACE-FLU-SEV,2025/2026,40,47,7,Deaths,Zone,NW,58539886,8,0.013665896103726611,10,0.017082370129658263,13,0.022207081168555742,18,0.030748266233384874,24,0.040997688311179836,31,0.05295534740194062,37,0.06320476947973558
PACE-FLU-SEV,2025/2026,40,47,7,Deaths,Zone,SE,27612828,1,0.0036215051931660167,2,0.0072430103863320335,3,0.01086451557949805,5,0.018107525965830085,8,0.028972041545328134,11,0.039836557124826186,13,0.04707956751115822
PACE-FLU-SEV,2025/2026,40,47,7,Deaths,Zone,SS,31220652,2,0.006406016120355206,3,0.009609024180532808,4,0.012812032240710413,6,0.019218048361065616,9,0.028827072541598428,12,0.03843609672213123,15,0.048045120902664044
PACE-FLU-SEV,2025/2026,40,47,7,Deaths,Zone,SW,42836294,2,0.004668937980489162,3,0.007003406970733743,5,0.011672344951222905,8,0.018675751921956647,11,0.02567915889269039,15,0.035017034853668715,17,0.039685972834157875
PACE-FLU-SEV,2025/2026,40,48,8,Deaths,Macro,North,127832161,23,0.017992342318299697,27,0.021121445330177905,33,0.025815099847995217,42,0.032855581624721186,54,0.04224289066035581,67,0.05241247544895999,76,0.05945295722568595
PACE-FLU-SEV,2025/2026,40,48,8,Deaths,Macro,South,101669774,10,0.009835764954095404,12,0.011802917944914483,16,0.015737223926552645,21,0.020655106403600347,27,0.02655656537605759,34,0.03344160084392437,39,0.038359483320972075
PACE-FLU-SEV,2025/2026,40,48,8,Deaths,National,Nigeria,229501935,39,0.016993320775269282,43,0.018736225470168694,52,0.022657761033692374,63.500000000000114,0.027668612031528237,79,0.034422367724263415,95,0.041393986503861065,110,0.04792987910973387
PACE-FLU-SEV,2025/2026,40,48,8,Deaths,State,Abia,4841943,0,0,0,0,0,0,1,0.02065286600854244,2,0.04130573201708488,3,0.061958598025627316,4,0.08261146403416976
PACE-FLU-SEV,2025/2026,40,48,8,Deaths,State,Adamawa,5236948,0,0,0,0,0,0,1,0.01909509126307918,3,0.05728527378923755,4,0.07638036505231673,6,0.1145705475784751
PACE-FLU-SEV,2025/2026,40,48,8,Deaths,State,Akwa Ibom,5780581,0,0,0,0,0,0,1,0.017299299153493396,2,0.03459859830698679,3,0.05189789746048018,4,0.06919719661397358
PACE-FLU-SEV,2025/2026,40,48,8,Deaths,State,Anambra,7299910,0,0,0,0,0,0,1,0.013698799026289366,2,0.027397598052578732,4,0.054795196105157463,5,0.06849399513144683
PACE-FLU-SEV,2025/2026,40,48,8,Deaths,State,Bauchi,7540663,0,0,0,0,1,0.013261433377940375,2,0.02652286675588075,4,0.0530457335117615,6,0.07956860026764224,8,0.106091467023523
PACE-FLU-SEV,2025/2026,40,48,8,Deaths,State,Bayelsa,2394725,0,0,0,0,0,0,0,0,1,0.041758448256062806,2,0.08351689651212561,3,0.1252753447681884
PACE-FLU-SEV,2025/2026,40,48,8,Deaths,State,Benue,6687706,0,0,0,0,1,0.014952810425577919,2,0.029905620851155838,3,0.04485843127673376,5,0.0747640521278896,7,0.10466967297904543
PACE-FLU-SEV,2025/2026,40,48,8,Deaths,State,Borno,6651590,0,0,0,0,1,0.015033999389619624,2,0.030067998779239248,4,0.060135997558478496,6,0.09020399633771775,8,0.12027199511695699
PACE-FLU-SEV,2025/2026,40,48,8,Deaths,State,Cross River,4175020,0,0,0,0,0,0,1,0.023951981068354163,2,0.047903962136708327,3,0.07185594320506249,4,0.09580792427341665
PACE-FLU-SEV,2025/2026,40,48,8,Deaths,State,Delta,6107543,0,0,0,0,0,0,1,0.016373196226371227,2,0.032746392452742454,3,0.04911958867911368,5,0.08186598113185613
PACE-FLU-SEV,2025/2026,40,48,8,Deaths,State,Ebonyi,4007155,0,0,0,0,0,0,1,0.024955361097836245,1,0.024955361097836245,2,0.04991072219567249,3,0.07486608329350873
PACE-FLU-SEV,2025/2026,40,48,8,Deaths,State,Edo,5527810,0,0,0,0,0,0,1,0.018090346810038696,2,0.03618069362007739,3,0.05427104043011609,4,0.07236138724015478
PACE-FLU-SEV,2025/2026,40,48,8,Deaths,State,Ekiti,3398177,0,0,0,0,0,0,0,0,1,0.029427543062059452,2,0.058855086124118904,3,0.08828262918617835
PACE-FLU-SEV,2025/2026,40,48,8,Deaths,State,Enugu,5396098,0,0,0,0,0,0,1,0.018531909539078052,2,0.037063819078156104,3,0.05559572861723416,4,0.07412763815631221
PACE-FLU-SEV,2025/2026,40,48,8,Deaths,State,FCT,4802443,0,0,0,0,0,0,1,0.020822735428614146,1,0.020822735428614146,3,0.06246820628584243,3,0.06246820628584243
PACE-FLU-SEV,2025/2026,40,48,8,Deaths,State,Gombe,4623462,0,0,0,0,0,0,1,0.02162881407914675,3,0.06488644223744025,4,0.086515256316587,6,0.1297728844748805
PACE-FLU-SEV,2025/2026,40,48,8,Deaths,State,Imo,6067722,0,0,0,0,0,0,1,0.016480649574914605,2,0.03296129914982921,3,0.04944194872474382,4,0.06592259829965842
PACE-FLU-SEV,2025/2026,40,48,8,Deaths,State,Jigawa,6979080,0,0,0,0,1,0.014328536139433851,2,0.028657072278867702,4,0.057314144557735404,6,0.08597121683660311,8,0.11462828911547081
PACE-FLU-SEV,2025/2026,40,48,8,Deaths,State,Kaduna,8324285,0,0,0,0,1,0.012013043762917777,2,0.024026087525835554,4,0.04805217505167111,6,0.07207826257750666,8,0.09610435010334221
PACE-FLU-SEV,2025/2026,40,48,8,Deaths,State,Kano,16253549,1,0.006152502447311661,1,0.006152502447311661,2,0.012305004894623321,4,0.024610009789246642,8,0.049220019578493285,11,0.06767752692042828,14,0.08613503426236326
PACE-FLU-SEV,2025/2026,40,48,8,Deaths,State,Katsina,9300382,0,0,0,0,1,0.010752246520626786,3,0.03225673956188036,5,0.05376123260313394,7,0.07526572564438751,9,0.09677021868564109
PACE-FLU-SEV,2025/2026,40,48,8,Deaths,State,Kebbi,6001610,0,0,0,0,1,0.016662195644168813,2,0.033324391288337626,3,0.04998658693250645,5,0.08331097822084407,7,0.1166353695091817
PACE-FLU-SEV,2025/2026,40,48,8,Deaths,State,Kogi,5053734,0,0,0,0,0,0,1,0.019787349314388133,2,0.039574698628776266,4,0.07914939725755253,5,0.09893674657194067
PACE-FLU-SEV,2025/2026,40,48,8,Deaths,State,Kwara,4259613,0,0,0,0,0,0,1,0.023476311110892,2,0.046952622221784,3,0.070428933332676,4,0.093905244443568
PACE-FLU-SEV,2025/2026,40,48,8,Deaths,State,Lagos,15772884,0,0,0,0,1,0.006339994638900533,2,0.012679989277801066,3,0.0190199839167016,5,0.03169997319450266,7,0.04437996247230373
PACE-FLU-SEV,2025/2026,40,48,8,Deaths,State,Nasarawa,3632239,0,0,0,0,0,0,1,0.02753122798362112,2,0.05506245596724224,3,0.08259368395086336,4,0.11012491193448448
PACE-FLU-SEV,2025/2026,40,48,8,Deaths,State,Niger,6720617,0,0,0,0,1,0.014879586204659482,2,0.029759172409318965,3,0.04463875861397845,5,0.07439793102329742,7,0.10415710343261637
PACE-FLU-SEV,2025/2026,40,48,8,Deaths,State,Ogun,6445275,0,0,0,0,0,0,1,0.015515241785649177,2,0.031030483571298353,3,0.04654572535694753,4,0.06206096714259671
PACE-FLU-SEV,2025/2026,40,48,8,Deaths,State,Ondo,5469707,0,0,0,0,0,0,1,0.018282514950069537,2,0.03656502990013907,3,0.05484754485020861,4,0.07313005980027815
PACE-FLU-SEV,2025/2026,40,48,8,Deaths,State,Osun,4237396,0,0,0,0,0,0,1,0.023599399253692598,2,0.047198798507385196,3,0.07079819776107779,4,0.09439759701477039
PACE-FLU-SEV,2025/2026,40,48,8,Deaths,State,Oyo,7512855,0,0,0,0,0,0,1,0.01331051910358978,2,0.02662103820717956,4,0.05324207641435912,5,0.0665525955179489
PACE-FLU-SEV,2025/2026,40,48,8,Deaths,State,Plateau,5400974,0,0,0,0,0,0,1,0.01851517892883765,2,0.0370303578576753,4,0.0740607157153506,5,0.09257589464418825
PACE-FLU-SEV,2025/2026,40,48,8,Deaths,State,Rivers,7234973,0,0,0,0,0,0,1,0.013821751649937049,2,0.027643503299874098,4,0.055287006599748195,5,0.06910875824968525
PACE-FLU-SEV,2025/2026,40,48,8,Deaths,State,Sokoto,6163187,0,0,0,0,1,0.01622537171109687,2,0.03245074342219374,3,0.04867611513329062,5,0.08112685855548436,7,0.1135776019776781
PACE-FLU-SEV,2025/2026,40,48,8,Deaths,State,Taraba,4331885,0,0,0,0,0,0,1,0.023084638673464324,2,0.04616927734692865,4,0.0923385546938573,5,0.11542319336732161
PACE-FLU-SEV,2025/2026,40,48,8,Deaths,State,Yobe,4350401,0,0,0,0,0,0,1,0.022986386772161922,3,0.06895916031648577,4,0.09194554708864769,5,0.11493193386080962
PACE-FLU-SEV,2025/2026,40,48,8,Deaths,State,Zamfara,5517793,0,0,0,0,1,0.018123188021007673,2,0.036246376042015346,3,0.054369564063023026,5,0.09061594010503837,7,0.12686231614705373
PACE-FLU-SEV,2025/2026,40,48,8,Deaths,Zone,NC,36557326,4,0.010941719315028676,5,0.013677149143785844,7,0.019148008801300184,10,0.027354298287571688,14,0.03829601760260037,18,0.04923773691762904,22,0.06017945623265772
PACE-FLU-SEV,2025/2026,40,48,8,Deaths,Zone,NE,32734949,4,0.012219356138297329,6,0.018329034207445992,8,0.024438712276594658,12,0.036658068414891984,16,0.048877424553189316,21,0.06415161972606098,25,0.0763709758643583
PACE-FLU-SEV,2025/2026,40,48,8,Deaths,Zone,NW,58539886,9,0.015374133116692437,11,0.01879060714262409,14,0.02391531818152157,20,0.034164740259316526,26,0.044414162337111485,34,0.0580800584408381,41,0.07003771753159889
PACE-FLU-SEV,2025/2026,40,48,8,Deaths,Zone,SE,27612828,1,0.0036215051931660167,2,0.0072430103863320335,4,0.014486020772664067,6,0.0217290311589961,8,0.028972041545328134,11,0.039836557124826186,13,0.04707956751115822
PACE-FLU-SEV,2025/2026,40,48,8,Deaths,Zone,SS,31220652,2,0.006406016120355206,3,0.009609024180532808,4,0.012812032240710413,7,0.02242105642124322,10,0.03203008060177603,13,0.04163910478230884,16,0.05124812896284165
PACE-FLU-SEV,2025/2026,40,48,8,Deaths,Zone,SW,42836294,2,0.004668937980489162,3,0.007003406970733743,5,0.011672344951222905,8,0.018675751921956647,11,0.02567915889269039,15,0.035017034853668715,17,0.039685972834157875
PACE-FLU-SEV,2025/2026,40,49,9,Deaths,Macro,North,127832161,24,0.018774618071269247,28,0.021903721083147455,35,0.02737965135393432,45,0.03520240888362984,57,0.044589717919264464,72.63333333333344,0.05681929552402187,85,0.06649343900241192
PACE-FLU-SEV,2025/2026,40,49,9,Deaths,Macro,South,101669774,11,0.010819341449504943,12,0.011802917944914483,16,0.015737223926552645,22,0.021638682899009887,28,0.027540141871467128,37,0.03639233033015299,43,0.042293789302610234
PACE-FLU-SEV,2025/2026,40,49,9,Deaths,National,Nigeria,229501935,39,0.016993320775269282,44,0.019171951643893546,54,0.02352921338114208,67,0.029193653639565175,83.58333333333326,0.03641944602050229,104,0.04531552206738475,119,0.051851414673257545
PACE-FLU-SEV,2025/2026,40,49,9,Deaths,State,Abia,4841943,0,0,0,0,0,0,1,0.02065286600854244,2,0.04130573201708488,3,0.061958598025627316,4,0.08261146403416976
PACE-FLU-SEV,2025/2026,40,49,9,Deaths,State,Adamawa,5236948,0,0,0,0,0,0,1,0.01909509126307918,3,0.05728527378923755,4,0.07638036505231673,5,0.09547545631539592
PACE-FLU-SEV,2025/2026,40,49,9,Deaths,State,Akwa Ibom,5780581,0,0,0,0,0,0,1,0.017299299153493396,2,0.03459859830698679,4,0.06919719661397358,5,0.08649649576746697
PACE-FLU-SEV,2025/2026,40,49,9,Deaths,State,Anambra,7299910,0,0,0,0,0,0,1,0.013698799026289366,3,0.04109639707886809,4,0.054795196105157463,6,0.08219279415773618
PACE-FLU-SEV,2025/2026,40,49,9,Deaths,State,Bauchi,7540663,0,0,0,0,1,0.013261433377940375,2,0.02652286675588075,5,0.06630716688970187,7,0.09283003364558262,10,0.13261433377940374
PACE-FLU-SEV,2025/2026,40,49,9,Deaths,State,Bayelsa,2394725,0,0,0,0,0,0,0,0,1,0.041758448256062806,2,0.08351689651212561,3,0.1252753447681884
PACE-FLU-SEV,2025/2026,40,49,9,Deaths,State,Benue,6687706,0,0,0,0,1,0.014952810425577919,2,0.029905620851155838,3,0.04485843127673376,5,0.0747640521278896,7,0.10466967297904543
PACE-FLU-SEV,2025/2026,40,49,9,Deaths,State,Borno,6651590,0,0,0,0,1,0.015033999389619624,2,0.030067998779239248,4,0.060135997558478496,7,0.10523799572733737,9,0.13530599450657663
PACE-FLU-SEV,2025/2026,40,49,9,Deaths,State,Cross River,4175020,0,0,0,0,0,0,1,0.023951981068354163,2,0.047903962136708327,3,0.07185594320506249,4,0.09580792427341665
PACE-FLU-SEV,2025/2026,40,49,9,Deaths,State,Delta,6107543,0,0,0,0,0,0,1,0.016373196226371227,2,0.032746392452742454,4,0.06549278490548491,5,0.08186598113185613
PACE-FLU-SEV,2025/2026,40,49,9,Deaths,State,Ebonyi,4007155,0,0,0,0,0,0,1,0.024955361097836245,2,0.04991072219567249,3,0.07486608329350873,3,0.07486608329350873
PACE-FLU-SEV,2025/2026,40,49,9,Deaths,State,Edo,5527810,0,0,0,0,0,0,1,0.018090346810038696,2,0.03618069362007739,3,0.05427104043011609,4,0.07236138724015478
PACE-FLU-SEV,2025/2026,40,49,9,Deaths,State,Ekiti,3398177,0,0,0,0,0,0,0,0,1,0.029427543062059452,2,0.058855086124118904,3,0.08828262918617835
PACE-FLU-SEV,2025/2026,40,49,9,Deaths,State,Enugu,5396098,0,0,0,0,0,0,1,0.018531909539078052,2,0.037063819078156104,3,0.05559572861723416,4,0.07412763815631221
PACE-FLU-SEV,2025/2026,40,49,9,Deaths,State,FCT,4802443,0,0,0,0,0,0,1,0.020822735428614146,2,0.04164547085722829,3,0.06246820628584243,4,0.08329094171445658
PACE-FLU-SEV,2025/2026,40,49,9,Deaths,State,Gombe,4623462,0,0,0,0,0,0,1,0.02162881407914675,3,0.06488644223744025,4,0.086515256316587,6,0.1297728844748805
PACE-FLU-SEV,2025/2026,40,49,9,Deaths,State,Imo,6067722,0,0,0,0,0,0,1,0.016480649574914605,2,0.03296129914982921,3,0.04944194872474382,5,0.08240324787457302
PACE-FLU-SEV,2025/2026,40,49,9,Deaths,State,Jigawa,6979080,0,0,0,0,1,0.014328536139433851,2,0.028657072278867702,4,0.057314144557735404,7,0.10029975297603695,9,0.12895682525490465
PACE-FLU-SEV,2025/2026,40,49,9,Deaths,State,Kaduna,8324285,0,0,0,0,1,0.012013043762917777,2,0.024026087525835554,4,0.04805217505167111,6,0.07207826257750666,8,0.09610435010334221
PACE-FLU-SEV,2025/2026,40,49,9,Deaths,State,Kano,16253549,0,0,1,0.006152502447311661,2,0.012305004894623321,4,0.024610009789246642,8,0.049220019578493285,12,0.07383002936773993,16,0.09844003915698657
PACE-FLU-SEV,2025/2026,40,49,9,Deaths,State,Katsina,9300382,0,0,0,0,1,0.010752246520626786,3,0.03225673956188036,5,0.05376123260313394,7,0.07526572564438751,10,0.10752246520626788
PACE-FLU-SEV,2025/2026,40,49,9,Deaths,State,Kebbi,6001610,0,0,0,0,1,0.016662195644168813,2,0.033324391288337626,4,0.06664878257667525,6,0.0999731738650129,7,0.1166353695091817
PACE-FLU-SEV,2025/2026,40,49,9,Deaths,State,Kogi,5053734,0,0,0,0,0,0,1,0.019787349314388133,2,0.039574698628776266,4,0.07914939725755253,5,0.09893674657194067
PACE-FLU-SEV,2025/2026,40,49,9,Deaths,State,Kwara,4259613,0,0,0,0,0,0,1,0.023476311110892,2,0.046952622221784,3,0.070428933332676,4,0.093905244443568
PACE-FLU-SEV,2025/2026,40,49,9,Deaths,State,Lagos,15772884,0,0,0,0,1,0.006339994638900533,2,0.012679989277801066,4,0.025359978555602132,6,0.0380399678334032,7,0.04437996247230373
PACE-FLU-SEV,2025/2026,40,49,9,Deaths,State,Nasarawa,3632239,0,0,0,0,0,0,1,0.02753122798362112,2,0.05506245596724224,3,0.08259368395086336,4,0.11012491193448448
PACE-FLU-SEV,2025/2026,40,49,9,Deaths,State,Niger,6720617,0,0,0,0,1,0.014879586204659482,2,0.029759172409318965,3,0.04463875861397845,5,0.07439793102329742,7,0.10415710343261637
PACE-FLU-SEV,2025/2026,40,49,9,Deaths,State,Ogun,6445275,0,0,0,0,0,0,1,0.015515241785649177,2,0.031030483571298353,4,0.06206096714259671,5,0.07757620892824589
PACE-FLU-SEV,2025/2026,40,49,9,Deaths,State,Ondo,5469707,0,0,0,0,0,0,1,0.018282514950069537,2,0.03656502990013907,3,0.05484754485020861,4,0.07313005980027815
PACE-FLU-SEV,2025/2026,40,49,9,Deaths,State,Osun,4237396,0,0,0,0,0,0,1,0.023599399253692598,2,0.047198798507385196,3,0.07079819776107779,4,0.09439759701477039
PACE-FLU-SEV,2025/2026,40,49,9,Deaths,State,Oyo,7512855,0,0,0,0,0,0,1,0.01331051910358978,2,0.02662103820717956,4,0.05324207641435912,5,0.0665525955179489
PACE-FLU-SEV,2025/2026,40,49,9,Deaths,State,Plateau,5400974,0,0,0,0,0,0,1,0.01851517892883765,2,0.0370303578576753,4,0.0740607157153506,5,0.09257589464418825
PACE-FLU-SEV,2025/2026,40,49,9,Deaths,State,Rivers,7234973,0,0,0,0,0,0,1,0.013821751649937049,3,0.041465254949811146,4,0.055287006599748195,6,0.08293050989962229
PACE-FLU-SEV,2025/2026,40,49,9,Deaths,State,Sokoto,6163187,0,0,0,0,1,0.01622537171109687,2,0.03245074342219374,4,0.06490148684438748,6,0.09735223026658124,7.650000000000091,0.12412409358989254
PACE-FLU-SEV,2025/2026,40,49,9,Deaths,State,Taraba,4331885,0,0,0,0,0,0,1,0.023084638673464324,3,0.06925391602039296,4,0.0923385546938573,5,0.11542319336732161
PACE-FLU-SEV,2025/2026,40,49,9,Deaths,State,Yobe,4350401,0,0,0,0,0,0,1,0.022986386772161922,3,0.06895916031648577,5,0.11493193386080962,6,0.13791832063297155
PACE-FLU-SEV,2025/2026,40,49,9,Deaths,State,Zamfara,5517793,0,0,0,0,1,0.018123188021007673,2,0.036246376042015346,3,0.054369564063023026,6,0.10873912812604605,7,0.12686231614705373
PACE-FLU-SEV,2025/2026,40,49,9,Deaths,Zone,NC,36557326,4,0.010941719315028676,5,0.013677149143785844,7,0.019148008801300184,10.500000000000114,0.028722013201950586,15,0.04103144743135753,19,0.05197316674638621,23,0.06291488606141489
PACE-FLU-SEV,2025/2026,40,49,9,Deaths,Zone,NE,32734949,5,0.01527419517287166,6,0.018329034207445992,9,0.027493551311168988,12,0.036658068414891984,17,0.05193226358776365,23,0.07026129779520963,28,0.0855354929680813
PACE-FLU-SEV,2025/2026,40,49,9,Deaths,Zone,NW,58539886,9,0.015374133116692437,11,0.01879060714262409,15,0.025623555194487398,20,0.034164740259316526,28,0.04783063636304314,38,0.0649130064927014,43,0.07345419155753054
PACE-FLU-SEV,2025/2026,40,49,9,Deaths,Zone,SE,27612828,2,0.0072430103863320335,2,0.0072430103863320335,4,0.014486020772664067,6,0.0217290311589961,9,0.03259354673849415,12,0.0434580623179922,14,0.05070107270432424
PACE-FLU-SEV,2025/2026,40,49,9,Deaths,Zone,SS,31220652,2,0.006406016120355206,3,0.009609024180532808,5,0.016015040300888014,7,0.02242105642124322,10,0.03203008060177603,14,0.04484211284248644,16,0.05124812896284165
PACE-FLU-SEV,2025/2026,40,49,9,Deaths,Zone,SW,42836294,3,0.007003406970733743,4,0.009337875960978324,5,0.011672344951222905,8,0.018675751921956647,11,0.02567915889269039,15,0.035017034853668715,18,0.042020441824402455
PACE-FLU-SEV,2025/2026,40,50,10,Deaths,Macro,North,127832161,26,0.02033916957720835,29,0.02268599683611701,36,0.02816192710690387,46,0.035984684636599394,58,0.04537199367223402,75,0.0586706814727164,86,0.06727571475538147
PACE-FLU-SEV,2025/2026,40,50,10,Deaths,Macro,South,101669774,10.350000000000009,0.010180016727488752,13,0.012786494440324024,17,0.016720800421962185,22,0.021638682899009887,30,0.029507294862286208,38,0.03737590682556253,44,0.043277365798019773
PACE-FLU-SEV,2025/2026,40,50,10,Deaths,National,Nigeria,229501935,40.35000000000001,0.017581551109797835,46,0.020043403991343255,56,0.024400665728591786,69,0.03006510598701488,88,0.03834390328778709,106,0.04618697441483446,123,0.053594319368156965
PACE-FLU-SEV,2025/2026,40,50,10,Deaths,State,Abia,4841943,0,0,0,0,0,0,1,0.02065286600854244,2,0.04130573201708488,3,0.061958598025627316,4,0.08261146403416976
PACE-FLU-SEV,2025/2026,40,50,10,Deaths,State,Adamawa,5236948,0,0,0,0,0,0,1,0.01909509126307918,3,0.05728527378923755,4,0.07638036505231673,6,0.1145705475784751
PACE-FLU-SEV,2025/2026,40,50,10,Deaths,State,Akwa Ibom,5780581,0,0,0,0,0,0,1,0.017299299153493396,2,0.03459859830698679,4,0.06919719661397358,5,0.08649649576746697
PACE-FLU-SEV,2025/2026,40,50,10,Deaths,State,Anambra,7299910,0,0,0,0,0,0,1,0.013698799026289366,3,0.04109639707886809,4,0.054795196105157463,6,0.08219279415773618
PACE-FLU-SEV,2025/2026,40,50,10,Deaths,State,Bauchi,7540663,0,0,0,0,1,0.013261433377940375,2,0.02652286675588075,5,0.06630716688970187,7,0.09283003364558262,9,0.11935290040146337
PACE-FLU-SEV,2025/2026,40,50,10,Deaths,State,Bayelsa,2394725,0,0,0,0,0,0,0,0,1,0.041758448256062806,2,0.08351689651212561,3,0.1252753447681884
PACE-FLU-SEV,2025/2026,40,50,10,Deaths,State,Benue,6687706,0,0,0,0,1,0.014952810425577919,2,0.029905620851155838,4,0.059811241702311675,6,0.08971686255346752,8,0.11962248340462335
PACE-FLU-SEV,2025/2026,40,50,10,Deaths,State,Borno,6651590,0,0,0,0,1,0.015033999389619624,2,0.030067998779239248,4,0.060135997558478496,7,0.10523799572733737,9,0.13530599450657663
PACE-FLU-SEV,2025/2026,40,50,10,Deaths,State,Cross River,4175020,0,0,0,0,0,0,1,0.023951981068354163,2,0.047903962136708327,3,0.07185594320506249,4,0.09580792427341665
PACE-FLU-SEV,2025/2026,40,50,10,Deaths,State,Delta,6107543,0,0,0,0,0,0,1,0.016373196226371227,2,0.032746392452742454,4,0.06549278490548491,5,0.08186598113185613
PACE-FLU-SEV,2025/2026,40,50,10,Deaths,State,Ebonyi,4007155,0,0,0,0,0,0,1,0.024955361097836245,2,0.04991072219567249,3,0.07486608329350873,3,0.07486608329350873
PACE-FLU-SEV,2025/2026,40,50,10,Deaths,State,Edo,5527810,0,0,0,0,0,0,1,0.018090346810038696,2,0.03618069362007739,3,0.05427104043011609,4,0.07236138724015478
PACE-FLU-SEV,2025/2026,40,50,10,Deaths,State,Ekiti,3398177,0,0,0,0,0,0,0,0,1,0.029427543062059452,2,0.058855086124118904,3,0.08828262918617835
PACE-FLU-SEV,2025/2026,40,50,10,Deaths,State,Enugu,5396098,0,0,0,0,0,0,1,0.018531909539078052,2,0.037063819078156104,3,0.05559572861723416,4,0.07412763815631221
PACE-FLU-SEV,2025/2026,40,50,10,Deaths,State,FCT,4802443,0,0,0,0,0,0,1,0.020822735428614146,2,0.04164547085722829,3,0.06246820628584243,4,0.08329094171445658
PACE-FLU-SEV,2025/2026,40,50,10,Deaths,State,Gombe,4623462,0,0,0,0,0,0,1,0.02162881407914675,3,0.06488644223744025,5,0.10814407039573376,6,0.1297728844748805
PACE-FLU-SEV,2025/2026,40,50,10,Deaths,State,Imo,6067722,0,0,0,0,0,0,1,0.016480649574914605,2,0.03296129914982921,3,0.04944194872474382,5,0.08240324787457302
PACE-FLU-SEV,2025/2026,40,50,10,Deaths,State,Jigawa,6979080,0,0,0,0,1,0.014328536139433851,2,0.028657072278867702,4,0.057314144557735404,7,0.10029975297603695,9,0.12895682525490465
PACE-FLU-SEV,2025/2026,40,50,10,Deaths,State,Kaduna,8324285,0,0,0,0,1,0.012013043762917777,2,0.024026087525835554,4,0.04805217505167111,6,0.07207826257750666,8,0.09610435010334221
PACE-FLU-SEV,2025/2026,40,50,10,Deaths,State,Kano,16253549,0,0,1,0.006152502447311661,2,0.012305004894623321,4,0.024610009789246642,8,0.049220019578493285,13,0.07998253181505159,17,0.10459254160429823
PACE-FLU-SEV,2025/2026,40,50,10,Deaths,State,Katsina,9300382,0,0,0,0,1,0.010752246520626786,3,0.03225673956188036,5,0.05376123260313394,8,0.08601797216501429,10,0.10752246520626788
PACE-FLU-SEV,2025/2026,40,50,10,Deaths,State,Kebbi,6001610,0,0,0,0,1,0.016662195644168813,2,0.033324391288337626,4,0.06664878257667525,6,0.0999731738650129,8,0.1332975651533505
PACE-FLU-SEV,2025/2026,40,50,10,Deaths,State,Kogi,5053734,0,0,0,0,0,0,1,0.019787349314388133,3,0.0593620479431644,4,0.07914939725755253,5,0.09893674657194067
PACE-FLU-SEV,2025/2026,40,50,10,Deaths,State,Kwara,4259613,0,0,0,0,0,0,1,0.023476311110892,2,0.046952622221784,3,0.070428933332676,4,0.093905244443568
PACE-FLU-SEV,2025/2026,40,50,10,Deaths,State,Lagos,15772884,0,0,0,0,1,0.006339994638900533,2,0.012679989277801066,4,0.025359978555602132,6,0.0380399678334032,8,0.050719957111204264
PACE-FLU-SEV,2025/2026,40,50,10,Deaths,State,Nasarawa,3632239,0,0,0,0,0,0,1,0.02753122798362112,2,0.05506245596724224,3,0.08259368395086336,4,0.11012491193448448
PACE-FLU-SEV,2025/2026,40,50,10,Deaths,State,Niger,6720617,0,0,0,0,1,0.014879586204659482,2,0.029759172409318965,3,0.04463875861397845,5,0.07439793102329742,7,0.10415710343261637
PACE-FLU-SEV,2025/2026,40,50,10,Deaths,State,Ogun,6445275,0,0,0,0,0,0,1,0.015515241785649177,2,0.031030483571298353,4,0.06206096714259671,5,0.07757620892824589
PACE-FLU-SEV,2025/2026,40,50,10,Deaths,State,Ondo,5469707,0,0,0,0,0,0,1,0.018282514950069537,2,0.03656502990013907,3,0.05484754485020861,4,0.07313005980027815
PACE-FLU-SEV,2025/2026,40,50,10,Deaths,State,Osun,4237396,0,0,0,0,0,0,1,0.023599399253692598,2,0.047198798507385196,3,0.07079819776107779,4,0.09439759701477039
PACE-FLU-SEV,2025/2026,40,50,10,Deaths,State,Oyo,7512855,0,0,0,0,0,0,1,0.01331051910358978,3,0.03993155731076934,4,0.05324207641435912,6,0.07986311462153868
PACE-FLU-SEV,2025/2026,40,50,10,Deaths,State,Plateau,5400974,0,0,0,0,0,0,1,0.01851517892883765,3,0.05554553678651295,4,0.0740607157153506,6,0.1110910735730259
PACE-FLU-SEV,2025/2026,40,50,10,Deaths,State,Rivers,7234973,0,0,0,0,0,0,1,0.013821751649937049,3,0.041465254949811146,4,0.055287006599748195,6,0.08293050989962229
PACE-FLU-SEV,2025/2026,40,50,10,Deaths,State,Sokoto,6163187,0,0,0,0,1,0.01622537171109687,2,0.03245074342219374,4,0.06490148684438748,6,0.09735223026658124,8,0.12980297368877497
PACE-FLU-SEV,2025/2026,40,50,10,Deaths,State,Taraba,4331885,0,0,0,0,0,0,1,0.023084638673464324,3,0.06925391602039296,4,0.0923385546938573,6,0.13850783204078593
PACE-FLU-SEV,2025/2026,40,50,10,Deaths,State,Yobe,4350401,0,0,0,0,1,0.022986386772161922,1,0.022986386772161922,3,0.06895916031648577,5,0.11493193386080962,6,0.13791832063297155
PACE-FLU-SEV,2025/2026,40,50,10,Deaths,State,Zamfara,5517793,0,0,0,0,1,0.018123188021007673,2,0.036246376042015346,4,0.07249275208403069,6,0.10873912812604605,7,0.12686231614705373
PACE-FLU-SEV,2025/2026,40,50,10,Deaths,Zone,NC,36557326,4,0.010941719315028676,5,0.013677149143785844,7,0.019148008801300184,11,0.03008972811632886,15,0.04103144743135753,20,0.054708596575143376,24,0.06565031589017205
PACE-FLU-SEV,2025/2026,40,50,10,Deaths,Zone,NE,32734949,5,0.01527419517287166,6,0.018329034207445992,9,0.027493551311168988,13,0.03971290744946632,17,0.05193226358776365,23.63333333333344,0.0721960291837737,28,0.0855354929680813
PACE-FLU-SEV,2025/2026,40,50,10,Deaths,Zone,NW,58539886,10,0.017082370129658263,12,0.020498844155589918,16,0.027331792207453222,21,0.03587297727228236,29,0.049538873376008964,38,0.0649130064927014,45,0.07687066558346219
PACE-FLU-SEV,2025/2026,40,50,10,Deaths,Zone,SE,27612828,2,0.0072430103863320335,2,0.0072430103863320335,4,0.014486020772664067,6,0.0217290311589961,9,0.03259354673849415,12,0.0434580623179922,15,0.05432257789749025
PACE-FLU-SEV,2025/2026,40,50,10,Deaths,Zone,SS,31220652,2,0.006406016120355206,3,0.009609024180532808,5,0.016015040300888014,7,0.02242105642124322,11,0.035233088661953633,14,0.04484211284248644,17,0.05445113702301925
PACE-FLU-SEV,2025/2026,40,50,10,Deaths,Zone,SW,42836294,3,0.007003406970733743,3,0.007003406970733743,6,0.014006813941467485,8,0.018675751921956647,12,0.02801362788293497,16,0.037351503843913295,19,0.044354910814647035
PACE-FLU-SEV,2025/2026,40,51,11,Deaths,Macro,North,127832161,26,0.02033916957720835,29,0.02268599683611701,37,0.028944202859873425,46,0.035984684636599394,60,0.04693654517817312,75,0.0586706814727164,87,0.06805799050835103
PACE-FLU-SEV,2025/2026,40,51,11,Deaths,Macro,South,101669774,10,0.009835764954095404,13,0.012786494440324024,17,0.016720800421962185,23,0.022622259394419426,31,0.03049087135769575,40,0.039343059816381615,47,0.04622809528424839
PACE-FLU-SEV,2025/2026,40,51,11,Deaths,National,Nigeria,229501935,41,0.017864773122718988,46,0.020043403991343255,56,0.024400665728591786,70,0.030500832160739733,90,0.0392153556352368,109,0.04749415293600901,124,0.054030045541881816
PACE-FLU-SEV,2025/2026,40,51,11,Deaths,State,Abia,4841943,0,0,0,0,0,0,1,0.02065286600854244,2,0.04130573201708488,3,0.061958598025627316,4,0.08261146403416976
PACE-FLU-SEV,2025/2026,40,51,11,Deaths,State,Adamawa,5236948,0,0,0,0,0,0,1,0.01909509126307918,3,0.05728527378923755,5,0.09547545631539592,6,0.1145705475784751
PACE-FLU-SEV,2025/2026,40,51,11,Deaths,State,Akwa Ibom,5780581,0,0,0,0,0,0,1,0.017299299153493396,2,0.03459859830698679,4,0.06919719661397358,5,0.08649649576746697
PACE-FLU-SEV,2025/2026,40,51,11,Deaths,State,Anambra,7299910,0,0,0,0,0,0,1,0.013698799026289366,3,0.04109639707886809,5,0.06849399513144683,6,0.08219279415773618
PACE-FLU-SEV,2025/2026,40,51,11,Deaths,State,Bauchi,7540663,0,0,0,0,1,0.013261433377940375,3,0.03978430013382112,4,0.0530457335117615,7,0.09283003364558262,9,0.11935290040146337
PACE-FLU-SEV,2025/2026,40,51,11,Deaths,State,Bayelsa,2394725,0,0,0,0,0,0,0,0,1,0.041758448256062806,2,0.08351689651212561,3,0.1252753447681884
PACE-FLU-SEV,2025/2026,40,51,11,Deaths,State,Benue,6687706,0,0,0,0,1,0.014952810425577919,2,0.029905620851155838,3,0.04485843127673376,5,0.0747640521278896,7,0.10466967297904543
PACE-FLU-SEV,2025/2026,40,51,11,Deaths,State,Borno,6651590,0,0,0,0,1,0.015033999389619624,2,0.030067998779239248,4,0.060135997558478496,7,0.10523799572733737,9,0.13530599450657663
PACE-FLU-SEV,2025/2026,40,51,11,Deaths,State,Cross River,4175020,0,0,0,0,0,0,1,0.023951981068354163,2,0.047903962136708327,3,0.07185594320506249,4,0.09580792427341665
PACE-FLU-SEV,2025/2026,40,51,11,Deaths,State,Delta,6107543,0,0,0,0,0,0,1,0.016373196226371227,2,0.032746392452742454,4,0.06549278490548491,5,0.08186598113185613
PACE-FLU-SEV,2025/2026,40,51,11,Deaths,State,Ebonyi,4007155,0,0,0,0,0,0,1,0.024955361097836245,2,0.04991072219567249,3,0.07486608329350873,4,0.09982144439134498
PACE-FLU-SEV,2025/2026,40,51,11,Deaths,State,Edo,5527810,0,0,0,0,0,0,1,0.018090346810038696,2,0.03618069362007739,3,0.05427104043011609,4,0.07236138724015478
PACE-FLU-SEV,2025/2026,40,51,11,Deaths,State,Ekiti,3398177,0,0,0,0,0,0,1,0.029427543062059452,1,0.029427543062059452,2,0.058855086124118904,3,0.08828262918617835
PACE-FLU-SEV,2025/2026,40,51,11,Deaths,State,Enugu,5396098,0,0,0,0,0,0,1,0.018531909539078052,2,0.037063819078156104,3,0.05559572861723416,4,0.07412763815631221
PACE-FLU-SEV,2025/2026,40,51,11,Deaths,State,FCT,4802443,0,0,0,0,0,0,1,0.020822735428614146,2,0.04164547085722829,3,0.06246820628584243,4,0.08329094171445658
PACE-FLU-SEV,2025/2026,40,51,11,Deaths,State,Gombe,4623462,0,0,0,0,1,0.02162881407914675,1,0.02162881407914675,3,0.06488644223744025,5,0.10814407039573376,6,0.1297728844748805
PACE-FLU-SEV,2025/2026,40,51,11,Deaths,State,Imo,6067722,0,0,0,0,0,0,1,0.016480649574914605,2,0.03296129914982921,4,0.06592259829965842,5,0.08240324787457302
PACE-FLU-SEV,2025/2026,40,51,11,Deaths,State,Jigawa,6979080,0,0,0,0,1,0.014328536139433851,2,0.028657072278867702,4,0.057314144557735404,7,0.10029975297603695,9,0.12895682525490465
PACE-FLU-SEV,2025/2026,40,51,11,Deaths,State,Kaduna,8324285,0,0,0,0,1,0.012013043762917777,2,0.024026087525835554,4,0.04805217505167111,6.633333333333439,0.07968652362735586,8,0.09610435010334221
PACE-FLU-SEV,2025/2026,40,51,11,Deaths,State,Kano,16253549,0,0,1,0.006152502447311661,2,0.012305004894623321,5,0.030762512236558306,8,0.049220019578493285,12.63333333333344,0.07772661425103797,16,0.09844003915698657
PACE-FLU-SEV,2025/2026,40,51,11,Deaths,State,Katsina,9300382,0,0,0,0,1,0.010752246520626786,3,0.03225673956188036,5,0.05376123260313394,8,0.08601797216501429,10,0.10752246520626788
PACE-FLU-SEV,2025/2026,40,51,11,Deaths,State,Kebbi,6001610,0,0,0,0,1,0.016662195644168813,2,0.033324391288337626,4,0.06664878257667525,6,0.0999731738650129,8,0.1332975651533505
PACE-FLU-SEV,2025/2026,40,51,11,Deaths,State,Kogi,5053734,0,0,0,0,0,0,1,0.019787349314388133,3,0.0593620479431644,4,0.07914939725755253,6,0.1187240958863288
PACE-FLU-SEV,2025/2026,40,51,11,Deaths,State,Kwara,4259613,0,0,0,0,0,0,1,0.023476311110892,2,0.046952622221784,3,0.070428933332676,4,0.093905244443568
PACE-FLU-SEV,2025/2026,40,51,11,Deaths,State,Lagos,15772884,0,0,0,0,1,0.006339994638900533,2,0.012679989277801066,4,0.025359978555602132,6,0.0380399678334032,8,0.050719957111204264
PACE-FLU-SEV,2025/2026,40,51,11,Deaths,State,Nasarawa,3632239,0,0,0,0,0,0,1,0.02753122798362112,2,0.05506245596724224,3,0.08259368395086336,4,0.11012491193448448
PACE-FLU-SEV,2025/2026,40,51,11,Deaths,State,Niger,6720617,0,0,0,0,1,0.014879586204659482,2,0.029759172409318965,4,0.05951834481863793,6,0.0892775172279569,8,0.11903668963727586
PACE-FLU-SEV,2025/2026,40,51,11,Deaths,State,Ogun,6445275,0,0,0,0,0,0,1,0.015515241785649177,2,0.031030483571298353,4,0.06206096714259671,5,0.07757620892824589
PACE-FLU-SEV,2025/2026,40,51,11,Deaths,State,Ondo,5469707,0,0,0,0,0,0,1,0.018282514950069537,2,0.03656502990013907,3,0.05484754485020861,4,0.07313005980027815
PACE-FLU-SEV,2025/2026,40,51,11,Deaths,State,Osun,4237396,0,0,0,0,0,0,1,0.023599399253692598,2,0.047198798507385196,3,0.07079819776107779,4,0.09439759701477039
PACE-FLU-SEV,2025/2026,40,51,11,Deaths,State,Oyo,7512855,0,0,0,0,0,0,1,0.01331051910358978,3,0.03993155731076934,4,0.05324207641435912,6,0.07986311462153868
PACE-FLU-SEV,2025/2026,40,51,11,Deaths,State,Plateau,5400974,0,0,0,0,0,0,1,0.01851517892883765,3,0.05554553678651295,5,0.09257589464418825,6,0.1110910735730259
PACE-FLU-SEV,2025/2026,40,51,11,Deaths,State,Rivers,7234973,0,0,0,0,0,0,1,0.013821751649937049,3,0.041465254949811146,5,0.06910875824968525,6,0.08293050989962229
PACE-FLU-SEV,2025/2026,40,51,11,Deaths,State,Sokoto,6163187,0,0,0,0,1,0.01622537171109687,2,0.03245074342219374,4,0.06490148684438748,6,0.09735223026658124,8,0.12980297368877497
PACE-FLU-SEV,2025/2026,40,51,11,Deaths,State,Taraba,4331885,0,0,0,0,0,0,1,0.023084638673464324,3,0.06925391602039296,4,0.0923385546938573,6,0.13850783204078593
PACE-FLU-SEV,2025/2026,40,51,11,Deaths,State,Yobe,4350401,0,0,0,0,0,0,1,0.022986386772161922,3,0.06895916031648577,5,0.11493193386080962,6,0.13791832063297155
PACE-FLU-SEV,2025/2026,40,51,11,Deaths,State,Zamfara,5517793,0,0,0,0,1,0.018123188021007673,2,0.036246376042015346,3,0.054369564063023026,5,0.09061594010503837,7,0.12686231614705373
PACE-FLU-SEV,2025/2026,40,51,11,Deaths,Zone,NC,36557326,4,0.010941719315028676,5,0.013677149143785844,8,0.02188343863005735,11,0.03008972811632886,15,0.04103144743135753,21,0.05744402640390055,26,0.07112117554768639
PACE-FLU-SEV,2025/2026,40,51,11,Deaths,Zone,NE,32734949,5,0.01527419517287166,7,0.021383873242020325,9,0.027493551311168988,13,0.03971290744946632,18,0.054987102622337976,23,0.07026129779520963,27,0.08248065393350697
PACE-FLU-SEV,2025/2026,40,51,11,Deaths,Zone,NW,58539886,9,0.015374133116692437,12,0.020498844155589918,16,0.027331792207453222,22,0.03758121428524818,29,0.049538873376008964,39,0.06662124350566723,46.65000000000009,0.07968925665485596
PACE-FLU-SEV,2025/2026,40,51,11,Deaths,Zone,SE,27612828,2,0.0072430103863320335,3,0.01086451557949805,4,0.014486020772664067,6,0.0217290311589961,9,0.03259354673849415,13,0.04707956751115822,16,0.05794408309065627
PACE-FLU-SEV,2025/2026,40,51,11,Deaths,Zone,SS,31220652,2,0.006406016120355206,3,0.009609024180532808,5,0.016015040300888014,7,0.02242105642124322,11,0.035233088661953633,14,0.04484211284248644,17,0.05445113702301925
PACE-FLU-SEV,2025/2026,40,51,11,Deaths,Zone,SW,42836294,3,0.007003406970733743,4,0.009337875960978324,6,0.014006813941467485,8,0.018675751921956647,12,0.02801362788293497,17,0.039685972834157875,20,0.04668937980489162
PACE-FLU-SEV,2025/2026,40,52,12,Deaths,Macro,North,127832161,25,0.0195568938242388,29,0.02268599683611701,37,0.028944202859873425,47,0.03676696038956894,61,0.04771882093114267,77,0.060235232978655504,87.65000000000009,0.0685664697477813
PACE-FLU-SEV,2025/2026,40,52,12,Deaths,Macro,South,101669774,11,0.010819341449504943,13,0.012786494440324024,18,0.017704376917371725,24,0.023605835889828966,32,0.03147444785310529,42,0.041310212807200694,48,0.04721167177965793
PACE-FLU-SEV,2025/2026,40,52,12,Deaths,National,Nigeria,229501935,41,0.017864773122718988,47,0.020479130165068107,57,0.02483639190231664,73,0.031808010681914294,92,0.04008680798268651,113,0.04923705763090843,128,0.05577295023678123
PACE-FLU-SEV,2025/2026,40,52,12,Deaths,State,Abia,4841943,0,0,0,0,0,0,1,0.02065286600854244,2,0.04130573201708488,3,0.061958598025627316,4,0.08261146403416976
PACE-FLU-SEV,2025/2026,40,52,12,Deaths,State,Adamawa,5236948,0,0,0,0,0,0,1,0.01909509126307918,3,0.05728527378923755,5,0.09547545631539592,6,0.1145705475784751
PACE-FLU-SEV,2025/2026,40,52,12,Deaths,State,Akwa Ibom,5780581,0,0,0,0,0,0,1,0.017299299153493396,2,0.03459859830698679,4,0.06919719661397358,5,0.08649649576746697
PACE-FLU-SEV,2025/2026,40,52,12,Deaths,State,Anambra,7299910,0,0,0,0,1,0.013698799026289366,1,0.013698799026289366,3,0.04109639707886809,5,0.06849399513144683,6,0.08219279415773618
PACE-FLU-SEV,2025/2026,40,52,12,Deaths,State,Bauchi,7540663,0,0,0,0,1,0.013261433377940375,2,0.02652286675588075,5,0.06630716688970187,7,0.09283003364558262,10,0.13261433377940374
PACE-FLU-SEV,2025/2026,40,52,12,Deaths,State,Bayelsa,2394725,0,0,0,0,0,0,0,0,1,0.041758448256062806,2,0.08351689651212561,3,0.1252753447681884
PACE-FLU-SEV,2025/2026,40,52,12,Deaths,State,Benue,6687706,0,0,0,0,1,0.014952810425577919,2,0.029905620851155838,3,0.04485843127673376,6,0.08971686255346752,7,0.10466967297904543
PACE-FLU-SEV,2025/2026,40,52,12,Deaths,State,Borno,6651590,0,0,0,0,1,0.015033999389619624,2,0.030067998779239248,4,0.060135997558478496,7,0.10523799572733737,9,0.13530599450657663
PACE-FLU-SEV,2025/2026,40,52,12,Deaths,State,Cross River,4175020,0,0,0,0,0,0,1,0.023951981068354163,2,0.047903962136708327,3,0.07185594320506249,4,0.09580792427341665
PACE-FLU-SEV,2025/2026,40,52,12,Deaths,State,Delta,6107543,0,0,0,0,0,0,1,0.016373196226371227,3,0.04911958867911368,4,0.06549278490548491,6,0.09823917735822736
PACE-FLU-SEV,2025/2026,40,52,12,Deaths,State,Ebonyi,4007155,0,0,0,0,0,0,1,0.024955361097836245,2,0.04991072219567249,3,0.07486608329350873,4,0.09982144439134498
PACE-FLU-SEV,2025/2026,40,52,12,Deaths,State,Edo,5527810,0,0,0,0,0,0,1,0.018090346810038696,2,0.03618069362007739,3,0.05427104043011609,4,0.07236138724015478
PACE-FLU-SEV,2025/2026,40,52,12,Deaths,State,Ekiti,3398177,0,0,0,0,0,0,1,0.029427543062059452,1,0.029427543062059452,2,0.058855086124118904,3,0.08828262918617835
PACE-FLU-SEV,2025/2026,40,52,12,Deaths,State,Enugu,5396098,0,0,0,0,0,0,1,0.018531909539078052,2,0.037063819078156104,3,0.05559572861723416,4,0.07412763815631221
PACE-FLU-SEV,2025/2026,40,52,12,Deaths,State,FCT,4802443,0,0,0,0,0,0,1,0.020822735428614146,2,0.04164547085722829,3,0.06246820628584243,4,0.08329094171445658
PACE-FLU-SEV,2025/2026,40,52,12,Deaths,State,Gombe,4623462,0,0,0,0,1,0.02162881407914675,1,0.02162881407914675,3,0.06488644223744025,5,0.10814407039573376,6,0.1297728844748805
PACE-FLU-SEV,2025/2026,40,52,12,Deaths,State,Imo,6067722,0,0,0,0,0,0,1,0.016480649574914605,2,0.03296129914982921,4,0.06592259829965842,5,0.08240324787457302
PACE-FLU-SEV,2025/2026,40,52,12,Deaths,State,Jigawa,6979080,0,0,0,0,1,0.014328536139433851,2,0.028657072278867702,4,0.057314144557735404,7,0.10029975297603695,9,0.12895682525490465
PACE-FLU-SEV,2025/2026,40,52,12,Deaths,State,Kaduna,8324285,0,0,0,0,1,0.012013043762917777,2,0.024026087525835554,4,0.04805217505167111,7,0.08409130634042443,9,0.10811739386625999
PACE-FLU-SEV,2025/2026,40,52,12,Deaths,State,Kano,16253549,0,0,1,0.006152502447311661,2,0.012305004894623321,5,0.030762512236558306,9,0.05537252202580495,13,0.07998253181505159,18,0.1107450440516099
PACE-FLU-SEV,2025/2026,40,52,12,Deaths,State,Katsina,9300382,0,0,0,0,1,0.010752246520626786,3,0.03225673956188036,5,0.05376123260313394,8,0.08601797216501429,10,0.10752246520626788
PACE-FLU-SEV,2025/2026,40,52,12,Deaths,State,Kebbi,6001610,0,0,0,0,1,0.016662195644168813,2,0.033324391288337626,4,0.06664878257667525,6,0.0999731738650129,7.650000000000091,0.12746579667789293
PACE-FLU-SEV,2025/2026,40,52,12,Deaths,State,Kogi,5053734,0,0,0,0,0,0,1,0.019787349314388133,3,0.0593620479431644,4,0.07914939725755253,6,0.1187240958863288
PACE-FLU-SEV,2025/2026,40,52,12,Deaths,State,Kwara,4259613,0,0,0,0,0,0,1,0.023476311110892,2,0.046952622221784,3,0.070428933332676,4,0.093905244443568
PACE-FLU-SEV,2025/2026,40,52,12,Deaths,State,Lagos,15772884,0,0,0,0,1,0.006339994638900533,2,0.012679989277801066,4,0.025359978555602132,6,0.0380399678334032,8,0.050719957111204264
PACE-FLU-SEV,2025/2026,40,52,12,Deaths,State,Nasarawa,3632239,0,0,0,0,0,0,1,0.02753122798362112,2,0.05506245596724224,3,0.08259368395086336,4,0.11012491193448448
PACE-FLU-SEV,2025/2026,40,52,12,Deaths,State,Niger,6720617,0,0,0,0,1,0.014879586204659482,2,0.029759172409318965,3,0.04463875861397845,6,0.0892775172279569,7.650000000000091,0.1138288344656464
PACE-FLU-SEV,2025/2026,40,52,12,Deaths,State,Ogun,6445275,0,0,0,0,0,0,1,0.015515241785649177,2,0.031030483571298353,4,0.06206096714259671,5,0.07757620892824589
PACE-FLU-SEV,2025/2026,40,52,12,Deaths,State,Ondo,5469707,0,0,0,0,0,0,1,0.018282514950069537,2,0.03656502990013907,3,0.05484754485020861,4,0.07313005980027815
PACE-FLU-SEV,2025/2026,40,52,12,Deaths,State,Osun,4237396,0,0,0,0,0,0,1,0.023599399253692598,2,0.047198798507385196,3,0.07079819776107779,4,0.09439759701477039
PACE-FLU-SEV,2025/2026,40,52,12,Deaths,State,Oyo,7512855,0,0,0,0,0,0,1,0.01331051910358978,3,0.03993155731076934,5,0.0665525955179489,6,0.07986311462153868
PACE-FLU-SEV,2025/2026,40,52,12,Deaths,State,Plateau,5400974,0,0,0,0,0,0,1,0.01851517892883765,3,0.05554553678651295,5,0.09257589464418825,6,0.1110910735730259
PACE-FLU-SEV,2025/2026,40,52,12,Deaths,State,Rivers,7234973,0,0,0,0,0,0,1,0.013821751649937049,3,0.041465254949811146,5,0.06910875824968525,6,0.08293050989962229
PACE-FLU-SEV,2025/2026,40,52,12,Deaths,State,Sokoto,6163187,0,0,0,0,1,0.01622537171109687,2,0.03245074342219374,4,0.06490148684438748,6,0.09735223026658124,8,0.12980297368877497
PACE-FLU-SEV,2025/2026,40,52,12,Deaths,State,Taraba,4331885,0,0,0,0,0,0,1,0.023084638673464324,3,0.06925391602039296,4,0.0923385546938573,6,0.13850783204078593
PACE-FLU-SEV,2025/2026,40,52,12,Deaths,State,Yobe,4350401,0,0,0,0,1,0.022986386772161922,2,0.045972773544323844,3,0.06895916031648577,5,0.11493193386080962,6,0.13791832063297155
PACE-FLU-SEV,2025/2026,40,52,12,Deaths,State,Zamfara,5517793,0,0,0,0,1,0.018123188021007673,2,0.036246376042015346,4,0.07249275208403069,6,0.10873912812604605,8,0.14498550416806139
PACE-FLU-SEV,2025/2026,40,52,12,Deaths,Zone,NC,36557326,4,0.010941719315028676,5,0.013677149143785844,8,0.02188343863005735,11,0.03008972811632886,16,0.0437668772601147,21,0.05744402640390055,25,0.06838574571892922
PACE-FLU-SEV,2025/2026,40,52,12,Deaths,Zone,NE,32734949,5,0.01527419517287166,6,0.018329034207445992,9,0.027493551311168988,13,0.03971290744946632,18,0.054987102622337976,24,0.07331613682978397,28,0.0855354929680813
PACE-FLU-SEV,2025/2026,40,52,12,Deaths,Zone,NW,58539886,9,0.015374133116692437,12,0.020498844155589918,16,0.027331792207453222,22,0.03758121428524818,30,0.051247110388974795,40.63333333333344,0.06941136396017827,47.65000000000009,0.08139749366782179
PACE-FLU-SEV,2025/2026,40,52,12,Deaths,Zone,SE,27612828,2,0.0072430103863320335,3,0.01086451557949805,4,0.014486020772664067,7,0.02535053635216212,10,0.03621505193166017,13,0.04707956751115822,16,0.05794408309065627
PACE-FLU-SEV,2025/2026,40,52,12,Deaths,Zone,SS,31220652,2,0.006406016120355206,3,0.009609024180532808,5,0.016015040300888014,8,0.025624064481420825,11,0.035233088661953633,15,0.048045120902664044,19,0.060857153143374455
PACE-FLU-SEV,2025/2026,40,52,12,Deaths,Zone,SW,42836294,3,0.007003406970733743,4,0.009337875960978324,6,0.014006813941467485,9,0.021010220912201227,13,0.03034809687317955,17,0.039685972834157875,20,0.04668937980489162
